试验编号,方向,速度_mm_s,照片帧号,照片文件,估计时间_s,Fx1力_N,Fx2力_N,Fy1力_N,Fy2力_N,事件标签,同步状态
XY_Y-09-0.1-02,Y,0.2,0,XY/袁-20250529/Y-09-0.1-02/Test1/33061_1_22/Img000000.jpg,0.525,-8.0,-8.0,-31.0,-30.0,加载起点,估计同步待核验
XY_Y-09-0.1-02,Y,0.2,1,XY/袁-20250529/Y-09-0.1-02/Test1/33061_1_22/Img000001.jpg,0.6231310307017544,-8.0,-8.0,-42.131030701754355,-41.131030701754355,,估计同步待核验
XY_Y-09-0.1-02,Y,0.2,2,XY/袁-20250529/Y-09-0.1-02/Test1/33061_1_22/Img000002.jpg,0.7212620614035088,-7.0,-9.0,-53.0,-52.0,,估计同步待核验
XY_Y-09-0.1-02,Y,0.2,3,XY/袁-20250529/Y-09-0.1-02/Test1/33061_1_22/Img000003.jpg,0.8193930921052631,-7.0,-8.0,-65.0,-63.0,,估计同步待核验
XY_Y-09-0.1-02,Y,0.2,4,XY/袁-20250529/Y-09-0.1-02/Test1/33061_1_22/Img000004.jpg,0.9175241228070175,-7.0,-8.0,-76.0,-75.0,,估计同步待核验
XY_Y-09-0.1-02,Y,0.2,5,XY/袁-20250529/Y-09-0.1-02/Test1/33061_1_22/Img000005.jpg,1.015655153508772,-7.0,-9.0,-88.0,-87.0,,估计同步待核验
XY_Y-09-0.1-02,Y,0.2,6,XY/袁-20250529/Y-09-0.1-02/Test1/33061_1_22/Img000006.jpg,1.113786184210526,-7.0,-8.0,-99.0,-99.0,,估计同步待核验
XY_Y-09-0.1-02,Y,0.2,7,XY/袁-20250529/Y-09-0.1-02/Test1/33061_1_22/Img000007.jpg,1.2119172149122805,-7.0,-8.0,-111.0,-110.0,,估计同步待核验
XY_Y-09-0.1-02,Y,0.2,8,XY/袁-20250529/Y-09-0.1-02/Test1/33061_1_22/Img000008.jpg,1.310048245614035,-7.0,-8.0,-122.0,-121.0,,估计同步待核验
XY_Y-09-0.1-02,Y,0.2,9,XY/袁-20250529/Y-09-0.1-02/Test1/33061_1_22/Img000009.jpg,1.4081792763157894,-7.0,-8.0,-133.0,-133.0,,估计同步待核验
XY_Y-09-0.1-02,Y,0.2,10,XY/袁-20250529/Y-09-0.1-02/Test1/33061_1_22/Img000010.jpg,1.5063103070175439,-8.0,-8.0,-146.0,-145.0,,估计同步待核验
XY_Y-09-0.1-02,Y,0.2,11,XY/袁-20250529/Y-09-0.1-02/Test1/33061_1_22/Img000011.jpg,1.6044413377192983,-8.0,-9.0,-157.0,-156.0,,估计同步待核验
XY_Y-09-0.1-02,Y,0.2,12,XY/袁-20250529/Y-09-0.1-02/Test1/33061_1_22/Img000012.jpg,1.7025723684210523,-9.0,-8.0,-168.0,-168.0,,估计同步待核验
XY_Y-09-0.1-02,Y,0.2,13,XY/袁-20250529/Y-09-0.1-02/Test1/33061_1_22/Img000013.jpg,1.8007033991228067,-8.40679824561356,-8.0,-178.7033991228068,-178.7033991228068,,估计同步待核验
XY_Y-09-0.1-02,Y,0.2,14,XY/袁-20250529/Y-09-0.1-02/Test1/33061_1_22/Img000014.jpg,1.8988344298245612,-7.0,-8.0,-190.0,-190.0,,估计同步待核验
XY_Y-09-0.1-02,Y,0.2,15,XY/袁-20250529/Y-09-0.1-02/Test1/33061_1_22/Img000015.jpg,1.9969654605263156,-7.0,-8.0,-201.0,-200.0,,估计同步待核验
XY_Y-09-0.1-02,Y,0.2,16,XY/袁-20250529/Y-09-0.1-02/Test1/33061_1_22/Img000016.jpg,2.09509649122807,-7.0,-8.0,-212.0,-211.0,,估计同步待核验
XY_Y-09-0.1-02,Y,0.2,17,XY/袁-20250529/Y-09-0.1-02/Test1/33061_1_22/Img000017.jpg,2.1932275219298245,-7.0,-8.0,-223.0,-223.0,,估计同步待核验
XY_Y-09-0.1-02,Y,0.2,18,XY/袁-20250529/Y-09-0.1-02/Test1/33061_1_22/Img000018.jpg,2.291358552631579,-8.0,-8.0,-235.0,-235.0,,估计同步待核验
XY_Y-09-0.1-02,Y,0.2,19,XY/袁-20250529/Y-09-0.1-02/Test1/33061_1_22/Img000019.jpg,2.389489583333333,-8.0,-8.0,-246.0,-246.0,,估计同步待核验
XY_Y-09-0.1-02,Y,0.2,20,XY/袁-20250529/Y-09-0.1-02/Test1/33061_1_22/Img000020.jpg,2.4876206140350874,-8.0,-8.0,-258.0,-257.0,,估计同步待核验
XY_Y-09-0.1-02,Y,0.2,21,XY/袁-20250529/Y-09-0.1-02/Test1/33061_1_22/Img000021.jpg,2.585751644736842,-9.0,-8.0,-268.0,-268.0,,估计同步待核验
XY_Y-09-0.1-02,Y,0.2,22,XY/袁-20250529/Y-09-0.1-02/Test1/33061_1_22/Img000022.jpg,2.6838826754385963,-9.0,-8.0,-281.0,-280.0,,估计同步待核验
XY_Y-09-0.1-02,Y,0.2,23,XY/袁-20250529/Y-09-0.1-02/Test1/33061_1_22/Img000023.jpg,2.7820137061403503,-9.0,-8.0,-292.0,-292.0,,估计同步待核验
XY_Y-09-0.1-02,Y,0.2,24,XY/袁-20250529/Y-09-0.1-02/Test1/33061_1_22/Img000024.jpg,2.8801447368421047,-9.0,-8.0,-302.0,-302.0,,估计同步待核验
XY_Y-09-0.1-02,Y,0.2,25,XY/袁-20250529/Y-09-0.1-02/Test1/33061_1_22/Img000025.jpg,2.978275767543859,-9.0,-8.0,-313.0,-313.0,,估计同步待核验
XY_Y-09-0.1-02,Y,0.2,26,XY/袁-20250529/Y-09-0.1-02/Test1/33061_1_22/Img000026.jpg,3.0764067982456136,-7.813596491227121,-8.59320175438644,-322.81359649122714,-322.4067982456136,,估计同步待核验
XY_Y-09-0.1-02,Y,0.2,27,XY/袁-20250529/Y-09-0.1-02/Test1/33061_1_22/Img000027.jpg,3.174537828947368,-7.0,-9.0,-333.0,-333.0,,估计同步待核验
XY_Y-09-0.1-02,Y,0.2,28,XY/袁-20250529/Y-09-0.1-02/Test1/33061_1_22/Img000028.jpg,3.2726688596491225,-8.0,-8.0,-345.0,-344.0,,估计同步待核验
XY_Y-09-0.1-02,Y,0.2,29,XY/袁-20250529/Y-09-0.1-02/Test1/33061_1_22/Img000029.jpg,3.370799890350877,-8.0,-8.0,-356.0,-356.0,,估计同步待核验
XY_Y-09-0.1-02,Y,0.2,30,XY/袁-20250529/Y-09-0.1-02/Test1/33061_1_22/Img000030.jpg,3.468930921052631,-8.0,-8.0,-365.0,-365.0,,估计同步待核验
XY_Y-09-0.1-02,Y,0.2,31,XY/袁-20250529/Y-09-0.1-02/Test1/33061_1_22/Img000031.jpg,3.567061951754386,-9.0,-8.0,-377.0,-376.0,,估计同步待核验
XY_Y-09-0.1-02,Y,0.2,32,XY/袁-20250529/Y-09-0.1-02/Test1/33061_1_22/Img000032.jpg,3.66519298245614,-10.0,-8.0,-387.0,-387.0,,估计同步待核验
XY_Y-09-0.1-02,Y,0.2,33,XY/袁-20250529/Y-09-0.1-02/Test1/33061_1_22/Img000033.jpg,3.7633240131578947,-9.0,-8.0,-398.0,-398.0,,估计同步待核验
XY_Y-09-0.1-02,Y,0.2,34,XY/袁-20250529/Y-09-0.1-02/Test1/33061_1_22/Img000034.jpg,3.8614550438596487,-10.0,-8.0,-409.0,-409.0,,估计同步待核验
XY_Y-09-0.1-02,Y,0.2,35,XY/袁-20250529/Y-09-0.1-02/Test1/33061_1_22/Img000035.jpg,3.959586074561403,-10.0,-8.0,-419.0,-419.0,,估计同步待核验
XY_Y-09-0.1-02,Y,0.2,36,XY/袁-20250529/Y-09-0.1-02/Test1/33061_1_22/Img000036.jpg,4.0577171052631575,-10.0,-8.0,-430.0,-430.0,,估计同步待核验
XY_Y-09-0.1-02,Y,0.2,37,XY/袁-20250529/Y-09-0.1-02/Test1/33061_1_22/Img000037.jpg,4.155848135964912,-9.0,-8.0,-440.0,-440.0,,估计同步待核验
XY_Y-09-0.1-02,Y,0.2,38,XY/袁-20250529/Y-09-0.1-02/Test1/33061_1_22/Img000038.jpg,4.253979166666666,-8.979166666666853,-8.0,-450.97916666666686,-450.97916666666686,,估计同步待核验
XY_Y-09-0.1-02,Y,0.2,39,XY/袁-20250529/Y-09-0.1-02/Test1/33061_1_22/Img000039.jpg,4.352110197368421,-8.11019736842061,-8.0,-460.1101973684206,-460.1101973684206,,估计同步待核验
XY_Y-09-0.1-02,Y,0.2,40,XY/袁-20250529/Y-09-0.1-02/Test1/33061_1_22/Img000040.jpg,4.450241228070175,-9.0,-8.0,-471.0,-471.0,,估计同步待核验
XY_Y-09-0.1-02,Y,0.2,41,XY/袁-20250529/Y-09-0.1-02/Test1/33061_1_22/Img000041.jpg,4.54837225877193,-9.0,-8.0,-481.0,-481.0,,估计同步待核验
XY_Y-09-0.1-02,Y,0.2,42,XY/袁-20250529/Y-09-0.1-02/Test1/33061_1_22/Img000042.jpg,4.646503289473684,-10.0,-8.0,-491.0,-490.0,,估计同步待核验
XY_Y-09-0.1-02,Y,0.2,43,XY/袁-20250529/Y-09-0.1-02/Test1/33061_1_22/Img000043.jpg,4.744634320175439,-10.0,-8.0,-501.0,-501.0,,估计同步待核验
XY_Y-09-0.1-02,Y,0.2,44,XY/袁-20250529/Y-09-0.1-02/Test1/33061_1_22/Img000044.jpg,4.842765350877193,-9.0,-8.0,-512.0,-511.0,,估计同步待核验
XY_Y-09-0.1-02,Y,0.2,45,XY/袁-20250529/Y-09-0.1-02/Test1/33061_1_22/Img000045.jpg,4.9408963815789475,-10.0,-8.0,-522.0,-521.0,,估计同步待核验
XY_Y-09-0.1-02,Y,0.2,46,XY/袁-20250529/Y-09-0.1-02/Test1/33061_1_22/Img000046.jpg,5.039027412280701,-9.0,-8.0,-532.0,-532.0,,估计同步待核验
XY_Y-09-0.1-02,Y,0.2,47,XY/袁-20250529/Y-09-0.1-02/Test1/33061_1_22/Img000047.jpg,5.137158442982456,-9.0,-8.0,-542.0,-542.0,,估计同步待核验
XY_Y-09-0.1-02,Y,0.2,48,XY/袁-20250529/Y-09-0.1-02/Test1/33061_1_22/Img000048.jpg,5.23528947368421,-8.0,-8.0,-552.0,-552.0,,估计同步待核验
XY_Y-09-0.1-02,Y,0.2,49,XY/袁-20250529/Y-09-0.1-02/Test1/33061_1_22/Img000049.jpg,5.333420504385965,-9.0,-8.0,-562.0,-562.0,,估计同步待核验
XY_Y-09-0.1-02,Y,0.2,50,XY/袁-20250529/Y-09-0.1-02/Test1/33061_1_22/Img000050.jpg,5.431551535087719,-8.0,-8.0,-571.0,-571.0,,估计同步待核验
XY_Y-09-0.1-02,Y,0.2,51,XY/袁-20250529/Y-09-0.1-02/Test1/33061_1_22/Img000051.jpg,5.529682565789473,-8.317434210526883,-8.0,-581.6825657894731,-581.3651315789463,,估计同步待核验
XY_Y-09-0.1-02,Y,0.2,52,XY/袁-20250529/Y-09-0.1-02/Test1/33061_1_22/Img000052.jpg,5.627813596491228,-9.0,-8.0,-591.0,-591.0,,估计同步待核验
XY_Y-09-0.1-02,Y,0.2,53,XY/袁-20250529/Y-09-0.1-02/Test1/33061_1_22/Img000053.jpg,5.725944627192982,-10.0,-8.0,-601.0,-601.0,,估计同步待核验
XY_Y-09-0.1-02,Y,0.2,54,XY/袁-20250529/Y-09-0.1-02/Test1/33061_1_22/Img000054.jpg,5.824075657894737,-10.0,-8.0,-610.0,-610.0,,估计同步待核验
XY_Y-09-0.1-02,Y,0.2,55,XY/袁-20250529/Y-09-0.1-02/Test1/33061_1_22/Img000055.jpg,5.922206688596491,-9.0,-8.0,-620.0,-620.0,,估计同步待核验
XY_Y-09-0.1-02,Y,0.2,56,XY/袁-20250529/Y-09-0.1-02/Test1/33061_1_22/Img000056.jpg,6.0203377192982455,-9.0,-8.0,-630.0,-630.0,,估计同步待核验
XY_Y-09-0.1-02,Y,0.2,57,XY/袁-20250529/Y-09-0.1-02/Test1/33061_1_22/Img000057.jpg,6.11846875,-9.0,-8.0,-639.0,-640.0,,估计同步待核验
XY_Y-09-0.1-02,Y,0.2,58,XY/袁-20250529/Y-09-0.1-02/Test1/33061_1_22/Img000058.jpg,6.216599780701754,-9.0,-8.0,-649.0,-650.0,,估计同步待核验
XY_Y-09-0.1-02,Y,0.2,59,XY/袁-20250529/Y-09-0.1-02/Test1/33061_1_22/Img000059.jpg,6.31473081140351,-8.0,-8.0,-658.0,-659.0,,估计同步待核验
XY_Y-09-0.1-02,Y,0.2,60,XY/袁-20250529/Y-09-0.1-02/Test1/33061_1_22/Img000060.jpg,6.412861842105262,-8.0,-8.0,-668.0,-669.0,,估计同步待核验
XY_Y-09-0.1-02,Y,0.2,61,XY/袁-20250529/Y-09-0.1-02/Test1/33061_1_22/Img000061.jpg,6.510992872807018,-7.0,-8.0,-679.0,-679.0,,估计同步待核验
XY_Y-09-0.1-02,Y,0.2,62,XY/袁-20250529/Y-09-0.1-02/Test1/33061_1_22/Img000062.jpg,6.609123903508772,-7.0,-8.0,-687.0,-688.0,,估计同步待核验
XY_Y-09-0.1-02,Y,0.2,63,XY/袁-20250529/Y-09-0.1-02/Test1/33061_1_22/Img000063.jpg,6.7072549342105265,-7.0,-8.0,-697.0,-698.0,,估计同步待核验
XY_Y-09-0.1-02,Y,0.2,64,XY/袁-20250529/Y-09-0.1-02/Test1/33061_1_22/Img000064.jpg,6.80538596491228,-8.2280701754395,-8.0,-706.3859649122802,-707.3859649122802,,估计同步待核验
XY_Y-09-0.1-02,Y,0.2,65,XY/袁-20250529/Y-09-0.1-02/Test1/33061_1_22/Img000065.jpg,6.9035169956140345,-9.0,-8.0,-715.0,-717.0,,估计同步待核验
XY_Y-09-0.1-02,Y,0.2,66,XY/袁-20250529/Y-09-0.1-02/Test1/33061_1_22/Img000066.jpg,7.00164802631579,-9.0,-8.0,-725.0,-725.0,,估计同步待核验
XY_Y-09-0.1-02,Y,0.2,67,XY/袁-20250529/Y-09-0.1-02/Test1/33061_1_22/Img000067.jpg,7.099779057017544,-9.0,-8.0,-734.0,-734.0,,估计同步待核验
XY_Y-09-0.1-02,Y,0.2,68,XY/袁-20250529/Y-09-0.1-02/Test1/33061_1_22/Img000068.jpg,7.197910087719298,-9.0,-8.0,-744.0,-744.0,,估计同步待核验
XY_Y-09-0.1-02,Y,0.2,69,XY/袁-20250529/Y-09-0.1-02/Test1/33061_1_22/Img000069.jpg,7.296041118421052,-8.0,-8.0,-753.0,-753.0,,估计同步待核验
XY_Y-09-0.1-02,Y,0.2,70,XY/袁-20250529/Y-09-0.1-02/Test1/33061_1_22/Img000070.jpg,7.394172149122807,-7.0,-8.0,-763.0,-763.0,,估计同步待核验
XY_Y-09-0.1-02,Y,0.2,71,XY/袁-20250529/Y-09-0.1-02/Test1/33061_1_22/Img000071.jpg,7.492303179824562,-7.0,-8.0,-771.0,-772.0,,估计同步待核验
XY_Y-09-0.1-02,Y,0.2,72,XY/袁-20250529/Y-09-0.1-02/Test1/33061_1_22/Img000072.jpg,7.590434210526316,-7.0,-8.0,-781.0,-782.0,,估计同步待核验
XY_Y-09-0.1-02,Y,0.2,73,XY/袁-20250529/Y-09-0.1-02/Test1/33061_1_22/Img000073.jpg,7.68856524122807,-7.0,-8.0,-791.0,-792.0,,估计同步待核验
XY_Y-09-0.1-02,Y,0.2,74,XY/袁-20250529/Y-09-0.1-02/Test1/33061_1_22/Img000074.jpg,7.7866962719298245,-7.0,-9.0,-800.0,-801.0,,估计同步待核验
XY_Y-09-0.1-02,Y,0.2,75,XY/袁-20250529/Y-09-0.1-02/Test1/33061_1_22/Img000075.jpg,7.884827302631579,-7.0,-8.0,-809.0,-809.0,,估计同步待核验
XY_Y-09-0.1-02,Y,0.2,76,XY/袁-20250529/Y-09-0.1-02/Test1/33061_1_22/Img000076.jpg,7.9829583333333325,-7.0833333333343695,-8.0,-817.9583333333328,-818.0,,估计同步待核验
XY_Y-09-0.1-02,Y,0.2,77,XY/袁-20250529/Y-09-0.1-02/Test1/33061_1_22/Img000077.jpg,8.081089364035087,-7.910635964912696,-8.0,-826.0893640350873,-826.0893640350873,,估计同步待核验
XY_Y-09-0.1-02,Y,0.2,78,XY/袁-20250529/Y-09-0.1-02/Test1/33061_1_22/Img000078.jpg,8.179220394736841,-8.0,-8.0,-836.0,-836.0,,估计同步待核验
XY_Y-09-0.1-02,Y,0.2,79,XY/袁-20250529/Y-09-0.1-02/Test1/33061_1_22/Img000079.jpg,8.277351425438596,-8.0,-8.0,-844.0,-844.0,,估计同步待核验
XY_Y-09-0.1-02,Y,0.2,80,XY/袁-20250529/Y-09-0.1-02/Test1/33061_1_22/Img000080.jpg,8.37548245614035,-7.0,-8.0,-853.0,-854.0,,估计同步待核验
XY_Y-09-0.1-02,Y,0.2,81,XY/袁-20250529/Y-09-0.1-02/Test1/33061_1_22/Img000081.jpg,8.473613486842105,-7.0,-8.0,-862.0,-864.0,,估计同步待核验
XY_Y-09-0.1-02,Y,0.2,82,XY/袁-20250529/Y-09-0.1-02/Test1/33061_1_22/Img000082.jpg,8.57174451754386,-7.0,-8.0,-871.0,-872.0,,估计同步待核验
XY_Y-09-0.1-02,Y,0.2,83,XY/袁-20250529/Y-09-0.1-02/Test1/33061_1_22/Img000083.jpg,8.669875548245614,-7.0,-8.0,-879.0,-880.0,,估计同步待核验
XY_Y-09-0.1-02,Y,0.2,84,XY/袁-20250529/Y-09-0.1-02/Test1/33061_1_22/Img000084.jpg,8.768006578947368,-7.0,-8.0,-888.0,-890.0,,估计同步待核验
XY_Y-09-0.1-02,Y,0.2,85,XY/袁-20250529/Y-09-0.1-02/Test1/33061_1_22/Img000085.jpg,8.866137609649122,-7.0,-8.0,-897.0,-898.0,,估计同步待核验
XY_Y-09-0.1-02,Y,0.2,86,XY/袁-20250529/Y-09-0.1-02/Test1/33061_1_22/Img000086.jpg,8.964268640350877,-7.0,-8.0,-906.0,-907.0,,估计同步待核验
XY_Y-09-0.1-02,Y,0.2,87,XY/袁-20250529/Y-09-0.1-02/Test1/33061_1_22/Img000087.jpg,9.062399671052631,-8.0,-8.0,-915.0,-916.0,,估计同步待核验
XY_Y-09-0.1-02,Y,0.2,88,XY/袁-20250529/Y-09-0.1-02/Test1/33061_1_22/Img000088.jpg,9.160530701754386,-8.0,-8.0,-923.0,-924.0,,估计同步待核验
XY_Y-09-0.1-02,Y,0.2,89,XY/袁-20250529/Y-09-0.1-02/Test1/33061_1_22/Img000089.jpg,9.25866173245614,-8.323464912280574,-8.0,-931.6617324561403,-932.6617324561403,,估计同步待核验
XY_Y-09-0.1-02,Y,0.2,90,XY/袁-20250529/Y-09-0.1-02/Test1/33061_1_22/Img000090.jpg,9.356792763157895,-7.0,-8.0,-939.0,-940.0,,估计同步待核验
XY_Y-09-0.1-02,Y,0.2,91,XY/袁-20250529/Y-09-0.1-02/Test1/33061_1_22/Img000091.jpg,9.454923793859649,-7.0,-8.0,-948.0,-949.0,,估计同步待核验
XY_Y-09-0.1-02,Y,0.2,92,XY/袁-20250529/Y-09-0.1-02/Test1/33061_1_22/Img000092.jpg,9.553054824561402,-7.0,-8.0,-957.0,-957.0,,估计同步待核验
XY_Y-09-0.1-02,Y,0.2,93,XY/袁-20250529/Y-09-0.1-02/Test1/33061_1_22/Img000093.jpg,9.651185855263158,-7.0,-8.0,-964.0,-966.0,,估计同步待核验
XY_Y-09-0.1-02,Y,0.2,94,XY/袁-20250529/Y-09-0.1-02/Test1/33061_1_22/Img000094.jpg,9.749316885964912,-7.0,-8.0,-972.0,-973.0,,估计同步待核验
XY_Y-09-0.1-02,Y,0.2,95,XY/袁-20250529/Y-09-0.1-02/Test1/33061_1_22/Img000095.jpg,9.847447916666667,-7.0,-8.0,-982.0,-983.0,,估计同步待核验
XY_Y-09-0.1-02,Y,0.2,96,XY/袁-20250529/Y-09-0.1-02/Test1/33061_1_22/Img000096.jpg,9.94557894736842,-8.0,-8.0,-989.0,-991.0,,估计同步待核验
XY_Y-09-0.1-02,Y,0.2,97,XY/袁-20250529/Y-09-0.1-02/Test1/33061_1_22/Img000097.jpg,10.043709978070174,-8.0,-8.0,-998.0,-999.0,,估计同步待核验
XY_Y-09-0.1-02,Y,0.2,98,XY/袁-20250529/Y-09-0.1-02/Test1/33061_1_22/Img000098.jpg,10.14184100877193,-8.0,-8.0,-1005.0,-1007.0,,估计同步待核验
XY_Y-09-0.1-02,Y,0.2,99,XY/袁-20250529/Y-09-0.1-02/Test1/33061_1_22/Img000099.jpg,10.239972039473685,-9.0,-8.0,-1014.0,-1014.0,,估计同步待核验
XY_Y-09-0.1-02,Y,0.2,100,XY/袁-20250529/Y-09-0.1-02/Test1/33061_1_22/Img000100.jpg,10.338103070175437,-9.0,-8.0,-1022.0,-1023.0,,估计同步待核验
XY_Y-09-0.1-02,Y,0.2,101,XY/袁-20250529/Y-09-0.1-02/Test1/33061_1_22/Img000101.jpg,10.436234100877192,-9.0,-8.0,-1029.0,-1030.0,,估计同步待核验
XY_Y-09-0.1-02,Y,0.2,102,XY/袁-20250529/Y-09-0.1-02/Test1/33061_1_22/Img000102.jpg,10.534365131578946,-8.095394736837005,-8.0,-1036.3651315789457,-1037.3651315789457,,估计同步待核验
XY_Y-09-0.1-02,Y,0.2,103,XY/袁-20250529/Y-09-0.1-02/Test1/33061_1_22/Img000103.jpg,10.632496162280702,-7.0,-8.0,-1044.0,-1045.0,,估计同步待核验
XY_Y-09-0.1-02,Y,0.2,104,XY/袁-20250529/Y-09-0.1-02/Test1/33061_1_22/Img000104.jpg,10.730627192982455,-7.0,-8.0,-1051.0,-1053.0,,估计同步待核验
XY_Y-09-0.1-02,Y,0.2,105,XY/袁-20250529/Y-09-0.1-02/Test1/33061_1_22/Img000105.jpg,10.82875822368421,-8.0,-8.0,-1059.0,-1060.0,,估计同步待核验
XY_Y-09-0.1-02,Y,0.2,106,XY/袁-20250529/Y-09-0.1-02/Test1/33061_1_22/Img000106.jpg,10.926889254385964,-8.0,-8.0,-1066.0,-1068.0,,估计同步待核验
XY_Y-09-0.1-02,Y,0.2,107,XY/袁-20250529/Y-09-0.1-02/Test1/33061_1_22/Img000107.jpg,11.025020285087718,-8.0,-8.0,-1074.0,-1075.0,,估计同步待核验
XY_Y-09-0.1-02,Y,0.2,108,XY/袁-20250529/Y-09-0.1-02/Test1/33061_1_22/Img000108.jpg,11.123151315789473,-9.0,-8.0,-1081.0,-1083.0,,估计同步待核验
XY_Y-09-0.1-02,Y,0.2,109,XY/袁-20250529/Y-09-0.1-02/Test1/33061_1_22/Img000109.jpg,11.221282346491227,-9.0,-8.0,-1088.0,-1089.0,,估计同步待核验
XY_Y-09-0.1-02,Y,0.2,110,XY/袁-20250529/Y-09-0.1-02/Test1/33061_1_22/Img000110.jpg,11.319413377192982,-9.0,-8.0,-1095.0,-1096.0,,估计同步待核验
XY_Y-09-0.1-02,Y,0.2,111,XY/袁-20250529/Y-09-0.1-02/Test1/33061_1_22/Img000111.jpg,11.417544407894736,-10.0,-8.0,-1103.0,-1104.0,,估计同步待核验
XY_Y-09-0.1-02,Y,0.2,112,XY/袁-20250529/Y-09-0.1-02/Test1/33061_1_22/Img000112.jpg,11.51567543859649,-9.0,-8.0,-1110.0,-1111.0,,估计同步待核验
XY_Y-09-0.1-02,Y,0.2,113,XY/袁-20250529/Y-09-0.1-02/Test1/33061_1_22/Img000113.jpg,11.613806469298245,-9.0,-8.0,-1116.0,-1118.0,,估计同步待核验
XY_Y-09-0.1-02,Y,0.2,114,XY/袁-20250529/Y-09-0.1-02/Test1/33061_1_22/Img000114.jpg,11.7119375,-8.937499999999666,-8.0,-1122.9374999999998,-1124.0,,估计同步待核验
XY_Y-09-0.1-02,Y,0.2,115,XY/袁-20250529/Y-09-0.1-02/Test1/33061_1_22/Img000115.jpg,11.810068530701754,-8.068530701753426,-8.0,-1129.0685307017534,-1130.0685307017534,,估计同步待核验
XY_Y-09-0.1-02,Y,0.2,116,XY/袁-20250529/Y-09-0.1-02/Test1/33061_1_22/Img000116.jpg,11.908199561403508,-8.0,-8.0,-1135.0,-1137.0,,估计同步待核验
XY_Y-09-0.1-02,Y,0.2,117,XY/袁-20250529/Y-09-0.1-02/Test1/33061_1_22/Img000117.jpg,12.006330592105263,-9.0,-8.0,-1142.0,-1143.0,,估计同步待核验
XY_Y-09-0.1-02,Y,0.2,118,XY/袁-20250529/Y-09-0.1-02/Test1/33061_1_22/Img000118.jpg,12.104461622807019,-9.0,-8.0,-1148.0,-1150.0,,估计同步待核验
XY_Y-09-0.1-02,Y,0.2,119,XY/袁-20250529/Y-09-0.1-02/Test1/33061_1_22/Img000119.jpg,12.20259265350877,-9.0,-8.0,-1155.0,-1156.0,,估计同步待核验
XY_Y-09-0.1-02,Y,0.2,120,XY/袁-20250529/Y-09-0.1-02/Test1/33061_1_22/Img000120.jpg,12.300723684210524,-10.0,-8.0,-1162.0,-1162.0,,估计同步待核验
XY_Y-09-0.1-02,Y,0.2,121,XY/袁-20250529/Y-09-0.1-02/Test1/33061_1_22/Img000121.jpg,12.39885471491228,-9.0,-8.0,-1167.0,-1168.0,,估计同步待核验
XY_Y-09-0.1-02,Y,0.2,122,XY/袁-20250529/Y-09-0.1-02/Test1/33061_1_22/Img000122.jpg,12.496985745614035,-9.0,-8.0,-1173.0,-1174.0,,估计同步待核验
XY_Y-09-0.1-02,Y,0.2,123,XY/袁-20250529/Y-09-0.1-02/Test1/33061_1_22/Img000123.jpg,12.59511677631579,-9.0,-8.0,-1179.0,-1180.0,,估计同步待核验
XY_Y-09-0.1-02,Y,0.2,124,XY/袁-20250529/Y-09-0.1-02/Test1/33061_1_22/Img000124.jpg,12.693247807017544,-9.0,-8.0,-1185.0,-1186.0,,估计同步待核验
XY_Y-09-0.1-02,Y,0.2,125,XY/袁-20250529/Y-09-0.1-02/Test1/33061_1_22/Img000125.jpg,12.791378837719298,-9.0,-8.0,-1191.0,-1193.0,,估计同步待核验
XY_Y-09-0.1-02,Y,0.2,126,XY/袁-20250529/Y-09-0.1-02/Test1/33061_1_22/Img000126.jpg,12.889509868421053,-8.0,-8.0,-1197.0,-1198.0,,估计同步待核验
XY_Y-09-0.1-02,Y,0.2,127,XY/袁-20250529/Y-09-0.1-02/Test1/33061_1_22/Img000127.jpg,12.987640899122805,-8.0,-8.0,-1202.0,-1204.0,,估计同步待核验
XY_Y-09-0.1-02,Y,0.2,128,XY/袁-20250529/Y-09-0.1-02/Test1/33061_1_22/Img000128.jpg,13.08577192982456,-9.0,-8.0,-1207.0,-1209.0,,估计同步待核验
XY_Y-09-0.1-02,Y,0.2,129,XY/袁-20250529/Y-09-0.1-02/Test1/33061_1_22/Img000129.jpg,13.183902960526314,-9.0,-8.0,-1213.0,-1214.0,,估计同步待核验
XY_Y-09-0.1-02,Y,0.2,130,XY/袁-20250529/Y-09-0.1-02/Test1/33061_1_22/Img000130.jpg,13.282033991228069,-9.0,-7.0,-1218.0,-1220.0,,估计同步待核验
XY_Y-09-0.1-02,Y,0.2,131,XY/袁-20250529/Y-09-0.1-02/Test1/33061_1_22/Img000131.jpg,13.380165021929825,-9.0,-8.0,-1224.0,-1225.0,,估计同步待核验
XY_Y-09-0.1-02,Y,0.2,132,XY/袁-20250529/Y-09-0.1-02/Test1/33061_1_22/Img000132.jpg,13.47829605263158,-9.0,-8.0,-1229.0,-1230.0,,估计同步待核验
XY_Y-09-0.1-02,Y,0.2,133,XY/袁-20250529/Y-09-0.1-02/Test1/33061_1_22/Img000133.jpg,13.576427083333334,-9.0,-8.0,-1234.0,-1236.0,,估计同步待核验
XY_Y-09-0.1-02,Y,0.2,134,XY/袁-20250529/Y-09-0.1-02/Test1/33061_1_22/Img000134.jpg,13.674558114035088,-9.0,-8.0,-1239.0,-1240.0,,估计同步待核验
XY_Y-09-0.1-02,Y,0.2,135,XY/袁-20250529/Y-09-0.1-02/Test1/33061_1_22/Img000135.jpg,13.772689144736841,-8.0,-8.0,-1243.0,-1246.0,,估计同步待核验
XY_Y-09-0.1-02,Y,0.2,136,XY/袁-20250529/Y-09-0.1-02/Test1/33061_1_22/Img000136.jpg,13.870820175438595,-8.0,-8.0,-1248.0,-1250.0,,估计同步待核验
XY_Y-09-0.1-02,Y,0.2,137,XY/袁-20250529/Y-09-0.1-02/Test1/33061_1_22/Img000137.jpg,13.96895120614035,-8.0,-8.0,-1253.0,-1255.0,,估计同步待核验
XY_Y-09-0.1-02,Y,0.2,138,XY/袁-20250529/Y-09-0.1-02/Test1/33061_1_22/Img000138.jpg,14.067082236842104,-7.0,-8.0,-1257.0,-1258.0,,估计同步待核验
XY_Y-09-0.1-02,Y,0.2,139,XY/袁-20250529/Y-09-0.1-02/Test1/33061_1_22/Img000139.jpg,14.165213267543859,-7.0,-8.0,-1262.0,-1264.0,,估计同步待核验
XY_Y-09-0.1-02,Y,0.2,140,XY/袁-20250529/Y-09-0.1-02/Test1/33061_1_22/Img000140.jpg,14.263344298245613,-7.0,-8.0,-1266.0,-1268.0,,估计同步待核验
XY_Y-09-0.1-02,Y,0.2,141,XY/袁-20250529/Y-09-0.1-02/Test1/33061_1_22/Img000141.jpg,14.361475328947368,-8.049342105265664,-8.0,-1271.0,-1273.0,,估计同步待核验
XY_Y-09-0.1-02,Y,0.2,142,XY/袁-20250529/Y-09-0.1-02/Test1/33061_1_22/Img000142.jpg,14.459606359649124,-9.0,-8.0,-1275.0,-1276.0,,估计同步待核验
XY_Y-09-0.1-02,Y,0.2,143,XY/袁-20250529/Y-09-0.1-02/Test1/33061_1_22/Img000143.jpg,14.557737390350875,-9.0,-8.0,-1279.0,-1280.0,,估计同步待核验
XY_Y-09-0.1-02,Y,0.2,144,XY/袁-20250529/Y-09-0.1-02/Test1/33061_1_22/Img000144.jpg,14.65586842105263,-8.0,-7.0,-1282.0,-1284.0,,估计同步待核验
XY_Y-09-0.1-02,Y,0.2,145,XY/袁-20250529/Y-09-0.1-02/Test1/33061_1_22/Img000145.jpg,14.753999451754385,-8.0,-8.0,-1286.0,-1288.0,,估计同步待核验
XY_Y-09-0.1-02,Y,0.2,146,XY/袁-20250529/Y-09-0.1-02/Test1/33061_1_22/Img000146.jpg,14.85213048245614,-8.0,-8.0,-1290.0,-1292.0,,估计同步待核验
XY_Y-09-0.1-02,Y,0.2,147,XY/袁-20250529/Y-09-0.1-02/Test1/33061_1_22/Img000147.jpg,14.950261513157894,-7.0,-8.0,-1293.0,-1295.0,,估计同步待核验
XY_Y-09-0.1-02,Y,0.2,148,XY/袁-20250529/Y-09-0.1-02/Test1/33061_1_22/Img000148.jpg,15.048392543859649,-7.0,-8.0,-1297.0,-1299.0,,估计同步待核验
XY_Y-09-0.1-02,Y,0.2,149,XY/袁-20250529/Y-09-0.1-02/Test1/33061_1_22/Img000149.jpg,15.146523574561403,-7.0,-8.0,-1301.0,-1302.0,,估计同步待核验
XY_Y-09-0.1-02,Y,0.2,150,XY/袁-20250529/Y-09-0.1-02/Test1/33061_1_22/Img000150.jpg,15.244654605263158,-7.0,-8.0,-1304.0,-1306.0,,估计同步待核验
XY_Y-09-0.1-02,Y,0.2,151,XY/袁-20250529/Y-09-0.1-02/Test1/33061_1_22/Img000151.jpg,15.34278563596491,-7.0,-8.0,-1307.0,-1309.0,,估计同步待核验
XY_Y-09-0.1-02,Y,0.2,152,XY/袁-20250529/Y-09-0.1-02/Test1/33061_1_22/Img000152.jpg,15.440916666666665,-7.0,-8.0,-1311.0,-1313.0,,估计同步待核验
XY_Y-09-0.1-02,Y,0.2,153,XY/袁-20250529/Y-09-0.1-02/Test1/33061_1_22/Img000153.jpg,15.539047697368419,-8.0,-8.0,-1313.0,-1315.0,,估计同步待核验
XY_Y-09-0.1-02,Y,0.2,154,XY/袁-20250529/Y-09-0.1-02/Test1/33061_1_22/Img000154.jpg,15.637178728070174,-8.0,-8.0,-1316.0,-1318.0,,估计同步待核验
XY_Y-09-0.1-02,Y,0.2,155,XY/袁-20250529/Y-09-0.1-02/Test1/33061_1_22/Img000155.jpg,15.73530975877193,-7.0,-8.0,-1318.0,-1320.0,,估计同步待核验
XY_Y-09-0.1-02,Y,0.2,156,XY/袁-20250529/Y-09-0.1-02/Test1/33061_1_22/Img000156.jpg,15.833440789473684,-7.0,-8.0,-1321.0,-1323.0,,估计同步待核验
XY_Y-09-0.1-02,Y,0.2,157,XY/袁-20250529/Y-09-0.1-02/Test1/33061_1_22/Img000157.jpg,15.931571820175439,-7.0,-8.0,-1324.0,-1325.0,,估计同步待核验
XY_Y-09-0.1-02,Y,0.2,158,XY/袁-20250529/Y-09-0.1-02/Test1/33061_1_22/Img000158.jpg,16.029702850877193,-7.0,-8.0,-1326.0,-1328.0,,估计同步待核验
XY_Y-09-0.1-02,Y,0.2,159,XY/袁-20250529/Y-09-0.1-02/Test1/33061_1_22/Img000159.jpg,16.127833881578944,-7.0,-8.0,-1329.0,-1330.0,,估计同步待核验
XY_Y-09-0.1-02,Y,0.2,160,XY/袁-20250529/Y-09-0.1-02/Test1/33061_1_22/Img000160.jpg,16.2259649122807,-7.0,-8.0,-1330.0,-1332.0,,估计同步待核验
XY_Y-09-0.1-02,Y,0.2,161,XY/袁-20250529/Y-09-0.1-02/Test1/33061_1_22/Img000161.jpg,16.324095942982453,-7.0,-8.0,-1333.0,-1334.0,,估计同步待核验
XY_Y-09-0.1-02,Y,0.2,162,XY/袁-20250529/Y-09-0.1-02/Test1/33061_1_22/Img000162.jpg,16.422226973684207,-8.0,-8.0,-1334.0,-1336.0,,估计同步待核验
XY_Y-09-0.1-02,Y,0.2,163,XY/袁-20250529/Y-09-0.1-02/Test1/33061_1_22/Img000163.jpg,16.52035800438596,-8.0,-8.0,-1337.0,-1339.0,,估计同步待核验
XY_Y-09-0.1-02,Y,0.2,164,XY/袁-20250529/Y-09-0.1-02/Test1/33061_1_22/Img000164.jpg,16.618489035087716,-8.0,-8.0,-1338.0,-1340.0,,估计同步待核验
XY_Y-09-0.1-02,Y,0.2,165,XY/袁-20250529/Y-09-0.1-02/Test1/33061_1_22/Img000165.jpg,16.71662006578947,-9.0,-8.0,-1340.0,-1342.0,,估计同步待核验
XY_Y-09-0.1-02,Y,0.2,166,XY/袁-20250529/Y-09-0.1-02/Test1/33061_1_22/Img000166.jpg,16.814751096491225,-8.502192982448076,-8.0,-1341.751096491224,-1343.0,,估计同步待核验
XY_Y-09-0.1-02,Y,0.2,167,XY/袁-20250529/Y-09-0.1-02/Test1/33061_1_22/Img000167.jpg,16.91288212719298,-7.0,-8.0,-1343.0,-1345.0,,估计同步待核验
XY_Y-09-0.1-02,Y,0.2,168,XY/袁-20250529/Y-09-0.1-02/Test1/33061_1_22/Img000168.jpg,17.011013157894734,-7.0,-8.0,-1344.0,-1345.0,,估计同步待核验
XY_Y-09-0.1-02,Y,0.2,169,XY/袁-20250529/Y-09-0.1-02/Test1/33061_1_22/Img000169.jpg,17.10914418859649,-7.0,-8.0,-1345.0,-1347.0,,估计同步待核验
XY_Y-09-0.1-02,Y,0.2,170,XY/袁-20250529/Y-09-0.1-02/Test1/33061_1_22/Img000170.jpg,17.207275219298243,-7.0,-8.0,-1346.0,-1348.0,,估计同步待核验
XY_Y-09-0.1-02,Y,0.2,171,XY/袁-20250529/Y-09-0.1-02/Test1/33061_1_22/Img000171.jpg,17.305406249999997,-7.0,-8.0,-1348.0,-1350.0,,估计同步待核验
XY_Y-09-0.1-02,Y,0.2,172,XY/袁-20250529/Y-09-0.1-02/Test1/33061_1_22/Img000172.jpg,17.40353728070175,-8.0,-8.0,-1348.0,-1350.0,,估计同步待核验
XY_Y-09-0.1-02,Y,0.2,173,XY/袁-20250529/Y-09-0.1-02/Test1/33061_1_22/Img000173.jpg,17.501668311403506,-9.0,-8.0,-1349.0,-1351.0,,估计同步待核验
XY_Y-09-0.1-02,Y,0.2,174,XY/袁-20250529/Y-09-0.1-02/Test1/33061_1_22/Img000174.jpg,17.59979934210526,-9.0,-8.0,-1350.0,-1352.0,,估计同步待核验
XY_Y-09-0.1-02,Y,0.2,175,XY/袁-20250529/Y-09-0.1-02/Test1/33061_1_22/Img000175.jpg,17.697930372807015,-9.0,-8.0,-1351.0,-1352.0,,估计同步待核验
XY_Y-09-0.1-02,Y,0.2,176,XY/袁-20250529/Y-09-0.1-02/Test1/33061_1_22/Img000176.jpg,17.79606140350877,-9.0,-8.0,-1352.0,-1354.0,,估计同步待核验
XY_Y-09-0.1-02,Y,0.2,177,XY/袁-20250529/Y-09-0.1-02/Test1/33061_1_22/Img000177.jpg,17.894192434210524,-9.0,-8.0,-1353.0,-1355.0,,估计同步待核验
XY_Y-09-0.1-02,Y,0.2,178,XY/袁-20250529/Y-09-0.1-02/Test1/33061_1_22/Img000178.jpg,17.99232346491228,-10.0,-8.0,-1353.0,-1355.0,,估计同步待核验
XY_Y-09-0.1-02,Y,0.2,179,XY/袁-20250529/Y-09-0.1-02/Test1/33061_1_22/Img000179.jpg,18.090454495614033,-7.9089912280646475,-8.0,-1353.0,-1355.0,,估计同步待核验
XY_Y-09-0.1-02,Y,0.2,180,XY/袁-20250529/Y-09-0.1-02/Test1/33061_1_22/Img000180.jpg,18.188585526315787,-8.0,-8.0,-1353.0,-1356.0,,估计同步待核验
XY_Y-09-0.1-02,Y,0.2,181,XY/袁-20250529/Y-09-0.1-02/Test1/33061_1_22/Img000181.jpg,18.28671655701754,-8.0,-8.0,-1354.0,-1356.0,,估计同步待核验
XY_Y-09-0.1-02,Y,0.2,182,XY/袁-20250529/Y-09-0.1-02/Test1/33061_1_22/Img000182.jpg,18.384847587719296,-8.0,-8.0,-1354.0,-1356.0,,估计同步待核验
XY_Y-09-0.1-02,Y,0.2,183,XY/袁-20250529/Y-09-0.1-02/Test1/33061_1_22/Img000183.jpg,18.48297861842105,-9.0,-8.0,-1354.0,-1356.0,,估计同步待核验
XY_Y-09-0.1-02,Y,0.2,184,XY/袁-20250529/Y-09-0.1-02/Test1/33061_1_22/Img000184.jpg,18.5811096491228,-9.0,-8.0,-1355.0,-1357.0,,估计同步待核验
XY_Y-09-0.1-02,Y,0.2,185,XY/袁-20250529/Y-09-0.1-02/Test1/33061_1_22/Img000185.jpg,18.67924067982456,-9.0,-8.0,-1355.0,-1357.0,,估计同步待核验
XY_Y-09-0.1-02,Y,0.2,186,XY/袁-20250529/Y-09-0.1-02/Test1/33061_1_22/Img000186.jpg,18.777371710526314,-10.0,-8.0,-1355.0,-1357.0,,估计同步待核验
XY_Y-09-0.1-02,Y,0.2,187,XY/袁-20250529/Y-09-0.1-02/Test1/33061_1_22/Img000187.jpg,18.87550274122807,-9.0,-8.0,-1356.0,-1358.0,,估计同步待核验
XY_Y-09-0.1-02,Y,0.2,188,XY/袁-20250529/Y-09-0.1-02/Test1/33061_1_22/Img000188.jpg,18.973633771929823,-9.0,-8.0,-1356.0,-1358.0,,估计同步待核验
XY_Y-09-0.1-02,Y,0.2,189,XY/袁-20250529/Y-09-0.1-02/Test1/33061_1_22/Img000189.jpg,19.071764802631577,-9.0,-8.0,-1356.0,-1357.0,,估计同步待核验
XY_Y-09-0.1-02,Y,0.2,190,XY/袁-20250529/Y-09-0.1-02/Test1/33061_1_22/Img000190.jpg,19.16989583333333,-9.0,-8.0,-1356.0,-1357.0,,估计同步待核验
XY_Y-09-0.1-02,Y,0.2,191,XY/袁-20250529/Y-09-0.1-02/Test1/33061_1_22/Img000191.jpg,19.268026864035086,-8.0,-8.0,-1356.0,-1358.0,,估计同步待核验
XY_Y-09-0.1-02,Y,0.2,192,XY/袁-20250529/Y-09-0.1-02/Test1/33061_1_22/Img000192.jpg,19.366157894736837,-8.842105263162944,-8.0,-1356.0,-1358.0,,估计同步待核验
XY_Y-09-0.1-02,Y,0.2,193,XY/袁-20250529/Y-09-0.1-02/Test1/33061_1_22/Img000193.jpg,19.46428892543859,-9.0,-8.0,-1356.0,-1358.0,,估计同步待核验
XY_Y-09-0.1-02,Y,0.2,194,XY/袁-20250529/Y-09-0.1-02/Test1/33061_1_22/Img000194.jpg,19.562419956140346,-9.0,-8.0,-1356.0,-1358.0,,估计同步待核验
XY_Y-09-0.1-02,Y,0.2,195,XY/袁-20250529/Y-09-0.1-02/Test1/33061_1_22/Img000195.jpg,19.660550986842104,-10.0,-8.0,-1356.0,-1358.0,,估计同步待核验
XY_Y-09-0.1-02,Y,0.2,196,XY/袁-20250529/Y-09-0.1-02/Test1/33061_1_22/Img000196.jpg,19.758682017543858,-9.0,-8.0,-1356.0,-1358.0,,估计同步待核验
XY_Y-09-0.1-02,Y,0.2,197,XY/袁-20250529/Y-09-0.1-02/Test1/33061_1_22/Img000197.jpg,19.856813048245613,-9.0,-8.0,-1357.0,-1358.0,,估计同步待核验
XY_Y-09-0.1-02,Y,0.2,198,XY/袁-20250529/Y-09-0.1-02/Test1/33061_1_22/Img000198.jpg,19.954944078947367,-9.0,-8.0,-1356.0,-1358.0,,估计同步待核验
XY_Y-09-0.1-02,Y,0.2,199,XY/袁-20250529/Y-09-0.1-02/Test1/33061_1_22/Img000199.jpg,20.05307510964912,-9.0,-8.0,-1355.0,-1357.0,,估计同步待核验
XY_Y-09-0.1-02,Y,0.2,200,XY/袁-20250529/Y-09-0.1-02/Test1/33061_1_22/Img000200.jpg,20.151206140350872,-8.0,-8.0,-1356.0,-1357.0,,估计同步待核验
XY_Y-09-0.1-02,Y,0.2,201,XY/袁-20250529/Y-09-0.1-02/Test1/33061_1_22/Img000201.jpg,20.249337171052627,-8.0,-8.0,-1355.0,-1357.0,,估计同步待核验
XY_Y-09-0.1-02,Y,0.2,202,XY/袁-20250529/Y-09-0.1-02/Test1/33061_1_22/Img000202.jpg,20.34746820175438,-8.0,-8.0,-1355.0,-1357.0,,估计同步待核验
XY_Y-09-0.1-02,Y,0.2,203,XY/袁-20250529/Y-09-0.1-02/Test1/33061_1_22/Img000203.jpg,20.445599232456136,-7.0,-8.0,-1355.0,-1357.0,,估计同步待核验
XY_Y-09-0.1-02,Y,0.2,204,XY/袁-20250529/Y-09-0.1-02/Test1/33061_1_22/Img000204.jpg,20.54373026315789,-7.809210526329883,-7.730263157890039,-1355.0,-1357.0,,估计同步待核验
XY_Y-09-0.1-02,Y,0.2,205,XY/袁-20250529/Y-09-0.1-02/Test1/33061_1_22/Img000205.jpg,20.641861293859648,-9.0,-7.0,-1355.0,-1356.0,,估计同步待核验
XY_Y-09-0.1-02,Y,0.2,206,XY/袁-20250529/Y-09-0.1-02/Test1/33061_1_22/Img000206.jpg,20.739992324561403,-9.0,-8.0,-1355.0,-1357.0,,估计同步待核验
XY_Y-09-0.1-02,Y,0.2,207,XY/袁-20250529/Y-09-0.1-02/Test1/33061_1_22/Img000207.jpg,20.838123355263157,-9.0,-8.0,-1355.0,-1356.0,,估计同步待核验
XY_Y-09-0.1-02,Y,0.2,208,XY/袁-20250529/Y-09-0.1-02/Test1/33061_1_22/Img000208.jpg,20.936254385964908,-9.0,-8.0,-1355.0,-1357.0,,估计同步待核验
XY_Y-09-0.1-02,Y,0.2,209,XY/袁-20250529/Y-09-0.1-02/Test1/33061_1_22/Img000209.jpg,21.034385416666662,-8.0,-8.0,-1355.0,-1357.0,,估计同步待核验
XY_Y-09-0.1-02,Y,0.2,210,XY/袁-20250529/Y-09-0.1-02/Test1/33061_1_22/Img000210.jpg,21.132516447368417,-8.0,-8.0,-1355.0,-1357.0,,估计同步待核验
XY_Y-09-0.1-02,Y,0.2,211,XY/袁-20250529/Y-09-0.1-02/Test1/33061_1_22/Img000211.jpg,21.23064747807017,-8.0,-8.0,-1355.0,-1357.0,,估计同步待核验
XY_Y-09-0.1-02,Y,0.2,212,XY/袁-20250529/Y-09-0.1-02/Test1/33061_1_22/Img000212.jpg,21.328778508771926,-7.0,-8.0,-1355.0,-1357.0,,估计同步待核验
XY_Y-09-0.1-02,Y,0.2,213,XY/袁-20250529/Y-09-0.1-02/Test1/33061_1_22/Img000213.jpg,21.42690953947368,-7.0,-8.0,-1355.0,-1357.0,,估计同步待核验
XY_Y-09-0.1-02,Y,0.2,214,XY/袁-20250529/Y-09-0.1-02/Test1/33061_1_22/Img000214.jpg,21.525040570175435,-7.0,-9.0,-1355.0,-1357.0,,估计同步待核验
XY_Y-09-0.1-02,Y,0.2,215,XY/袁-20250529/Y-09-0.1-02/Test1/33061_1_22/Img000215.jpg,21.623171600877193,-7.0,-8.0,-1354.0,-1356.0,,估计同步待核验
XY_Y-09-0.1-02,Y,0.2,216,XY/袁-20250529/Y-09-0.1-02/Test1/33061_1_22/Img000216.jpg,21.721302631578943,-7.0,-8.0,-1354.0,-1356.0,,估计同步待核验
XY_Y-09-0.1-02,Y,0.2,217,XY/袁-20250529/Y-09-0.1-02/Test1/33061_1_22/Img000217.jpg,21.819433662280698,-8.132675438603352,-8.0,-1355.0,-1357.0,,估计同步待核验
XY_Y-09-0.1-02,Y,0.2,218,XY/袁-20250529/Y-09-0.1-02/Test1/33061_1_22/Img000218.jpg,21.917564692982452,-8.0,-8.0,-1355.0,-1357.0,,估计同步待核验
XY_Y-09-0.1-02,Y,0.2,219,XY/袁-20250529/Y-09-0.1-02/Test1/33061_1_22/Img000219.jpg,22.015695723684207,-8.0,-8.0,-1355.0,-1357.0,,估计同步待核验
XY_Y-09-0.1-02,Y,0.2,220,XY/袁-20250529/Y-09-0.1-02/Test1/33061_1_22/Img000220.jpg,22.11382675438596,-7.0,-8.0,-1355.0,-1357.0,,估计同步待核验
XY_Y-09-0.1-02,Y,0.2,221,XY/袁-20250529/Y-09-0.1-02/Test1/33061_1_22/Img000221.jpg,22.211957785087716,-7.0,-8.0,-1355.0,-1357.0,,估计同步待核验
XY_Y-09-0.1-02,Y,0.2,222,XY/袁-20250529/Y-09-0.1-02/Test1/33061_1_22/Img000222.jpg,22.31008881578947,-7.0,-8.0,-1355.0,-1358.0,,估计同步待核验
XY_Y-09-0.1-02,Y,0.2,223,XY/袁-20250529/Y-09-0.1-02/Test1/33061_1_22/Img000223.jpg,22.408219846491225,-7.0,-8.0,-1355.0,-1357.0,,估计同步待核验
XY_Y-09-0.1-02,Y,0.2,224,XY/袁-20250529/Y-09-0.1-02/Test1/33061_1_22/Img000224.jpg,22.50635087719298,-7.0,-8.0,-1355.0,-1357.0,,估计同步待核验
XY_Y-09-0.1-02,Y,0.2,225,XY/袁-20250529/Y-09-0.1-02/Test1/33061_1_22/Img000225.jpg,22.604481907894733,-7.0,-9.0,-1355.0,-1357.0,,估计同步待核验
XY_Y-09-0.1-02,Y,0.2,226,XY/袁-20250529/Y-09-0.1-02/Test1/33061_1_22/Img000226.jpg,22.702612938596488,-8.0,-8.0,-1356.0,-1357.0,,估计同步待核验
XY_Y-09-0.1-02,Y,0.2,227,XY/袁-20250529/Y-09-0.1-02/Test1/33061_1_22/Img000227.jpg,22.800743969298242,-8.0,-8.0,-1355.0,-1357.0,,估计同步待核验
XY_Y-09-0.1-02,Y,0.2,228,XY/袁-20250529/Y-09-0.1-02/Test1/33061_1_22/Img000228.jpg,22.898874999999997,-8.0,-8.0,-1355.0,-1357.0,,估计同步待核验
XY_Y-09-0.1-02,Y,0.2,229,XY/袁-20250529/Y-09-0.1-02/Test1/33061_1_22/Img000229.jpg,22.997006030701748,-9.0,-8.0,-1355.0,-1357.0,,估计同步待核验
XY_Y-09-0.1-02,Y,0.2,230,XY/袁-20250529/Y-09-0.1-02/Test1/33061_1_22/Img000230.jpg,23.095137061403506,-7.27412280701322,-8.0,-1356.0,-1357.0,,估计同步待核验
XY_Y-09-0.1-02,Y,0.2,231,XY/袁-20250529/Y-09-0.1-02/Test1/33061_1_22/Img000231.jpg,23.19326809210526,-7.0,-8.0,-1356.0,-1358.0,,估计同步待核验
XY_Y-09-0.1-02,Y,0.2,232,XY/袁-20250529/Y-09-0.1-02/Test1/33061_1_22/Img000232.jpg,23.291399122807015,-7.0,-8.0,-1355.0,-1358.0,,估计同步待核验
XY_Y-09-0.1-02,Y,0.2,233,XY/袁-20250529/Y-09-0.1-02/Test1/33061_1_22/Img000233.jpg,23.38953015350877,-7.0,-8.0,-1355.0,-1357.0,,估计同步待核验
XY_Y-09-0.1-02,Y,0.2,234,XY/袁-20250529/Y-09-0.1-02/Test1/33061_1_22/Img000234.jpg,23.487661184210523,-7.0,-8.0,-1356.0,-1357.0,,估计同步待核验
XY_Y-09-0.1-02,Y,0.2,235,XY/袁-20250529/Y-09-0.1-02/Test1/33061_1_22/Img000235.jpg,23.585792214912278,-8.0,-8.0,-1356.0,-1357.0,,估计同步待核验
XY_Y-09-0.1-02,Y,0.2,236,XY/袁-20250529/Y-09-0.1-02/Test1/33061_1_22/Img000236.jpg,23.683923245614036,-8.0,-8.0,-1355.0,-1357.0,,估计同步待核验
XY_Y-09-0.1-02,Y,0.2,237,XY/袁-20250529/Y-09-0.1-02/Test1/33061_1_22/Img000237.jpg,23.782054276315787,-8.0,-8.0,-1355.0,-1356.0,,估计同步待核验
XY_Y-09-0.1-02,Y,0.2,238,XY/袁-20250529/Y-09-0.1-02/Test1/33061_1_22/Img000238.jpg,23.880185307017538,-9.0,-8.0,-1356.0,-1357.0,,估计同步待核验
XY_Y-09-0.1-02,Y,0.2,239,XY/袁-20250529/Y-09-0.1-02/Test1/33061_1_22/Img000239.jpg,23.978316337719296,-9.0,-8.0,-1356.0,-1358.0,,估计同步待核验
XY_Y-09-0.1-02,Y,0.2,240,XY/袁-20250529/Y-09-0.1-02/Test1/33061_1_22/Img000240.jpg,24.076447368421046,-9.0,-8.0,-1355.0,-1357.0,,估计同步待核验
XY_Y-09-0.1-02,Y,0.2,241,XY/袁-20250529/Y-09-0.1-02/Test1/33061_1_22/Img000241.jpg,24.174578399122804,-9.0,-8.0,-1356.0,-1357.0,,估计同步待核验
XY_Y-09-0.1-02,Y,0.2,242,XY/袁-20250529/Y-09-0.1-02/Test1/33061_1_22/Img000242.jpg,24.27270942982456,-8.418859649119184,-8.0,-1356.0,-1358.0,,估计同步待核验
XY_Y-09-0.1-02,Y,0.2,243,XY/袁-20250529/Y-09-0.1-02/Test1/33061_1_22/Img000243.jpg,24.370840460526313,-7.0,-8.0,-1356.0,-1358.0,,估计同步待核验
XY_Y-09-0.1-02,Y,0.2,244,XY/袁-20250529/Y-09-0.1-02/Test1/33061_1_22/Img000244.jpg,24.468971491228068,-7.0,-8.0,-1356.0,-1358.0,,估计同步待核验
XY_Y-09-0.1-02,Y,0.2,245,XY/袁-20250529/Y-09-0.1-02/Test1/33061_1_22/Img000245.jpg,24.56710252192982,-8.0,-8.0,-1355.0,-1358.0,,估计同步待核验
XY_Y-09-0.1-02,Y,0.2,246,XY/袁-20250529/Y-09-0.1-02/Test1/33061_1_22/Img000246.jpg,24.665233552631577,-8.0,-8.0,-1355.0,-1358.0,,估计同步待核验
XY_Y-09-0.1-02,Y,0.2,247,XY/袁-20250529/Y-09-0.1-02/Test1/33061_1_22/Img000247.jpg,24.763364583333328,-9.0,-8.0,-1356.0,-1357.0,,估计同步待核验
XY_Y-09-0.1-02,Y,0.2,248,XY/袁-20250529/Y-09-0.1-02/Test1/33061_1_22/Img000248.jpg,24.861495614035086,-9.0,-8.0,-1356.0,-1357.0,,估计同步待核验
XY_Y-09-0.1-02,Y,0.2,249,XY/袁-20250529/Y-09-0.1-02/Test1/33061_1_22/Img000249.jpg,24.959626644736836,-10.0,-8.0,-1355.0,-1357.0,,估计同步待核验
XY_Y-09-0.1-02,Y,0.2,250,XY/袁-20250529/Y-09-0.1-02/Test1/33061_1_22/Img000250.jpg,25.057757675438594,-10.0,-8.0,-1355.0,-1356.0,,估计同步待核验
XY_Y-09-0.1-02,Y,0.2,251,XY/袁-20250529/Y-09-0.1-02/Test1/33061_1_22/Img000251.jpg,25.155888706140345,-10.0,-8.0,-1356.0,-1357.0,,估计同步待核验
XY_Y-09-0.1-02,Y,0.2,252,XY/袁-20250529/Y-09-0.1-02/Test1/33061_1_22/Img000252.jpg,25.254019736842103,-9.0,-7.0,-1355.0,-1357.0,,估计同步待核验
XY_Y-09-0.1-02,Y,0.2,253,XY/袁-20250529/Y-09-0.1-02/Test1/33061_1_22/Img000253.jpg,25.352150767543858,-9.0,-8.0,-1355.0,-1357.0,,估计同步待核验
XY_Y-09-0.1-02,Y,0.2,254,XY/袁-20250529/Y-09-0.1-02/Test1/33061_1_22/Img000254.jpg,25.45028179824561,-9.0,-8.0,-1355.0,-1356.0,,估计同步待核验
XY_Y-09-0.1-02,Y,0.2,255,XY/袁-20250529/Y-09-0.1-02/Test1/33061_1_22/Img000255.jpg,25.548412828947367,-8.587171052632122,-8.0,-1355.0,-1356.4128289473679,,估计同步待核验
XY_Y-09-0.1-02,Y,0.2,256,XY/袁-20250529/Y-09-0.1-02/Test1/33061_1_22/Img000256.jpg,25.646543859649118,-9.0,-8.0,-1355.0,-1356.0,,估计同步待核验
XY_Y-09-0.1-02,Y,0.2,257,XY/袁-20250529/Y-09-0.1-02/Test1/33061_1_22/Img000257.jpg,25.744674890350876,-9.0,-8.0,-1354.0,-1355.0,,估计同步待核验
XY_Y-09-0.1-02,Y,0.2,258,XY/袁-20250529/Y-09-0.1-02/Test1/33061_1_22/Img000258.jpg,25.842805921052626,-9.0,-8.0,-1354.0,-1356.0,,估计同步待核验
XY_Y-09-0.1-02,Y,0.2,259,XY/袁-20250529/Y-09-0.1-02/Test1/33061_1_22/Img000259.jpg,25.940936951754384,-9.0,-8.0,-1354.0,-1356.0,,估计同步待核验
XY_Y-09-0.1-02,Y,0.2,260,XY/袁-20250529/Y-09-0.1-02/Test1/33061_1_22/Img000260.jpg,26.039067982456135,-9.0,-7.0,-1355.0,-1356.0,,估计同步待核验
XY_Y-09-0.1-02,Y,0.2,261,XY/袁-20250529/Y-09-0.1-02/Test1/33061_1_22/Img000261.jpg,26.13719901315789,-9.0,-8.0,-1355.0,-1356.0,,估计同步待核验
XY_Y-09-0.1-02,Y,0.2,262,XY/袁-20250529/Y-09-0.1-02/Test1/33061_1_22/Img000262.jpg,26.235330043859648,-9.0,-8.0,-1353.0,-1355.0,,估计同步待核验
XY_Y-09-0.1-02,Y,0.2,263,XY/袁-20250529/Y-09-0.1-02/Test1/33061_1_22/Img000263.jpg,26.3334610745614,-9.0,-8.0,-1354.0,-1356.0,,估计同步待核验
XY_Y-09-0.1-02,Y,0.2,264,XY/袁-20250529/Y-09-0.1-02/Test1/33061_1_22/Img000264.jpg,26.431592105263157,-8.0,-8.0,-1354.0,-1355.0,,估计同步待核验
XY_Y-09-0.1-02,Y,0.2,265,XY/袁-20250529/Y-09-0.1-02/Test1/33061_1_22/Img000265.jpg,26.529723135964907,-8.0,-8.0,-1354.0,-1356.0,,估计同步待核验
XY_Y-09-0.1-02,Y,0.2,266,XY/袁-20250529/Y-09-0.1-02/Test1/33061_1_22/Img000266.jpg,26.627854166666665,-7.0,-8.0,-1353.0,-1355.0,,估计同步待核验
XY_Y-09-0.1-02,Y,0.2,267,XY/袁-20250529/Y-09-0.1-02/Test1/33061_1_22/Img000267.jpg,26.725985197368416,-7.029605263165491,-8.0,-1353.0,-1355.0,,估计同步待核验
XY_Y-09-0.1-02,Y,0.2,268,XY/袁-20250529/Y-09-0.1-02/Test1/33061_1_22/Img000268.jpg,26.824116228070174,-8.767543859653953,-8.0,-1353.0,-1355.0,,估计同步待核验
XY_Y-09-0.1-02,Y,0.2,269,XY/袁-20250529/Y-09-0.1-02/Test1/33061_1_22/Img000269.jpg,26.922247258771925,-9.0,-8.0,-1354.0,-1355.0,,估计同步待核验
XY_Y-09-0.1-02,Y,0.2,270,XY/袁-20250529/Y-09-0.1-02/Test1/33061_1_22/Img000270.jpg,27.02037828947368,-9.0,-8.0,-1353.0,-1355.0,,估计同步待核验
XY_Y-09-0.1-02,Y,0.2,271,XY/袁-20250529/Y-09-0.1-02/Test1/33061_1_22/Img000271.jpg,27.118509320175434,-9.0,-8.0,-1353.0,-1355.0,,估计同步待核验
XY_Y-09-0.1-02,Y,0.2,272,XY/袁-20250529/Y-09-0.1-02/Test1/33061_1_22/Img000272.jpg,27.21664035087719,-8.0,-8.0,-1353.0,-1355.0,,估计同步待核验
XY_Y-09-0.1-02,Y,0.2,273,XY/袁-20250529/Y-09-0.1-02/Test1/33061_1_22/Img000273.jpg,27.314771381578947,-8.0,-8.0,-1353.0,-1355.0,,估计同步待核验
XY_Y-09-0.1-02,Y,0.2,274,XY/袁-20250529/Y-09-0.1-02/Test1/33061_1_22/Img000274.jpg,27.412902412280697,-7.0,-8.0,-1352.0,-1354.0,,估计同步待核验
XY_Y-09-0.1-02,Y,0.2,275,XY/袁-20250529/Y-09-0.1-02/Test1/33061_1_22/Img000275.jpg,27.511033442982455,-7.0,-8.0,-1353.0,-1355.0,,估计同步待核验
XY_Y-09-0.1-02,Y,0.2,276,XY/袁-20250529/Y-09-0.1-02/Test1/33061_1_22/Img000276.jpg,27.609164473684206,-7.0,-8.0,-1353.0,-1354.0,,估计同步待核验
XY_Y-09-0.1-02,Y,0.2,277,XY/袁-20250529/Y-09-0.1-02/Test1/33061_1_22/Img000277.jpg,27.707295504385957,-7.0,-8.0,-1352.0,-1355.0,,估计同步待核验
XY_Y-09-0.1-02,Y,0.2,278,XY/袁-20250529/Y-09-0.1-02/Test1/33061_1_22/Img000278.jpg,27.805426535087715,-7.0,-9.0,-1353.0,-1355.0,,估计同步待核验
XY_Y-09-0.1-02,Y,0.2,279,XY/袁-20250529/Y-09-0.1-02/Test1/33061_1_22/Img000279.jpg,27.90355756578947,-7.0,-8.0,-1352.0,-1354.0,,估计同步待核验
XY_Y-09-0.1-02,Y,0.2,280,XY/袁-20250529/Y-09-0.1-02/Test1/33061_1_22/Img000280.jpg,28.001688596491224,-7.311403508775514,-8.0,-1352.3114035087756,-1354.3114035087756,,估计同步待核验
XY_Y-09-0.1-02,Y,0.2,281,XY/袁-20250529/Y-09-0.1-02/Test1/33061_1_22/Img000281.jpg,28.09981962719298,-8.0,-8.0,-1353.0,-1355.0,,估计同步待核验
XY_Y-09-0.1-02,Y,0.2,282,XY/袁-20250529/Y-09-0.1-02/Test1/33061_1_22/Img000282.jpg,28.197950657894733,-8.0,-8.0,-1353.0,-1355.0,,估计同步待核验
XY_Y-09-0.1-02,Y,0.2,283,XY/袁-20250529/Y-09-0.1-02/Test1/33061_1_22/Img000283.jpg,28.296081688596487,-7.0,-8.0,-1352.0,-1354.0,,估计同步待核验
XY_Y-09-0.1-02,Y,0.2,284,XY/袁-20250529/Y-09-0.1-02/Test1/33061_1_22/Img000284.jpg,28.394212719298245,-7.0,-8.0,-1352.0,-1354.0,,估计同步待核验
XY_Y-09-0.1-02,Y,0.2,285,XY/袁-20250529/Y-09-0.1-02/Test1/33061_1_22/Img000285.jpg,28.492343749999996,-7.0,-8.0,-1353.0,-1354.0,,估计同步待核验
XY_Y-09-0.1-02,Y,0.2,286,XY/袁-20250529/Y-09-0.1-02/Test1/33061_1_22/Img000286.jpg,28.590474780701747,-7.0,-8.0,-1353.0,-1355.0,,估计同步待核验
XY_Y-09-0.1-02,Y,0.2,287,XY/袁-20250529/Y-09-0.1-02/Test1/33061_1_22/Img000287.jpg,28.688605811403505,-7.0,-9.0,-1352.0,-1354.0,,估计同步待核验
XY_Y-09-0.1-02,Y,0.2,288,XY/袁-20250529/Y-09-0.1-02/Test1/33061_1_22/Img000288.jpg,28.78673684210526,-7.0,-8.0,-1352.0,-1354.0,,估计同步待核验
XY_Y-09-0.1-02,Y,0.2,289,XY/袁-20250529/Y-09-0.1-02/Test1/33061_1_22/Img000289.jpg,28.884867872807014,-7.0,-8.0,-1353.0,-1354.0,,估计同步待核验
XY_Y-09-0.1-02,Y,0.2,290,XY/袁-20250529/Y-09-0.1-02/Test1/33061_1_22/Img000290.jpg,28.98299890350877,-8.0,-8.0,-1353.0,-1355.0,,估计同步待核验
XY_Y-09-0.1-02,Y,0.2,291,XY/袁-20250529/Y-09-0.1-02/Test1/33061_1_22/Img000291.jpg,29.081129934210523,-9.0,-8.0,-1353.0,-1355.0,,估计同步待核验
XY_Y-09-0.1-02,Y,0.2,292,XY/袁-20250529/Y-09-0.1-02/Test1/33061_1_22/Img000292.jpg,29.179260964912277,-9.0,-8.0,-1353.0,-1355.0,,估计同步待核验
XY_Y-09-0.1-02,Y,0.2,293,XY/袁-20250529/Y-09-0.1-02/Test1/33061_1_22/Img000293.jpg,29.277391995614035,-7.7839912280705414,-8.0,-1353.0,-1355.0,,估计同步待核验
XY_Y-09-0.1-02,Y,0.2,294,XY/袁-20250529/Y-09-0.1-02/Test1/33061_1_22/Img000294.jpg,29.375523026315786,-7.0,-8.0,-1353.0,-1356.0,,估计同步待核验
XY_Y-09-0.1-02,Y,0.2,295,XY/袁-20250529/Y-09-0.1-02/Test1/33061_1_22/Img000295.jpg,29.473654057017537,-7.0,-8.0,-1353.0,-1355.0,,估计同步待核验
XY_Y-09-0.1-02,Y,0.2,296,XY/袁-20250529/Y-09-0.1-02/Test1/33061_1_22/Img000296.jpg,29.571785087719295,-7.0,-8.0,-1353.0,-1355.0,,估计同步待核验
XY_Y-09-0.1-02,Y,0.2,297,XY/袁-20250529/Y-09-0.1-02/Test1/33061_1_22/Img000297.jpg,29.669916118421046,-7.0,-9.0,-1353.0,-1355.0,,估计同步待核验
XY_Y-09-0.1-02,Y,0.2,298,XY/袁-20250529/Y-09-0.1-02/Test1/33061_1_22/Img000298.jpg,29.768047149122804,-8.0,-9.0,-1354.0,-1356.0,,估计同步待核验
XY_Y-09-0.1-02,Y,0.2,299,XY/袁-20250529/Y-09-0.1-02/Test1/33061_1_22/Img000299.jpg,29.86617817982456,-8.0,-8.0,-1354.0,-1356.0,,估计同步待核验
XY_Y-09-0.1-02,Y,0.2,300,XY/袁-20250529/Y-09-0.1-02/Test1/33061_1_22/Img000300.jpg,29.964309210526313,-9.0,-8.0,-1354.0,-1356.0,,估计同步待核验
XY_Y-09-0.1-02,Y,0.2,301,XY/袁-20250529/Y-09-0.1-02/Test1/33061_1_22/Img000301.jpg,30.062440241228067,-9.0,-8.0,-1354.0,-1356.0,,估计同步待核验
XY_Y-09-0.1-02,Y,0.2,302,XY/袁-20250529/Y-09-0.1-02/Test1/33061_1_22/Img000302.jpg,30.16057127192982,-9.0,-8.0,-1355.0,-1356.0,,估计同步待核验
XY_Y-09-0.1-02,Y,0.2,303,XY/袁-20250529/Y-09-0.1-02/Test1/33061_1_22/Img000303.jpg,30.258702302631576,-10.0,-8.0,-1355.0,-1357.0,,估计同步待核验
XY_Y-09-0.1-02,Y,0.2,304,XY/袁-20250529/Y-09-0.1-02/Test1/33061_1_22/Img000304.jpg,30.356833333333327,-9.0,-8.0,-1355.0,-1356.0,,估计同步待核验
XY_Y-09-0.1-02,Y,0.2,305,XY/袁-20250529/Y-09-0.1-02/Test1/33061_1_22/Img000305.jpg,30.454964364035085,-9.0,-7.0,-1355.0,-1356.0,,估计同步待核验
XY_Y-09-0.1-02,Y,0.2,306,XY/袁-20250529/Y-09-0.1-02/Test1/33061_1_22/Img000306.jpg,30.553095394736836,-9.0,-7.0,-1356.0,-1357.0,,估计同步待核验
XY_Y-09-0.1-02,Y,0.2,307,XY/袁-20250529/Y-09-0.1-02/Test1/33061_1_22/Img000307.jpg,30.651226425438594,-8.0,-8.0,-1356.0,-1358.0,,估计同步待核验
XY_Y-09-0.1-02,Y,0.2,308,XY/袁-20250529/Y-09-0.1-02/Test1/33061_1_22/Img000308.jpg,30.749357456140345,-8.0,-8.0,-1356.0,-1357.0,,估计同步待核验
XY_Y-09-0.1-02,Y,0.2,309,XY/袁-20250529/Y-09-0.1-02/Test1/33061_1_22/Img000309.jpg,30.847488486842103,-9.0,-8.0,-1356.0,-1358.0,,估计同步待核验
XY_Y-09-0.1-02,Y,0.2,310,XY/袁-20250529/Y-09-0.1-02/Test1/33061_1_22/Img000310.jpg,30.945619517543857,-9.0,-8.0,-1357.0,-1358.0,,估计同步待核验
XY_Y-09-0.1-02,Y,0.2,311,XY/袁-20250529/Y-09-0.1-02/Test1/33061_1_22/Img000311.jpg,31.043750548245608,-9.0,-8.0,-1356.0,-1358.0,,估计同步待核验
XY_Y-09-0.1-02,Y,0.2,312,XY/袁-20250529/Y-09-0.1-02/Test1/33061_1_22/Img000312.jpg,31.141881578947366,-9.0,-8.0,-1357.0,-1358.0,,估计同步待核验
XY_Y-09-0.1-02,Y,0.2,313,XY/袁-20250529/Y-09-0.1-02/Test1/33061_1_22/Img000313.jpg,31.240012609649117,-9.0,-8.0,-1357.0,-1359.0,,估计同步待核验
XY_Y-09-0.1-02,Y,0.2,314,XY/袁-20250529/Y-09-0.1-02/Test1/33061_1_22/Img000314.jpg,31.338143640350875,-9.0,-8.0,-1357.0,-1359.0,,估计同步待核验
XY_Y-09-0.1-02,Y,0.2,315,XY/袁-20250529/Y-09-0.1-02/Test1/33061_1_22/Img000315.jpg,31.436274671052626,-9.0,-8.0,-1357.0,-1359.0,,估计同步待核验
XY_Y-09-0.1-02,Y,0.2,316,XY/袁-20250529/Y-09-0.1-02/Test1/33061_1_22/Img000316.jpg,31.534405701754384,-9.0,-8.0,-1358.0,-1359.0,,估计同步待核验
XY_Y-09-0.1-02,Y,0.2,317,XY/袁-20250529/Y-09-0.1-02/Test1/33061_1_22/Img000317.jpg,31.632536732456135,-8.0,-8.0,-1358.0,-1360.0,,估计同步待核验
XY_Y-09-0.1-02,Y,0.2,318,XY/袁-20250529/Y-09-0.1-02/Test1/33061_1_22/Img000318.jpg,31.73066776315789,-8.0,-8.0,-1358.0,-1360.0,,估计同步待核验
XY_Y-09-0.1-02,Y,0.2,319,XY/袁-20250529/Y-09-0.1-02/Test1/33061_1_22/Img000319.jpg,31.828798793859647,-7.402412280706207,-8.0,-1358.0,-1360.0,,估计同步待核验
XY_Y-09-0.1-02,Y,0.2,320,XY/袁-20250529/Y-09-0.1-02/Test1/33061_1_22/Img000320.jpg,31.926929824561398,-9.0,-8.0,-1359.0,-1360.0,,估计同步待核验
XY_Y-09-0.1-02,Y,0.2,321,XY/袁-20250529/Y-09-0.1-02/Test1/33061_1_22/Img000321.jpg,32.025060855263156,-10.0,-8.0,-1359.0,-1360.0,,估计同步待核验
XY_Y-09-0.1-02,Y,0.2,322,XY/袁-20250529/Y-09-0.1-02/Test1/33061_1_22/Img000322.jpg,32.12319188596491,-9.0,-8.0,-1359.0,-1360.0,,估计同步待核验
XY_Y-09-0.1-02,Y,0.2,323,XY/袁-20250529/Y-09-0.1-02/Test1/33061_1_22/Img000323.jpg,32.221322916666665,-9.0,-8.0,-1359.0,-1361.0,,估计同步待核验
XY_Y-09-0.1-02,Y,0.2,324,XY/袁-20250529/Y-09-0.1-02/Test1/33061_1_22/Img000324.jpg,32.319453947368416,-9.0,-8.0,-1360.0,-1361.0,,估计同步待核验
XY_Y-09-0.1-02,Y,0.2,325,XY/袁-20250529/Y-09-0.1-02/Test1/33061_1_22/Img000325.jpg,32.417584978070174,-8.0,-8.0,-1360.0,-1361.0,,估计同步待核验
XY_Y-09-0.1-02,Y,0.2,326,XY/袁-20250529/Y-09-0.1-02/Test1/33061_1_22/Img000326.jpg,32.515716008771925,-8.0,-8.0,-1359.0,-1361.0,,估计同步待核验
XY_Y-09-0.1-02,Y,0.2,327,XY/袁-20250529/Y-09-0.1-02/Test1/33061_1_22/Img000327.jpg,32.613847039473676,-7.0,-8.0,-1360.0,-1361.0,,估计同步待核验
XY_Y-09-0.1-02,Y,0.2,328,XY/袁-20250529/Y-09-0.1-02/Test1/33061_1_22/Img000328.jpg,32.711978070175434,-7.0,-8.0,-1360.0,-1362.0,,估计同步待核验
XY_Y-09-0.1-02,Y,0.2,329,XY/袁-20250529/Y-09-0.1-02/Test1/33061_1_22/Img000329.jpg,32.810109100877185,-7.0,-8.0,-1361.0,-1362.0,,估计同步待核验
XY_Y-09-0.1-02,Y,0.2,330,XY/袁-20250529/Y-09-0.1-02/Test1/33061_1_22/Img000330.jpg,32.90824013157894,-7.0,-8.0,-1360.0,-1362.0,,估计同步待核验
XY_Y-09-0.1-02,Y,0.2,331,XY/袁-20250529/Y-09-0.1-02/Test1/33061_1_22/Img000331.jpg,33.00637116228069,-7.0,-9.0,-1361.0,-1363.0,,估计同步待核验
XY_Y-09-0.1-02,Y,0.2,332,XY/袁-20250529/Y-09-0.1-02/Test1/33061_1_22/Img000332.jpg,33.10450219298245,-7.995614035093173,-8.0,-1361.0,-1363.0,,估计同步待核验
XY_Y-09-0.1-02,Y,0.2,333,XY/袁-20250529/Y-09-0.1-02/Test1/33061_1_22/Img000333.jpg,33.20263322368421,-8.0,-8.0,-1361.0,-1363.0,,估计同步待核验
XY_Y-09-0.1-02,Y,0.2,334,XY/袁-20250529/Y-09-0.1-02/Test1/33061_1_22/Img000334.jpg,33.30076425438596,-8.0,-8.0,-1361.0,-1363.0,,估计同步待核验
XY_Y-09-0.1-02,Y,0.2,335,XY/袁-20250529/Y-09-0.1-02/Test1/33061_1_22/Img000335.jpg,33.39889528508772,-7.0,-8.0,-1361.0,-1363.0,,估计同步待核验
XY_Y-09-0.1-02,Y,0.2,336,XY/袁-20250529/Y-09-0.1-02/Test1/33061_1_22/Img000336.jpg,33.49702631578947,-7.0,-8.0,-1362.0,-1364.0,,估计同步待核验
XY_Y-09-0.1-02,Y,0.2,337,XY/袁-20250529/Y-09-0.1-02/Test1/33061_1_22/Img000337.jpg,33.59515734649123,-7.0,-8.0,-1362.0,-1364.0,,估计同步待核验
XY_Y-09-0.1-02,Y,0.2,338,XY/袁-20250529/Y-09-0.1-02/Test1/33061_1_22/Img000338.jpg,33.69328837719298,-7.0,-8.0,-1362.0,-1363.0,,估计同步待核验
XY_Y-09-0.1-02,Y,0.2,339,XY/袁-20250529/Y-09-0.1-02/Test1/33061_1_22/Img000339.jpg,33.791419407894736,-7.0,-8.0,-1362.0,-1363.0,,估计同步待核验
XY_Y-09-0.1-02,Y,0.2,340,XY/袁-20250529/Y-09-0.1-02/Test1/33061_1_22/Img000340.jpg,33.88955043859649,-7.0,-8.0,-1362.0,-1364.0,,估计同步待核验
XY_Y-09-0.1-02,Y,0.2,341,XY/袁-20250529/Y-09-0.1-02/Test1/33061_1_22/Img000341.jpg,33.987681469298245,-7.0,-8.0,-1363.0,-1365.0,,估计同步待核验
XY_Y-09-0.1-02,Y,0.2,342,XY/袁-20250529/Y-09-0.1-02/Test1/33061_1_22/Img000342.jpg,34.085812499999996,-8.0,-8.0,-1363.0,-1365.0,,估计同步待核验
XY_Y-09-0.1-02,Y,0.2,343,XY/袁-20250529/Y-09-0.1-02/Test1/33061_1_22/Img000343.jpg,34.18394353070175,-9.0,-8.0,-1363.0,-1365.0,,估计同步待核验
XY_Y-09-0.1-02,Y,0.2,344,XY/袁-20250529/Y-09-0.1-02/Test1/33061_1_22/Img000344.jpg,34.282074561403505,-9.0,-8.0,-1364.0,-1365.0,,估计同步待核验
XY_Y-09-0.1-02,Y,0.2,345,XY/袁-20250529/Y-09-0.1-02/Test1/33061_1_22/Img000345.jpg,34.380205592105256,-7.41118421050708,-8.0,-1364.0,-1366.0,,估计同步待核验
XY_Y-09-0.1-02,Y,0.2,346,XY/袁-20250529/Y-09-0.1-02/Test1/33061_1_22/Img000346.jpg,34.478336622807014,-7.0,-8.0,-1364.0,-1366.0,,估计同步待核验
XY_Y-09-0.1-02,Y,0.2,347,XY/袁-20250529/Y-09-0.1-02/Test1/33061_1_22/Img000347.jpg,34.576467653508764,-7.0,-8.0,-1364.0,-1365.0,,估计同步待核验
XY_Y-09-0.1-02,Y,0.2,348,XY/袁-20250529/Y-09-0.1-02/Test1/33061_1_22/Img000348.jpg,34.67459868421052,-7.0,-8.0,-1364.0,-1366.0,,估计同步待核验
XY_Y-09-0.1-02,Y,0.2,349,XY/袁-20250529/Y-09-0.1-02/Test1/33061_1_22/Img000349.jpg,34.77272971491227,-7.0,-8.0,-1365.0,-1366.0,,估计同步待核验
XY_Y-09-0.1-02,Y,0.2,350,XY/袁-20250529/Y-09-0.1-02/Test1/33061_1_22/Img000350.jpg,34.87086074561403,-8.0,-8.0,-1365.0,-1367.0,,估计同步待核验
XY_Y-09-0.1-02,Y,0.2,351,XY/袁-20250529/Y-09-0.1-02/Test1/33061_1_22/Img000351.jpg,34.96899177631578,-8.0,-9.0,-1364.0,-1366.0,,估计同步待核验
XY_Y-09-0.1-02,Y,0.2,352,XY/袁-20250529/Y-09-0.1-02/Test1/33061_1_22/Img000352.jpg,35.06712280701754,-9.0,-8.0,-1365.0,-1366.0,,估计同步待核验
XY_Y-09-0.1-02,Y,0.2,353,XY/袁-20250529/Y-09-0.1-02/Test1/33061_1_22/Img000353.jpg,35.1652538377193,-9.0,-8.0,-1366.0,-1367.0,,估计同步待核验
XY_Y-09-0.1-02,Y,0.2,354,XY/袁-20250529/Y-09-0.1-02/Test1/33061_1_22/Img000354.jpg,35.26338486842105,-9.0,-8.0,-1366.0,-1367.0,,估计同步待核验
XY_Y-09-0.1-02,Y,0.2,355,XY/袁-20250529/Y-09-0.1-02/Test1/33061_1_22/Img000355.jpg,35.36151589912281,-10.0,-8.0,-1366.0,-1367.0,,估计同步待核验
XY_Y-09-0.1-02,Y,0.2,356,XY/袁-20250529/Y-09-0.1-02/Test1/33061_1_22/Img000356.jpg,35.45964692982456,-10.0,-8.0,-1366.0,-1367.0,,估计同步待核验
XY_Y-09-0.1-02,Y,0.2,357,XY/袁-20250529/Y-09-0.1-02/Test1/33061_1_22/Img000357.jpg,35.557777960526316,-8.555921052631321,-8.0,-1366.0,-1367.0,,估计同步待核验
XY_Y-09-0.1-02,Y,0.2,358,XY/袁-20250529/Y-09-0.1-02/Test1/33061_1_22/Img000358.jpg,35.65590899122807,-7.0,-8.0,-1367.0,-1368.0,,估计同步待核验
XY_Y-09-0.1-02,Y,0.2,359,XY/袁-20250529/Y-09-0.1-02/Test1/33061_1_22/Img000359.jpg,35.75404002192982,-8.0,-8.0,-1367.0,-1368.0,,估计同步待核验
XY_Y-09-0.1-02,Y,0.2,360,XY/袁-20250529/Y-09-0.1-02/Test1/33061_1_22/Img000360.jpg,35.852171052631576,-8.0,-8.0,-1367.0,-1369.0,,估计同步待核验
XY_Y-09-0.1-02,Y,0.2,361,XY/袁-20250529/Y-09-0.1-02/Test1/33061_1_22/Img000361.jpg,35.95030208333333,-9.0,-8.0,-1368.0,-1369.0,,估计同步待核验
XY_Y-09-0.1-02,Y,0.2,362,XY/袁-20250529/Y-09-0.1-02/Test1/33061_1_22/Img000362.jpg,36.048433114035085,-9.0,-8.0,-1368.0,-1369.0,,估计同步待核验
XY_Y-09-0.1-02,Y,0.2,363,XY/袁-20250529/Y-09-0.1-02/Test1/33061_1_22/Img000363.jpg,36.146564144736836,-9.0,-8.0,-1368.0,-1369.0,,估计同步待核验
XY_Y-09-0.1-02,Y,0.2,364,XY/袁-20250529/Y-09-0.1-02/Test1/33061_1_22/Img000364.jpg,36.24469517543859,-10.0,-8.0,-1368.0,-1369.0,,估计同步待核验
XY_Y-09-0.1-02,Y,0.2,365,XY/袁-20250529/Y-09-0.1-02/Test1/33061_1_22/Img000365.jpg,36.342826206140344,-9.0,-8.0,-1368.0,-1371.0,,估计同步待核验
XY_Y-09-0.1-02,Y,0.2,366,XY/袁-20250529/Y-09-0.1-02/Test1/33061_1_22/Img000366.jpg,36.4409572368421,-9.0,-8.0,-1369.0,-1371.0,,估计同步待核验
XY_Y-09-0.1-02,Y,0.2,367,XY/袁-20250529/Y-09-0.1-02/Test1/33061_1_22/Img000367.jpg,36.53908826754385,-9.0,-8.0,-1369.0,-1370.0,,估计同步待核验
XY_Y-09-0.1-02,Y,0.2,368,XY/袁-20250529/Y-09-0.1-02/Test1/33061_1_22/Img000368.jpg,36.637219298245604,-8.0,-8.0,-1369.0,-1371.0,,估计同步待核验
XY_Y-09-0.1-02,Y,0.2,369,XY/袁-20250529/Y-09-0.1-02/Test1/33061_1_22/Img000369.jpg,36.73535032894736,-8.0,-8.0,-1370.0,-1371.0,,估计同步待核验
XY_Y-09-0.1-02,Y,0.2,370,XY/袁-20250529/Y-09-0.1-02/Test1/33061_1_22/Img000370.jpg,36.83348135964912,-8.518640350880528,-8.0,-1370.0,-1372.0,,估计同步待核验
XY_Y-09-0.1-02,Y,0.2,371,XY/袁-20250529/Y-09-0.1-02/Test1/33061_1_22/Img000371.jpg,36.93161239035087,-9.0,-8.0,-1370.0,-1372.0,,估计同步待核验
XY_Y-09-0.1-02,Y,0.2,372,XY/袁-20250529/Y-09-0.1-02/Test1/33061_1_22/Img000372.jpg,37.02974342105263,-9.0,-8.0,-1370.0,-1372.0,,估计同步待核验
XY_Y-09-0.1-02,Y,0.2,373,XY/袁-20250529/Y-09-0.1-02/Test1/33061_1_22/Img000373.jpg,37.12787445175439,-9.0,-8.0,-1371.0,-1373.0,,估计同步待核验
XY_Y-09-0.1-02,Y,0.2,374,XY/袁-20250529/Y-09-0.1-02/Test1/33061_1_22/Img000374.jpg,37.22600548245614,-9.0,-8.0,-1371.0,-1373.0,,估计同步待核验
XY_Y-09-0.1-02,Y,0.2,375,XY/袁-20250529/Y-09-0.1-02/Test1/33061_1_22/Img000375.jpg,37.32413651315789,-9.0,-8.0,-1372.0,-1373.0,,估计同步待核验
XY_Y-09-0.1-02,Y,0.2,376,XY/袁-20250529/Y-09-0.1-02/Test1/33061_1_22/Img000376.jpg,37.42226754385965,-9.0,-8.0,-1372.0,-1374.0,,估计同步待核验
XY_Y-09-0.1-02,Y,0.2,377,XY/袁-20250529/Y-09-0.1-02/Test1/33061_1_22/Img000377.jpg,37.5203985745614,-8.0,-8.0,-1372.0,-1374.0,,估计同步待核验
XY_Y-09-0.1-02,Y,0.2,378,XY/袁-20250529/Y-09-0.1-02/Test1/33061_1_22/Img000378.jpg,37.618529605263156,-8.0,-8.0,-1373.0,-1374.0,,估计同步待核验
XY_Y-09-0.1-02,Y,0.2,379,XY/袁-20250529/Y-09-0.1-02/Test1/33061_1_22/Img000379.jpg,37.71666063596491,-7.0,-8.0,-1373.0,-1375.0,,估计同步待核验
XY_Y-09-0.1-02,Y,0.2,380,XY/袁-20250529/Y-09-0.1-02/Test1/33061_1_22/Img000380.jpg,37.814791666666665,-7.0,-8.0,-1373.0,-1374.0,,估计同步待核验
XY_Y-09-0.1-02,Y,0.2,381,XY/袁-20250529/Y-09-0.1-02/Test1/33061_1_22/Img000381.jpg,37.912922697368415,-7.0,-8.0,-1373.0,-1375.0,,估计同步待核验
XY_Y-09-0.1-02,Y,0.2,382,XY/袁-20250529/Y-09-0.1-02/Test1/33061_1_22/Img000382.jpg,38.01105372807017,-7.0,-8.0,-1374.0,-1376.0,,估计同步待核验
XY_Y-09-0.1-02,Y,0.2,383,XY/袁-20250529/Y-09-0.1-02/Test1/33061_1_22/Img000383.jpg,38.109184758771924,-8.630482456153961,-8.0,-1375.0,-1376.0,,估计同步待核验
XY_Y-09-0.1-02,Y,0.2,384,XY/袁-20250529/Y-09-0.1-02/Test1/33061_1_22/Img000384.jpg,38.207315789473675,-9.0,-8.0,-1375.0,-1376.0,,估计同步待核验
XY_Y-09-0.1-02,Y,0.2,385,XY/袁-20250529/Y-09-0.1-02/Test1/33061_1_22/Img000385.jpg,38.30544682017543,-9.0,-8.0,-1375.0,-1376.0,,估计同步待核验
XY_Y-09-0.1-02,Y,0.2,386,XY/袁-20250529/Y-09-0.1-02/Test1/33061_1_22/Img000386.jpg,38.403577850877184,-8.0,-8.0,-1375.0,-1377.0,,估计同步待核验
XY_Y-09-0.1-02,Y,0.2,387,XY/袁-20250529/Y-09-0.1-02/Test1/33061_1_22/Img000387.jpg,38.50170888157894,-8.0,-8.0,-1375.0,-1377.0,,估计同步待核验
XY_Y-09-0.1-02,Y,0.2,388,XY/袁-20250529/Y-09-0.1-02/Test1/33061_1_22/Img000388.jpg,38.59983991228069,-7.0,-8.0,-1376.0,-1378.0,,估计同步待核验
XY_Y-09-0.1-02,Y,0.2,389,XY/袁-20250529/Y-09-0.1-02/Test1/33061_1_22/Img000389.jpg,38.69797094298245,-7.0,-8.0,-1376.0,-1378.0,,估计同步待核验
XY_Y-09-0.1-02,Y,0.2,390,XY/袁-20250529/Y-09-0.1-02/Test1/33061_1_22/Img000390.jpg,38.79610197368421,-7.0,-8.0,-1376.0,-1378.0,,估计同步待核验
XY_Y-09-0.1-02,Y,0.2,391,XY/袁-20250529/Y-09-0.1-02/Test1/33061_1_22/Img000391.jpg,38.89423300438596,-7.0,-8.0,-1377.0,-1379.0,,估计同步待核验
XY_Y-09-0.1-02,Y,0.2,392,XY/袁-20250529/Y-09-0.1-02/Test1/33061_1_22/Img000392.jpg,38.99236403508772,-7.0,-8.0,-1377.0,-1379.0,,估计同步待核验
XY_Y-09-0.1-02,Y,0.2,393,XY/袁-20250529/Y-09-0.1-02/Test1/33061_1_22/Img000393.jpg,39.09049506578947,-7.0,-8.0,-1377.0,-1379.0,,估计同步待核验
XY_Y-09-0.1-02,Y,0.2,394,XY/袁-20250529/Y-09-0.1-02/Test1/33061_1_22/Img000394.jpg,39.18862609649123,-8.0,-8.0,-1377.0,-1379.0,,估计同步待核验
XY_Y-09-0.1-02,Y,0.2,395,XY/袁-20250529/Y-09-0.1-02/Test1/33061_1_22/Img000395.jpg,39.28675712719298,-8.0,-8.0,-1377.242872807022,-1380.0,,估计同步待核验
XY_Y-09-0.1-02,Y,0.2,396,XY/袁-20250529/Y-09-0.1-02/Test1/33061_1_22/Img000396.jpg,39.384888157894736,-7.0,-8.0,-1378.0,-1380.0,,估计同步待核验
XY_Y-09-0.1-02,Y,0.2,397,XY/袁-20250529/Y-09-0.1-02/Test1/33061_1_22/Img000397.jpg,39.48301918859649,-7.0,-8.0,-1378.0,-1380.0,,估计同步待核验
XY_Y-09-0.1-02,Y,0.2,398,XY/袁-20250529/Y-09-0.1-02/Test1/33061_1_22/Img000398.jpg,39.581150219298245,-7.0,-8.0,-1379.0,-1381.0,,估计同步待核验
XY_Y-09-0.1-02,Y,0.2,399,XY/袁-20250529/Y-09-0.1-02/Test1/33061_1_22/Img000399.jpg,39.679281249999995,-7.0,-8.0,-1379.0,-1381.0,,估计同步待核验
XY_Y-09-0.1-02,Y,0.2,400,XY/袁-20250529/Y-09-0.1-02/Test1/33061_1_22/Img000400.jpg,39.777412280701746,-7.0,-8.0,-1380.0,-1381.0,,估计同步待核验
XY_Y-09-0.1-02,Y,0.2,401,XY/袁-20250529/Y-09-0.1-02/Test1/33061_1_22/Img000401.jpg,39.875543311403504,-7.0,-8.0,-1380.0,-1382.0,,估计同步待核验
XY_Y-09-0.1-02,Y,0.2,402,XY/袁-20250529/Y-09-0.1-02/Test1/33061_1_22/Img000402.jpg,39.973674342105255,-7.0,-8.0,-1380.0,-1382.0,,估计同步待核验
XY_Y-09-0.1-02,Y,0.2,403,XY/袁-20250529/Y-09-0.1-02/Test1/33061_1_22/Img000403.jpg,40.07180537280701,-8.0,-8.0,-1380.0,-1382.0,,估计同步待核验
XY_Y-09-0.1-02,Y,0.2,404,XY/袁-20250529/Y-09-0.1-02/Test1/33061_1_22/Img000404.jpg,40.169936403508764,-8.0,-8.0,-1381.0,-1382.0,,估计同步待核验
XY_Y-09-0.1-02,Y,0.2,405,XY/袁-20250529/Y-09-0.1-02/Test1/33061_1_22/Img000405.jpg,40.26806743421052,-9.0,-8.0,-1381.0,-1383.0,,估计同步待核验
XY_Y-09-0.1-02,Y,0.2,406,XY/袁-20250529/Y-09-0.1-02/Test1/33061_1_22/Img000406.jpg,40.36619846491227,-9.0,-8.0,-1381.0,-1383.0,,估计同步待核验
XY_Y-09-0.1-02,Y,0.2,407,XY/袁-20250529/Y-09-0.1-02/Test1/33061_1_22/Img000407.jpg,40.46432949561403,-9.0,-8.0,-1381.0,-1383.0,,估计同步待核验
XY_Y-09-0.1-02,Y,0.2,408,XY/袁-20250529/Y-09-0.1-02/Test1/33061_1_22/Img000408.jpg,40.56246052631578,-8.381578947345982,-8.0,-1381.460526315782,-1383.460526315782,,估计同步待核验
XY_Y-09-0.1-02,Y,0.2,409,XY/袁-20250529/Y-09-0.1-02/Test1/33061_1_22/Img000409.jpg,40.66059155701754,-7.0,-8.0,-1381.0,-1383.0,,估计同步待核验
XY_Y-09-0.1-02,Y,0.2,410,XY/袁-20250529/Y-09-0.1-02/Test1/33061_1_22/Img000410.jpg,40.7587225877193,-8.0,-8.0,-1382.0,-1383.0,,估计同步待核验
XY_Y-09-0.1-02,Y,0.2,411,XY/袁-20250529/Y-09-0.1-02/Test1/33061_1_22/Img000411.jpg,40.85685361842105,-8.0,-8.0,-1382.0,-1384.0,,估计同步待核验
XY_Y-09-0.1-02,Y,0.2,412,XY/袁-20250529/Y-09-0.1-02/Test1/33061_1_22/Img000412.jpg,40.95498464912281,-9.0,-8.0,-1382.0,-1384.0,,估计同步待核验
XY_Y-09-0.1-02,Y,0.2,413,XY/袁-20250529/Y-09-0.1-02/Test1/33061_1_22/Img000413.jpg,41.05311567982456,-9.0,-8.0,-1383.0,-1385.0,,估计同步待核验
XY_Y-09-0.1-02,Y,0.2,414,XY/袁-20250529/Y-09-0.1-02/Test1/33061_1_22/Img000414.jpg,41.151246710526316,-9.0,-8.0,-1383.0,-1384.0,,估计同步待核验
XY_Y-09-0.1-02,Y,0.2,415,XY/袁-20250529/Y-09-0.1-02/Test1/33061_1_22/Img000415.jpg,41.249377741228066,-9.0,-8.0,-1383.0,-1385.0,,估计同步待核验
XY_Y-09-0.1-02,Y,0.2,416,XY/袁-20250529/Y-09-0.1-02/Test1/33061_1_22/Img000416.jpg,41.34750877192982,-9.0,-8.0,-1384.0,-1385.0,,估计同步待核验
XY_Y-09-0.1-02,Y,0.2,417,XY/袁-20250529/Y-09-0.1-02/Test1/33061_1_22/Img000417.jpg,41.445639802631575,-9.0,-8.0,-1384.0,-1385.0,,估计同步待核验
XY_Y-09-0.1-02,Y,0.2,418,XY/袁-20250529/Y-09-0.1-02/Test1/33061_1_22/Img000418.jpg,41.543770833333326,-9.0,-8.0,-1385.0,-1386.0,,估计同步待核验
XY_Y-09-0.1-02,Y,0.2,419,XY/袁-20250529/Y-09-0.1-02/Test1/33061_1_22/Img000419.jpg,41.641901864035084,-9.0,-8.0,-1384.0,-1386.0,,估计同步待核验
XY_Y-09-0.1-02,Y,0.2,420,XY/袁-20250529/Y-09-0.1-02/Test1/33061_1_22/Img000420.jpg,41.740032894736835,-9.0,-8.0,-1384.0,-1386.0,,估计同步待核验
XY_Y-09-0.1-02,Y,0.2,421,XY/袁-20250529/Y-09-0.1-02/Test1/33061_1_22/Img000421.jpg,41.83816392543859,-8.0,-8.0,-1385.0,-1386.1639254385925,,估计同步待核验
XY_Y-09-0.1-02,Y,0.2,422,XY/袁-20250529/Y-09-0.1-02/Test1/33061_1_22/Img000422.jpg,41.936294956140344,-9.0,-8.0,-1385.0,-1387.0,,估计同步待核验
XY_Y-09-0.1-02,Y,0.2,423,XY/袁-20250529/Y-09-0.1-02/Test1/33061_1_22/Img000423.jpg,42.0344259868421,-9.0,-8.0,-1385.0,-1387.0,,估计同步待核验
XY_Y-09-0.1-02,Y,0.2,424,XY/袁-20250529/Y-09-0.1-02/Test1/33061_1_22/Img000424.jpg,42.13255701754385,-10.0,-8.0,-1386.0,-1387.0,,估计同步待核验
XY_Y-09-0.1-02,Y,0.2,425,XY/袁-20250529/Y-09-0.1-02/Test1/33061_1_22/Img000425.jpg,42.230688048245604,-10.0,-8.0,-1386.0,-1387.0,,估计同步待核验
XY_Y-09-0.1-02,Y,0.2,426,XY/袁-20250529/Y-09-0.1-02/Test1/33061_1_22/Img000426.jpg,42.32881907894736,-9.0,-8.0,-1387.0,-1388.0,,估计同步待核验
XY_Y-09-0.1-02,Y,0.2,427,XY/袁-20250529/Y-09-0.1-02/Test1/33061_1_22/Img000427.jpg,42.42695010964912,-9.0,-8.0,-1386.0,-1388.0,,估计同步待核验
XY_Y-09-0.1-02,Y,0.2,428,XY/袁-20250529/Y-09-0.1-02/Test1/33061_1_22/Img000428.jpg,42.52508114035087,-9.0,-8.0,-1386.0,-1388.0,,估计同步待核验
XY_Y-09-0.1-02,Y,0.2,429,XY/袁-20250529/Y-09-0.1-02/Test1/33061_1_22/Img000429.jpg,42.62321217105263,-8.0,-8.0,-1387.0,-1387.0,,估计同步待核验
XY_Y-09-0.1-02,Y,0.2,430,XY/袁-20250529/Y-09-0.1-02/Test1/33061_1_22/Img000430.jpg,42.72134320175439,-8.0,-8.0,-1388.0,-1389.0,,估计同步待核验
XY_Y-09-0.1-02,Y,0.2,431,XY/袁-20250529/Y-09-0.1-02/Test1/33061_1_22/Img000431.jpg,42.81947423245614,-8.0,-8.0,-1388.0,-1389.0,,估计同步待核验
XY_Y-09-0.1-02,Y,0.2,432,XY/袁-20250529/Y-09-0.1-02/Test1/33061_1_22/Img000432.jpg,42.91760526315789,-7.0,-8.0,-1388.0,-1389.0,,估计同步待核验
XY_Y-09-0.1-02,Y,0.2,433,XY/袁-20250529/Y-09-0.1-02/Test1/33061_1_22/Img000433.jpg,43.015736293859646,-7.791118421057458,-8.0,-1388.0,-1390.0,,估计同步待核验
XY_Y-09-0.1-02,Y,0.2,434,XY/袁-20250529/Y-09-0.1-02/Test1/33061_1_22/Img000434.jpg,43.1138673245614,-9.0,-8.0,-1389.0,-1391.0,,估计同步待核验
XY_Y-09-0.1-02,Y,0.2,435,XY/袁-20250529/Y-09-0.1-02/Test1/33061_1_22/Img000435.jpg,43.211998355263155,-9.0,-8.0,-1389.0,-1391.0,,估计同步待核验
XY_Y-09-0.1-02,Y,0.2,436,XY/袁-20250529/Y-09-0.1-02/Test1/33061_1_22/Img000436.jpg,43.310129385964906,-9.0,-8.0,-1389.0,-1390.0,,估计同步待核验
XY_Y-09-0.1-02,Y,0.2,437,XY/袁-20250529/Y-09-0.1-02/Test1/33061_1_22/Img000437.jpg,43.408260416666664,-9.0,-8.0,-1390.0,-1391.0,,估计同步待核验
XY_Y-09-0.1-02,Y,0.2,438,XY/袁-20250529/Y-09-0.1-02/Test1/33061_1_22/Img000438.jpg,43.506391447368415,-8.0,-8.0,-1390.0,-1392.0,,估计同步待核验
XY_Y-09-0.1-02,Y,0.2,439,XY/袁-20250529/Y-09-0.1-02/Test1/33061_1_22/Img000439.jpg,43.60452247807017,-8.0,-8.0,-1390.0,-1392.0,,估计同步待核验
XY_Y-09-0.1-02,Y,0.2,440,XY/袁-20250529/Y-09-0.1-02/Test1/33061_1_22/Img000440.jpg,43.702653508771924,-8.0,-8.0,-1390.0,-1392.0,,估计同步待核验
XY_Y-09-0.1-02,Y,0.2,441,XY/袁-20250529/Y-09-0.1-02/Test1/33061_1_22/Img000441.jpg,43.800784539473675,-7.0,-8.0,-1390.0,-1392.0,,估计同步待核验
XY_Y-09-0.1-02,Y,0.2,442,XY/袁-20250529/Y-09-0.1-02/Test1/33061_1_22/Img000442.jpg,43.89891557017543,-7.0,-8.0,-1391.0,-1393.0,,估计同步待核验
XY_Y-09-0.1-02,Y,0.2,443,XY/袁-20250529/Y-09-0.1-02/Test1/33061_1_22/Img000443.jpg,43.997046600877184,-7.0,-9.0,-1391.0,-1393.0,,估计同步待核验
XY_Y-09-0.1-02,Y,0.2,444,XY/袁-20250529/Y-09-0.1-02/Test1/33061_1_22/Img000444.jpg,44.09517763157894,-7.0,-8.0,-1392.0,-1393.0,,估计同步待核验
XY_Y-09-0.1-02,Y,0.2,445,XY/袁-20250529/Y-09-0.1-02/Test1/33061_1_22/Img000445.jpg,44.19330866228069,-7.0,-9.0,-1392.0,-1394.0,,估计同步待核验
XY_Y-09-0.1-02,Y,0.2,446,XY/袁-20250529/Y-09-0.1-02/Test1/33061_1_22/Img000446.jpg,44.29143969298245,-8.0,-8.0,-1392.0,-1394.0,,估计同步待核验
XY_Y-09-0.1-02,Y,0.2,447,XY/袁-20250529/Y-09-0.1-02/Test1/33061_1_22/Img000447.jpg,44.38957072368421,-8.0,-8.0,-1393.0,-1395.0,,估计同步待核验
XY_Y-09-0.1-02,Y,0.2,448,XY/袁-20250529/Y-09-0.1-02/Test1/33061_1_22/Img000448.jpg,44.48770175438596,-8.0,-8.0,-1393.0,-1395.0,,估计同步待核验
XY_Y-09-0.1-02,Y,0.2,449,XY/袁-20250529/Y-09-0.1-02/Test1/33061_1_22/Img000449.jpg,44.58583278508772,-7.0,-8.0,-1393.0,-1395.0,,估计同步待核验
XY_Y-09-0.1-02,Y,0.2,450,XY/袁-20250529/Y-09-0.1-02/Test1/33061_1_22/Img000450.jpg,44.68396381578947,-7.0,-8.0,-1394.0,-1396.0,,估计同步待核验
XY_Y-09-0.1-02,Y,0.2,451,XY/袁-20250529/Y-09-0.1-02/Test1/33061_1_22/Img000451.jpg,44.782094846491226,-7.0,-8.0,-1394.0,-1396.0,,估计同步待核验
XY_Y-09-0.1-02,Y,0.2,452,XY/袁-20250529/Y-09-0.1-02/Test1/33061_1_22/Img000452.jpg,44.88022587719298,-7.0,-8.0,-1394.0,-1396.0,,估计同步待核验
XY_Y-09-0.1-02,Y,0.2,453,XY/袁-20250529/Y-09-0.1-02/Test1/33061_1_22/Img000453.jpg,44.978356907894735,-7.0,-8.0,-1394.0,-1396.0,,估计同步待核验
XY_Y-09-0.1-02,Y,0.2,454,XY/袁-20250529/Y-09-0.1-02/Test1/33061_1_22/Img000454.jpg,45.076487938596486,-7.0,-8.0,-1395.0,-1396.0,,估计同步待核验
XY_Y-09-0.1-02,Y,0.2,455,XY/袁-20250529/Y-09-0.1-02/Test1/33061_1_22/Img000455.jpg,45.174618969298244,-8.0,-8.0,-1396.0,-1397.0,,估计同步待核验
XY_Y-09-0.1-02,Y,0.2,456,XY/袁-20250529/Y-09-0.1-02/Test1/33061_1_22/Img000456.jpg,45.272749999999995,-8.0,-8.0,-1396.0,-1397.0,,估计同步待核验
XY_Y-09-0.1-02,Y,0.2,457,XY/袁-20250529/Y-09-0.1-02/Test1/33061_1_22/Img000457.jpg,45.37088103070175,-9.0,-8.0,-1395.0,-1397.0,,估计同步待核验
XY_Y-09-0.1-02,Y,0.2,458,XY/袁-20250529/Y-09-0.1-02/Test1/33061_1_22/Img000458.jpg,45.4690120614035,-9.0,-8.0,-1396.0,-1398.0,,估计同步待核验
XY_Y-09-0.1-02,Y,0.2,459,XY/袁-20250529/Y-09-0.1-02/Test1/33061_1_22/Img000459.jpg,45.567143092105255,-7.286184210509744,-8.0,-1397.0,-1398.0,,估计同步待核验
XY_Y-09-0.1-02,Y,0.2,460,XY/袁-20250529/Y-09-0.1-02/Test1/33061_1_22/Img000460.jpg,45.66527412280701,-7.0,-8.0,-1397.0,-1398.0,,估计同步待核验
XY_Y-09-0.1-02,Y,0.2,461,XY/袁-20250529/Y-09-0.1-02/Test1/33061_1_22/Img000461.jpg,45.76340515350877,-7.0,-8.0,-1397.0,-1399.0,,估计同步待核验
XY_Y-09-0.1-02,Y,0.2,462,XY/袁-20250529/Y-09-0.1-02/Test1/33061_1_22/Img000462.jpg,45.86153618421052,-7.0,-8.0,-1397.0,-1399.0,,估计同步待核验
XY_Y-09-0.1-02,Y,0.2,463,XY/袁-20250529/Y-09-0.1-02/Test1/33061_1_22/Img000463.jpg,45.95966721491227,-8.0,-8.0,-1398.0,-1399.0,,估计同步待核验
XY_Y-09-0.1-02,Y,0.2,464,XY/袁-20250529/Y-09-0.1-02/Test1/33061_1_22/Img000464.jpg,46.05779824561403,-8.0,-8.0,-1399.0,-1400.0,,估计同步待核验
XY_Y-09-0.1-02,Y,0.2,465,XY/袁-20250529/Y-09-0.1-02/Test1/33061_1_22/Img000465.jpg,46.15592927631578,-8.0,-8.0,-1398.0,-1400.0,,估计同步待核验
XY_Y-09-0.1-02,Y,0.2,466,XY/袁-20250529/Y-09-0.1-02/Test1/33061_1_22/Img000466.jpg,46.25406030701754,-9.0,-8.0,-1398.0,-1401.0,,估计同步待核验
XY_Y-09-0.1-02,Y,0.2,467,XY/袁-20250529/Y-09-0.1-02/Test1/33061_1_22/Img000467.jpg,46.3521913377193,-9.0,-8.0,-1398.0,-1400.0,,估计同步待核验
XY_Y-09-0.1-02,Y,0.2,468,XY/袁-20250529/Y-09-0.1-02/Test1/33061_1_22/Img000468.jpg,46.45032236842105,-9.0,-8.0,-1400.0,-1401.0,,估计同步待核验
XY_Y-09-0.1-02,Y,0.2,469,XY/袁-20250529/Y-09-0.1-02/Test1/33061_1_22/Img000469.jpg,46.5484533991228,-9.0,-8.0,-1399.0,-1401.0,,估计同步待核验
XY_Y-09-0.1-02,Y,0.2,470,XY/袁-20250529/Y-09-0.1-02/Test1/33061_1_22/Img000470.jpg,46.64658442982456,-9.0,-8.0,-1400.0,-1401.0,,估计同步待核验
XY_Y-09-0.1-02,Y,0.2,471,XY/袁-20250529/Y-09-0.1-02/Test1/33061_1_22/Img000471.jpg,46.744715460526315,-8.430921052633986,-8.0,-1400.0,-1402.0,,估计同步待核验
XY_Y-09-0.1-02,Y,0.2,472,XY/袁-20250529/Y-09-0.1-02/Test1/33061_1_22/Img000472.jpg,46.84284649122807,-8.0,-8.0,-1400.0,-1402.0,,估计同步待核验
XY_Y-09-0.1-02,Y,0.2,473,XY/袁-20250529/Y-09-0.1-02/Test1/33061_1_22/Img000473.jpg,46.94097752192982,-8.0,-8.0,-1400.0,-1402.0,,估计同步待核验
XY_Y-09-0.1-02,Y,0.2,474,XY/袁-20250529/Y-09-0.1-02/Test1/33061_1_22/Img000474.jpg,47.039108552631575,-8.0,-8.0,-1401.0,-1402.0,,估计同步待核验
XY_Y-09-0.1-02,Y,0.2,475,XY/袁-20250529/Y-09-0.1-02/Test1/33061_1_22/Img000475.jpg,47.13723958333333,-9.0,-8.0,-1401.0,-1403.0,,估计同步待核验
XY_Y-09-0.1-02,Y,0.2,476,XY/袁-20250529/Y-09-0.1-02/Test1/33061_1_22/Img000476.jpg,47.23537061403508,-9.0,-8.0,-1401.0,-1403.0,,估计同步待核验
XY_Y-09-0.1-02,Y,0.2,477,XY/袁-20250529/Y-09-0.1-02/Test1/33061_1_22/Img000477.jpg,47.333501644736835,-9.0,-8.0,-1402.0,-1404.0,,估计同步待核验
XY_Y-09-0.1-02,Y,0.2,478,XY/袁-20250529/Y-09-0.1-02/Test1/33061_1_22/Img000478.jpg,47.43163267543859,-9.0,-8.0,-1402.0,-1403.0,,估计同步待核验
XY_Y-09-0.1-02,Y,0.2,479,XY/袁-20250529/Y-09-0.1-02/Test1/33061_1_22/Img000479.jpg,47.52976370614035,-9.0,-8.0,-1402.0,-1404.0,,估计同步待核验
XY_Y-09-0.1-02,Y,0.2,480,XY/袁-20250529/Y-09-0.1-02/Test1/33061_1_22/Img000480.jpg,47.627894736842094,-9.0,-8.0,-1403.0,-1404.0,,估计同步待核验
XY_Y-09-0.1-02,Y,0.2,481,XY/袁-20250529/Y-09-0.1-02/Test1/33061_1_22/Img000481.jpg,47.72602576754385,-9.0,-8.0,-1403.0,-1404.0,,估计同步待核验
XY_Y-09-0.1-02,Y,0.2,482,XY/袁-20250529/Y-09-0.1-02/Test1/33061_1_22/Img000482.jpg,47.82415679824561,-9.0,-8.0,-1402.0,-1404.0,,估计同步待核验
XY_Y-09-0.1-02,Y,0.2,483,XY/袁-20250529/Y-09-0.1-02/Test1/33061_1_22/Img000483.jpg,47.92228782894736,-8.0,-8.0,-1403.0,-1404.0,,估计同步待核验
XY_Y-09-0.1-02,Y,0.2,484,XY/袁-20250529/Y-09-0.1-02/Test1/33061_1_22/Img000484.jpg,48.02041885964912,-8.162280701765761,-8.0,-1403.0,-1405.0,,估计同步待核验
XY_Y-09-0.1-02,Y,0.2,485,XY/袁-20250529/Y-09-0.1-02/Test1/33061_1_22/Img000485.jpg,48.11854989035087,-8.350328947391993,-8.0,-1403.4501096491306,-1405.0,,估计同步待核验
XY_Y-09-0.1-02,Y,0.2,486,XY/袁-20250529/Y-09-0.1-02/Test1/33061_1_22/Img000486.jpg,48.21668092105263,-9.0,-8.0,-1403.0,-1405.0,,估计同步待核验
XY_Y-09-0.1-02,Y,0.2,487,XY/袁-20250529/Y-09-0.1-02/Test1/33061_1_22/Img000487.jpg,48.31481195175438,-9.0,-8.0,-1403.0,-1405.0,,估计同步待核验
XY_Y-09-0.1-02,Y,0.2,488,XY/袁-20250529/Y-09-0.1-02/Test1/33061_1_22/Img000488.jpg,48.41294298245614,-9.0,-8.0,-1404.0,-1405.0,,估计同步待核验
XY_Y-09-0.1-02,Y,0.2,489,XY/袁-20250529/Y-09-0.1-02/Test1/33061_1_22/Img000489.jpg,48.511074013157895,-9.0,-8.0,-1405.0,-1406.0,,估计同步待核验
XY_Y-09-0.1-02,Y,0.2,490,XY/袁-20250529/Y-09-0.1-02/Test1/33061_1_22/Img000490.jpg,48.60920504385964,-8.0,-8.0,-1404.0,-1406.0,,估计同步待核验
XY_Y-09-0.1-02,Y,0.2,491,XY/袁-20250529/Y-09-0.1-02/Test1/33061_1_22/Img000491.jpg,48.7073360745614,-8.0,-8.0,-1404.0,-1406.0,,估计同步待核验
XY_Y-09-0.1-02,Y,0.2,492,XY/袁-20250529/Y-09-0.1-02/Test1/33061_1_22/Img000492.jpg,48.805467105263155,-7.0,-8.0,-1404.0,-1406.0,,估计同步待核验
XY_Y-09-0.1-02,Y,0.2,493,XY/袁-20250529/Y-09-0.1-02/Test1/33061_1_22/Img000493.jpg,48.90359813596491,-7.0,-8.0,-1405.0,-1407.0,,估计同步待核验
XY_Y-09-0.1-02,Y,0.2,494,XY/袁-20250529/Y-09-0.1-02/Test1/33061_1_22/Img000494.jpg,49.00172916666666,-7.0,-8.0,-1405.0,-1407.0,,估计同步待核验
XY_Y-09-0.1-02,Y,0.2,495,XY/袁-20250529/Y-09-0.1-02/Test1/33061_1_22/Img000495.jpg,49.099860197368415,-7.0,-9.0,-1405.0,-1408.0,,估计同步待核验
XY_Y-09-0.1-02,Y,0.2,496,XY/袁-20250529/Y-09-0.1-02/Test1/33061_1_22/Img000496.jpg,49.19799122807017,-7.0,-9.0,-1405.0,-1407.0,,估计同步待核验
XY_Y-09-0.1-02,Y,0.2,497,XY/袁-20250529/Y-09-0.1-02/Test1/33061_1_22/Img000497.jpg,49.296122258771916,-7.0,-8.0,-1406.0,-1408.0,,估计同步待核验
XY_Y-09-0.1-02,Y,0.2,498,XY/袁-20250529/Y-09-0.1-02/Test1/33061_1_22/Img000498.jpg,49.394253289473674,-7.7467105263252325,-8.0,-1406.0,-1408.0,,估计同步待核验
XY_Y-09-0.1-02,Y,0.2,499,XY/袁-20250529/Y-09-0.1-02/Test1/33061_1_22/Img000499.jpg,49.49238432017543,-8.0,-8.0,-1406.0,-1408.0,,估计同步待核验
XY_Y-09-0.1-02,Y,0.2,500,XY/袁-20250529/Y-09-0.1-02/Test1/33061_1_22/Img000500.jpg,49.59051535087719,-8.0,-8.0,-1406.0,-1408.0,,估计同步待核验
XY_Y-09-0.1-02,Y,0.2,501,XY/袁-20250529/Y-09-0.1-02/Test1/33061_1_22/Img000501.jpg,49.68864638157894,-7.0,-8.0,-1407.0,-1408.0,,估计同步待核验
XY_Y-09-0.1-02,Y,0.2,502,XY/袁-20250529/Y-09-0.1-02/Test1/33061_1_22/Img000502.jpg,49.78677741228069,-7.0,-8.0,-1407.0,-1409.0,,估计同步待核验
XY_Y-09-0.1-02,Y,0.2,503,XY/袁-20250529/Y-09-0.1-02/Test1/33061_1_22/Img000503.jpg,49.88490844298245,-7.0,-8.0,-1407.0,-1409.0,,估计同步待核验
XY_Y-09-0.1-02,Y,0.2,504,XY/袁-20250529/Y-09-0.1-02/Test1/33061_1_22/Img000504.jpg,49.98303947368421,-7.0,-8.0,-1407.0,-1409.0,,估计同步待核验
XY_Y-09-0.1-02,Y,0.2,505,XY/袁-20250529/Y-09-0.1-02/Test1/33061_1_22/Img000505.jpg,50.08117050438596,-7.0,-8.0,-1408.0,-1410.0,,估计同步待核验
XY_Y-09-0.1-02,Y,0.2,506,XY/袁-20250529/Y-09-0.1-02/Test1/33061_1_22/Img000506.jpg,50.17930153508772,-7.0,-8.0,-1408.0,-1409.0,,估计同步待核验
XY_Y-09-0.1-02,Y,0.2,507,XY/袁-20250529/Y-09-0.1-02/Test1/33061_1_22/Img000507.jpg,50.27743256578947,-7.0,-8.0,-1408.0,-1410.0,,估计同步待核验
XY_Y-09-0.1-02,Y,0.2,508,XY/袁-20250529/Y-09-0.1-02/Test1/33061_1_22/Img000508.jpg,50.37556359649122,-8.0,-8.0,-1408.0,-1410.0,,估计同步待核验
XY_Y-09-0.1-02,Y,0.2,509,XY/袁-20250529/Y-09-0.1-02/Test1/33061_1_22/Img000509.jpg,50.47369462719298,-8.0,-8.0,-1409.0,-1410.0,,估计同步待核验
XY_Y-09-0.1-02,Y,0.2,510,XY/袁-20250529/Y-09-0.1-02/Test1/33061_1_22/Img000510.jpg,50.571825657894735,-8.651315789465643,-8.0,-1409.0,-1410.8256578947328,,估计同步待核验
XY_Y-09-0.1-02,Y,0.2,511,XY/袁-20250529/Y-09-0.1-02/Test1/33061_1_22/Img000511.jpg,50.66995668859649,-7.0,-8.0,-1409.0,-1411.0,,估计同步待核验
XY_Y-09-0.1-02,Y,0.2,512,XY/袁-20250529/Y-09-0.1-02/Test1/33061_1_22/Img000512.jpg,50.76808771929824,-7.0,-8.0,-1409.0,-1411.0,,估计同步待核验
XY_Y-09-0.1-02,Y,0.2,513,XY/袁-20250529/Y-09-0.1-02/Test1/33061_1_22/Img000513.jpg,50.866218749999994,-7.0,-8.0,-1410.0,-1412.0,,估计同步待核验
XY_Y-09-0.1-02,Y,0.2,514,XY/袁-20250529/Y-09-0.1-02/Test1/33061_1_22/Img000514.jpg,50.96434978070175,-7.0,-8.0,-1410.0,-1412.0,,估计同步待核验
XY_Y-09-0.1-02,Y,0.2,515,XY/袁-20250529/Y-09-0.1-02/Test1/33061_1_22/Img000515.jpg,51.062480811403496,-7.0,-8.0,-1410.0,-1412.0,,估计同步待核验
XY_Y-09-0.1-02,Y,0.2,516,XY/袁-20250529/Y-09-0.1-02/Test1/33061_1_22/Img000516.jpg,51.160611842105254,-8.0,-8.0,-1410.0,-1412.0,,估计同步待核验
XY_Y-09-0.1-02,Y,0.2,517,XY/袁-20250529/Y-09-0.1-02/Test1/33061_1_22/Img000517.jpg,51.25874287280701,-8.0,-8.0,-1411.0,-1413.0,,估计同步待核验
XY_Y-09-0.1-02,Y,0.2,518,XY/袁-20250529/Y-09-0.1-02/Test1/33061_1_22/Img000518.jpg,51.35687390350877,-8.0,-8.0,-1411.0,-1413.0,,估计同步待核验
XY_Y-09-0.1-02,Y,0.2,519,XY/袁-20250529/Y-09-0.1-02/Test1/33061_1_22/Img000519.jpg,51.45500493421052,-9.0,-8.0,-1411.0,-1413.0,,估计同步待核验
XY_Y-09-0.1-02,Y,0.2,520,XY/袁-20250529/Y-09-0.1-02/Test1/33061_1_22/Img000520.jpg,51.55313596491227,-9.0,-8.0,-1412.0,-1414.0,,估计同步待核验
XY_Y-09-0.1-02,Y,0.2,521,XY/袁-20250529/Y-09-0.1-02/Test1/33061_1_22/Img000521.jpg,51.65126699561403,-9.0,-8.0,-1412.0,-1414.0,,估计同步待核验
XY_Y-09-0.1-02,Y,0.2,522,XY/袁-20250529/Y-09-0.1-02/Test1/33061_1_22/Img000522.jpg,51.74939802631578,-9.0,-8.0,-1413.0,-1414.0,,估计同步待核验
XY_Y-09-0.1-02,Y,0.2,523,XY/袁-20250529/Y-09-0.1-02/Test1/33061_1_22/Img000523.jpg,51.84752905701754,-8.05811403507763,-7.470942982461185,-1413.0,-1415.0,,估计同步待核验
XY_Y-09-0.1-02,Y,0.2,524,XY/袁-20250529/Y-09-0.1-02/Test1/33061_1_22/Img000524.jpg,51.9456600877193,-7.0,-9.0,-1413.0,-1415.0,,估计同步待核验
XY_Y-09-0.1-02,Y,0.2,525,XY/袁-20250529/Y-09-0.1-02/Test1/33061_1_22/Img000525.jpg,52.04379111842105,-8.0,-9.0,-1413.0,-1415.0,,估计同步待核验
XY_Y-09-0.1-02,Y,0.2,526,XY/袁-20250529/Y-09-0.1-02/Test1/33061_1_22/Img000526.jpg,52.1419221491228,-8.0,-8.0,-1414.0,-1415.0,,估计同步待核验
XY_Y-09-0.1-02,Y,0.2,527,XY/袁-20250529/Y-09-0.1-02/Test1/33061_1_22/Img000527.jpg,52.24005317982456,-9.0,-8.0,-1414.0,-1416.0,,估计同步待核验
XY_Y-09-0.1-02,Y,0.2,528,XY/袁-20250529/Y-09-0.1-02/Test1/33061_1_22/Img000528.jpg,52.338184210526315,-9.0,-8.0,-1415.0,-1416.0,,估计同步待核验
XY_Y-09-0.1-02,Y,0.2,529,XY/袁-20250529/Y-09-0.1-02/Test1/33061_1_22/Img000529.jpg,52.43631524122807,-9.0,-8.0,-1415.0,-1416.0,,估计同步待核验
XY_Y-09-0.1-02,Y,0.2,530,XY/袁-20250529/Y-09-0.1-02/Test1/33061_1_22/Img000530.jpg,52.534446271929816,-10.0,-8.0,-1415.0,-1416.0,,估计同步待核验
XY_Y-09-0.1-02,Y,0.2,531,XY/袁-20250529/Y-09-0.1-02/Test1/33061_1_22/Img000531.jpg,52.632577302631574,-10.0,-8.0,-1415.0,-1417.0,,估计同步待核验
XY_Y-09-0.1-02,Y,0.2,532,XY/袁-20250529/Y-09-0.1-02/Test1/33061_1_22/Img000532.jpg,52.73070833333333,-9.0,-8.0,-1416.0,-1417.0,,估计同步待核验
XY_Y-09-0.1-02,Y,0.2,533,XY/袁-20250529/Y-09-0.1-02/Test1/33061_1_22/Img000533.jpg,52.828839364035076,-9.0,-7.0,-1416.0,-1417.0,,估计同步待核验
XY_Y-09-0.1-02,Y,0.2,534,XY/袁-20250529/Y-09-0.1-02/Test1/33061_1_22/Img000534.jpg,52.926970394736834,-9.0,-8.0,-1416.0,-1417.0,,估计同步待核验
XY_Y-09-0.1-02,Y,0.2,535,XY/袁-20250529/Y-09-0.1-02/Test1/33061_1_22/Img000535.jpg,53.02510142543859,-8.0,-8.0,-1416.0,-1418.0,,估计同步待核验
XY_Y-09-0.1-02,Y,0.2,536,XY/袁-20250529/Y-09-0.1-02/Test1/33061_1_22/Img000536.jpg,53.12323245614035,-8.535087719297,-8.0,-1417.0,-1418.0,,估计同步待核验
XY_Y-09-0.1-02,Y,0.2,537,XY/袁-20250529/Y-09-0.1-02/Test1/33061_1_22/Img000537.jpg,53.221363486842094,-9.0,-8.0,-1417.0,-1419.0,,估计同步待核验
XY_Y-09-0.1-02,Y,0.2,538,XY/袁-20250529/Y-09-0.1-02/Test1/33061_1_22/Img000538.jpg,53.31949451754385,-10.0,-8.0,-1417.0,-1419.0,,估计同步待核验
XY_Y-09-0.1-02,Y,0.2,539,XY/袁-20250529/Y-09-0.1-02/Test1/33061_1_22/Img000539.jpg,53.41762554824561,-9.0,-8.0,-1418.0,-1419.0,,估计同步待核验
XY_Y-09-0.1-02,Y,0.2,540,XY/袁-20250529/Y-09-0.1-02/Test1/33061_1_22/Img000540.jpg,53.51575657894736,-9.0,-8.0,-1418.0,-1420.0,,估计同步待核验
XY_Y-09-0.1-02,Y,0.2,541,XY/袁-20250529/Y-09-0.1-02/Test1/33061_1_22/Img000541.jpg,53.61388760964912,-9.0,-8.0,-1418.0,-1420.0,,估计同步待核验
XY_Y-09-0.1-02,Y,0.2,542,XY/袁-20250529/Y-09-0.1-02/Test1/33061_1_22/Img000542.jpg,53.71201864035087,-9.0,-8.0,-1418.0,-1420.0,,估计同步待核验
XY_Y-09-0.1-02,Y,0.2,543,XY/袁-20250529/Y-09-0.1-02/Test1/33061_1_22/Img000543.jpg,53.81014967105263,-9.0,-8.0,-1419.0,-1420.0,,估计同步待核验
XY_Y-09-0.1-02,Y,0.2,544,XY/袁-20250529/Y-09-0.1-02/Test1/33061_1_22/Img000544.jpg,53.90828070175438,-8.0,-8.0,-1419.0,-1420.0,,估计同步待核验
XY_Y-09-0.1-02,Y,0.2,545,XY/袁-20250529/Y-09-0.1-02/Test1/33061_1_22/Img000545.jpg,54.00641173245614,-8.0,-8.0,-1419.0,-1421.0,,估计同步待核验
XY_Y-09-0.1-02,Y,0.2,546,XY/袁-20250529/Y-09-0.1-02/Test1/33061_1_22/Img000546.jpg,54.104542763157895,-7.0,-8.0,-1419.0,-1421.0,,估计同步待核验
XY_Y-09-0.1-02,Y,0.2,547,XY/袁-20250529/Y-09-0.1-02/Test1/33061_1_22/Img000547.jpg,54.20267379385964,-7.0,-8.0,-1419.0,-1421.0,,估计同步待核验
XY_Y-09-0.1-02,Y,0.2,548,XY/袁-20250529/Y-09-0.1-02/Test1/33061_1_22/Img000548.jpg,54.300804824561396,-7.390350877209313,-8.0,-1420.0,-1421.0,,估计同步待核验
XY_Y-09-0.1-02,Y,0.2,549,XY/袁-20250529/Y-09-0.1-02/Test1/33061_1_22/Img000549.jpg,54.398935855263154,-9.0,-8.0,-1420.0,-1422.0,,估计同步待核验
XY_Y-09-0.1-02,Y,0.2,550,XY/袁-20250529/Y-09-0.1-02/Test1/33061_1_22/Img000550.jpg,54.49706688596491,-9.0,-8.0,-1420.0,-1422.0,,估计同步待核验
XY_Y-09-0.1-02,Y,0.2,551,XY/袁-20250529/Y-09-0.1-02/Test1/33061_1_22/Img000551.jpg,54.595197916666656,-8.0,-8.0,-1421.0,-1422.0,,估计同步待核验
XY_Y-09-0.1-02,Y,0.2,552,XY/袁-20250529/Y-09-0.1-02/Test1/33061_1_22/Img000552.jpg,54.693328947368414,-8.0,-8.0,-1420.0,-1422.0,,估计同步待核验
XY_Y-09-0.1-02,Y,0.2,553,XY/袁-20250529/Y-09-0.1-02/Test1/33061_1_22/Img000553.jpg,54.79145997807017,-8.0,-8.0,-1421.0,-1423.0,,估计同步待核验
XY_Y-09-0.1-02,Y,0.2,554,XY/袁-20250529/Y-09-0.1-02/Test1/33061_1_22/Img000554.jpg,54.889591008771916,-7.0,-8.0,-1421.0,-1423.0,,估计同步待核验
XY_Y-09-0.1-02,Y,0.2,555,XY/袁-20250529/Y-09-0.1-02/Test1/33061_1_22/Img000555.jpg,54.987722039473674,-7.0,-8.0,-1421.0,-1423.0,,估计同步待核验
XY_Y-09-0.1-02,Y,0.2,556,XY/袁-20250529/Y-09-0.1-02/Test1/33061_1_22/Img000556.jpg,55.08585307017543,-7.0,-8.0,-1421.0,-1423.0,,估计同步待核验
XY_Y-09-0.1-02,Y,0.2,557,XY/袁-20250529/Y-09-0.1-02/Test1/33061_1_22/Img000557.jpg,55.18398410087719,-7.0,-8.0,-1421.0,-1423.0,,估计同步待核验
XY_Y-09-0.1-02,Y,0.2,558,XY/袁-20250529/Y-09-0.1-02/Test1/33061_1_22/Img000558.jpg,55.28211513157894,-7.0,-8.0,-1422.0,-1423.0,,估计同步待核验
XY_Y-09-0.1-02,Y,0.2,559,XY/袁-20250529/Y-09-0.1-02/Test1/33061_1_22/Img000559.jpg,55.38024616228069,-7.0,-8.0,-1422.0,-1424.0,,估计同步待核验
XY_Y-09-0.1-02,Y,0.2,560,XY/袁-20250529/Y-09-0.1-02/Test1/33061_1_22/Img000560.jpg,55.47837719298245,-8.0,-8.0,-1422.0,-1424.0,,估计同步待核验
XY_Y-09-0.1-02,Y,0.2,561,XY/袁-20250529/Y-09-0.1-02/Test1/33061_1_22/Img000561.jpg,55.57650822368421,-8.0,-8.0,-1422.0,-1425.0,,估计同步待核验
XY_Y-09-0.1-02,Y,0.2,562,XY/袁-20250529/Y-09-0.1-02/Test1/33061_1_22/Img000562.jpg,55.67463925438596,-8.0,-8.0,-1423.0,-1425.0,,估计同步待核验
XY_Y-09-0.1-02,Y,0.2,563,XY/袁-20250529/Y-09-0.1-02/Test1/33061_1_22/Img000563.jpg,55.77277028508772,-7.0,-8.0,-1423.0,-1425.0,,估计同步待核验
XY_Y-09-0.1-02,Y,0.2,564,XY/袁-20250529/Y-09-0.1-02/Test1/33061_1_22/Img000564.jpg,55.87090131578947,-7.0,-8.0,-1423.0,-1425.0,,估计同步待核验
XY_Y-09-0.1-02,Y,0.2,565,XY/袁-20250529/Y-09-0.1-02/Test1/33061_1_22/Img000565.jpg,55.96903234649122,-7.0,-8.0,-1424.0,-1425.0,,估计同步待核验
XY_Y-09-0.1-02,Y,0.2,566,XY/袁-20250529/Y-09-0.1-02/Test1/33061_1_22/Img000566.jpg,56.067163377192976,-7.0,-9.0,-1424.0,-1425.0,,估计同步待核验
XY_Y-09-0.1-02,Y,0.2,567,XY/袁-20250529/Y-09-0.1-02/Test1/33061_1_22/Img000567.jpg,56.165294407894734,-7.0,-8.0,-1423.0,-1425.0,,估计同步待核验
XY_Y-09-0.1-02,Y,0.2,568,XY/袁-20250529/Y-09-0.1-02/Test1/33061_1_22/Img000568.jpg,56.26342543859649,-7.0,-8.0,-1424.0,-1426.0,,估计同步待核验
XY_Y-09-0.1-02,Y,0.2,569,XY/袁-20250529/Y-09-0.1-02/Test1/33061_1_22/Img000569.jpg,56.361556469298236,-7.0,-8.0,-1424.0,-1426.0,,估计同步待核验
XY_Y-09-0.1-02,Y,0.2,570,XY/袁-20250529/Y-09-0.1-02/Test1/33061_1_22/Img000570.jpg,56.459687499999994,-8.0,-8.0,-1424.0,-1426.0,,估计同步待核验
XY_Y-09-0.1-02,Y,0.2,571,XY/袁-20250529/Y-09-0.1-02/Test1/33061_1_22/Img000571.jpg,56.55781853070175,-9.0,-8.0,-1425.0,-1426.0,,估计同步待核验
XY_Y-09-0.1-02,Y,0.2,572,XY/袁-20250529/Y-09-0.1-02/Test1/33061_1_22/Img000572.jpg,56.655949561403496,-9.0,-8.0,-1425.0,-1427.0,,估计同步待核验
XY_Y-09-0.1-02,Y,0.2,573,XY/袁-20250529/Y-09-0.1-02/Test1/33061_1_22/Img000573.jpg,56.754080592105254,-9.0,-8.0,-1425.0,-1427.0,,估计同步待核验
XY_Y-09-0.1-02,Y,0.2,574,XY/袁-20250529/Y-09-0.1-02/Test1/33061_1_22/Img000574.jpg,56.85221162280701,-7.423245614028045,-8.0,-1425.0,-1427.0,,估计同步待核验
XY_Y-09-0.1-02,Y,0.2,575,XY/袁-20250529/Y-09-0.1-02/Test1/33061_1_22/Img000575.jpg,56.95034265350877,-7.0,-8.0,-1425.0,-1428.0,,估计同步待核验
XY_Y-09-0.1-02,Y,0.2,576,XY/袁-20250529/Y-09-0.1-02/Test1/33061_1_22/Img000576.jpg,57.04847368421052,-7.0,-8.0,-1426.0,-1427.0,,估计同步待核验
XY_Y-09-0.1-02,Y,0.2,577,XY/袁-20250529/Y-09-0.1-02/Test1/33061_1_22/Img000577.jpg,57.14660471491227,-7.0,-8.0,-1426.0,-1428.0,,估计同步待核验
XY_Y-09-0.1-02,Y,0.2,578,XY/袁-20250529/Y-09-0.1-02/Test1/33061_1_22/Img000578.jpg,57.24473574561403,-8.0,-8.0,-1426.0,-1429.0,,估计同步待核验
XY_Y-09-0.1-02,Y,0.2,579,XY/袁-20250529/Y-09-0.1-02/Test1/33061_1_22/Img000579.jpg,57.34286677631578,-8.0,-8.0,-1427.0,-1429.0,,估计同步待核验
XY_Y-09-0.1-02,Y,0.2,580,XY/袁-20250529/Y-09-0.1-02/Test1/33061_1_22/Img000580.jpg,57.44099780701754,-9.0,-8.0,-1427.0,-1428.0,,估计同步待核验
XY_Y-09-0.1-02,Y,0.2,581,XY/袁-20250529/Y-09-0.1-02/Test1/33061_1_22/Img000581.jpg,57.539128837719296,-9.0,-8.0,-1427.0,-1429.0,,估计同步待核验
XY_Y-09-0.1-02,Y,0.2,582,XY/袁-20250529/Y-09-0.1-02/Test1/33061_1_22/Img000582.jpg,57.63725986842105,-9.0,-8.0,-1428.0,-1429.0,,估计同步待核验
XY_Y-09-0.1-02,Y,0.2,583,XY/袁-20250529/Y-09-0.1-02/Test1/33061_1_22/Img000583.jpg,57.7353908991228,-9.0,-8.0,-1428.0,-1429.0,,估计同步待核验
XY_Y-09-0.1-02,Y,0.2,584,XY/袁-20250529/Y-09-0.1-02/Test1/33061_1_22/Img000584.jpg,57.833521929824556,-9.0,-7.0,-1428.0,-1430.0,,估计同步待核验
XY_Y-09-0.1-02,Y,0.2,585,XY/袁-20250529/Y-09-0.1-02/Test1/33061_1_22/Img000585.jpg,57.931652960526314,-9.0,-8.0,-1428.0,-1430.0,,估计同步待核验
XY_Y-09-0.1-02,Y,0.2,586,XY/袁-20250529/Y-09-0.1-02/Test1/33061_1_22/Img000586.jpg,58.02978399122807,-8.783991228070542,-8.0,-1429.0,-1430.0,,估计同步待核验
XY_Y-09-0.1-02,Y,0.2,587,XY/袁-20250529/Y-09-0.1-02/Test1/33061_1_22/Img000587.jpg,58.127915021929816,-8.0,-8.0,-1429.0,-1431.0,,估计同步待核验
XY_Y-09-0.1-02,Y,0.2,588,XY/袁-20250529/Y-09-0.1-02/Test1/33061_1_22/Img000588.jpg,58.226046052631574,-8.0,-8.0,-1429.0,-1431.0,,估计同步待核验
XY_Y-09-0.1-02,Y,0.2,589,XY/袁-20250529/Y-09-0.1-02/Test1/33061_1_22/Img000589.jpg,58.32417708333333,-9.0,-8.0,-1429.0,-1431.0,,估计同步待核验
XY_Y-09-0.1-02,Y,0.2,590,XY/袁-20250529/Y-09-0.1-02/Test1/33061_1_22/Img000590.jpg,58.422308114035076,-9.0,-8.0,-1430.0,-1431.0,,估计同步待核验
XY_Y-09-0.1-02,Y,0.2,591,XY/袁-20250529/Y-09-0.1-02/Test1/33061_1_22/Img000591.jpg,58.520439144736834,-9.0,-8.0,-1430.0,-1432.0,,估计同步待核验
XY_Y-09-0.1-02,Y,0.2,592,XY/袁-20250529/Y-09-0.1-02/Test1/33061_1_22/Img000592.jpg,58.61857017543859,-9.0,-8.0,-1431.0,-1432.0,,估计同步待核验
XY_Y-09-0.1-02,Y,0.2,593,XY/袁-20250529/Y-09-0.1-02/Test1/33061_1_22/Img000593.jpg,58.71670120614035,-9.0,-8.0,-1431.0,-1432.0,,估计同步待核验
XY_Y-09-0.1-02,Y,0.2,594,XY/袁-20250529/Y-09-0.1-02/Test1/33061_1_22/Img000594.jpg,58.81483223684209,-9.0,-8.0,-1431.0,-1432.0,,估计同步待核验
XY_Y-09-0.1-02,Y,0.2,595,XY/袁-20250529/Y-09-0.1-02/Test1/33061_1_22/Img000595.jpg,58.91296326754385,-9.0,-8.0,-1431.0,-1433.0,,估计同步待核验
XY_Y-09-0.1-02,Y,0.2,596,XY/袁-20250529/Y-09-0.1-02/Test1/33061_1_22/Img000596.jpg,59.01109429824561,-8.0,-8.0,-1432.0,-1434.0,,估计同步待核验
XY_Y-09-0.1-02,Y,0.2,597,XY/袁-20250529/Y-09-0.1-02/Test1/33061_1_22/Img000597.jpg,59.10922532894736,-8.0,-8.0,-1431.0,-1433.0,,估计同步待核验
XY_Y-09-0.1-02,Y,0.2,598,XY/袁-20250529/Y-09-0.1-02/Test1/33061_1_22/Img000598.jpg,59.20735635964912,-8.0,-8.0,-1432.0,-1433.0,,估计同步待核验
XY_Y-09-0.1-02,Y,0.2,599,XY/袁-20250529/Y-09-0.1-02/Test1/33061_1_22/Img000599.jpg,59.30548739035087,-8.025219298258664,-8.0,-1432.0,-1434.0,,估计同步待核验
XY_Y-09-0.1-02,Y,0.2,600,XY/袁-20250529/Y-09-0.1-02/Test1/33061_1_22/Img000600.jpg,59.40361842105263,-9.0,-8.0,-1433.0,-1434.0,,估计同步待核验
XY_Y-09-0.1-02,Y,0.2,601,XY/袁-20250529/Y-09-0.1-02/Test1/33061_1_22/Img000601.jpg,59.50174945175438,-9.0,-8.0,-1433.0,-1434.0,,估计同步待核验
XY_Y-09-0.1-02,Y,0.2,602,XY/袁-20250529/Y-09-0.1-02/Test1/33061_1_22/Img000602.jpg,59.599880482456136,-9.0,-8.0,-1433.0,-1435.0,,估计同步待核验
XY_Y-09-0.1-02,Y,0.2,603,XY/袁-20250529/Y-09-0.1-02/Test1/33061_1_22/Img000603.jpg,59.698011513157894,-9.0,-8.0,-1434.0,-1435.0,,估计同步待核验
XY_Y-09-0.1-02,Y,0.2,604,XY/袁-20250529/Y-09-0.1-02/Test1/33061_1_22/Img000604.jpg,59.79614254385964,-9.0,-8.0,-1434.0,-1436.0,,估计同步待核验
XY_Y-09-0.1-02,Y,0.2,605,XY/袁-20250529/Y-09-0.1-02/Test1/33061_1_22/Img000605.jpg,59.894273574561396,-8.0,-8.0,-1434.0,-1436.0,,估计同步待核验
XY_Y-09-0.1-02,Y,0.2,606,XY/袁-20250529/Y-09-0.1-02/Test1/33061_1_22/Img000606.jpg,59.992404605263154,-8.0,-8.0,-1435.0,-1436.0,,估计同步待核验
XY_Y-09-0.1-02,Y,0.2,607,XY/袁-20250529/Y-09-0.1-02/Test1/33061_1_22/Img000607.jpg,60.09053563596491,-7.0,-8.0,-1435.0,-1436.0,,估计同步待核验
XY_Y-09-0.1-02,Y,0.2,608,XY/袁-20250529/Y-09-0.1-02/Test1/33061_1_22/Img000608.jpg,60.188666666666656,-7.0,-8.0,-1435.0,-1436.0,,估计同步待核验
XY_Y-09-0.1-02,Y,0.2,609,XY/袁-20250529/Y-09-0.1-02/Test1/33061_1_22/Img000609.jpg,60.286797697368414,-7.0,-8.0,-1435.0,-1437.0,,估计同步待核验
XY_Y-09-0.1-02,Y,0.2,610,XY/袁-20250529/Y-09-0.1-02/Test1/33061_1_22/Img000610.jpg,60.38492872807017,-7.0,-8.0,-1436.0,-1438.0,,估计同步待核验
XY_Y-09-0.1-02,Y,0.2,611,XY/袁-20250529/Y-09-0.1-02/Test1/33061_1_22/Img000611.jpg,60.483059758771915,-7.0,-8.0,-1435.0,-1438.0,,估计同步待核验
XY_Y-09-0.1-02,Y,0.2,612,XY/袁-20250529/Y-09-0.1-02/Test1/33061_1_22/Img000612.jpg,60.58119078947367,-8.61842105265841,-8.0,-1436.0,-1438.0,,估计同步待核验
XY_Y-09-0.1-02,Y,0.2,613,XY/袁-20250529/Y-09-0.1-02/Test1/33061_1_22/Img000613.jpg,60.67932182017543,-9.0,-8.0,-1437.0,-1438.0,,估计同步待核验
XY_Y-09-0.1-02,Y,0.2,614,XY/袁-20250529/Y-09-0.1-02/Test1/33061_1_22/Img000614.jpg,60.77745285087719,-8.0,-8.0,-1436.0,-1438.0,,估计同步待核验
XY_Y-09-0.1-02,Y,0.2,615,XY/袁-20250529/Y-09-0.1-02/Test1/33061_1_22/Img000615.jpg,60.87558388157894,-7.0,-8.0,-1437.0,-1438.0,,估计同步待核验
XY_Y-09-0.1-02,Y,0.2,616,XY/袁-20250529/Y-09-0.1-02/Test1/33061_1_22/Img000616.jpg,60.97371491228069,-7.0,-8.0,-1437.0,-1439.0,,估计同步待核验
XY_Y-09-0.1-02,Y,0.2,617,XY/袁-20250529/Y-09-0.1-02/Test1/33061_1_22/Img000617.jpg,61.07184594298245,-7.0,-8.0,-1438.0,-1439.0,,估计同步待核验
XY_Y-09-0.1-02,Y,0.2,618,XY/袁-20250529/Y-09-0.1-02/Test1/33061_1_22/Img000618.jpg,61.16997697368421,-7.0,-8.0,-1437.0,-1439.0,,估计同步待核验
XY_Y-09-0.1-02,Y,0.2,619,XY/袁-20250529/Y-09-0.1-02/Test1/33061_1_22/Img000619.jpg,61.26810800438596,-7.0,-8.0,-1437.0,-1440.0,,估计同步待核验
XY_Y-09-0.1-02,Y,0.2,620,XY/袁-20250529/Y-09-0.1-02/Test1/33061_1_22/Img000620.jpg,61.366239035087716,-7.0,-8.0,-1438.0,-1440.0,,估计同步待核验
XY_Y-09-0.1-02,Y,0.2,621,XY/袁-20250529/Y-09-0.1-02/Test1/33061_1_22/Img000621.jpg,61.46437006578947,-7.0,-8.0,-1438.0,-1439.0,,估计同步待核验
XY_Y-09-0.1-02,Y,0.2,622,XY/袁-20250529/Y-09-0.1-02/Test1/33061_1_22/Img000622.jpg,61.56250109649122,-7.0,-8.0,-1438.0,-1441.0,,估计同步待核验
XY_Y-09-0.1-02,Y,0.2,623,XY/袁-20250529/Y-09-0.1-02/Test1/33061_1_22/Img000623.jpg,61.660632127192976,-8.0,-8.0,-1439.0,-1440.0,,估计同步待核验
XY_Y-09-0.1-02,Y,0.2,624,XY/袁-20250529/Y-09-0.1-02/Test1/33061_1_22/Img000624.jpg,61.758763157894734,-8.0,-8.0,-1439.0,-1440.0,,估计同步待核验
XY_Y-09-0.1-02,Y,0.2,625,XY/袁-20250529/Y-09-0.1-02/Test1/33061_1_22/Img000625.jpg,61.85689418859649,-7.0,-8.0,-1439.0,-1441.0,,估计同步待核验
XY_Y-09-0.1-02,Y,0.2,626,XY/袁-20250529/Y-09-0.1-02/Test1/33061_1_22/Img000626.jpg,61.955025219298236,-7.0,-8.0,-1439.0,-1441.0,,估计同步待核验
XY_Y-09-0.1-02,Y,0.2,627,XY/袁-20250529/Y-09-0.1-02/Test1/33061_1_22/Img000627.jpg,62.053156249999994,-7.0,-8.0,-1439.0,-1441.0,,估计同步待核验
XY_Y-09-0.1-02,Y,0.2,628,XY/袁-20250529/Y-09-0.1-02/Test1/33061_1_22/Img000628.jpg,62.15128728070175,-7.0,-8.0,-1439.0,-1441.0,,估计同步待核验
XY_Y-09-0.1-02,Y,0.2,629,XY/袁-20250529/Y-09-0.1-02/Test1/33061_1_22/Img000629.jpg,62.249418311403495,-7.0,-8.0,-1440.0,-1442.0,,估计同步待核验
XY_Y-09-0.1-02,Y,0.2,630,XY/袁-20250529/Y-09-0.1-02/Test1/33061_1_22/Img000630.jpg,62.34754934210525,-8.0,-8.0,-1439.0,-1442.0,,估计同步待核验
XY_Y-09-0.1-02,Y,0.2,631,XY/袁-20250529/Y-09-0.1-02/Test1/33061_1_22/Img000631.jpg,62.44568037280701,-8.0,-8.0,-1439.0,-1441.0,,估计同步待核验
XY_Y-09-0.1-02,Y,0.2,632,XY/袁-20250529/Y-09-0.1-02/Test1/33061_1_22/Img000632.jpg,62.54381140350877,-8.0,-8.0,-1440.0,-1442.0,,估计同步待核验
XY_Y-09-0.1-02,Y,0.2,633,XY/袁-20250529/Y-09-0.1-02/Test1/33061_1_22/Img000633.jpg,62.64194243421052,-8.0,-8.0,-1440.0,-1442.0,,估计同步待核验
XY_Y-09-0.1-02,Y,0.2,634,XY/袁-20250529/Y-09-0.1-02/Test1/33061_1_22/Img000634.jpg,62.74007346491227,-9.0,-8.0,-1441.0,-1443.0,,估计同步待核验
XY_Y-09-0.1-02,Y,0.2,635,XY/袁-20250529/Y-09-0.1-02/Test1/33061_1_22/Img000635.jpg,62.83820449561403,-9.0,-8.0,-1441.0,-1442.0,,估计同步待核验
XY_Y-09-0.1-02,Y,0.2,636,XY/袁-20250529/Y-09-0.1-02/Test1/33061_1_22/Img000636.jpg,62.93633552631578,-10.0,-8.0,-1441.0,-1442.0,,估计同步待核验
XY_Y-09-0.1-02,Y,0.2,637,XY/袁-20250529/Y-09-0.1-02/Test1/33061_1_22/Img000637.jpg,63.03446655701754,-7.933114035080294,-8.533442982459853,-1441.0,-1443.0,,估计同步待核验
XY_Y-09-0.1-02,Y,0.2,638,XY/袁-20250529/Y-09-0.1-02/Test1/33061_1_22/Img000638.jpg,63.132597587719296,-7.0,-8.0,-1441.0,-1443.0,,估计同步待核验
XY_Y-09-0.1-02,Y,0.2,639,XY/袁-20250529/Y-09-0.1-02/Test1/33061_1_22/Img000639.jpg,63.23072861842105,-8.0,-8.0,-1441.0,-1443.0,,估计同步待核验
XY_Y-09-0.1-02,Y,0.2,640,XY/袁-20250529/Y-09-0.1-02/Test1/33061_1_22/Img000640.jpg,63.3288596491228,-8.0,-8.0,-1441.0,-1443.0,,估计同步待核验
XY_Y-09-0.1-02,Y,0.2,641,XY/袁-20250529/Y-09-0.1-02/Test1/33061_1_22/Img000641.jpg,63.426990679824556,-8.0,-8.0,-1441.0,-1443.0,,估计同步待核验
XY_Y-09-0.1-02,Y,0.2,642,XY/袁-20250529/Y-09-0.1-02/Test1/33061_1_22/Img000642.jpg,63.525121710526314,-8.0,-8.0,-1442.0,-1444.0,,估计同步待核验
XY_Y-09-0.1-02,Y,0.2,643,XY/袁-20250529/Y-09-0.1-02/Test1/33061_1_22/Img000643.jpg,63.62325274122807,-9.0,-8.0,-1442.0,-1444.0,,估计同步待核验
XY_Y-09-0.1-02,Y,0.2,644,XY/袁-20250529/Y-09-0.1-02/Test1/33061_1_22/Img000644.jpg,63.721383771929816,-9.0,-8.0,-1442.0,-1444.0,,估计同步待核验
XY_Y-09-0.1-02,Y,0.2,645,XY/袁-20250529/Y-09-0.1-02/Test1/33061_1_22/Img000645.jpg,63.81951480263157,-9.0,-8.0,-1442.0,-1444.0,,估计同步待核验
XY_Y-09-0.1-02,Y,0.2,646,XY/袁-20250529/Y-09-0.1-02/Test1/33061_1_22/Img000646.jpg,63.91764583333333,-9.0,-8.0,-1443.0,-1444.0,,估计同步待核验
XY_Y-09-0.1-02,Y,0.2,647,XY/袁-20250529/Y-09-0.1-02/Test1/33061_1_22/Img000647.jpg,64.01577686403508,-9.0,-7.0,-1443.0,-1445.0,,估计同步待核验
XY_Y-09-0.1-02,Y,0.2,648,XY/袁-20250529/Y-09-0.1-02/Test1/33061_1_22/Img000648.jpg,64.11390789473684,-9.0,-7.0,-1443.0,-1445.0,,估计同步待核验
XY_Y-09-0.1-02,Y,0.2,649,XY/袁-20250529/Y-09-0.1-02/Test1/33061_1_22/Img000649.jpg,64.21203892543859,-9.0,-8.0,-1443.0,-1444.0,,估计同步待核验
XY_Y-09-0.1-02,Y,0.2,650,XY/袁-20250529/Y-09-0.1-02/Test1/33061_1_22/Img000650.jpg,64.31016995614036,-8.169956140353277,-8.0,-1443.0,-1445.0,,估计同步待核验
XY_Y-09-0.1-02,Y,0.2,651,XY/袁-20250529/Y-09-0.1-02/Test1/33061_1_22/Img000651.jpg,64.4083009868421,-8.699013157909649,-8.0,-1443.0,-1445.6990131579096,,估计同步待核验
XY_Y-09-0.1-02,Y,0.2,652,XY/袁-20250529/Y-09-0.1-02/Test1/33061_1_22/Img000652.jpg,64.50643201754386,-9.0,-8.0,-1443.0,-1445.0,,估计同步待核验
XY_Y-09-0.1-02,Y,0.2,653,XY/袁-20250529/Y-09-0.1-02/Test1/33061_1_22/Img000653.jpg,64.60456304824562,-9.0,-8.0,-1443.0,-1445.0,,估计同步待核验
XY_Y-09-0.1-02,Y,0.2,654,XY/袁-20250529/Y-09-0.1-02/Test1/33061_1_22/Img000654.jpg,64.70269407894736,-9.0,-8.0,-1444.0,-1445.0,,估计同步待核验
XY_Y-09-0.1-02,Y,0.2,655,XY/袁-20250529/Y-09-0.1-02/Test1/33061_1_22/Img000655.jpg,64.80082510964913,-10.0,-8.0,-1444.0,-1446.0,,估计同步待核验
XY_Y-09-0.1-02,Y,0.2,656,XY/袁-20250529/Y-09-0.1-02/Test1/33061_1_22/Img000656.jpg,64.89895614035088,-9.0,-8.0,-1444.0,-1446.0,,估计同步待核验
XY_Y-09-0.1-02,Y,0.2,657,XY/袁-20250529/Y-09-0.1-02/Test1/33061_1_22/Img000657.jpg,64.99708717105264,-9.0,-8.0,-1444.0,-1446.0,,估计同步待核验
XY_Y-09-0.1-02,Y,0.2,658,XY/袁-20250529/Y-09-0.1-02/Test1/33061_1_22/Img000658.jpg,65.09521820175438,-9.0,-8.0,-1445.0,-1446.0,,估计同步待核验
XY_Y-09-0.1-02,Y,0.2,659,XY/袁-20250529/Y-09-0.1-02/Test1/33061_1_22/Img000659.jpg,65.19334923245614,-9.0,-8.0,-1445.0,-1446.0,,估计同步待核验
XY_Y-09-0.1-02,Y,0.2,660,XY/袁-20250529/Y-09-0.1-02/Test1/33061_1_22/Img000660.jpg,65.2914802631579,-8.0,-8.0,-1445.0,-1446.0,,估计同步待核验
XY_Y-09-0.1-02,Y,0.2,661,XY/袁-20250529/Y-09-0.1-02/Test1/33061_1_22/Img000661.jpg,65.38961129385964,-8.0,-8.0,-1445.0,-1446.0,,估计同步待核验
XY_Y-09-0.1-02,Y,0.2,662,XY/袁-20250529/Y-09-0.1-02/Test1/33061_1_22/Img000662.jpg,65.4877423245614,-7.0,-8.0,-1445.0,-1447.0,,估计同步待核验
XY_Y-09-0.1-02,Y,0.2,663,XY/袁-20250529/Y-09-0.1-02/Test1/33061_1_22/Img000663.jpg,65.58587335526316,-7.2532894736747675,-8.0,-1445.1266447368373,-1447.0,,估计同步待核验
XY_Y-09-0.1-02,Y,0.2,664,XY/袁-20250529/Y-09-0.1-02/Test1/33061_1_22/Img000664.jpg,65.68400438596491,-9.0,-8.0,-1446.0,-1447.0,,估计同步待核验
XY_Y-09-0.1-02,Y,0.2,665,XY/袁-20250529/Y-09-0.1-02/Test1/33061_1_22/Img000665.jpg,65.78213541666666,-10.0,-8.0,-1445.0,-1447.0,,估计同步待核验
XY_Y-09-0.1-02,Y,0.2,666,XY/袁-20250529/Y-09-0.1-02/Test1/33061_1_22/Img000666.jpg,65.88026644736843,-9.0,-8.0,-1446.0,-1447.0,,估计同步待核验
XY_Y-09-0.1-02,Y,0.2,667,XY/袁-20250529/Y-09-0.1-02/Test1/33061_1_22/Img000667.jpg,65.97839747807018,-9.0,-8.0,-1446.0,-1447.0,,估计同步待核验
XY_Y-09-0.1-02,Y,0.2,668,XY/袁-20250529/Y-09-0.1-02/Test1/33061_1_22/Img000668.jpg,66.07652850877193,-8.0,-8.0,-1446.0,-1448.0,,估计同步待核验
XY_Y-09-0.1-02,Y,0.2,669,XY/袁-20250529/Y-09-0.1-02/Test1/33061_1_22/Img000669.jpg,66.17465953947368,-8.0,-8.0,-1446.0,-1447.0,,估计同步待核验
XY_Y-09-0.1-02,Y,0.2,670,XY/袁-20250529/Y-09-0.1-02/Test1/33061_1_22/Img000670.jpg,66.27279057017545,-8.0,-8.0,-1446.0,-1448.0,,估计同步待核验
XY_Y-09-0.1-02,Y,0.2,671,XY/袁-20250529/Y-09-0.1-02/Test1/33061_1_22/Img000671.jpg,66.3709216008772,-7.0,-8.0,-1447.0,-1449.0,,估计同步待核验
XY_Y-09-0.1-02,Y,0.2,672,XY/袁-20250529/Y-09-0.1-02/Test1/33061_1_22/Img000672.jpg,66.46905263157895,-7.0,-8.0,-1447.0,-1448.0,,估计同步待核验
XY_Y-09-0.1-02,Y,0.2,673,XY/袁-20250529/Y-09-0.1-02/Test1/33061_1_22/Img000673.jpg,66.5671836622807,-7.0,-8.0,-1447.0,-1449.0,,估计同步待核验
XY_Y-09-0.1-02,Y,0.2,674,XY/袁-20250529/Y-09-0.1-02/Test1/33061_1_22/Img000674.jpg,66.66531469298246,-7.0,-9.0,-1447.0,-1449.0,,估计同步待核验
XY_Y-09-0.1-02,Y,0.2,675,XY/袁-20250529/Y-09-0.1-02/Test1/33061_1_22/Img000675.jpg,66.76344572368421,-7.0,-8.0,-1447.0,-1449.0,,估计同步待核验
XY_Y-09-0.1-02,Y,0.2,676,XY/袁-20250529/Y-09-0.1-02/Test1/33061_1_22/Img000676.jpg,66.86157675438596,-7.8464912280681185,-8.0,-1448.0,-1450.0,,估计同步待核验
XY_Y-09-0.1-02,Y,0.2,677,XY/袁-20250529/Y-09-0.1-02/Test1/33061_1_22/Img000677.jpg,66.95970778508772,-9.0,-8.0,-1448.0,-1450.0,,估计同步待核验
XY_Y-09-0.1-02,Y,0.2,678,XY/袁-20250529/Y-09-0.1-02/Test1/33061_1_22/Img000678.jpg,67.05783881578948,-8.0,-8.0,-1448.0,-1450.0,,估计同步待核验
XY_Y-09-0.1-02,Y,0.2,679,XY/袁-20250529/Y-09-0.1-02/Test1/33061_1_22/Img000679.jpg,67.15596984649122,-7.0,-8.0,-1449.0,-1450.0,,估计同步待核验
XY_Y-09-0.1-02,Y,0.2,680,XY/袁-20250529/Y-09-0.1-02/Test1/33061_1_22/Img000680.jpg,67.25410087719298,-7.0,-8.0,-1449.0,-1451.0,,估计同步待核验
XY_Y-09-0.1-02,Y,0.2,681,XY/袁-20250529/Y-09-0.1-02/Test1/33061_1_22/Img000681.jpg,67.35223190789473,-7.0,-8.0,-1448.0,-1451.0,,估计同步待核验
XY_Y-09-0.1-02,Y,0.2,682,XY/袁-20250529/Y-09-0.1-02/Test1/33061_1_22/Img000682.jpg,67.4503629385965,-7.0,-8.0,-1449.0,-1452.0,,估计同步待核验
XY_Y-09-0.1-02,Y,0.2,683,XY/袁-20250529/Y-09-0.1-02/Test1/33061_1_22/Img000683.jpg,67.54849396929825,-7.0,-8.0,-1449.0,-1451.0,,估计同步待核验
XY_Y-09-0.1-02,Y,0.2,684,XY/袁-20250529/Y-09-0.1-02/Test1/33061_1_22/Img000684.jpg,67.646625,-7.0,-8.0,-1450.0,-1451.0,,估计同步待核验
XY_Y-09-0.1-02,Y,0.2,685,XY/袁-20250529/Y-09-0.1-02/Test1/33061_1_22/Img000685.jpg,67.74475603070175,-7.0,-8.0,-1450.0,-1452.0,,估计同步待核验
XY_Y-09-0.1-02,Y,0.2,686,XY/袁-20250529/Y-09-0.1-02/Test1/33061_1_22/Img000686.jpg,67.8428870614035,-8.0,-8.0,-1450.0,-1452.0,,估计同步待核验
XY_Y-09-0.1-02,Y,0.2,687,XY/袁-20250529/Y-09-0.1-02/Test1/33061_1_22/Img000687.jpg,67.94101809210527,-8.0,-8.0,-1451.0,-1452.0,,估计同步待核验
XY_Y-09-0.1-02,Y,0.2,688,XY/袁-20250529/Y-09-0.1-02/Test1/33061_1_22/Img000688.jpg,68.03914912280702,-8.0,-8.0,-1451.0,-1453.0,,估计同步待核验
XY_Y-09-0.1-02,Y,0.2,689,XY/袁-20250529/Y-09-0.1-02/Test1/33061_1_22/Img000689.jpg,68.13728015350878,-7.5603070175625895,-8.0,-1451.2801535087813,-1453.0,,估计同步待核验
XY_Y-09-0.1-02,Y,0.2,690,XY/袁-20250529/Y-09-0.1-02/Test1/33061_1_22/Img000690.jpg,68.23541118421052,-7.0,-8.0,-1451.0,-1452.0,,估计同步待核验
XY_Y-09-0.1-02,Y,0.2,691,XY/袁-20250529/Y-09-0.1-02/Test1/33061_1_22/Img000691.jpg,68.33354221491228,-7.0,-8.0,-1451.0,-1454.0,,估计同步待核验
XY_Y-09-0.1-02,Y,0.2,692,XY/袁-20250529/Y-09-0.1-02/Test1/33061_1_22/Img000692.jpg,68.43167324561404,-7.0,-8.0,-1451.0,-1453.0,,估计同步待核验
XY_Y-09-0.1-02,Y,0.2,693,XY/袁-20250529/Y-09-0.1-02/Test1/33061_1_22/Img000693.jpg,68.52980427631579,-7.0,-8.0,-1452.0,-1454.0,,估计同步待核验
XY_Y-09-0.1-02,Y,0.2,694,XY/袁-20250529/Y-09-0.1-02/Test1/33061_1_22/Img000694.jpg,68.62793530701754,-8.0,-8.0,-1452.0,-1454.0,,估计同步待核验
XY_Y-09-0.1-02,Y,0.2,695,XY/袁-20250529/Y-09-0.1-02/Test1/33061_1_22/Img000695.jpg,68.7260663377193,-8.0,-8.0,-1452.0,-1454.0,,估计同步待核验
XY_Y-09-0.1-02,Y,0.2,696,XY/袁-20250529/Y-09-0.1-02/Test1/33061_1_22/Img000696.jpg,68.82419736842105,-8.0,-8.0,-1453.0,-1454.0,,估计同步待核验
XY_Y-09-0.1-02,Y,0.2,697,XY/袁-20250529/Y-09-0.1-02/Test1/33061_1_22/Img000697.jpg,68.9223283991228,-8.0,-8.0,-1453.0,-1455.0,,估计同步待核验
XY_Y-09-0.1-02,Y,0.2,698,XY/袁-20250529/Y-09-0.1-02/Test1/33061_1_22/Img000698.jpg,69.02045942982456,-9.0,-8.0,-1453.0,-1454.0,,估计同步待核验
XY_Y-09-0.1-02,Y,0.2,699,XY/袁-20250529/Y-09-0.1-02/Test1/33061_1_22/Img000699.jpg,69.11859046052632,-9.0,-8.0,-1454.0,-1455.0,,估计同步待核验
XY_Y-09-0.1-02,Y,0.2,700,XY/袁-20250529/Y-09-0.1-02/Test1/33061_1_22/Img000700.jpg,69.21672149122807,-10.0,-8.0,-1454.0,-1455.0,,估计同步待核验
XY_Y-09-0.1-02,Y,0.2,701,XY/袁-20250529/Y-09-0.1-02/Test1/33061_1_22/Img000701.jpg,69.31485252192982,-8.705043859650276,-8.0,-1454.0,-1456.0,,估计同步待核验
XY_Y-09-0.1-02,Y,0.2,702,XY/袁-20250529/Y-09-0.1-02/Test1/33061_1_22/Img000702.jpg,69.41298355263157,-7.0,-8.0,-1454.0,-1457.0,,估计同步待核验
XY_Y-09-0.1-02,Y,0.2,703,XY/袁-20250529/Y-09-0.1-02/Test1/33061_1_22/Img000703.jpg,69.51111458333334,-7.0,-8.0,-1454.0,-1456.0,,估计同步待核验
XY_Y-09-0.1-02,Y,0.2,704,XY/袁-20250529/Y-09-0.1-02/Test1/33061_1_22/Img000704.jpg,69.60924561403509,-8.0,-8.0,-1454.0,-1456.0,,估计同步待核验
XY_Y-09-0.1-02,Y,0.2,705,XY/袁-20250529/Y-09-0.1-02/Test1/33061_1_22/Img000705.jpg,69.70737664473684,-8.0,-8.0,-1455.0,-1457.0,,估计同步待核验
XY_Y-09-0.1-02,Y,0.2,706,XY/袁-20250529/Y-09-0.1-02/Test1/33061_1_22/Img000706.jpg,69.8055076754386,-8.0,-8.0,-1455.0,-1457.0,,估计同步待核验
XY_Y-09-0.1-02,Y,0.2,707,XY/袁-20250529/Y-09-0.1-02/Test1/33061_1_22/Img000707.jpg,69.90363870614036,-9.0,-8.0,-1455.0,-1457.0,,估计同步待核验
XY_Y-09-0.1-02,Y,0.2,708,XY/袁-20250529/Y-09-0.1-02/Test1/33061_1_22/Img000708.jpg,70.0017697368421,-9.0,-8.0,-1455.0,-1457.0,,估计同步待核验
XY_Y-09-0.1-02,Y,0.2,709,XY/袁-20250529/Y-09-0.1-02/Test1/33061_1_22/Img000709.jpg,70.09990076754386,-9.0,-8.0,-1456.0,-1458.0,,估计同步待核验
XY_Y-09-0.1-02,Y,0.2,710,XY/袁-20250529/Y-09-0.1-02/Test1/33061_1_22/Img000710.jpg,70.19803179824562,-9.0,-8.0,-1457.0,-1458.0,,估计同步待核验
XY_Y-09-0.1-02,Y,0.2,711,XY/袁-20250529/Y-09-0.1-02/Test1/33061_1_22/Img000711.jpg,70.29616282894736,-9.0,-8.0,-1457.0,-1458.0,,估计同步待核验
XY_Y-09-0.1-02,Y,0.2,712,XY/袁-20250529/Y-09-0.1-02/Test1/33061_1_22/Img000712.jpg,70.39429385964912,-9.0,-8.0,-1456.0,-1458.0,,估计同步待核验
XY_Y-09-0.1-02,Y,0.2,713,XY/袁-20250529/Y-09-0.1-02/Test1/33061_1_22/Img000713.jpg,70.49242489035088,-9.0,-8.0,-1456.0,-1458.0,,估计同步待核验
XY_Y-09-0.1-02,Y,0.2,714,XY/袁-20250529/Y-09-0.1-02/Test1/33061_1_22/Img000714.jpg,70.59055592105264,-8.555921052642377,-8.0,-1456.5559210526424,-1458.0,,估计同步待核验
XY_Y-09-0.1-02,Y,0.2,715,XY/袁-20250529/Y-09-0.1-02/Test1/33061_1_22/Img000715.jpg,70.68868695175438,-8.0,-7.0,-1457.0,-1458.0,,估计同步待核验
XY_Y-09-0.1-02,Y,0.2,716,XY/袁-20250529/Y-09-0.1-02/Test1/33061_1_22/Img000716.jpg,70.78681798245614,-9.0,-8.0,-1456.0,-1458.0,,估计同步待核验
XY_Y-09-0.1-02,Y,0.2,717,XY/袁-20250529/Y-09-0.1-02/Test1/33061_1_22/Img000717.jpg,70.8849490131579,-9.0,-8.0,-1457.0,-1459.0,,估计同步待核验
XY_Y-09-0.1-02,Y,0.2,718,XY/袁-20250529/Y-09-0.1-02/Test1/33061_1_22/Img000718.jpg,70.98308004385964,-9.0,-8.0,-1458.0,-1459.0,,估计同步待核验
XY_Y-09-0.1-02,Y,0.2,719,XY/袁-20250529/Y-09-0.1-02/Test1/33061_1_22/Img000719.jpg,71.0812110745614,-9.0,-8.0,-1457.0,-1459.0,,估计同步待核验
XY_Y-09-0.1-02,Y,0.2,720,XY/袁-20250529/Y-09-0.1-02/Test1/33061_1_22/Img000720.jpg,71.17934210526316,-9.0,-7.0,-1457.0,-1458.0,,估计同步待核验
XY_Y-09-0.1-02,Y,0.2,721,XY/袁-20250529/Y-09-0.1-02/Test1/33061_1_22/Img000721.jpg,71.27747313596491,-9.0,-8.0,-1457.0,-1458.0,,估计同步待核验
XY_Y-09-0.1-02,Y,0.2,722,XY/袁-20250529/Y-09-0.1-02/Test1/33061_1_22/Img000722.jpg,71.37560416666666,-9.0,-8.0,-1458.0,-1459.0,,估计同步待核验
XY_Y-09-0.1-02,Y,0.2,723,XY/袁-20250529/Y-09-0.1-02/Test1/33061_1_22/Img000723.jpg,71.47373519736843,-9.0,-8.0,-1458.0,-1459.0,,估计同步待核验
XY_Y-09-0.1-02,Y,0.2,724,XY/袁-20250529/Y-09-0.1-02/Test1/33061_1_22/Img000724.jpg,71.57186622807018,-8.0,-8.0,-1457.0,-1459.0,,估计同步待核验
XY_Y-09-0.1-02,Y,0.2,725,XY/袁-20250529/Y-09-0.1-02/Test1/33061_1_22/Img000725.jpg,71.66999725877193,-8.0,-8.0,-1458.0,-1459.0,,估计同步待核验
XY_Y-09-0.1-02,Y,0.2,726,XY/袁-20250529/Y-09-0.1-02/Test1/33061_1_22/Img000726.jpg,71.76812828947368,-8.0,-8.0,-1458.0,-1459.0,,估计同步待核验
XY_Y-09-0.1-02,Y,0.2,727,XY/袁-20250529/Y-09-0.1-02/Test1/33061_1_22/Img000727.jpg,71.86625932017544,-8.481359649112367,-8.0,-1458.0,-1460.0,,估计同步待核验
XY_Y-09-0.1-02,Y,0.2,728,XY/袁-20250529/Y-09-0.1-02/Test1/33061_1_22/Img000728.jpg,71.9643903508772,-9.0,-8.0,-1459.0,-1460.0,,估计同步待核验
XY_Y-09-0.1-02,Y,0.2,729,XY/袁-20250529/Y-09-0.1-02/Test1/33061_1_22/Img000729.jpg,72.06252138157895,-9.0,-8.0,-1458.0,-1460.0,,估计同步待核验
XY_Y-09-0.1-02,Y,0.2,730,XY/袁-20250529/Y-09-0.1-02/Test1/33061_1_22/Img000730.jpg,72.1606524122807,-9.0,-8.0,-1459.0,-1461.0,,估计同步待核验
XY_Y-09-0.1-02,Y,0.2,731,XY/袁-20250529/Y-09-0.1-02/Test1/33061_1_22/Img000731.jpg,72.25878344298246,-9.0,-8.0,-1459.0,-1460.0,,估计同步待核验
XY_Y-09-0.1-02,Y,0.2,732,XY/袁-20250529/Y-09-0.1-02/Test1/33061_1_22/Img000732.jpg,72.35691447368421,-9.0,-8.0,-1459.0,-1461.0,,估计同步待核验
XY_Y-09-0.1-02,Y,0.2,733,XY/袁-20250529/Y-09-0.1-02/Test1/33061_1_22/Img000733.jpg,72.45504550438596,-8.0,-8.0,-1459.0,-1461.0,,估计同步待核验
XY_Y-09-0.1-02,Y,0.2,734,XY/袁-20250529/Y-09-0.1-02/Test1/33061_1_22/Img000734.jpg,72.55317653508772,-8.0,-8.0,-1459.0,-1461.0,,估计同步待核验
XY_Y-09-0.1-02,Y,0.2,735,XY/袁-20250529/Y-09-0.1-02/Test1/33061_1_22/Img000735.jpg,72.65130756578948,-8.0,-8.0,-1460.0,-1462.0,,估计同步待核验
XY_Y-09-0.1-02,Y,0.2,736,XY/袁-20250529/Y-09-0.1-02/Test1/33061_1_22/Img000736.jpg,72.74943859649122,-7.0,-8.0,-1459.0,-1462.0,,估计同步待核验
XY_Y-09-0.1-02,Y,0.2,737,XY/袁-20250529/Y-09-0.1-02/Test1/33061_1_22/Img000737.jpg,72.84756962719298,-7.0,-8.0,-1459.0,-1461.0,,估计同步待核验
XY_Y-09-0.1-02,Y,0.2,738,XY/袁-20250529/Y-09-0.1-02/Test1/33061_1_22/Img000738.jpg,72.94570065789473,-7.0,-8.0,-1459.0,-1462.0,,估计同步待核验
XY_Y-09-0.1-02,Y,0.2,739,XY/袁-20250529/Y-09-0.1-02/Test1/33061_1_22/Img000739.jpg,73.0438316885965,-7.336622807001042,-8.0,-1460.0,-1461.8316885964996,,估计同步待核验
XY_Y-09-0.1-02,Y,0.2,740,XY/袁-20250529/Y-09-0.1-02/Test1/33061_1_22/Img000740.jpg,73.14196271929825,-9.0,-8.0,-1460.0,-1462.0,,估计同步待核验
XY_Y-09-0.1-02,Y,0.2,741,XY/袁-20250529/Y-09-0.1-02/Test1/33061_1_22/Img000741.jpg,73.24009375,-8.0,-8.0,-1460.0,-1462.0,,估计同步待核验
XY_Y-09-0.1-02,Y,0.2,742,XY/袁-20250529/Y-09-0.1-02/Test1/33061_1_22/Img000742.jpg,73.33822478070175,-8.0,-8.0,-1460.0,-1462.0,,估计同步待核验
XY_Y-09-0.1-02,Y,0.2,743,XY/袁-20250529/Y-09-0.1-02/Test1/33061_1_22/Img000743.jpg,73.4363558114035,-8.0,-8.0,-1460.0,-1462.0,,估计同步待核验
XY_Y-09-0.1-02,Y,0.2,744,XY/袁-20250529/Y-09-0.1-02/Test1/33061_1_22/Img000744.jpg,73.53448684210527,-7.0,-8.0,-1461.0,-1462.0,,估计同步待核验
XY_Y-09-0.1-02,Y,0.2,745,XY/袁-20250529/Y-09-0.1-02/Test1/33061_1_22/Img000745.jpg,73.63261787280702,-7.0,-8.0,-1460.0,-1462.0,,估计同步待核验
XY_Y-09-0.1-02,Y,0.2,746,XY/袁-20250529/Y-09-0.1-02/Test1/33061_1_22/Img000746.jpg,73.73074890350878,-7.0,-8.0,-1460.0,-1462.0,,估计同步待核验
XY_Y-09-0.1-02,Y,0.2,747,XY/袁-20250529/Y-09-0.1-02/Test1/33061_1_22/Img000747.jpg,73.82887993421052,-7.0,-8.0,-1461.0,-1462.0,,估计同步待核验
XY_Y-09-0.1-02,Y,0.2,748,XY/袁-20250529/Y-09-0.1-02/Test1/33061_1_22/Img000748.jpg,73.92701096491228,-7.0,-8.0,-1461.0,-1463.0,,估计同步待核验
XY_Y-09-0.1-02,Y,0.2,749,XY/袁-20250529/Y-09-0.1-02/Test1/33061_1_22/Img000749.jpg,74.02514199561404,-7.0,-8.0,-1461.0,-1463.0,,估计同步待核验
XY_Y-09-0.1-02,Y,0.2,750,XY/袁-20250529/Y-09-0.1-02/Test1/33061_1_22/Img000750.jpg,74.12327302631579,-7.0,-8.0,-1461.0,-1463.0,,估计同步待核验
XY_Y-09-0.1-02,Y,0.2,751,XY/袁-20250529/Y-09-0.1-02/Test1/33061_1_22/Img000751.jpg,74.22140405701754,-8.0,-8.0,-1461.0,-1463.0,,估计同步待核验
XY_Y-09-0.1-02,Y,0.2,752,XY/袁-20250529/Y-09-0.1-02/Test1/33061_1_22/Img000752.jpg,74.3195350877193,-8.535087719304602,-8.0,-1461.0,-1463.0,,估计同步待核验
XY_Y-09-0.1-02,Y,0.2,753,XY/袁-20250529/Y-09-0.1-02/Test1/33061_1_22/Img000753.jpg,74.41766611842105,-7.0,-8.0,-1462.0,-1463.0,,估计同步待核验
XY_Y-09-0.1-02,Y,0.2,754,XY/袁-20250529/Y-09-0.1-02/Test1/33061_1_22/Img000754.jpg,74.5157971491228,-7.0,-8.0,-1462.0,-1463.0,,估计同步待核验
XY_Y-09-0.1-02,Y,0.2,755,XY/袁-20250529/Y-09-0.1-02/Test1/33061_1_22/Img000755.jpg,74.61392817982455,-7.0,-8.0,-1462.0,-1464.0,,估计同步待核验
XY_Y-09-0.1-02,Y,0.2,756,XY/袁-20250529/Y-09-0.1-02/Test1/33061_1_22/Img000756.jpg,74.71205921052632,-7.0,-8.0,-1462.0,-1464.0,,估计同步待核验
XY_Y-09-0.1-02,Y,0.2,757,XY/袁-20250529/Y-09-0.1-02/Test1/33061_1_22/Img000757.jpg,74.81019024122807,-7.0,-8.0,-1462.0,-1464.0,,估计同步待核验
XY_Y-09-0.1-02,Y,0.2,758,XY/袁-20250529/Y-09-0.1-02/Test1/33061_1_22/Img000758.jpg,74.90832127192982,-7.0,-8.0,-1462.0,-1464.0,,估计同步待核验
XY_Y-09-0.1-02,Y,0.2,759,XY/袁-20250529/Y-09-0.1-02/Test1/33061_1_22/Img000759.jpg,75.00645230263157,-8.0,-8.0,-1463.0,-1464.0,,估计同步待核验
XY_Y-09-0.1-02,Y,0.2,760,XY/袁-20250529/Y-09-0.1-02/Test1/33061_1_22/Img000760.jpg,75.10458333333334,-8.0,-8.0,-1463.0,-1465.0,,估计同步待核验
XY_Y-09-0.1-02,Y,0.2,761,XY/袁-20250529/Y-09-0.1-02/Test1/33061_1_22/Img000761.jpg,75.20271436403509,-8.0,-8.0,-1463.0,-1464.0,,估计同步待核验
XY_Y-09-0.1-02,Y,0.2,762,XY/袁-20250529/Y-09-0.1-02/Test1/33061_1_22/Img000762.jpg,75.30084539473684,-9.0,-8.0,-1464.0,-1465.0,,估计同步待核验
XY_Y-09-0.1-02,Y,0.2,763,XY/袁-20250529/Y-09-0.1-02/Test1/33061_1_22/Img000763.jpg,75.3989764254386,-9.0,-8.0,-1464.0,-1465.0,,估计同步待核验
XY_Y-09-0.1-02,Y,0.2,764,XY/袁-20250529/Y-09-0.1-02/Test1/33061_1_22/Img000764.jpg,75.49710745614036,-9.0,-8.0,-1464.0,-1465.0,,估计同步待核验
XY_Y-09-0.1-02,Y,0.2,765,XY/袁-20250529/Y-09-0.1-02/Test1/33061_1_22/Img000765.jpg,75.5952384868421,-7.715460526319015,-8.0,-1463.2384868421063,-1466.0,,估计同步待核验
XY_Y-09-0.1-02,Y,0.2,766,XY/袁-20250529/Y-09-0.1-02/Test1/33061_1_22/Img000766.jpg,75.69336951754386,-7.0,-8.0,-1464.0,-1466.0,,估计同步待核验
XY_Y-09-0.1-02,Y,0.2,767,XY/袁-20250529/Y-09-0.1-02/Test1/33061_1_22/Img000767.jpg,75.79150054824562,-7.0,-8.0,-1464.0,-1465.0,,估计同步待核验
XY_Y-09-0.1-02,Y,0.2,768,XY/袁-20250529/Y-09-0.1-02/Test1/33061_1_22/Img000768.jpg,75.88963157894736,-8.0,-8.0,-1464.0,-1466.0,,估计同步待核验
XY_Y-09-0.1-02,Y,0.2,769,XY/袁-20250529/Y-09-0.1-02/Test1/33061_1_22/Img000769.jpg,75.98776260964912,-8.0,-8.0,-1465.0,-1467.0,,估计同步待核验
XY_Y-09-0.1-02,Y,0.2,770,XY/袁-20250529/Y-09-0.1-02/Test1/33061_1_22/Img000770.jpg,76.08589364035087,-8.0,-8.0,-1465.0,-1466.0,,估计同步待核验
XY_Y-09-0.1-02,Y,0.2,771,XY/袁-20250529/Y-09-0.1-02/Test1/33061_1_22/Img000771.jpg,76.18402467105264,-9.0,-8.0,-1465.0,-1466.0,,估计同步待核验
XY_Y-09-0.1-02,Y,0.2,772,XY/袁-20250529/Y-09-0.1-02/Test1/33061_1_22/Img000772.jpg,76.28215570175438,-9.0,-8.0,-1465.0,-1467.0,,估计同步待核验
XY_Y-09-0.1-02,Y,0.2,773,XY/袁-20250529/Y-09-0.1-02/Test1/33061_1_22/Img000773.jpg,76.38028673245614,-9.0,-8.0,-1465.0,-1467.0,,估计同步待核验
XY_Y-09-0.1-02,Y,0.2,774,XY/袁-20250529/Y-09-0.1-02/Test1/33061_1_22/Img000774.jpg,76.47841776315789,-9.0,-8.0,-1465.0,-1468.0,,估计同步待核验
XY_Y-09-0.1-02,Y,0.2,775,XY/袁-20250529/Y-09-0.1-02/Test1/33061_1_22/Img000775.jpg,76.57654879385964,-9.0,-8.0,-1466.0,-1467.0,,估计同步待核验
XY_Y-09-0.1-02,Y,0.2,776,XY/袁-20250529/Y-09-0.1-02/Test1/33061_1_22/Img000776.jpg,76.6746798245614,-9.0,-8.0,-1465.0,-1467.0,,估计同步待核验
XY_Y-09-0.1-02,Y,0.2,777,XY/袁-20250529/Y-09-0.1-02/Test1/33061_1_22/Img000777.jpg,76.77281085526316,-8.621710526323408,-8.0,-1466.0,-1467.0,,估计同步待核验
XY_Y-09-0.1-02,Y,0.2,778,XY/袁-20250529/Y-09-0.1-02/Test1/33061_1_22/Img000778.jpg,76.87094188596491,-8.0,-8.0,-1466.0,-1467.0,,估计同步待核验
XY_Y-09-0.1-02,Y,0.2,779,XY/袁-20250529/Y-09-0.1-02/Test1/33061_1_22/Img000779.jpg,76.96907291666666,-8.0,-8.0,-1466.0,-1468.0,,估计同步待核验
XY_Y-09-0.1-02,Y,0.2,780,XY/袁-20250529/Y-09-0.1-02/Test1/33061_1_22/Img000780.jpg,77.06720394736843,-9.0,-8.0,-1466.0,-1468.0,,估计同步待核验
XY_Y-09-0.1-02,Y,0.2,781,XY/袁-20250529/Y-09-0.1-02/Test1/33061_1_22/Img000781.jpg,77.16533497807018,-9.0,-8.0,-1466.0,-1468.0,,估计同步待核验
XY_Y-09-0.1-02,Y,0.2,782,XY/袁-20250529/Y-09-0.1-02/Test1/33061_1_22/Img000782.jpg,77.26346600877193,-9.0,-8.0,-1467.0,-1468.0,,估计同步待核验
XY_Y-09-0.1-02,Y,0.2,783,XY/袁-20250529/Y-09-0.1-02/Test1/33061_1_22/Img000783.jpg,77.36159703947368,-10.0,-8.0,-1467.0,-1469.0,,估计同步待核验
XY_Y-09-0.1-02,Y,0.2,784,XY/袁-20250529/Y-09-0.1-02/Test1/33061_1_22/Img000784.jpg,77.45972807017544,-9.0,-7.0,-1467.0,-1469.0,,估计同步待核验
XY_Y-09-0.1-02,Y,0.2,785,XY/袁-20250529/Y-09-0.1-02/Test1/33061_1_22/Img000785.jpg,77.5578591008772,-9.0,-8.0,-1467.0,-1469.0,,估计同步待核验
XY_Y-09-0.1-02,Y,0.2,786,XY/袁-20250529/Y-09-0.1-02/Test1/33061_1_22/Img000786.jpg,77.65599013157895,-9.0,-8.0,-1468.0,-1469.0,,估计同步待核验
XY_Y-09-0.1-02,Y,0.2,787,XY/袁-20250529/Y-09-0.1-02/Test1/33061_1_22/Img000787.jpg,77.7541211622807,-9.0,-8.0,-1468.0,-1470.0,,估计同步待核验
XY_Y-09-0.1-02,Y,0.2,788,XY/袁-20250529/Y-09-0.1-02/Test1/33061_1_22/Img000788.jpg,77.85225219298246,-8.0,-8.0,-1468.0,-1470.0,,估计同步待核验
XY_Y-09-0.1-02,Y,0.2,789,XY/袁-20250529/Y-09-0.1-02/Test1/33061_1_22/Img000789.jpg,77.95038322368421,-8.0,-8.0,-1468.0,-1470.0,,估计同步待核验
XY_Y-09-0.1-02,Y,0.2,790,XY/袁-20250529/Y-09-0.1-02/Test1/33061_1_22/Img000790.jpg,78.04851425438596,-8.485745614040479,-8.0,-1468.0,-1470.0,,估计同步待核验
XY_Y-09-0.1-02,Y,0.2,791,XY/袁-20250529/Y-09-0.1-02/Test1/33061_1_22/Img000791.jpg,78.14664528508771,-9.0,-8.0,-1469.0,-1470.0,,估计同步待核验
XY_Y-09-0.1-02,Y,0.2,792,XY/袁-20250529/Y-09-0.1-02/Test1/33061_1_22/Img000792.jpg,78.24477631578948,-10.0,-8.0,-1468.0,-1470.0,,估计同步待核验
XY_Y-09-0.1-02,Y,0.2,793,XY/袁-20250529/Y-09-0.1-02/Test1/33061_1_22/Img000793.jpg,78.34290734649122,-9.0,-8.0,-1469.0,-1470.0,,估计同步待核验
XY_Y-09-0.1-02,Y,0.2,794,XY/袁-20250529/Y-09-0.1-02/Test1/33061_1_22/Img000794.jpg,78.44103837719298,-9.0,-8.0,-1469.0,-1470.0,,估计同步待核验
XY_Y-09-0.1-02,Y,0.2,795,XY/袁-20250529/Y-09-0.1-02/Test1/33061_1_22/Img000795.jpg,78.53916940789473,-9.0,-8.0,-1469.0,-1471.0,,估计同步待核验
XY_Y-09-0.1-02,Y,0.2,796,XY/袁-20250529/Y-09-0.1-02/Test1/33061_1_22/Img000796.jpg,78.6373004385965,-9.0,-8.0,-1469.0,-1471.0,,估计同步待核验
XY_Y-09-0.1-02,Y,0.2,797,XY/袁-20250529/Y-09-0.1-02/Test1/33061_1_22/Img000797.jpg,78.73543146929825,-8.0,-8.0,-1469.0,-1471.0,,估计同步待核验
XY_Y-09-0.1-02,Y,0.2,798,XY/袁-20250529/Y-09-0.1-02/Test1/33061_1_22/Img000798.jpg,78.8335625,-8.0,-8.0,-1469.0,-1471.0,,估计同步待核验
XY_Y-09-0.1-02,Y,0.2,799,XY/袁-20250529/Y-09-0.1-02/Test1/33061_1_22/Img000799.jpg,78.93169353070175,-8.0,-8.0,-1469.0,-1471.0,,估计同步待核验
XY_Y-09-0.1-02,Y,0.2,800,XY/袁-20250529/Y-09-0.1-02/Test1/33061_1_22/Img000800.jpg,79.0298245614035,-7.0,-8.0,-1469.0,-1471.0,,估计同步待核验
XY_Y-09-0.1-02,Y,0.2,801,XY/袁-20250529/Y-09-0.1-02/Test1/33061_1_22/Img000801.jpg,79.12795559210527,-7.0,-8.0,-1469.0,-1471.0,,估计同步待核验
XY_Y-09-0.1-02,Y,0.2,802,XY/袁-20250529/Y-09-0.1-02/Test1/33061_1_22/Img000802.jpg,79.22608662280702,-7.0,-8.0,-1470.0,-1471.0,,估计同步待核验
XY_Y-09-0.1-02,Y,0.2,803,XY/袁-20250529/Y-09-0.1-02/Test1/33061_1_22/Img000803.jpg,79.32421765350878,-8.564692982433858,-8.0,-1470.0,-1471.0,,估计同步待核验
XY_Y-09-0.1-02,Y,0.2,804,XY/袁-20250529/Y-09-0.1-02/Test1/33061_1_22/Img000804.jpg,79.42234868421052,-9.0,-8.0,-1470.0,-1472.0,,估计同步待核验
XY_Y-09-0.1-02,Y,0.2,805,XY/袁-20250529/Y-09-0.1-02/Test1/33061_1_22/Img000805.jpg,79.52047971491228,-9.0,-8.0,-1470.0,-1472.0,,估计同步待核验
XY_Y-09-0.1-02,Y,0.2,806,XY/袁-20250529/Y-09-0.1-02/Test1/33061_1_22/Img000806.jpg,79.61861074561403,-9.0,-8.0,-1470.0,-1472.0,,估计同步待核验
XY_Y-09-0.1-02,Y,0.2,807,XY/袁-20250529/Y-09-0.1-02/Test1/33061_1_22/Img000807.jpg,79.71674177631579,-8.0,-8.0,-1470.0,-1472.0,,估计同步待核验
XY_Y-09-0.1-02,Y,0.2,808,XY/袁-20250529/Y-09-0.1-02/Test1/33061_1_22/Img000808.jpg,79.81487280701754,-8.0,-8.0,-1471.0,-1472.0,,估计同步待核验
XY_Y-09-0.1-02,Y,0.2,809,XY/袁-20250529/Y-09-0.1-02/Test1/33061_1_22/Img000809.jpg,79.9130038377193,-7.0,-8.0,-1470.0,-1472.0,,估计同步待核验
XY_Y-09-0.1-02,Y,0.2,810,XY/袁-20250529/Y-09-0.1-02/Test1/33061_1_22/Img000810.jpg,80.01113486842105,-7.0,-8.0,-1470.0,-1472.0,,估计同步待核验
XY_Y-09-0.1-02,Y,0.2,811,XY/袁-20250529/Y-09-0.1-02/Test1/33061_1_22/Img000811.jpg,80.1092658991228,-7.0,-8.0,-1471.0,-1472.0,,估计同步待核验
XY_Y-09-0.1-02,Y,0.2,812,XY/袁-20250529/Y-09-0.1-02/Test1/33061_1_22/Img000812.jpg,80.20739692982455,-7.0,-8.0,-1471.0,-1472.0,,估计同步待核验
XY_Y-09-0.1-02,Y,0.2,813,XY/袁-20250529/Y-09-0.1-02/Test1/33061_1_22/Img000813.jpg,80.30552796052632,-7.0,-8.0,-1471.0,-1473.0,,估计同步待核验
XY_Y-09-0.1-02,Y,0.2,814,XY/袁-20250529/Y-09-0.1-02/Test1/33061_1_22/Img000814.jpg,80.40365899122807,-7.0,-8.0,-1471.0,-1472.0,,估计同步待核验
XY_Y-09-0.1-02,Y,0.2,815,XY/袁-20250529/Y-09-0.1-02/Test1/33061_1_22/Img000815.jpg,80.50179002192982,-8.209978070176069,-8.0,-1471.0,-1472.0,,估计同步待核验
XY_Y-09-0.1-02,Y,0.2,816,XY/袁-20250529/Y-09-0.1-02/Test1/33061_1_22/Img000816.jpg,80.59992105263157,-8.0,-8.0,-1471.0,-1472.0,,估计同步待核验
XY_Y-09-0.1-02,Y,0.2,817,XY/袁-20250529/Y-09-0.1-02/Test1/33061_1_22/Img000817.jpg,80.69805208333334,-8.0,-8.0,-1471.0,-1473.0,,估计同步待核验
XY_Y-09-0.1-02,Y,0.2,818,XY/袁-20250529/Y-09-0.1-02/Test1/33061_1_22/Img000818.jpg,80.79618311403509,-7.0,-8.0,-1471.0,-1473.0,,估计同步待核验
XY_Y-09-0.1-02,Y,0.2,819,XY/袁-20250529/Y-09-0.1-02/Test1/33061_1_22/Img000819.jpg,80.89431414473684,-7.0,-8.0,-1472.0,-1473.0,,估计同步待核验
XY_Y-09-0.1-02,Y,0.2,820,XY/袁-20250529/Y-09-0.1-02/Test1/33061_1_22/Img000820.jpg,80.9924451754386,-7.0,-8.0,-1472.0,-1473.0,,估计同步待核验
XY_Y-09-0.1-02,Y,0.2,821,XY/袁-20250529/Y-09-0.1-02/Test1/33061_1_22/Img000821.jpg,81.09057620614035,-7.0,-8.0,-1472.0,-1474.0,,估计同步待核验
XY_Y-09-0.1-02,Y,0.2,822,XY/袁-20250529/Y-09-0.1-02/Test1/33061_1_22/Img000822.jpg,81.1887072368421,-7.0,-8.0,-1471.0,-1473.0,,估计同步待核验
XY_Y-09-0.1-02,Y,0.2,823,XY/袁-20250529/Y-09-0.1-02/Test1/33061_1_22/Img000823.jpg,81.28683826754386,-7.0,-8.0,-1472.0,-1473.0,,估计同步待核验
XY_Y-09-0.1-02,Y,0.2,824,XY/袁-20250529/Y-09-0.1-02/Test1/33061_1_22/Img000824.jpg,81.38496929824562,-8.0,-8.0,-1472.0,-1474.0,,估计同步待核验
XY_Y-09-0.1-02,Y,0.2,825,XY/袁-20250529/Y-09-0.1-02/Test1/33061_1_22/Img000825.jpg,81.48310032894736,-8.0,-8.0,-1472.0,-1474.0,,估计同步待核验
XY_Y-09-0.1-02,Y,0.2,826,XY/袁-20250529/Y-09-0.1-02/Test1/33061_1_22/Img000826.jpg,81.58123135964912,-8.0,-8.0,-1472.0,-1474.0,,估计同步待核验
XY_Y-09-0.1-02,Y,0.2,827,XY/袁-20250529/Y-09-0.1-02/Test1/33061_1_22/Img000827.jpg,81.67936239035087,-9.0,-8.0,-1472.0,-1474.0,,估计同步待核验
XY_Y-09-0.1-02,Y,0.2,828,XY/袁-20250529/Y-09-0.1-02/Test1/33061_1_22/Img000828.jpg,81.77749342105264,-7.986842105272507,-8.0,-1472.4934210526362,-1474.0,,估计同步待核验
XY_Y-09-0.1-02,Y,0.2,829,XY/袁-20250529/Y-09-0.1-02/Test1/33061_1_22/Img000829.jpg,81.87562445175438,-7.0,-8.0,-1472.0,-1474.0,,估计同步待核验
XY_Y-09-0.1-02,Y,0.2,830,XY/袁-20250529/Y-09-0.1-02/Test1/33061_1_22/Img000830.jpg,81.97375548245614,-7.0,-8.0,-1473.0,-1474.0,,估计同步待核验
XY_Y-09-0.1-02,Y,0.2,831,XY/袁-20250529/Y-09-0.1-02/Test1/33061_1_22/Img000831.jpg,82.07188651315789,-7.0,-8.0,-1472.0,-1474.0,,估计同步待核验
XY_Y-09-0.1-02,Y,0.2,832,XY/袁-20250529/Y-09-0.1-02/Test1/33061_1_22/Img000832.jpg,82.17001754385964,-7.0,-8.0,-1473.0,-1475.0,,估计同步待核验
XY_Y-09-0.1-02,Y,0.2,833,XY/袁-20250529/Y-09-0.1-02/Test1/33061_1_22/Img000833.jpg,82.2681485745614,-7.0,-8.0,-1473.0,-1475.0,,估计同步待核验
XY_Y-09-0.1-02,Y,0.2,834,XY/袁-20250529/Y-09-0.1-02/Test1/33061_1_22/Img000834.jpg,82.36627960526316,-8.0,-8.0,-1473.0,-1475.0,,估计同步待核验
XY_Y-09-0.1-02,Y,0.2,835,XY/袁-20250529/Y-09-0.1-02/Test1/33061_1_22/Img000835.jpg,82.46441063596491,-8.0,-8.0,-1473.0,-1475.0,,估计同步待核验
XY_Y-09-0.1-02,Y,0.2,836,XY/袁-20250529/Y-09-0.1-02/Test1/33061_1_22/Img000836.jpg,82.56254166666666,-9.0,-8.0,-1473.0,-1475.0,,估计同步待核验
XY_Y-09-0.1-02,Y,0.2,837,XY/袁-20250529/Y-09-0.1-02/Test1/33061_1_22/Img000837.jpg,82.66067269736843,-9.0,-8.0,-1473.0,-1475.0,,估计同步待核验
XY_Y-09-0.1-02,Y,0.2,838,XY/袁-20250529/Y-09-0.1-02/Test1/33061_1_22/Img000838.jpg,82.75880372807018,-9.0,-8.0,-1474.0,-1475.0,,估计同步待核验
XY_Y-09-0.1-02,Y,0.2,839,XY/袁-20250529/Y-09-0.1-02/Test1/33061_1_22/Img000839.jpg,82.85693475877193,-9.0,-8.0,-1474.0,-1475.0,,估计同步待核验
XY_Y-09-0.1-02,Y,0.2,840,XY/袁-20250529/Y-09-0.1-02/Test1/33061_1_22/Img000840.jpg,82.95506578947368,-9.0,-8.0,-1474.0,-1475.0,,估计同步待核验
XY_Y-09-0.1-02,Y,0.2,841,XY/袁-20250529/Y-09-0.1-02/Test1/33061_1_22/Img000841.jpg,83.05319682017544,-9.0,-8.0,-1474.0,-1476.0,,估计同步待核验
XY_Y-09-0.1-02,Y,0.2,842,XY/袁-20250529/Y-09-0.1-02/Test1/33061_1_22/Img000842.jpg,83.1513278508772,-7.655701754393756,-7.672149122803122,-1474.0,-1476.0,,估计同步待核验
XY_Y-09-0.1-02,Y,0.2,843,XY/袁-20250529/Y-09-0.1-02/Test1/33061_1_22/Img000843.jpg,83.24945888157895,-8.0,-8.0,-1474.0,-1476.0,,估计同步待核验
XY_Y-09-0.1-02,Y,0.2,844,XY/袁-20250529/Y-09-0.1-02/Test1/33061_1_22/Img000844.jpg,83.3475899122807,-8.0,-8.0,-1474.0,-1476.0,,估计同步待核验
XY_Y-09-0.1-02,Y,0.2,845,XY/袁-20250529/Y-09-0.1-02/Test1/33061_1_22/Img000845.jpg,83.44572094298246,-8.0,-8.0,-1474.0,-1476.0,,估计同步待核验
XY_Y-09-0.1-02,Y,0.2,846,XY/袁-20250529/Y-09-0.1-02/Test1/33061_1_22/Img000846.jpg,83.54385197368421,-9.0,-8.0,-1475.0,-1476.0,,估计同步待核验
XY_Y-09-0.1-02,Y,0.2,847,XY/袁-20250529/Y-09-0.1-02/Test1/33061_1_22/Img000847.jpg,83.64198300438596,-9.0,-8.0,-1474.0,-1476.0,,估计同步待核验
XY_Y-09-0.1-02,Y,0.2,848,XY/袁-20250529/Y-09-0.1-02/Test1/33061_1_22/Img000848.jpg,83.74011403508771,-9.0,-8.0,-1474.0,-1476.0,,估计同步待核验
XY_Y-09-0.1-02,Y,0.2,849,XY/袁-20250529/Y-09-0.1-02/Test1/33061_1_22/Img000849.jpg,83.83824506578948,-9.0,-8.0,-1475.0,-1476.0,,估计同步待核验
XY_Y-09-0.1-02,Y,0.2,850,XY/袁-20250529/Y-09-0.1-02/Test1/33061_1_22/Img000850.jpg,83.93637609649122,-9.0,-8.0,-1475.0,-1477.0,,估计同步待核验
XY_Y-09-0.1-02,Y,0.2,851,XY/袁-20250529/Y-09-0.1-02/Test1/33061_1_22/Img000851.jpg,84.03450712719298,-9.0,-8.0,-1475.0,-1477.0,,估计同步待核验
XY_Y-09-0.1-02,Y,0.2,852,XY/袁-20250529/Y-09-0.1-02/Test1/33061_1_22/Img000852.jpg,84.13263815789473,-9.0,-8.0,-1475.0,-1477.0,,估计同步待核验
XY_Y-09-0.1-02,Y,0.2,853,XY/袁-20250529/Y-09-0.1-02/Test1/33061_1_22/Img000853.jpg,84.2307691885965,-9.0,-8.0,-1475.0,-1477.0,,估计同步待核验
XY_Y-09-0.1-02,Y,0.2,854,XY/袁-20250529/Y-09-0.1-02/Test1/33061_1_22/Img000854.jpg,84.32890021929825,-8.0,-8.0,-1475.9002192982534,-1477.0,,估计同步待核验
XY_Y-09-0.1-02,Y,0.2,855,XY/袁-20250529/Y-09-0.1-02/Test1/33061_1_22/Img000855.jpg,84.42703125,-8.96875000000755,-8.0,-1476.0,-1477.0,,估计同步待核验
XY_Y-09-0.1-02,Y,0.2,856,XY/袁-20250529/Y-09-0.1-02/Test1/33061_1_22/Img000856.jpg,84.52516228070175,-9.0,-8.0,-1476.0,-1477.0,,估计同步待核验
XY_Y-09-0.1-02,Y,0.2,857,XY/袁-20250529/Y-09-0.1-02/Test1/33061_1_22/Img000857.jpg,84.6232933114035,-9.0,-8.0,-1476.0,-1478.0,,估计同步待核验
XY_Y-09-0.1-02,Y,0.2,858,XY/袁-20250529/Y-09-0.1-02/Test1/33061_1_22/Img000858.jpg,84.72142434210527,-9.0,-7.0,-1476.0,-1477.0,,估计同步待核验
XY_Y-09-0.1-02,Y,0.2,859,XY/袁-20250529/Y-09-0.1-02/Test1/33061_1_22/Img000859.jpg,84.81955537280702,-9.0,-8.0,-1476.0,-1478.0,,估计同步待核验
XY_Y-09-0.1-02,Y,0.2,860,XY/袁-20250529/Y-09-0.1-02/Test1/33061_1_22/Img000860.jpg,84.91768640350878,-9.0,-8.0,-1476.0,-1478.0,,估计同步待核验
XY_Y-09-0.1-02,Y,0.2,861,XY/袁-20250529/Y-09-0.1-02/Test1/33061_1_22/Img000861.jpg,85.01581743421052,-9.0,-8.0,-1476.0,-1478.0,,估计同步待核验
XY_Y-09-0.1-02,Y,0.2,862,XY/袁-20250529/Y-09-0.1-02/Test1/33061_1_22/Img000862.jpg,85.11394846491228,-9.0,-8.0,-1476.0,-1478.0,,估计同步待核验
XY_Y-09-0.1-02,Y,0.2,863,XY/袁-20250529/Y-09-0.1-02/Test1/33061_1_22/Img000863.jpg,85.21207949561403,-8.0,-8.0,-1476.0,-1479.0,,估计同步待核验
XY_Y-09-0.1-02,Y,0.2,864,XY/袁-20250529/Y-09-0.1-02/Test1/33061_1_22/Img000864.jpg,85.31021052631579,-8.0,-8.0,-1477.0,-1478.0,,估计同步待核验
XY_Y-09-0.1-02,Y,0.2,865,XY/袁-20250529/Y-09-0.1-02/Test1/33061_1_22/Img000865.jpg,85.40834155701754,-7.0,-8.0,-1476.0,-1478.0,,估计同步待核验
XY_Y-09-0.1-02,Y,0.2,866,XY/袁-20250529/Y-09-0.1-02/Test1/33061_1_22/Img000866.jpg,85.5064725877193,-7.0,-8.0,-1476.0,-1478.0,,估计同步待核验
XY_Y-09-0.1-02,Y,0.2,867,XY/袁-20250529/Y-09-0.1-02/Test1/33061_1_22/Img000867.jpg,85.60460361842105,-7.792763157899879,-8.0,-1476.39638157895,-1479.0,,估计同步待核验
XY_Y-09-0.1-02,Y,0.2,868,XY/袁-20250529/Y-09-0.1-02/Test1/33061_1_22/Img000868.jpg,85.7027346491228,-9.0,-8.0,-1477.0,-1478.0,,估计同步待核验
XY_Y-09-0.1-02,Y,0.2,869,XY/袁-20250529/Y-09-0.1-02/Test1/33061_1_22/Img000869.jpg,85.80086567982455,-9.0,-8.0,-1477.0,-1478.0,,估计同步待核验
XY_Y-09-0.1-02,Y,0.2,870,XY/袁-20250529/Y-09-0.1-02/Test1/33061_1_22/Img000870.jpg,85.89899671052632,-9.0,-8.0,-1477.0,-1479.0,,估计同步待核验
XY_Y-09-0.1-02,Y,0.2,871,XY/袁-20250529/Y-09-0.1-02/Test1/33061_1_22/Img000871.jpg,85.99712774122807,-9.0,-8.0,-1477.0,-1479.0,,估计同步待核验
XY_Y-09-0.1-02,Y,0.2,872,XY/袁-20250529/Y-09-0.1-02/Test1/33061_1_22/Img000872.jpg,86.09525877192982,-8.0,-7.0,-1477.0,-1479.0,,估计同步待核验
XY_Y-09-0.1-02,Y,0.2,873,XY/袁-20250529/Y-09-0.1-02/Test1/33061_1_22/Img000873.jpg,86.19338980263157,-8.0,-8.0,-1477.0,-1479.0,,估计同步待核验
XY_Y-09-0.1-02,Y,0.2,874,XY/袁-20250529/Y-09-0.1-02/Test1/33061_1_22/Img000874.jpg,86.29152083333334,-8.0,-8.0,-1477.0,-1479.0,,估计同步待核验
XY_Y-09-0.1-02,Y,0.2,875,XY/袁-20250529/Y-09-0.1-02/Test1/33061_1_22/Img000875.jpg,86.38965186403509,-7.0,-8.0,-1477.0,-1479.0,,估计同步待核验
XY_Y-09-0.1-02,Y,0.2,876,XY/袁-20250529/Y-09-0.1-02/Test1/33061_1_22/Img000876.jpg,86.48778289473684,-7.0,-8.0,-1477.0,-1480.0,,估计同步待核验
XY_Y-09-0.1-02,Y,0.2,877,XY/袁-20250529/Y-09-0.1-02/Test1/33061_1_22/Img000877.jpg,86.5859139254386,-7.0,-8.0,-1477.0,-1479.0,,估计同步待核验
XY_Y-09-0.1-02,Y,0.2,878,XY/袁-20250529/Y-09-0.1-02/Test1/33061_1_22/Img000878.jpg,86.68404495614035,-7.0,-8.0,-1477.0,-1478.0,,估计同步待核验
XY_Y-09-0.1-02,Y,0.2,879,XY/袁-20250529/Y-09-0.1-02/Test1/33061_1_22/Img000879.jpg,86.7821759868421,-7.0,-8.0,-1477.0,-1479.0,,估计同步待核验
XY_Y-09-0.1-02,Y,0.2,880,XY/袁-20250529/Y-09-0.1-02/Test1/33061_1_22/Img000880.jpg,86.88030701754386,-8.3859649122812,-8.0,-1477.6929824561405,-1480.0,,估计同步待核验
XY_Y-09-0.1-02,Y,0.2,881,XY/袁-20250529/Y-09-0.1-02/Test1/33061_1_22/Img000881.jpg,86.97843804824562,-9.0,-8.0,-1478.0,-1479.0,,估计同步待核验
XY_Y-09-0.1-02,Y,0.2,882,XY/袁-20250529/Y-09-0.1-02/Test1/33061_1_22/Img000882.jpg,87.07656907894736,-8.0,-8.0,-1477.0,-1479.0,,估计同步待核验
XY_Y-09-0.1-02,Y,0.2,883,XY/袁-20250529/Y-09-0.1-02/Test1/33061_1_22/Img000883.jpg,87.17470010964912,-8.0,-8.0,-1478.0,-1479.0,,估计同步待核验
XY_Y-09-0.1-02,Y,0.2,884,XY/袁-20250529/Y-09-0.1-02/Test1/33061_1_22/Img000884.jpg,87.27283114035087,-7.0,-8.0,-1477.0,-1479.0,,估计同步待核验
XY_Y-09-0.1-02,Y,0.2,885,XY/袁-20250529/Y-09-0.1-02/Test1/33061_1_22/Img000885.jpg,87.37096217105264,-7.0,-8.0,-1478.0,-1480.0,,估计同步待核验
XY_Y-09-0.1-02,Y,0.2,886,XY/袁-20250529/Y-09-0.1-02/Test1/33061_1_22/Img000886.jpg,87.46909320175438,-7.0,-8.0,-1477.0,-1479.0,,估计同步待核验
XY_Y-09-0.1-02,Y,0.2,887,XY/袁-20250529/Y-09-0.1-02/Test1/33061_1_22/Img000887.jpg,87.56722423245614,-7.0,-8.0,-1477.0,-1479.0,,估计同步待核验
XY_Y-09-0.1-02,Y,0.2,888,XY/袁-20250529/Y-09-0.1-02/Test1/33061_1_22/Img000888.jpg,87.66535526315789,-7.0,-8.0,-1478.0,-1480.0,,估计同步待核验
XY_Y-09-0.1-02,Y,0.2,889,XY/袁-20250529/Y-09-0.1-02/Test1/33061_1_22/Img000889.jpg,87.76348629385964,-7.0,-8.0,-1477.0,-1480.0,,估计同步待核验
XY_Y-09-0.1-02,Y,0.2,890,XY/袁-20250529/Y-09-0.1-02/Test1/33061_1_22/Img000890.jpg,87.8616173245614,-7.0,-8.0,-1478.0,-1479.0,,估计同步待核验
XY_Y-09-0.1-02,Y,0.2,891,XY/袁-20250529/Y-09-0.1-02/Test1/33061_1_22/Img000891.jpg,87.95974835526316,-8.0,-8.0,-1478.0,-1480.0,,估计同步待核验
XY_Y-09-0.1-02,Y,0.2,892,XY/袁-20250529/Y-09-0.1-02/Test1/33061_1_22/Img000892.jpg,88.05787938596491,-8.0,-8.879385964903243,-1478.0,-1480.0,,估计同步待核验
XY_Y-09-0.1-02,Y,0.2,893,XY/袁-20250529/Y-09-0.1-02/Test1/33061_1_22/Img000893.jpg,88.15601041666666,-7.0104166666546766,-8.0,-1478.0,-1480.0,,估计同步待核验
XY_Y-09-0.1-02,Y,0.2,894,XY/袁-20250529/Y-09-0.1-02/Test1/33061_1_22/Img000894.jpg,88.25414144736843,-7.0,-9.0,-1478.0,-1480.0,,估计同步待核验
XY_Y-09-0.1-02,Y,0.2,895,XY/袁-20250529/Y-09-0.1-02/Test1/33061_1_22/Img000895.jpg,88.35227247807018,-7.0,-8.0,-1478.0,-1480.0,,估计同步待核验
XY_Y-09-0.1-02,Y,0.2,896,XY/袁-20250529/Y-09-0.1-02/Test1/33061_1_22/Img000896.jpg,88.45040350877193,-7.0,-9.0,-1478.0,-1480.0,,估计同步待核验
XY_Y-09-0.1-02,Y,0.2,897,XY/袁-20250529/Y-09-0.1-02/Test1/33061_1_22/Img000897.jpg,88.54853453947368,-7.0,-8.0,-1477.0,-1480.0,,估计同步待核验
XY_Y-09-0.1-02,Y,0.2,898,XY/袁-20250529/Y-09-0.1-02/Test1/33061_1_22/Img000898.jpg,88.64666557017544,-7.0,-8.0,-1478.0,-1480.0,,估计同步待核验
XY_Y-09-0.1-02,Y,0.2,899,XY/袁-20250529/Y-09-0.1-02/Test1/33061_1_22/Img000899.jpg,88.7447966008772,-7.0,-8.0,-1477.0,-1480.0,,估计同步待核验
XY_Y-09-0.1-02,Y,0.2,900,XY/袁-20250529/Y-09-0.1-02/Test1/33061_1_22/Img000900.jpg,88.84292763157895,-8.0,-8.0,-1478.0,-1480.0,,估计同步待核验
XY_Y-09-0.1-02,Y,0.2,901,XY/袁-20250529/Y-09-0.1-02/Test1/33061_1_22/Img000901.jpg,88.9410586622807,-8.0,-8.0,-1478.0,-1480.0,,估计同步待核验
XY_Y-09-0.1-02,Y,0.2,902,XY/袁-20250529/Y-09-0.1-02/Test1/33061_1_22/Img000902.jpg,89.03918969298246,-8.0,-8.0,-1478.0,-1480.0,,估计同步待核验
XY_Y-09-0.1-02,Y,0.2,903,XY/袁-20250529/Y-09-0.1-02/Test1/33061_1_22/Img000903.jpg,89.13732072368421,-9.0,-8.0,-1478.0,-1480.0,,估计同步待核验
XY_Y-09-0.1-02,Y,0.2,904,XY/袁-20250529/Y-09-0.1-02/Test1/33061_1_22/Img000904.jpg,89.23545175438596,-9.0,-8.0,-1479.0,-1481.0,,估计同步待核验
XY_Y-09-0.1-02,Y,0.2,905,XY/袁-20250529/Y-09-0.1-02/Test1/33061_1_22/Img000905.jpg,89.33358278508771,-8.165570175425165,-8.417214912287417,-1478.0,-1480.0,,估计同步待核验
XY_Y-09-0.1-02,Y,0.2,906,XY/袁-20250529/Y-09-0.1-02/Test1/33061_1_22/Img000906.jpg,89.43171381578948,-7.0,-8.0,-1478.0,-1481.0,,估计同步待核验
XY_Y-09-0.1-02,Y,0.2,907,XY/袁-20250529/Y-09-0.1-02/Test1/33061_1_22/Img000907.jpg,89.52984484649122,-7.0,-8.0,-1478.0,-1480.0,,估计同步待核验
XY_Y-09-0.1-02,Y,0.2,908,XY/袁-20250529/Y-09-0.1-02/Test1/33061_1_22/Img000908.jpg,89.62797587719298,-7.0,-9.0,-1478.0,-1480.0,,估计同步待核验
XY_Y-09-0.1-02,Y,0.2,909,XY/袁-20250529/Y-09-0.1-02/Test1/33061_1_22/Img000909.jpg,89.72610690789473,-7.0,-8.0,-1479.0,-1480.0,,估计同步待核验
XY_Y-09-0.1-02,Y,0.2,910,XY/袁-20250529/Y-09-0.1-02/Test1/33061_1_22/Img000910.jpg,89.8242379385965,-8.0,-8.0,-1479.0,-1481.0,,估计同步待核验
XY_Y-09-0.1-02,Y,0.2,911,XY/袁-20250529/Y-09-0.1-02/Test1/33061_1_22/Img000911.jpg,89.92236896929825,-8.0,-8.0,-1478.0,-1480.0,,估计同步待核验
XY_Y-09-0.1-02,Y,0.2,912,XY/袁-20250529/Y-09-0.1-02/Test1/33061_1_22/Img000912.jpg,90.0205,-9.0,-8.0,-1479.0,-1481.0,,估计同步待核验
XY_Y-09-0.1-02,Y,0.2,913,XY/袁-20250529/Y-09-0.1-02/Test1/33061_1_22/Img000913.jpg,90.11863103070175,-9.0,-8.0,-1479.0,-1481.0,,估计同步待核验
XY_Y-09-0.1-02,Y,0.2,914,XY/袁-20250529/Y-09-0.1-02/Test1/33061_1_22/Img000914.jpg,90.21676206140351,-9.0,-8.0,-1479.0,-1481.0,,估计同步待核验
XY_Y-09-0.1-02,Y,0.2,915,XY/袁-20250529/Y-09-0.1-02/Test1/33061_1_22/Img000915.jpg,90.31489309210527,-9.0,-7.0,-1479.0,-1481.0,,估计同步待核验
XY_Y-09-0.1-02,Y,0.2,916,XY/袁-20250529/Y-09-0.1-02/Test1/33061_1_22/Img000916.jpg,90.413024122807,-9.0,-8.0,-1479.0,-1480.0,,估计同步待核验
XY_Y-09-0.1-02,Y,0.2,917,XY/袁-20250529/Y-09-0.1-02/Test1/33061_1_22/Img000917.jpg,90.51115515350877,-9.0,-8.0,-1479.0,-1481.0,,估计同步待核验
XY_Y-09-0.1-02,Y,0.2,918,XY/袁-20250529/Y-09-0.1-02/Test1/33061_1_22/Img000918.jpg,90.60928618421052,-7.572368421043843,-8.0,-1479.0,-1481.0,,估计同步待核验
XY_Y-09-0.1-02,Y,0.2,919,XY/袁-20250529/Y-09-0.1-02/Test1/33061_1_22/Img000919.jpg,90.70741721491228,-8.0,-8.0,-1479.0,-1481.0,,估计同步待核验
XY_Y-09-0.1-02,Y,0.2,920,XY/袁-20250529/Y-09-0.1-02/Test1/33061_1_22/Img000920.jpg,90.80554824561403,-8.0,-8.0,-1479.0,-1481.0,,估计同步待核验
XY_Y-09-0.1-02,Y,0.2,921,XY/袁-20250529/Y-09-0.1-02/Test1/33061_1_22/Img000921.jpg,90.9036792763158,-8.0,-8.0,-1479.0,-1480.0,,估计同步待核验
XY_Y-09-0.1-02,Y,0.2,922,XY/袁-20250529/Y-09-0.1-02/Test1/33061_1_22/Img000922.jpg,91.00181030701755,-9.0,-8.0,-1479.0,-1481.0,,估计同步待核验
XY_Y-09-0.1-02,Y,0.2,923,XY/袁-20250529/Y-09-0.1-02/Test1/33061_1_22/Img000923.jpg,91.09994133771929,-9.0,-8.0,-1480.0,-1482.0,,估计同步待核验
XY_Y-09-0.1-02,Y,0.2,924,XY/袁-20250529/Y-09-0.1-02/Test1/33061_1_22/Img000924.jpg,91.19807236842105,-9.0,-8.0,-1480.0,-1481.0,,估计同步待核验
XY_Y-09-0.1-02,Y,0.2,925,XY/袁-20250529/Y-09-0.1-02/Test1/33061_1_22/Img000925.jpg,91.2962033991228,-9.0,-8.0,-1480.0,-1481.0,,估计同步待核验
XY_Y-09-0.1-02,Y,0.2,926,XY/袁-20250529/Y-09-0.1-02/Test1/33061_1_22/Img000926.jpg,91.39433442982455,-9.0,-8.0,-1480.0,-1482.0,,估计同步待核验
XY_Y-09-0.1-02,Y,0.2,927,XY/袁-20250529/Y-09-0.1-02/Test1/33061_1_22/Img000927.jpg,91.49246546052632,-9.0,-7.0,-1480.0,-1482.0,,估计同步待核验
XY_Y-09-0.1-02,Y,0.2,928,XY/袁-20250529/Y-09-0.1-02/Test1/33061_1_22/Img000928.jpg,91.59059649122807,-9.0,-8.0,-1480.0,-1482.0,,估计同步待核验
XY_Y-09-0.1-02,Y,0.2,929,XY/袁-20250529/Y-09-0.1-02/Test1/33061_1_22/Img000929.jpg,91.68872752192983,-8.0,-8.0,-1480.0,-1481.0,,估计同步待核验
XY_Y-09-0.1-02,Y,0.2,930,XY/袁-20250529/Y-09-0.1-02/Test1/33061_1_22/Img000930.jpg,91.78685855263157,-8.0,-8.0,-1480.0,-1482.0,,估计同步待核验
XY_Y-09-0.1-02,Y,0.2,931,XY/袁-20250529/Y-09-0.1-02/Test1/33061_1_22/Img000931.jpg,91.88498958333332,-9.0,-8.0,-1480.0,-1482.0,,估计同步待核验
XY_Y-09-0.1-02,Y,0.2,932,XY/袁-20250529/Y-09-0.1-02/Test1/33061_1_22/Img000932.jpg,91.98312061403509,-9.0,-8.0,-1480.0,-1482.0,,估计同步待核验
XY_Y-09-0.1-02,Y,0.2,933,XY/袁-20250529/Y-09-0.1-02/Test1/33061_1_22/Img000933.jpg,92.08125164473684,-9.0,-8.0,-1480.0,-1481.0,,估计同步待核验
XY_Y-09-0.1-02,Y,0.2,934,XY/袁-20250529/Y-09-0.1-02/Test1/33061_1_22/Img000934.jpg,92.1793826754386,-9.0,-8.0,-1480.0,-1482.0,,估计同步待核验
XY_Y-09-0.1-02,Y,0.2,935,XY/袁-20250529/Y-09-0.1-02/Test1/33061_1_22/Img000935.jpg,92.27751370614035,-9.0,-8.0,-1481.0,-1483.0,,估计同步待核验
XY_Y-09-0.1-02,Y,0.2,936,XY/袁-20250529/Y-09-0.1-02/Test1/33061_1_22/Img000936.jpg,92.3756447368421,-9.0,-8.0,-1481.0,-1482.0,,估计同步待核验
XY_Y-09-0.1-02,Y,0.2,937,XY/袁-20250529/Y-09-0.1-02/Test1/33061_1_22/Img000937.jpg,92.47377576754384,-9.0,-8.0,-1481.0,-1482.0,,估计同步待核验
XY_Y-09-0.1-02,Y,0.2,938,XY/袁-20250529/Y-09-0.1-02/Test1/33061_1_22/Img000938.jpg,92.5719067982456,-9.0,-8.0,-1481.0,-1483.0,,估计同步待核验
XY_Y-09-0.1-02,Y,0.2,939,XY/袁-20250529/Y-09-0.1-02/Test1/33061_1_22/Img000939.jpg,92.67003782894736,-9.0,-8.0,-1481.0,-1483.0,,估计同步待核验
XY_Y-09-0.1-02,Y,0.2,940,XY/袁-20250529/Y-09-0.1-02/Test1/33061_1_22/Img000940.jpg,92.76816885964912,-8.0,-8.0,-1481.0,-1483.0,,估计同步待核验
XY_Y-09-0.1-02,Y,0.2,941,XY/袁-20250529/Y-09-0.1-02/Test1/33061_1_22/Img000941.jpg,92.86629989035087,-8.0,-8.0,-1481.0,-1483.0,,估计同步待核验
XY_Y-09-0.1-02,Y,0.2,942,XY/袁-20250529/Y-09-0.1-02/Test1/33061_1_22/Img000942.jpg,92.96443092105264,-7.0,-8.0,-1481.0,-1483.0,,估计同步待核验
XY_Y-09-0.1-02,Y,0.2,943,XY/袁-20250529/Y-09-0.1-02/Test1/33061_1_22/Img000943.jpg,93.06256195175439,-7.87609649122137,-8.0,-1481.0,-1483.0,,估计同步待核验
XY_Y-09-0.1-02,Y,0.2,944,XY/袁-20250529/Y-09-0.1-02/Test1/33061_1_22/Img000944.jpg,93.16069298245615,-9.0,-8.0,-1482.0,-1483.0,,估计同步待核验
XY_Y-09-0.1-02,Y,0.2,945,XY/袁-20250529/Y-09-0.1-02/Test1/33061_1_22/Img000945.jpg,93.25882401315789,-9.0,-8.0,-1481.0,-1483.0,,估计同步待核验
XY_Y-09-0.1-02,Y,0.2,946,XY/袁-20250529/Y-09-0.1-02/Test1/33061_1_22/Img000946.jpg,93.35695504385964,-9.0,-8.0,-1482.0,-1483.0,,估计同步待核验
XY_Y-09-0.1-02,Y,0.2,947,XY/袁-20250529/Y-09-0.1-02/Test1/33061_1_22/Img000947.jpg,93.4550860745614,-9.0,-8.0,-1482.0,-1484.0,,估计同步待核验
XY_Y-09-0.1-02,Y,0.2,948,XY/袁-20250529/Y-09-0.1-02/Test1/33061_1_22/Img000948.jpg,93.55321710526316,-8.0,-8.0,-1482.0,-1483.0,,估计同步待核验
XY_Y-09-0.1-02,Y,0.2,949,XY/袁-20250529/Y-09-0.1-02/Test1/33061_1_22/Img000949.jpg,93.65134813596491,-8.0,-8.0,-1482.0,-1483.0,,估计同步待核验
XY_Y-09-0.1-02,Y,0.2,950,XY/袁-20250529/Y-09-0.1-02/Test1/33061_1_22/Img000950.jpg,93.74947916666667,-8.0,-8.0,-1482.0,-1484.0,,估计同步待核验
XY_Y-09-0.1-02,Y,0.2,951,XY/袁-20250529/Y-09-0.1-02/Test1/33061_1_22/Img000951.jpg,93.84761019736843,-7.0,-8.0,-1482.0,-1484.0,,估计同步待核验
XY_Y-09-0.1-02,Y,0.2,952,XY/袁-20250529/Y-09-0.1-02/Test1/33061_1_22/Img000952.jpg,93.94574122807016,-7.0,-8.0,-1482.0,-1484.0,,估计同步待核验
XY_Y-09-0.1-02,Y,0.2,953,XY/袁-20250529/Y-09-0.1-02/Test1/33061_1_22/Img000953.jpg,94.04387225877193,-7.0,-8.0,-1482.0,-1484.0,,估计同步待核验
XY_Y-09-0.1-02,Y,0.2,954,XY/袁-20250529/Y-09-0.1-02/Test1/33061_1_22/Img000954.jpg,94.14200328947368,-7.0,-8.0,-1481.0,-1483.0,,估计同步待核验
XY_Y-09-0.1-02,Y,0.2,955,XY/袁-20250529/Y-09-0.1-02/Test1/33061_1_22/Img000955.jpg,94.24013432017544,-7.0,-8.0,-1482.0,-1484.0,,估计同步待核验
XY_Y-09-0.1-02,Y,0.2,956,XY/袁-20250529/Y-09-0.1-02/Test1/33061_1_22/Img000956.jpg,94.3382653508772,-8.46929824560269,-8.0,-1482.7346491228013,-1484.0,,估计同步待核验
XY_Y-09-0.1-02,Y,0.2,957,XY/袁-20250529/Y-09-0.1-02/Test1/33061_1_22/Img000957.jpg,94.43639638157894,-9.0,-8.0,-1483.0,-1485.0,,估计同步待核验
XY_Y-09-0.1-02,Y,0.2,958,XY/袁-20250529/Y-09-0.1-02/Test1/33061_1_22/Img000958.jpg,94.53452741228071,-9.0,-8.0,-1483.0,-1484.0,,估计同步待核验
XY_Y-09-0.1-02,Y,0.2,959,XY/袁-20250529/Y-09-0.1-02/Test1/33061_1_22/Img000959.jpg,94.63265844298245,-8.0,-8.0,-1482.0,-1485.0,,估计同步待核验
XY_Y-09-0.1-02,Y,0.2,960,XY/袁-20250529/Y-09-0.1-02/Test1/33061_1_22/Img000960.jpg,94.7307894736842,-8.0,-8.0,-1483.0,-1485.0,,估计同步待核验
XY_Y-09-0.1-02,Y,0.2,961,XY/袁-20250529/Y-09-0.1-02/Test1/33061_1_22/Img000961.jpg,94.82892050438596,-7.0,-8.0,-1482.0,-1485.0,,估计同步待核验
XY_Y-09-0.1-02,Y,0.2,962,XY/袁-20250529/Y-09-0.1-02/Test1/33061_1_22/Img000962.jpg,94.92705153508771,-7.0,-8.0,-1482.0,-1485.0,,估计同步待核验
XY_Y-09-0.1-02,Y,0.2,963,XY/袁-20250529/Y-09-0.1-02/Test1/33061_1_22/Img000963.jpg,95.02518256578948,-7.0,-8.0,-1482.0,-1484.0,,估计同步待核验
XY_Y-09-0.1-02,Y,0.2,964,XY/袁-20250529/Y-09-0.1-02/Test1/33061_1_22/Img000964.jpg,95.12331359649123,-6.0,-8.0,-1483.0,-1485.0,,估计同步待核验
XY_Y-09-0.1-02,Y,0.2,965,XY/袁-20250529/Y-09-0.1-02/Test1/33061_1_22/Img000965.jpg,95.221444627193,-7.0,-8.0,-1483.0,-1485.0,,估计同步待核验
XY_Y-09-0.1-02,Y,0.2,966,XY/袁-20250529/Y-09-0.1-02/Test1/33061_1_22/Img000966.jpg,95.31957565789473,-7.0,-8.0,-1483.0,-1485.0,,估计同步待核验
XY_Y-09-0.1-02,Y,0.2,967,XY/袁-20250529/Y-09-0.1-02/Test1/33061_1_22/Img000967.jpg,95.41770668859648,-7.0,-8.0,-1483.0,-1485.0,,估计同步待核验
XY_Y-09-0.1-02,Y,0.2,968,XY/袁-20250529/Y-09-0.1-02/Test1/33061_1_22/Img000968.jpg,95.51583771929825,-7.162280701757503,-8.837719298242497,-1483.0,-1484.1622807017575,,估计同步待核验
XY_Y-09-0.1-02,Y,0.2,969,XY/袁-20250529/Y-09-0.1-02/Test1/33061_1_22/Img000969.jpg,95.61396875,-8.0,-8.0,-1483.0,-1485.0,,估计同步待核验
XY_Y-09-0.1-02,Y,0.2,970,XY/袁-20250529/Y-09-0.1-02/Test1/33061_1_22/Img000970.jpg,95.71209978070175,-8.0,-8.0,-1483.0,-1485.0,,估计同步待核验
XY_Y-09-0.1-02,Y,0.2,971,XY/袁-20250529/Y-09-0.1-02/Test1/33061_1_22/Img000971.jpg,95.81023081140351,-7.0,-8.0,-1483.0,-1484.0,,估计同步待核验
XY_Y-09-0.1-02,Y,0.2,972,XY/袁-20250529/Y-09-0.1-02/Test1/33061_1_22/Img000972.jpg,95.90836184210526,-7.0,-8.0,-1483.0,-1485.0,,估计同步待核验
XY_Y-09-0.1-02,Y,0.2,973,XY/袁-20250529/Y-09-0.1-02/Test1/33061_1_22/Img000973.jpg,96.006492872807,-7.0,-8.0,-1483.0,-1485.0,,估计同步待核验
XY_Y-09-0.1-02,Y,0.2,974,XY/袁-20250529/Y-09-0.1-02/Test1/33061_1_22/Img000974.jpg,96.10462390350877,-7.0,-8.0,-1484.0,-1485.0,,估计同步待核验
XY_Y-09-0.1-02,Y,0.2,975,XY/袁-20250529/Y-09-0.1-02/Test1/33061_1_22/Img000975.jpg,96.20275493421052,-7.0,-8.0,-1483.0,-1485.0,,估计同步待核验
XY_Y-09-0.1-02,Y,0.2,976,XY/袁-20250529/Y-09-0.1-02/Test1/33061_1_22/Img000976.jpg,96.30088596491228,-7.0,-9.0,-1483.0,-1485.0,,估计同步待核验
XY_Y-09-0.1-02,Y,0.2,977,XY/袁-20250529/Y-09-0.1-02/Test1/33061_1_22/Img000977.jpg,96.39901699561403,-7.0,-8.0,-1483.0,-1485.0,,估计同步待核验
XY_Y-09-0.1-02,Y,0.2,978,XY/袁-20250529/Y-09-0.1-02/Test1/33061_1_22/Img000978.jpg,96.4971480263158,-8.0,-8.0,-1483.0,-1486.0,,估计同步待核验
XY_Y-09-0.1-02,Y,0.2,979,XY/袁-20250529/Y-09-0.1-02/Test1/33061_1_22/Img000979.jpg,96.59527905701755,-8.0,-8.0,-1483.0,-1485.0,,估计同步待核验
XY_Y-09-0.1-02,Y,0.2,980,XY/袁-20250529/Y-09-0.1-02/Test1/33061_1_22/Img000980.jpg,96.69341008771929,-9.0,-8.0,-1483.0,-1485.0,,估计同步待核验
XY_Y-09-0.1-02,Y,0.2,981,XY/袁-20250529/Y-09-0.1-02/Test1/33061_1_22/Img000981.jpg,96.79154111842105,-8.082236842103674,-8.0,-1483.0,-1485.0,,估计同步待核验
XY_Y-09-0.1-02,Y,0.2,982,XY/袁-20250529/Y-09-0.1-02/Test1/33061_1_22/Img000982.jpg,96.8896721491228,-7.0,-8.0,-1484.0,-1486.0,,估计同步待核验
XY_Y-09-0.1-02,Y,0.2,983,XY/袁-20250529/Y-09-0.1-02/Test1/33061_1_22/Img000983.jpg,96.98780317982455,-7.0,-8.0,-1483.0,-1485.0,,估计同步待核验
XY_Y-09-0.1-02,Y,0.2,984,XY/袁-20250529/Y-09-0.1-02/Test1/33061_1_22/Img000984.jpg,97.08593421052632,-7.0,-8.0,-1483.0,-1485.0,,估计同步待核验
XY_Y-09-0.1-02,Y,0.2,985,XY/袁-20250529/Y-09-0.1-02/Test1/33061_1_22/Img000985.jpg,97.18406524122807,-7.0,-8.0,-1483.0,-1485.0,,估计同步待核验
XY_Y-09-0.1-02,Y,0.2,986,XY/袁-20250529/Y-09-0.1-02/Test1/33061_1_22/Img000986.jpg,97.28219627192983,-7.0,-8.0,-1483.0,-1485.0,,估计同步待核验
XY_Y-09-0.1-02,Y,0.2,987,XY/袁-20250529/Y-09-0.1-02/Test1/33061_1_22/Img000987.jpg,97.38032730263157,-7.0,-8.0,-1484.0,-1486.0,,估计同步待核验
XY_Y-09-0.1-02,Y,0.2,988,XY/袁-20250529/Y-09-0.1-02/Test1/33061_1_22/Img000988.jpg,97.47845833333332,-8.0,-8.0,-1484.0,-1485.0,,估计同步待核验
XY_Y-09-0.1-02,Y,0.2,989,XY/袁-20250529/Y-09-0.1-02/Test1/33061_1_22/Img000989.jpg,97.57658936403509,-8.0,-8.0,-1484.0,-1486.0,,估计同步待核验
XY_Y-09-0.1-02,Y,0.2,990,XY/袁-20250529/Y-09-0.1-02/Test1/33061_1_22/Img000990.jpg,97.67472039473684,-9.0,-8.0,-1484.0,-1486.0,,估计同步待核验
XY_Y-09-0.1-02,Y,0.2,991,XY/袁-20250529/Y-09-0.1-02/Test1/33061_1_22/Img000991.jpg,97.7728514254386,-9.0,-8.0,-1484.0,-1486.0,,估计同步待核验
XY_Y-09-0.1-02,Y,0.2,992,XY/袁-20250529/Y-09-0.1-02/Test1/33061_1_22/Img000992.jpg,97.87098245614035,-9.0,-8.0,-1484.0,-1485.0,,估计同步待核验
XY_Y-09-0.1-02,Y,0.2,993,XY/袁-20250529/Y-09-0.1-02/Test1/33061_1_22/Img000993.jpg,97.9691134868421,-9.0,-8.0,-1484.0,-1485.0,,估计同步待核验
XY_Y-09-0.1-02,Y,0.2,994,XY/袁-20250529/Y-09-0.1-02/Test1/33061_1_22/Img000994.jpg,98.06724451754384,-7.489035087693931,-8.0,-1484.0,-1485.0,,估计同步待核验
XY_Y-09-0.1-02,Y,0.2,995,XY/袁-20250529/Y-09-0.1-02/Test1/33061_1_22/Img000995.jpg,98.1653755482456,-7.0,-8.0,-1484.0,-1486.0,,估计同步待核验
XY_Y-09-0.1-02,Y,0.2,996,XY/袁-20250529/Y-09-0.1-02/Test1/33061_1_22/Img000996.jpg,98.26350657894736,-7.0,-8.0,-1483.0,-1485.0,,估计同步待核验
XY_Y-09-0.1-02,Y,0.2,997,XY/袁-20250529/Y-09-0.1-02/Test1/33061_1_22/Img000997.jpg,98.36163760964912,-8.0,-8.0,-1484.0,-1485.0,,估计同步待核验
XY_Y-09-0.1-02,Y,0.2,998,XY/袁-20250529/Y-09-0.1-02/Test1/33061_1_22/Img000998.jpg,98.45976864035087,-8.0,-8.0,-1484.0,-1486.0,,估计同步待核验
XY_Y-09-0.1-02,Y,0.2,999,XY/袁-20250529/Y-09-0.1-02/Test1/33061_1_22/Img000999.jpg,98.55789967105264,-8.0,-8.0,-1484.0,-1486.0,,估计同步待核验
XY_Y-09-0.1-02,Y,0.2,1000,XY/袁-20250529/Y-09-0.1-02/Test1/33061_1_22/Img001000.jpg,98.65603070175439,-9.0,-8.0,-1484.0,-1486.0,,估计同步待核验
XY_Y-09-0.1-02,Y,0.2,1001,XY/袁-20250529/Y-09-0.1-02/Test1/33061_1_22/Img001001.jpg,98.75416173245615,-9.0,-8.0,-1484.0,-1485.0,,估计同步待核验
XY_Y-09-0.1-02,Y,0.2,1002,XY/袁-20250529/Y-09-0.1-02/Test1/33061_1_22/Img001002.jpg,98.85229276315789,-9.0,-8.0,-1484.0,-1486.0,,估计同步待核验
XY_Y-09-0.1-02,Y,0.2,1003,XY/袁-20250529/Y-09-0.1-02/Test1/33061_1_22/Img001003.jpg,98.95042379385964,-10.0,-8.0,-1484.0,-1486.0,,估计同步待核验
XY_Y-09-0.1-02,Y,0.2,1004,XY/袁-20250529/Y-09-0.1-02/Test1/33061_1_22/Img001004.jpg,99.04855482456139,-9.0,-8.0,-1485.0,-1486.0,,估计同步待核验
XY_Y-09-0.1-02,Y,0.2,1005,XY/袁-20250529/Y-09-0.1-02/Test1/33061_1_22/Img001005.jpg,99.14668585526316,-9.0,-8.0,-1484.0,-1486.0,,估计同步待核验
XY_Y-09-0.1-02,Y,0.2,1006,XY/袁-20250529/Y-09-0.1-02/Test1/33061_1_22/Img001006.jpg,99.24481688596491,-8.633771929810038,-8.0,-1484.0,-1486.0,,估计同步待核验
XY_Y-09-0.1-02,Y,0.2,1007,XY/袁-20250529/Y-09-0.1-02/Test1/33061_1_22/Img001007.jpg,99.34294791666667,-7.0,-8.0,-1484.0,-1486.0,,估计同步待核验
XY_Y-09-0.1-02,Y,0.2,1008,XY/袁-20250529/Y-09-0.1-02/Test1/33061_1_22/Img001008.jpg,99.44107894736842,-8.0,-8.0,-1484.0,-1486.0,,估计同步待核验
XY_Y-09-0.1-02,Y,0.2,1009,XY/袁-20250529/Y-09-0.1-02/Test1/33061_1_22/Img001009.jpg,99.53920997807016,-9.0,-8.0,-1484.0,-1486.0,,估计同步待核验
XY_Y-09-0.1-02,Y,0.2,1010,XY/袁-20250529/Y-09-0.1-02/Test1/33061_1_22/Img001010.jpg,99.63734100877193,-9.0,-8.0,-1485.0,-1486.0,,估计同步待核验
XY_Y-09-0.1-02,Y,0.2,1011,XY/袁-20250529/Y-09-0.1-02/Test1/33061_1_22/Img001011.jpg,99.73547203947368,-9.0,-8.0,-1485.0,-1486.0,,估计同步待核验
XY_Y-09-0.1-02,Y,0.2,1012,XY/袁-20250529/Y-09-0.1-02/Test1/33061_1_22/Img001012.jpg,99.83360307017544,-9.0,-8.0,-1485.0,-1487.0,,估计同步待核验
XY_Y-09-0.1-02,Y,0.2,1013,XY/袁-20250529/Y-09-0.1-02/Test1/33061_1_22/Img001013.jpg,99.9317341008772,-9.0,-8.0,-1484.0,-1486.0,,估计同步待核验
XY_Y-09-0.1-02,Y,0.2,1014,XY/袁-20250529/Y-09-0.1-02/Test1/33061_1_22/Img001014.jpg,100.02986513157894,-9.0,-8.0,-1485.0,-1486.0,,估计同步待核验
XY_Y-09-0.1-02,Y,0.2,1015,XY/袁-20250529/Y-09-0.1-02/Test1/33061_1_22/Img001015.jpg,100.12799616228071,-9.0,-8.0,-1485.0,-1486.0,,估计同步待核验
XY_Y-09-0.1-02,Y,0.2,1016,XY/袁-20250529/Y-09-0.1-02/Test1/33061_1_22/Img001016.jpg,100.22612719298245,-9.0,-8.0,-1485.0,-1487.0,,估计同步待核验
XY_Y-09-0.1-02,Y,0.2,1017,XY/袁-20250529/Y-09-0.1-02/Test1/33061_1_22/Img001017.jpg,100.3242582236842,-8.0,-7.0,-1485.0,-1487.0,,估计同步待核验
XY_Y-09-0.1-02,Y,0.2,1018,XY/袁-20250529/Y-09-0.1-02/Test1/33061_1_22/Img001018.jpg,100.42238925438596,-8.0,-8.0,-1485.0,-1486.0,,估计同步待核验
XY_Y-09-0.1-02,Y,0.2,1019,XY/袁-20250529/Y-09-0.1-02/Test1/33061_1_22/Img001019.jpg,100.52052028508771,-8.0,-8.0,-1485.0,-1487.0,,估计同步待核验
XY_Y-09-0.1-02,Y,0.2,1020,XY/袁-20250529/Y-09-0.1-02/Test1/33061_1_22/Img001020.jpg,100.61865131578948,-8.348684210520146,-8.0,-1485.0,-1487.0,,估计同步待核验
XY_Y-09-0.1-02,Y,0.2,1021,XY/袁-20250529/Y-09-0.1-02/Test1/33061_1_22/Img001021.jpg,100.71678234649123,-9.0,-8.0,-1485.0,-1487.0,,估计同步待核验
XY_Y-09-0.1-02,Y,0.2,1022,XY/袁-20250529/Y-09-0.1-02/Test1/33061_1_22/Img001022.jpg,100.814913377193,-9.0,-7.0,-1485.0,-1486.0,,估计同步待核验
XY_Y-09-0.1-02,Y,0.2,1023,XY/袁-20250529/Y-09-0.1-02/Test1/33061_1_22/Img001023.jpg,100.91304440789473,-9.0,-8.0,-1485.0,-1487.0,,估计同步待核验
XY_Y-09-0.1-02,Y,0.2,1024,XY/袁-20250529/Y-09-0.1-02/Test1/33061_1_22/Img001024.jpg,101.01117543859648,-9.0,-8.0,-1485.0,-1487.0,,估计同步待核验
XY_Y-09-0.1-02,Y,0.2,1025,XY/袁-20250529/Y-09-0.1-02/Test1/33061_1_22/Img001025.jpg,101.10930646929825,-9.0,-8.0,-1485.0,-1487.0,,估计同步待核验
XY_Y-09-0.1-02,Y,0.2,1026,XY/袁-20250529/Y-09-0.1-02/Test1/33061_1_22/Img001026.jpg,101.2074375,-9.0,-8.0,-1485.0,-1486.0,,估计同步待核验
XY_Y-09-0.1-02,Y,0.2,1027,XY/袁-20250529/Y-09-0.1-02/Test1/33061_1_22/Img001027.jpg,101.30556853070175,-8.0,-8.0,-1485.0,-1487.0,,估计同步待核验
XY_Y-09-0.1-02,Y,0.2,1028,XY/袁-20250529/Y-09-0.1-02/Test1/33061_1_22/Img001028.jpg,101.40369956140351,-8.0,-8.0,-1485.0,-1488.0,,估计同步待核验
XY_Y-09-0.1-02,Y,0.2,1029,XY/袁-20250529/Y-09-0.1-02/Test1/33061_1_22/Img001029.jpg,101.50183059210526,-8.0,-8.0,-1485.0,-1487.0,,估计同步待核验
XY_Y-09-0.1-02,Y,0.2,1030,XY/袁-20250529/Y-09-0.1-02/Test1/33061_1_22/Img001030.jpg,101.599961622807,-7.0,-8.0,-1485.0,-1487.0,,估计同步待核验
XY_Y-09-0.1-02,Y,0.2,1031,XY/袁-20250529/Y-09-0.1-02/Test1/33061_1_22/Img001031.jpg,101.69809265350877,-7.0,-8.0,-1485.0,-1487.0,,估计同步待核验
XY_Y-09-0.1-02,Y,0.2,1032,XY/袁-20250529/Y-09-0.1-02/Test1/33061_1_22/Img001032.jpg,101.79622368421052,-7.0,-8.0,-1485.0,-1487.0,,估计同步待核验
XY_Y-09-0.1-02,Y,0.2,1033,XY/袁-20250529/Y-09-0.1-02/Test1/33061_1_22/Img001033.jpg,101.89435471491228,-8.290570175439953,-8.0,-1485.64528508772,-1487.0,,估计同步待核验
XY_Y-09-0.1-02,Y,0.2,1034,XY/袁-20250529/Y-09-0.1-02/Test1/33061_1_22/Img001034.jpg,101.99248574561403,-9.0,-8.0,-1486.0,-1487.0,,估计同步待核验
XY_Y-09-0.1-02,Y,0.2,1035,XY/袁-20250529/Y-09-0.1-02/Test1/33061_1_22/Img001035.jpg,102.0906167763158,-9.0,-8.0,-1485.0,-1487.0,,估计同步待核验
XY_Y-09-0.1-02,Y,0.2,1036,XY/袁-20250529/Y-09-0.1-02/Test1/33061_1_22/Img001036.jpg,102.18874780701755,-9.0,-8.0,-1486.0,-1487.0,,估计同步待核验
XY_Y-09-0.1-02,Y,0.2,1037,XY/袁-20250529/Y-09-0.1-02/Test1/33061_1_22/Img001037.jpg,102.28687883771929,-9.0,-7.0,-1485.0,-1487.0,,估计同步待核验
XY_Y-09-0.1-02,Y,0.2,1038,XY/袁-20250529/Y-09-0.1-02/Test1/33061_1_22/Img001038.jpg,102.38500986842105,-8.0,-8.0,-1485.0,-1487.0,,估计同步待核验
XY_Y-09-0.1-02,Y,0.2,1039,XY/袁-20250529/Y-09-0.1-02/Test1/33061_1_22/Img001039.jpg,102.4831408991228,-7.0,-8.0,-1485.0,-1487.0,,估计同步待核验
XY_Y-09-0.1-02,Y,0.2,1040,XY/袁-20250529/Y-09-0.1-02/Test1/33061_1_22/Img001040.jpg,102.58127192982455,-7.0,-8.0,-1485.0,-1487.0,,估计同步待核验
XY_Y-09-0.1-02,Y,0.2,1041,XY/袁-20250529/Y-09-0.1-02/Test1/33061_1_22/Img001041.jpg,102.67940296052632,-7.0,-8.0,-1485.0,-1487.0,,估计同步待核验
XY_Y-09-0.1-02,Y,0.2,1042,XY/袁-20250529/Y-09-0.1-02/Test1/33061_1_22/Img001042.jpg,102.77753399122807,-7.0,-8.0,-1485.0,-1488.0,,估计同步待核验
XY_Y-09-0.1-02,Y,0.2,1043,XY/袁-20250529/Y-09-0.1-02/Test1/33061_1_22/Img001043.jpg,102.87566502192983,-7.0,-8.0,-1485.0,-1487.0,,估计同步待核验
XY_Y-09-0.1-02,Y,0.2,1044,XY/袁-20250529/Y-09-0.1-02/Test1/33061_1_22/Img001044.jpg,102.97379605263157,-7.0,-9.0,-1485.0,-1487.0,,估计同步待核验
XY_Y-09-0.1-02,Y,0.2,1045,XY/袁-20250529/Y-09-0.1-02/Test1/33061_1_22/Img001045.jpg,103.07192708333332,-7.145833333362347,-8.0,-1485.0,-1487.0,,估计同步待核验
XY_Y-09-0.1-02,Y,0.2,1046,XY/袁-20250529/Y-09-0.1-02/Test1/33061_1_22/Img001046.jpg,103.17005811403509,-8.883771929831354,-8.0,-1486.0,-1488.0,,估计同步待核验
XY_Y-09-0.1-02,Y,0.2,1047,XY/袁-20250529/Y-09-0.1-02/Test1/33061_1_22/Img001047.jpg,103.26818914473684,-8.0,-8.0,-1486.0,-1486.0,,估计同步待核验
XY_Y-09-0.1-02,Y,0.2,1048,XY/袁-20250529/Y-09-0.1-02/Test1/33061_1_22/Img001048.jpg,103.3663201754386,-8.0,-8.0,-1486.0,-1487.0,,估计同步待核验
XY_Y-09-0.1-02,Y,0.2,1049,XY/袁-20250529/Y-09-0.1-02/Test1/33061_1_22/Img001049.jpg,103.46445120614035,-7.0,-8.0,-1485.0,-1487.0,,估计同步待核验
XY_Y-09-0.1-02,Y,0.2,1050,XY/袁-20250529/Y-09-0.1-02/Test1/33061_1_22/Img001050.jpg,103.5625822368421,-7.0,-8.0,-1486.0,-1487.0,,估计同步待核验
XY_Y-09-0.1-02,Y,0.2,1051,XY/袁-20250529/Y-09-0.1-02/Test1/33061_1_22/Img001051.jpg,103.66071326754384,-7.0,-8.0,-1485.0,-1487.0,,估计同步待核验
XY_Y-09-0.1-02,Y,0.2,1052,XY/袁-20250529/Y-09-0.1-02/Test1/33061_1_22/Img001052.jpg,103.7588442982456,-7.0,-8.0,-1486.0,-1487.0,,估计同步待核验
XY_Y-09-0.1-02,Y,0.2,1053,XY/袁-20250529/Y-09-0.1-02/Test1/33061_1_22/Img001053.jpg,103.85697532894736,-7.0,-8.0,-1485.0,-1487.0,,估计同步待核验
XY_Y-09-0.1-02,Y,0.2,1054,XY/袁-20250529/Y-09-0.1-02/Test1/33061_1_22/Img001054.jpg,103.95510635964912,-7.0,-8.0,-1486.0,-1488.0,,估计同步待核验
XY_Y-09-0.1-02,Y,0.2,1055,XY/袁-20250529/Y-09-0.1-02/Test1/33061_1_22/Img001055.jpg,104.05323739035087,-7.0,-8.0,-1485.0,-1487.0,,估计同步待核验
XY_Y-09-0.1-02,Y,0.2,1056,XY/袁-20250529/Y-09-0.1-02/Test1/33061_1_22/Img001056.jpg,104.15136842105264,-7.0,-8.0,-1485.0,-1487.0,,估计同步待核验
XY_Y-09-0.1-02,Y,0.2,1057,XY/袁-20250529/Y-09-0.1-02/Test1/33061_1_22/Img001057.jpg,104.24949945175439,-8.0,-8.0,-1485.0,-1488.0,,估计同步待核验
XY_Y-09-0.1-02,Y,0.2,1058,XY/袁-20250529/Y-09-0.1-02/Test1/33061_1_22/Img001058.jpg,104.34763048245615,-7.630482456156587,-8.0,-1486.0,-1487.3695175438434,,估计同步待核验
XY_Y-09-0.1-02,Y,0.2,1059,XY/袁-20250529/Y-09-0.1-02/Test1/33061_1_22/Img001059.jpg,104.44576151315789,-7.0,-8.0,-1486.0,-1488.0,,估计同步待核验
XY_Y-09-0.1-02,Y,0.2,1060,XY/袁-20250529/Y-09-0.1-02/Test1/33061_1_22/Img001060.jpg,104.54389254385964,-7.0,-8.0,-1486.0,-1487.0,,估计同步待核验
XY_Y-09-0.1-02,Y,0.2,1061,XY/袁-20250529/Y-09-0.1-02/Test1/33061_1_22/Img001061.jpg,104.64202357456139,-7.0,-8.0,-1486.0,-1488.0,,估计同步待核验
XY_Y-09-0.1-02,Y,0.2,1062,XY/袁-20250529/Y-09-0.1-02/Test1/33061_1_22/Img001062.jpg,104.74015460526316,-7.0,-8.0,-1486.0,-1487.0,,估计同步待核验
XY_Y-09-0.1-02,Y,0.2,1063,XY/袁-20250529/Y-09-0.1-02/Test1/33061_1_22/Img001063.jpg,104.83828563596491,-7.0,-8.0,-1485.0,-1488.0,,估计同步待核验
XY_Y-09-0.1-02,Y,0.2,1064,XY/袁-20250529/Y-09-0.1-02/Test1/33061_1_22/Img001064.jpg,104.93641666666667,-7.0,-8.0,-1486.0,-1488.0,,估计同步待核验
XY_Y-09-0.1-02,Y,0.2,1065,XY/袁-20250529/Y-09-0.1-02/Test1/33061_1_22/Img001065.jpg,105.03454769736842,-7.0,-9.0,-1486.0,-1487.0,,估计同步待核验
XY_Y-09-0.1-02,Y,0.2,1066,XY/袁-20250529/Y-09-0.1-02/Test1/33061_1_22/Img001066.jpg,105.13267872807016,-8.0,-8.0,-1486.0,-1487.0,,估计同步待核验
XY_Y-09-0.1-02,Y,0.2,1067,XY/袁-20250529/Y-09-0.1-02/Test1/33061_1_22/Img001067.jpg,105.23080975877193,-8.0,-8.0,-1486.0,-1488.0,,估计同步待核验
XY_Y-09-0.1-02,Y,0.2,1068,XY/袁-20250529/Y-09-0.1-02/Test1/33061_1_22/Img001068.jpg,105.32894078947368,-8.0,-8.0,-1486.0,-1488.0,,估计同步待核验
XY_Y-09-0.1-02,Y,0.2,1069,XY/袁-20250529/Y-09-0.1-02/Test1/33061_1_22/Img001069.jpg,105.42707182017544,-9.0,-8.0,-1486.0,-1487.0,,估计同步待核验
XY_Y-09-0.1-02,Y,0.2,1070,XY/袁-20250529/Y-09-0.1-02/Test1/33061_1_22/Img001070.jpg,105.52520285087719,-9.0,-8.0,-1486.0,-1488.0,,估计同步待核验
XY_Y-09-0.1-02,Y,0.2,1071,XY/袁-20250529/Y-09-0.1-02/Test1/33061_1_22/Img001071.jpg,105.62333388157894,-7.667763157884499,-8.0,-1486.0,-1488.0,,估计同步待核验
XY_Y-09-0.1-02,Y,0.2,1072,XY/袁-20250529/Y-09-0.1-02/Test1/33061_1_22/Img001072.jpg,105.72146491228071,-7.0,-8.0,-1486.0,-1487.0,,估计同步待核验
XY_Y-09-0.1-02,Y,0.2,1073,XY/袁-20250529/Y-09-0.1-02/Test1/33061_1_22/Img001073.jpg,105.81959594298245,-7.0,-8.0,-1486.0,-1487.0,,估计同步待核验
XY_Y-09-0.1-02,Y,0.2,1074,XY/袁-20250529/Y-09-0.1-02/Test1/33061_1_22/Img001074.jpg,105.9177269736842,-7.0,-8.0,-1485.0,-1488.0,,估计同步待核验
XY_Y-09-0.1-02,Y,0.2,1075,XY/袁-20250529/Y-09-0.1-02/Test1/33061_1_22/Img001075.jpg,106.01585800438596,-8.0,-8.0,-1486.0,-1488.0,,估计同步待核验
XY_Y-09-0.1-02,Y,0.2,1076,XY/袁-20250529/Y-09-0.1-02/Test1/33061_1_22/Img001076.jpg,106.11398903508771,-8.0,-8.0,-1486.0,-1488.0,,估计同步待核验
XY_Y-09-0.1-02,Y,0.2,1077,XY/袁-20250529/Y-09-0.1-02/Test1/33061_1_22/Img001077.jpg,106.21212006578948,-8.0,-8.0,-1485.0,-1487.0,,估计同步待核验
XY_Y-09-0.1-02,Y,0.2,1078,XY/袁-20250529/Y-09-0.1-02/Test1/33061_1_22/Img001078.jpg,106.31025109649123,-9.0,-8.0,-1486.0,-1488.0,,估计同步待核验
XY_Y-09-0.1-02,Y,0.2,1079,XY/袁-20250529/Y-09-0.1-02/Test1/33061_1_22/Img001079.jpg,106.408382127193,-9.0,-8.0,-1486.0,-1487.0,,估计同步待核验
XY_Y-09-0.1-02,Y,0.2,1080,XY/袁-20250529/Y-09-0.1-02/Test1/33061_1_22/Img001080.jpg,106.50651315789473,-9.0,-8.0,-1486.0,-1487.0,,估计同步待核验
XY_Y-09-0.1-02,Y,0.2,1081,XY/袁-20250529/Y-09-0.1-02/Test1/33061_1_22/Img001081.jpg,106.60464418859648,-9.0,-8.0,-1486.0,-1488.0,,估计同步待核验
XY_Y-09-0.1-02,Y,0.2,1082,XY/袁-20250529/Y-09-0.1-02/Test1/33061_1_22/Img001082.jpg,106.70277521929825,-9.0,-8.0,-1486.0,-1488.0,,估计同步待核验
XY_Y-09-0.1-02,Y,0.2,1083,XY/袁-20250529/Y-09-0.1-02/Test1/33061_1_22/Img001083.jpg,106.80090625,-8.812499999991118,-7.093750000004441,-1486.0,-1487.0,,估计同步待核验
XY_Y-09-0.1-02,Y,0.2,1084,XY/袁-20250529/Y-09-0.1-02/Test1/33061_1_22/Img001084.jpg,106.89903728070175,-7.074561403493688,-8.0,-1486.0,-1488.0,,估计同步待核验
XY_Y-09-0.1-02,Y,0.2,1085,XY/袁-20250529/Y-09-0.1-02/Test1/33061_1_22/Img001085.jpg,106.99716831140351,-8.0,-8.0,-1486.0,-1487.0,,估计同步待核验
XY_Y-09-0.1-02,Y,0.2,1086,XY/袁-20250529/Y-09-0.1-02/Test1/33061_1_22/Img001086.jpg,107.09529934210526,-8.0,-8.0,-1486.0,-1488.0,,估计同步待核验
XY_Y-09-0.1-02,Y,0.2,1087,XY/袁-20250529/Y-09-0.1-02/Test1/33061_1_22/Img001087.jpg,107.193430372807,-8.0,-8.0,-1486.0,-1488.0,,估计同步待核验
XY_Y-09-0.1-02,Y,0.2,1088,XY/袁-20250529/Y-09-0.1-02/Test1/33061_1_22/Img001088.jpg,107.29156140350877,-9.0,-8.0,-1486.0,-1488.0,,估计同步待核验
XY_Y-09-0.1-02,Y,0.2,1089,XY/袁-20250529/Y-09-0.1-02/Test1/33061_1_22/Img001089.jpg,107.38969243421052,-9.0,-8.0,-1486.0,-1488.0,,估计同步待核验
XY_Y-09-0.1-02,Y,0.2,1090,XY/袁-20250529/Y-09-0.1-02/Test1/33061_1_22/Img001090.jpg,107.48782346491228,-9.0,-8.0,-1486.0,-1488.0,,估计同步待核验
XY_Y-09-0.1-02,Y,0.2,1091,XY/袁-20250529/Y-09-0.1-02/Test1/33061_1_22/Img001091.jpg,107.58595449561403,-9.0,-8.0,-1486.0,-1487.0,,估计同步待核验
XY_Y-09-0.1-02,Y,0.2,1092,XY/袁-20250529/Y-09-0.1-02/Test1/33061_1_22/Img001092.jpg,107.6840855263158,-9.0,-8.0,-1486.0,-1488.0,,估计同步待核验
XY_Y-09-0.1-02,Y,0.2,1093,XY/袁-20250529/Y-09-0.1-02/Test1/33061_1_22/Img001093.jpg,107.78221655701755,-9.0,-8.0,-1486.0,-1488.0,,估计同步待核验
XY_Y-09-0.1-02,Y,0.2,1094,XY/袁-20250529/Y-09-0.1-02/Test1/33061_1_22/Img001094.jpg,107.88034758771929,-9.0,-8.0,-1486.0,-1488.0,,估计同步待核验
XY_Y-09-0.1-02,Y,0.2,1095,XY/袁-20250529/Y-09-0.1-02/Test1/33061_1_22/Img001095.jpg,107.97847861842105,-9.0,-8.0,-1486.0,-1488.0,,估计同步待核验
XY_Y-09-0.1-02,Y,0.2,1096,XY/袁-20250529/Y-09-0.1-02/Test1/33061_1_22/Img001096.jpg,108.0766096491228,-8.0,-8.0,-1486.0,-1488.0,,估计同步待核验
XY_Y-09-0.1-02,Y,0.2,1097,XY/袁-20250529/Y-09-0.1-02/Test1/33061_1_22/Img001097.jpg,108.17474067982455,-8.0,-8.0,-1486.0,-1488.0,,估计同步待核验
XY_Y-09-0.1-02,Y,0.2,1098,XY/袁-20250529/Y-09-0.1-02/Test1/33061_1_22/Img001098.jpg,108.27287171052632,-9.0,-8.0,-1486.0,-1488.0,,估计同步待核验
XY_Y-09-0.1-02,Y,0.2,1099,XY/袁-20250529/Y-09-0.1-02/Test1/33061_1_22/Img001099.jpg,108.37100274122807,-9.0,-8.0,-1486.0,-1488.0,,估计同步待核验
XY_Y-09-0.1-02,Y,0.2,1100,XY/袁-20250529/Y-09-0.1-02/Test1/33061_1_22/Img001100.jpg,108.46913377192983,-9.0,-8.0,-1486.0,-1488.0,,估计同步待核验
XY_Y-09-0.1-02,Y,0.2,1101,XY/袁-20250529/Y-09-0.1-02/Test1/33061_1_22/Img001101.jpg,108.56726480263157,-9.0,-8.0,-1486.0,-1488.0,,估计同步待核验
XY_Y-09-0.1-02,Y,0.2,1102,XY/袁-20250529/Y-09-0.1-02/Test1/33061_1_22/Img001102.jpg,108.66539583333332,-9.0,-8.0,-1486.0,-1488.0,,估计同步待核验
XY_Y-09-0.1-02,Y,0.2,1103,XY/袁-20250529/Y-09-0.1-02/Test1/33061_1_22/Img001103.jpg,108.76352686403509,-9.0,-8.0,-1486.0,-1487.0,,估计同步待核验
XY_Y-09-0.1-02,Y,0.2,1104,XY/袁-20250529/Y-09-0.1-02/Test1/33061_1_22/Img001104.jpg,108.86165789473684,-9.0,-8.0,-1487.0,-1488.0,,估计同步待核验
XY_Y-09-0.1-02,Y,0.2,1105,XY/袁-20250529/Y-09-0.1-02/Test1/33061_1_22/Img001105.jpg,108.9597889254386,-9.0,-8.0,-1486.0,-1488.0,,估计同步待核验
XY_Y-09-0.1-02,Y,0.2,1106,XY/袁-20250529/Y-09-0.1-02/Test1/33061_1_22/Img001106.jpg,109.05791995614035,-8.0,-8.0,-1486.0,-1488.0,,估计同步待核验
XY_Y-09-0.1-02,Y,0.2,1107,XY/袁-20250529/Y-09-0.1-02/Test1/33061_1_22/Img001107.jpg,109.1560509868421,-8.0,-8.0,-1486.0,-1488.0,,估计同步待核验
XY_Y-09-0.1-02,Y,0.2,1108,XY/袁-20250529/Y-09-0.1-02/Test1/33061_1_22/Img001108.jpg,109.25418201754384,-7.0,-8.0,-1486.0,-1488.0,,估计同步待核验
XY_Y-09-0.1-02,Y,0.2,1109,XY/袁-20250529/Y-09-0.1-02/Test1/33061_1_22/Img001109.jpg,109.3523130482456,-8.373903508791049,-8.0,-1486.6869517543955,-1488.0,,估计同步待核验
XY_Y-09-0.1-02,Y,0.2,1110,XY/袁-20250529/Y-09-0.1-02/Test1/33061_1_22/Img001110.jpg,109.45044407894736,-9.0,-8.0,-1487.0,-1488.0,,估计同步待核验
XY_Y-09-0.1-02,Y,0.2,1111,XY/袁-20250529/Y-09-0.1-02/Test1/33061_1_22/Img001111.jpg,109.54857510964912,-9.0,-8.0,-1486.0,-1488.0,,估计同步待核验
XY_Y-09-0.1-02,Y,0.2,1112,XY/袁-20250529/Y-09-0.1-02/Test1/33061_1_22/Img001112.jpg,109.64670614035087,-9.0,-8.0,-1486.0,-1488.0,力峰值,估计同步待核验
XY_Y-09-0.1-02,Y,0.2,1113,XY/袁-20250529/Y-09-0.1-02/Test1/33061_1_22/Img001113.jpg,109.74483717105264,-9.0,-8.0,-1487.0,-1488.0,,估计同步待核验
XY_Y-09-0.1-02,Y,0.2,1114,XY/袁-20250529/Y-09-0.1-02/Test1/33061_1_22/Img001114.jpg,109.84296820175439,-9.0,-8.0,-1487.0,-1488.0,,估计同步待核验
XY_Y-09-0.1-02,Y,0.2,1115,XY/袁-20250529/Y-09-0.1-02/Test1/33061_1_22/Img001115.jpg,109.94109923245615,-8.0,-8.0,-1486.0,-1488.0,,估计同步待核验
XY_Y-09-0.1-02,Y,0.2,1116,XY/袁-20250529/Y-09-0.1-02/Test1/33061_1_22/Img001116.jpg,110.03923026315789,-8.0,-8.0,-1486.0,-1488.0,,估计同步待核验
XY_Y-09-0.1-02,Y,0.2,1117,XY/袁-20250529/Y-09-0.1-02/Test1/33061_1_22/Img001117.jpg,110.13736129385964,-7.0,-8.0,-1487.0,-1489.0,,估计同步待核验
XY_Y-09-0.1-02,Y,0.2,1118,XY/袁-20250529/Y-09-0.1-02/Test1/33061_1_22/Img001118.jpg,110.23549232456139,-7.0,-8.0,-1486.0,-1489.0,,估计同步待核验
XY_Y-09-0.1-02,Y,0.2,1119,XY/袁-20250529/Y-09-0.1-02/Test1/33061_1_22/Img001119.jpg,110.33362335526316,-7.0,-8.0,-1486.0,-1487.0,,估计同步待核验
XY_Y-09-0.1-02,Y,0.2,1120,XY/袁-20250529/Y-09-0.1-02/Test1/33061_1_22/Img001120.jpg,110.43175438596491,-7.0,-8.0,-1486.0,-1489.0,,估计同步待核验
XY_Y-09-0.1-02,Y,0.2,1121,XY/袁-20250529/Y-09-0.1-02/Test1/33061_1_22/Img001121.jpg,110.52988541666667,-7.229166666655416,-8.0,-1486.1145833333278,-1488.0,,估计同步待核验
XY_Y-09-0.1-02,Y,0.2,1122,XY/袁-20250529/Y-09-0.1-02/Test1/33061_1_22/Img001122.jpg,110.62801644736842,-8.967105263152845,-8.0,-1486.9835526315765,-1488.0,,估计同步待核验
XY_Y-09-0.1-02,Y,0.2,1123,XY/袁-20250529/Y-09-0.1-02/Test1/33061_1_22/Img001123.jpg,110.72614747807016,-9.0,-8.0,-1486.0,-1488.0,,估计同步待核验
XY_Y-09-0.1-02,Y,0.2,1124,XY/袁-20250529/Y-09-0.1-02/Test1/33061_1_22/Img001124.jpg,110.82427850877193,-8.0,-8.0,-1486.0,-1488.0,,估计同步待核验
XY_Y-09-0.1-02,Y,0.2,1125,XY/袁-20250529/Y-09-0.1-02/Test1/33061_1_22/Img001125.jpg,110.92240953947368,-8.0,-8.0,-1486.0,-1488.0,,估计同步待核验
XY_Y-09-0.1-02,Y,0.2,1126,XY/袁-20250529/Y-09-0.1-02/Test1/33061_1_22/Img001126.jpg,111.02054057017544,-8.0,-8.0,-1486.0,-1488.0,,估计同步待核验
XY_Y-09-0.1-02,Y,0.2,1127,XY/袁-20250529/Y-09-0.1-02/Test1/33061_1_22/Img001127.jpg,111.11867160087719,-8.0,-8.0,-1486.0,-1488.0,,估计同步待核验
XY_Y-09-0.1-02,Y,0.2,1128,XY/袁-20250529/Y-09-0.1-02/Test1/33061_1_22/Img001128.jpg,111.21680263157894,-7.0,-8.0,-1486.0,-1488.0,,估计同步待核验
XY_Y-09-0.1-02,Y,0.2,1129,XY/袁-20250529/Y-09-0.1-02/Test1/33061_1_22/Img001129.jpg,111.31493366228071,-7.0,-8.0,-1486.0,-1488.0,,估计同步待核验
XY_Y-09-0.1-02,Y,0.2,1130,XY/袁-20250529/Y-09-0.1-02/Test1/33061_1_22/Img001130.jpg,111.41306469298245,-7.0,-8.0,-1486.0,-1488.0,,估计同步待核验
XY_Y-09-0.1-02,Y,0.2,1131,XY/袁-20250529/Y-09-0.1-02/Test1/33061_1_22/Img001131.jpg,111.5111957236842,-7.0,-8.0,-1486.0,-1488.0,,估计同步待核验
XY_Y-09-0.1-02,Y,0.2,1132,XY/袁-20250529/Y-09-0.1-02/Test1/33061_1_22/Img001132.jpg,111.60932675438596,-7.0,-8.0,-1485.0,-1487.0,,估计同步待核验
XY_Y-09-0.1-02,Y,0.2,1133,XY/袁-20250529/Y-09-0.1-02/Test1/33061_1_22/Img001133.jpg,111.70745778508771,-7.0,-8.0,-1486.0,-1488.0,,估计同步待核验
XY_Y-09-0.1-02,Y,0.2,1134,XY/袁-20250529/Y-09-0.1-02/Test1/33061_1_22/Img001134.jpg,111.80558881578948,-7.411184210524212,-8.0,-1486.0,-1488.0,,估计同步待核验
XY_Y-09-0.1-02,Y,0.2,1135,XY/袁-20250529/Y-09-0.1-02/Test1/33061_1_22/Img001135.jpg,111.90371984649123,-8.0,-8.0,-1487.0,-1488.0,,估计同步待核验
XY_Y-09-0.1-02,Y,0.2,1136,XY/袁-20250529/Y-09-0.1-02/Test1/33061_1_22/Img001136.jpg,112.001850877193,-7.0,-8.0,-1486.0,-1488.0,,估计同步待核验
XY_Y-09-0.1-02,Y,0.2,1137,XY/袁-20250529/Y-09-0.1-02/Test1/33061_1_22/Img001137.jpg,112.09998190789473,-7.0,-8.0,-1486.0,-1487.0,,估计同步待核验
XY_Y-09-0.1-02,Y,0.2,1138,XY/袁-20250529/Y-09-0.1-02/Test1/33061_1_22/Img001138.jpg,112.19811293859648,-7.0,-8.0,-1486.0,-1487.0,,估计同步待核验
XY_Y-09-0.1-02,Y,0.2,1139,XY/袁-20250529/Y-09-0.1-02/Test1/33061_1_22/Img001139.jpg,112.29624396929825,-7.0,-8.0,-1486.0,-1487.0,,估计同步待核验
XY_Y-09-0.1-02,Y,0.2,1140,XY/袁-20250529/Y-09-0.1-02/Test1/33061_1_22/Img001140.jpg,112.394375,-7.0,-8.0,-1486.0,-1487.0,,估计同步待核验
XY_Y-09-0.1-02,Y,0.2,1141,XY/袁-20250529/Y-09-0.1-02/Test1/33061_1_22/Img001141.jpg,112.49250603070175,-7.0,-8.0,-1485.0,-1487.0,,估计同步待核验
XY_Y-09-0.1-02,Y,0.2,1142,XY/袁-20250529/Y-09-0.1-02/Test1/33061_1_22/Img001142.jpg,112.59063706140351,-7.0,-8.0,-1485.0,-1487.0,,估计同步待核验
XY_Y-09-0.1-02,Y,0.2,1143,XY/袁-20250529/Y-09-0.1-02/Test1/33061_1_22/Img001143.jpg,112.68876809210526,-7.0,-8.0,-1486.0,-1488.0,,估计同步待核验
XY_Y-09-0.1-02,Y,0.2,1144,XY/袁-20250529/Y-09-0.1-02/Test1/33061_1_22/Img001144.jpg,112.786899122807,-8.0,-8.0,-1485.0,-1488.0,,估计同步待核验
XY_Y-09-0.1-02,Y,0.2,1145,XY/袁-20250529/Y-09-0.1-02/Test1/33061_1_22/Img001145.jpg,112.88503015350877,-8.0,-8.0,-1485.0,-1488.0,,估计同步待核验
XY_Y-09-0.1-02,Y,0.2,1146,XY/袁-20250529/Y-09-0.1-02/Test1/33061_1_22/Img001146.jpg,112.98316118421052,-8.0,-8.0,-1486.0,-1487.0,,估计同步待核验
XY_Y-09-0.1-02,Y,0.2,1147,XY/袁-20250529/Y-09-0.1-02/Test1/33061_1_22/Img001147.jpg,113.08129221491228,-7.584429824561824,-8.0,-1486.0,-1487.0,,估计同步待核验
XY_Y-09-0.1-02,Y,0.2,1148,XY/袁-20250529/Y-09-0.1-02/Test1/33061_1_22/Img001148.jpg,113.17942324561403,-7.0,-8.0,-1485.0,-1487.0,,估计同步待核验
XY_Y-09-0.1-02,Y,0.2,1149,XY/袁-20250529/Y-09-0.1-02/Test1/33061_1_22/Img001149.jpg,113.2775542763158,-7.0,-8.0,-1485.0,-1487.0,,估计同步待核验
XY_Y-09-0.1-02,Y,0.2,1150,XY/袁-20250529/Y-09-0.1-02/Test1/33061_1_22/Img001150.jpg,113.37568530701755,-7.0,-8.0,-1485.0,-1487.0,,估计同步待核验
XY_Y-09-0.1-02,Y,0.2,1151,XY/袁-20250529/Y-09-0.1-02/Test1/33061_1_22/Img001151.jpg,113.47381633771928,-7.0,-8.0,-1485.0,-1487.0,,估计同步待核验
XY_Y-09-0.1-02,Y,0.2,1152,XY/袁-20250529/Y-09-0.1-02/Test1/33061_1_22/Img001152.jpg,113.57194736842105,-7.0,-9.0,-1486.0,-1488.0,,估计同步待核验
XY_Y-09-0.1-02,Y,0.2,1153,XY/袁-20250529/Y-09-0.1-02/Test1/33061_1_22/Img001153.jpg,113.6700783991228,-8.0,-8.0,-1485.0,-1487.0,,估计同步待核验
XY_Y-09-0.1-02,Y,0.2,1154,XY/袁-20250529/Y-09-0.1-02/Test1/33061_1_22/Img001154.jpg,113.76820942982455,-8.0,-8.0,-1485.0,-1487.0,,估计同步待核验
XY_Y-09-0.1-02,Y,0.2,1155,XY/袁-20250529/Y-09-0.1-02/Test1/33061_1_22/Img001155.jpg,113.86634046052632,-8.0,-8.0,-1485.0,-1487.0,,估计同步待核验
XY_Y-09-0.1-02,Y,0.2,1156,XY/袁-20250529/Y-09-0.1-02/Test1/33061_1_22/Img001156.jpg,113.96447149122807,-9.0,-8.0,-1486.0,-1487.0,,估计同步待核验
XY_Y-09-0.1-02,Y,0.2,1157,XY/袁-20250529/Y-09-0.1-02/Test1/33061_1_22/Img001157.jpg,114.06260252192983,-9.0,-8.0,-1485.0,-1487.0,,估计同步待核验
XY_Y-09-0.1-02,Y,0.2,1158,XY/袁-20250529/Y-09-0.1-02/Test1/33061_1_22/Img001158.jpg,114.16073355263157,-9.0,-8.0,-1485.0,-1487.0,,估计同步待核验
XY_Y-09-0.1-02,Y,0.2,1159,XY/袁-20250529/Y-09-0.1-02/Test1/33061_1_22/Img001159.jpg,114.25886458333332,-8.729166666641206,-8.0,-1485.0,-1487.0,,估计同步待核验
XY_Y-09-0.1-02,Y,0.2,1160,XY/袁-20250529/Y-09-0.1-02/Test1/33061_1_22/Img001160.jpg,114.35699561403509,-7.0,-8.0,-1485.0,-1487.0,,估计同步待核验
XY_Y-09-0.1-02,Y,0.2,1161,XY/袁-20250529/Y-09-0.1-02/Test1/33061_1_22/Img001161.jpg,114.45512664473684,-7.0,-8.0,-1485.0,-1487.0,,估计同步待核验
XY_Y-09-0.1-02,Y,0.2,1162,XY/袁-20250529/Y-09-0.1-02/Test1/33061_1_22/Img001162.jpg,114.5532576754386,-7.0,-8.0,-1485.0,-1487.0,,估计同步待核验
XY_Y-09-0.1-02,Y,0.2,1163,XY/袁-20250529/Y-09-0.1-02/Test1/33061_1_22/Img001163.jpg,114.65138870614035,-7.0,-8.0,-1485.0,-1487.0,,估计同步待核验
XY_Y-09-0.1-02,Y,0.2,1164,XY/袁-20250529/Y-09-0.1-02/Test1/33061_1_22/Img001164.jpg,114.7495197368421,-8.0,-8.0,-1486.0,-1487.0,,估计同步待核验
XY_Y-09-0.1-02,Y,0.2,1165,XY/袁-20250529/Y-09-0.1-02/Test1/33061_1_22/Img001165.jpg,114.84765076754384,-8.0,-8.0,-1485.0,-1487.0,,估计同步待核验
XY_Y-09-0.1-02,Y,0.2,1166,XY/袁-20250529/Y-09-0.1-02/Test1/33061_1_22/Img001166.jpg,114.9457817982456,-9.0,-8.0,-1485.0,-1487.0,,估计同步待核验
XY_Y-09-0.1-02,Y,0.2,1167,XY/袁-20250529/Y-09-0.1-02/Test1/33061_1_22/Img001167.jpg,115.04391282894736,-9.0,-8.0,-1485.0,-1486.0,,估计同步待核验
XY_Y-09-0.1-02,Y,0.2,1168,XY/袁-20250529/Y-09-0.1-02/Test1/33061_1_22/Img001168.jpg,115.14204385964912,-9.0,-8.0,-1485.0,-1487.0,,估计同步待核验
XY_Y-09-0.1-02,Y,0.2,1169,XY/袁-20250529/Y-09-0.1-02/Test1/33061_1_22/Img001169.jpg,115.24017489035087,-9.0,-8.0,-1485.0,-1487.0,,估计同步待核验
XY_Y-09-0.1-02,Y,0.2,1170,XY/袁-20250529/Y-09-0.1-02/Test1/33061_1_22/Img001170.jpg,115.33830592105264,-9.0,-8.0,-1485.0,-1487.0,,估计同步待核验
XY_Y-09-0.1-02,Y,0.2,1171,XY/袁-20250529/Y-09-0.1-02/Test1/33061_1_22/Img001171.jpg,115.43643695175439,-9.0,-8.0,-1485.0,-1487.0,,估计同步待核验
XY_Y-09-0.1-02,Y,0.2,1172,XY/袁-20250529/Y-09-0.1-02/Test1/33061_1_22/Img001172.jpg,115.53456798245615,-8.567982456152224,-8.0,-1486.0,-1487.4320175438477,,估计同步待核验
XY_Y-09-0.1-02,Y,0.2,1173,XY/袁-20250529/Y-09-0.1-02/Test1/33061_1_22/Img001173.jpg,115.63269901315789,-8.0,-8.0,-1485.0,-1487.0,,估计同步待核验
XY_Y-09-0.1-02,Y,0.2,1174,XY/袁-20250529/Y-09-0.1-02/Test1/33061_1_22/Img001174.jpg,115.73083004385964,-8.0,-8.0,-1485.0,-1487.0,,估计同步待核验
XY_Y-09-0.1-02,Y,0.2,1175,XY/袁-20250529/Y-09-0.1-02/Test1/33061_1_22/Img001175.jpg,115.82896107456139,-8.0,-8.0,-1485.0,-1488.0,,估计同步待核验
XY_Y-09-0.1-02,Y,0.2,1176,XY/袁-20250529/Y-09-0.1-02/Test1/33061_1_22/Img001176.jpg,115.92709210526316,-9.0,-8.0,-1485.0,-1487.0,,估计同步待核验
XY_Y-09-0.1-02,Y,0.2,1177,XY/袁-20250529/Y-09-0.1-02/Test1/33061_1_22/Img001177.jpg,116.02522313596491,-9.0,-8.0,-1486.0,-1488.0,,估计同步待核验
XY_Y-09-0.1-02,Y,0.2,1178,XY/袁-20250529/Y-09-0.1-02/Test1/33061_1_22/Img001178.jpg,116.12335416666667,-9.0,-8.0,-1486.0,-1487.0,,估计同步待核验
XY_Y-09-0.1-02,Y,0.2,1179,XY/袁-20250529/Y-09-0.1-02/Test1/33061_1_22/Img001179.jpg,116.22148519736842,-9.0,-8.0,-1485.0,-1487.0,,估计同步待核验
XY_Y-09-0.1-02,Y,0.2,1180,XY/袁-20250529/Y-09-0.1-02/Test1/33061_1_22/Img001180.jpg,116.31961622807016,-9.0,-8.0,-1485.0,-1487.0,,估计同步待核验
XY_Y-09-0.1-02,Y,0.2,1181,XY/袁-20250529/Y-09-0.1-02/Test1/33061_1_22/Img001181.jpg,116.41774725877193,-9.0,-8.0,-1485.0,-1487.0,,估计同步待核验
XY_Y-09-0.1-02,Y,0.2,1182,XY/袁-20250529/Y-09-0.1-02/Test1/33061_1_22/Img001182.jpg,116.51587828947368,-9.0,-8.0,-1486.0,-1487.0,,估计同步待核验
XY_Y-09-0.1-02,Y,0.2,1183,XY/袁-20250529/Y-09-0.1-02/Test1/33061_1_22/Img001183.jpg,116.61400932017544,-8.0,-8.0,-1485.0,-1487.0,,估计同步待核验
XY_Y-09-0.1-02,Y,0.2,1184,XY/袁-20250529/Y-09-0.1-02/Test1/33061_1_22/Img001184.jpg,116.71214035087719,-8.0,-8.0,-1485.0,-1487.0,,估计同步待核验
XY_Y-09-0.1-02,Y,0.2,1185,XY/袁-20250529/Y-09-0.1-02/Test1/33061_1_22/Img001185.jpg,116.81027138157894,-8.728618421060718,-8.0,-1485.0,-1487.0,,估计同步待核验
XY_Y-09-0.1-02,Y,0.2,1186,XY/袁-20250529/Y-09-0.1-02/Test1/33061_1_22/Img001186.jpg,116.90840241228071,-8.195175438590445,-7.402412280704778,-1486.0,-1487.0,,估计同步待核验
XY_Y-09-0.1-02,Y,0.2,1187,XY/袁-20250529/Y-09-0.1-02/Test1/33061_1_22/Img001187.jpg,117.00653344298244,-9.0,-8.0,-1485.0,-1487.0,,估计同步待核验
XY_Y-09-0.1-02,Y,0.2,1188,XY/袁-20250529/Y-09-0.1-02/Test1/33061_1_22/Img001188.jpg,117.1046644736842,-9.0,-7.0,-1486.0,-1487.0,,估计同步待核验
XY_Y-09-0.1-02,Y,0.2,1189,XY/袁-20250529/Y-09-0.1-02/Test1/33061_1_22/Img001189.jpg,117.20279550438596,-9.0,-8.0,-1486.0,-1488.0,,估计同步待核验
XY_Y-09-0.1-02,Y,0.2,1190,XY/袁-20250529/Y-09-0.1-02/Test1/33061_1_22/Img001190.jpg,117.30092653508771,-9.0,-8.0,-1486.0,-1488.0,,估计同步待核验
XY_Y-09-0.1-02,Y,0.2,1191,XY/袁-20250529/Y-09-0.1-02/Test1/33061_1_22/Img001191.jpg,117.39905756578948,-9.0,-8.0,-1486.0,-1487.0,,估计同步待核验
XY_Y-09-0.1-02,Y,0.2,1192,XY/袁-20250529/Y-09-0.1-02/Test1/33061_1_22/Img001192.jpg,117.49718859649123,-9.0,-8.0,-1485.0,-1487.0,,估计同步待核验
XY_Y-09-0.1-02,Y,0.2,1193,XY/袁-20250529/Y-09-0.1-02/Test1/33061_1_22/Img001193.jpg,117.59531962719299,-9.0,-8.0,-1486.0,-1488.0,,估计同步待核验
XY_Y-09-0.1-02,Y,0.2,1194,XY/袁-20250529/Y-09-0.1-02/Test1/33061_1_22/Img001194.jpg,117.69345065789473,-8.0,-8.0,-1486.0,-1488.0,,估计同步待核验
XY_Y-09-0.1-02,Y,0.2,1195,XY/袁-20250529/Y-09-0.1-02/Test1/33061_1_22/Img001195.jpg,117.79158168859648,-7.0,-8.0,-1486.0,-1488.0,,估计同步待核验
XY_Y-09-0.1-02,Y,0.2,1196,XY/袁-20250529/Y-09-0.1-02/Test1/33061_1_22/Img001196.jpg,117.88971271929825,-7.0,-8.0,-1485.0,-1487.0,,估计同步待核验
XY_Y-09-0.1-02,Y,0.2,1197,XY/袁-20250529/Y-09-0.1-02/Test1/33061_1_22/Img001197.jpg,117.98784375,-7.0,-8.0,-1485.0,-1487.0,,估计同步待核验
XY_Y-09-0.1-02,Y,0.2,1198,XY/袁-20250529/Y-09-0.1-02/Test1/33061_1_22/Img001198.jpg,118.08597478070175,-7.075657894754138,-8.0,-1486.0,-1488.0,,估计同步待核验
XY_Y-09-0.1-02,Y,0.2,1199,XY/袁-20250529/Y-09-0.1-02/Test1/33061_1_22/Img001199.jpg,118.18410581140351,-9.0,-8.0,-1486.0,-1487.0,,估计同步待核验
XY_Y-09-0.1-02,Y,0.2,1200,XY/袁-20250529/Y-09-0.1-02/Test1/33061_1_22/Img001200.jpg,118.28223684210526,-9.0,-8.0,-1486.0,-1487.0,,估计同步待核验
XY_Y-09-0.1-02,Y,0.2,1201,XY/袁-20250529/Y-09-0.1-02/Test1/33061_1_22/Img001201.jpg,118.380367872807,-9.0,-8.0,-1486.0,-1488.0,,估计同步待核验
XY_Y-09-0.1-02,Y,0.2,1202,XY/袁-20250529/Y-09-0.1-02/Test1/33061_1_22/Img001202.jpg,118.47849890350876,-9.0,-8.0,-1486.0,-1488.0,,估计同步待核验
XY_Y-09-0.1-02,Y,0.2,1203,XY/袁-20250529/Y-09-0.1-02/Test1/33061_1_22/Img001203.jpg,118.57662993421052,-8.0,-8.0,-1486.0,-1488.0,,估计同步待核验
XY_Y-09-0.1-02,Y,0.2,1204,XY/袁-20250529/Y-09-0.1-02/Test1/33061_1_22/Img001204.jpg,118.67476096491228,-8.0,-8.0,-1486.0,-1487.0,,估计同步待核验
XY_Y-09-0.1-02,Y,0.2,1205,XY/袁-20250529/Y-09-0.1-02/Test1/33061_1_22/Img001205.jpg,118.77289199561403,-7.0,-8.0,-1485.0,-1487.0,,估计同步待核验
XY_Y-09-0.1-02,Y,0.2,1206,XY/袁-20250529/Y-09-0.1-02/Test1/33061_1_22/Img001206.jpg,118.8710230263158,-7.0,-8.0,-1486.0,-1488.0,,估计同步待核验
XY_Y-09-0.1-02,Y,0.2,1207,XY/袁-20250529/Y-09-0.1-02/Test1/33061_1_22/Img001207.jpg,118.96915405701755,-7.0,-8.0,-1485.0,-1487.0,,估计同步待核验
XY_Y-09-0.1-02,Y,0.2,1208,XY/袁-20250529/Y-09-0.1-02/Test1/33061_1_22/Img001208.jpg,119.06728508771928,-7.0,-8.0,-1485.0,-1487.0,,估计同步待核验
XY_Y-09-0.1-02,Y,0.2,1209,XY/袁-20250529/Y-09-0.1-02/Test1/33061_1_22/Img001209.jpg,119.16541611842105,-7.0,-8.0,-1486.0,-1487.0,,估计同步待核验
XY_Y-09-0.1-02,Y,0.2,1210,XY/袁-20250529/Y-09-0.1-02/Test1/33061_1_22/Img001210.jpg,119.2635471491228,-7.0,-8.0,-1485.0,-1487.0,,估计同步待核验
XY_Y-09-0.1-02,Y,0.2,1211,XY/袁-20250529/Y-09-0.1-02/Test1/33061_1_22/Img001211.jpg,119.36167817982455,-7.643640350893227,-8.0,-1485.3218201754466,-1488.0,,估计同步待核验
XY_Y-09-0.1-02,Y,0.2,1212,XY/袁-20250529/Y-09-0.1-02/Test1/33061_1_22/Img001212.jpg,119.45980921052632,-8.0,-8.0,-1486.0,-1488.0,,估计同步待核验
XY_Y-09-0.1-02,Y,0.2,1213,XY/袁-20250529/Y-09-0.1-02/Test1/33061_1_22/Img001213.jpg,119.55794024122807,-8.0,-8.0,-1486.0,-1487.0,,估计同步待核验
XY_Y-09-0.1-02,Y,0.2,1214,XY/袁-20250529/Y-09-0.1-02/Test1/33061_1_22/Img001214.jpg,119.65607127192983,-8.0,-8.0,-1486.0,-1488.0,,估计同步待核验
XY_Y-09-0.1-02,Y,0.2,1215,XY/袁-20250529/Y-09-0.1-02/Test1/33061_1_22/Img001215.jpg,119.75420230263157,-7.0,-8.0,-1486.0,-1488.0,,估计同步待核验
XY_Y-09-0.1-02,Y,0.2,1216,XY/袁-20250529/Y-09-0.1-02/Test1/33061_1_22/Img001216.jpg,119.85233333333332,-7.0,-8.0,-1486.0,-1488.0,,估计同步待核验
XY_Y-09-0.1-02,Y,0.2,1217,XY/袁-20250529/Y-09-0.1-02/Test1/33061_1_22/Img001217.jpg,119.95046436403508,-7.0,-8.0,-1485.0,-1487.0,,估计同步待核验
XY_Y-09-0.1-02,Y,0.2,1218,XY/袁-20250529/Y-09-0.1-02/Test1/33061_1_22/Img001218.jpg,120.04859539473684,-7.0,-8.0,-1486.0,-1488.0,,估计同步待核验
XY_Y-09-0.1-02,Y,0.2,1219,XY/袁-20250529/Y-09-0.1-02/Test1/33061_1_22/Img001219.jpg,120.1467264254386,-7.0,-8.0,-1485.0,-1487.0,,估计同步待核验
XY_Y-09-0.1-02,Y,0.2,1220,XY/袁-20250529/Y-09-0.1-02/Test1/33061_1_22/Img001220.jpg,120.24485745614035,-7.0,-9.0,-1486.0,-1488.0,,估计同步待核验
XY_Y-09-0.1-02,Y,0.2,1221,XY/袁-20250529/Y-09-0.1-02/Test1/33061_1_22/Img001221.jpg,120.3429884868421,-7.0,-9.0,-1485.0,-1487.0,,估计同步待核验
XY_Y-09-0.1-02,Y,0.2,1222,XY/袁-20250529/Y-09-0.1-02/Test1/33061_1_22/Img001222.jpg,120.44111951754384,-8.0,-8.0,-1485.0,-1487.0,,估计同步待核验
XY_Y-09-0.1-02,Y,0.2,1223,XY/袁-20250529/Y-09-0.1-02/Test1/33061_1_22/Img001223.jpg,120.5392505482456,-8.0,-8.0,-1486.0,-1487.0,,估计同步待核验
XY_Y-09-0.1-02,Y,0.2,1224,XY/袁-20250529/Y-09-0.1-02/Test1/33061_1_22/Img001224.jpg,120.63738157894736,-7.381578947353089,-8.0,-1485.0,-1487.0,,估计同步待核验
XY_Y-09-0.1-02,Y,0.2,1225,XY/袁-20250529/Y-09-0.1-02/Test1/33061_1_22/Img001225.jpg,120.73551260964912,-7.0,-8.0,-1485.0,-1487.0,,估计同步待核验
XY_Y-09-0.1-02,Y,0.2,1226,XY/袁-20250529/Y-09-0.1-02/Test1/33061_1_22/Img001226.jpg,120.83364364035087,-7.0,-8.0,-1484.0,-1487.0,,估计同步待核验
XY_Y-09-0.1-02,Y,0.2,1227,XY/袁-20250529/Y-09-0.1-02/Test1/33061_1_22/Img001227.jpg,120.93177467105264,-7.0,-8.0,-1485.0,-1488.0,,估计同步待核验
XY_Y-09-0.1-02,Y,0.2,1228,XY/袁-20250529/Y-09-0.1-02/Test1/33061_1_22/Img001228.jpg,121.02990570175439,-7.0,-9.0,-1485.0,-1487.0,,估计同步待核验
XY_Y-09-0.1-02,Y,0.2,1229,XY/袁-20250529/Y-09-0.1-02/Test1/33061_1_22/Img001229.jpg,121.12803673245615,-7.0,-8.0,-1485.0,-1487.0,,估计同步待核验
XY_Y-09-0.1-02,Y,0.2,1230,XY/袁-20250529/Y-09-0.1-02/Test1/33061_1_22/Img001230.jpg,121.22616776315789,-7.0,-8.0,-1484.0,-1486.0,,估计同步待核验
XY_Y-09-0.1-02,Y,0.2,1231,XY/袁-20250529/Y-09-0.1-02/Test1/33061_1_22/Img001231.jpg,121.32429879385964,-8.0,-8.0,-1485.0,-1488.0,,估计同步待核验
XY_Y-09-0.1-02,Y,0.2,1232,XY/袁-20250529/Y-09-0.1-02/Test1/33061_1_22/Img001232.jpg,121.42242982456139,-8.0,-8.0,-1485.0,-1487.0,,估计同步待核验
XY_Y-09-0.1-02,Y,0.2,1233,XY/袁-20250529/Y-09-0.1-02/Test1/33061_1_22/Img001233.jpg,121.52056085526316,-8.0,-8.0,-1485.0,-1487.0,,估计同步待核验
XY_Y-09-0.1-02,Y,0.2,1234,XY/袁-20250529/Y-09-0.1-02/Test1/33061_1_22/Img001234.jpg,121.6186918859649,-9.0,-8.0,-1485.0,-1486.0,,估计同步待核验
XY_Y-09-0.1-02,Y,0.2,1235,XY/袁-20250529/Y-09-0.1-02/Test1/33061_1_22/Img001235.jpg,121.71682291666667,-9.0,-8.0,-1484.0,-1486.0,,估计同步待核验
XY_Y-09-0.1-02,Y,0.2,1236,XY/袁-20250529/Y-09-0.1-02/Test1/33061_1_22/Img001236.jpg,121.81495394736842,-8.907894736850707,-8.0,-1485.0,-1487.0,,估计同步待核验
XY_Y-09-0.1-02,Y,0.2,1237,XY/袁-20250529/Y-09-0.1-02/Test1/33061_1_22/Img001237.jpg,121.91308497807016,-7.169956140324855,-8.0,-1485.0,-1487.0,,估计同步待核验
XY_Y-09-0.1-02,Y,0.2,1238,XY/袁-20250529/Y-09-0.1-02/Test1/33061_1_22/Img001238.jpg,122.01121600877192,-7.0,-8.0,-1485.0,-1487.0,,估计同步待核验
XY_Y-09-0.1-02,Y,0.2,1239,XY/袁-20250529/Y-09-0.1-02/Test1/33061_1_22/Img001239.jpg,122.10934703947368,-7.0,-8.0,-1485.0,-1487.0,,估计同步待核验
XY_Y-09-0.1-02,Y,0.2,1240,XY/袁-20250529/Y-09-0.1-02/Test1/33061_1_22/Img001240.jpg,122.20747807017544,-7.0,-8.0,-1485.0,-1487.0,,估计同步待核验
XY_Y-09-0.1-02,Y,0.2,1241,XY/袁-20250529/Y-09-0.1-02/Test1/33061_1_22/Img001241.jpg,122.30560910087719,-7.0,-8.0,-1485.0,-1487.0,,估计同步待核验
XY_Y-09-0.1-02,Y,0.2,1242,XY/袁-20250529/Y-09-0.1-02/Test1/33061_1_22/Img001242.jpg,122.40374013157894,-8.0,-8.0,-1484.0,-1486.0,,估计同步待核验
XY_Y-09-0.1-02,Y,0.2,1243,XY/袁-20250529/Y-09-0.1-02/Test1/33061_1_22/Img001243.jpg,122.50187116228071,-8.0,-8.0,-1485.0,-1486.0,,估计同步待核验
XY_Y-09-0.1-02,Y,0.2,1244,XY/袁-20250529/Y-09-0.1-02/Test1/33061_1_22/Img001244.jpg,122.60000219298244,-9.0,-8.0,-1484.0,-1487.0,,估计同步待核验
XY_Y-09-0.1-02,Y,0.2,1245,XY/袁-20250529/Y-09-0.1-02/Test1/33061_1_22/Img001245.jpg,122.6981332236842,-9.0,-8.0,-1485.0,-1487.0,,估计同步待核验
XY_Y-09-0.1-02,Y,0.2,1246,XY/袁-20250529/Y-09-0.1-02/Test1/33061_1_22/Img001246.jpg,122.79626425438596,-9.0,-8.0,-1484.0,-1487.0,,估计同步待核验
XY_Y-09-0.1-02,Y,0.2,1247,XY/袁-20250529/Y-09-0.1-02/Test1/33061_1_22/Img001247.jpg,122.89439528508771,-9.0,-8.0,-1484.0,-1486.0,,估计同步待核验
XY_Y-09-0.1-02,Y,0.2,1248,XY/袁-20250529/Y-09-0.1-02/Test1/33061_1_22/Img001248.jpg,122.99252631578948,-9.0,-8.0,-1484.0,-1486.0,,估计同步待核验
XY_Y-09-0.1-02,Y,0.2,1249,XY/袁-20250529/Y-09-0.1-02/Test1/33061_1_22/Img001249.jpg,123.09065734649123,-9.314692982459647,-8.0,-1484.0,-1486.6573464912299,,估计同步待核验
XY_Y-09-0.1-02,Y,0.2,1250,XY/袁-20250529/Y-09-0.1-02/Test1/33061_1_22/Img001250.jpg,123.18878837719299,-8.0,-8.0,-1484.0,-1487.0,,估计同步待核验
XY_Y-09-0.1-02,Y,0.2,1251,XY/袁-20250529/Y-09-0.1-02/Test1/33061_1_22/Img001251.jpg,123.28691940789473,-8.0,-8.0,-1484.0,-1486.0,,估计同步待核验
XY_Y-09-0.1-02,Y,0.2,1252,XY/袁-20250529/Y-09-0.1-02/Test1/33061_1_22/Img001252.jpg,123.38505043859648,-8.0,-8.0,-1484.0,-1486.0,,估计同步待核验
XY_Y-09-0.1-02,Y,0.2,1253,XY/袁-20250529/Y-09-0.1-02/Test1/33061_1_22/Img001253.jpg,123.48318146929824,-9.0,-8.0,-1484.0,-1487.0,,估计同步待核验
XY_Y-09-0.1-02,Y,0.2,1254,XY/袁-20250529/Y-09-0.1-02/Test1/33061_1_22/Img001254.jpg,123.5813125,-9.0,-8.0,-1485.0,-1487.0,,估计同步待核验
XY_Y-09-0.1-02,Y,0.2,1255,XY/袁-20250529/Y-09-0.1-02/Test1/33061_1_22/Img001255.jpg,123.67944353070175,-9.0,-8.0,-1484.0,-1486.0,,估计同步待核验
XY_Y-09-0.1-02,Y,0.2,1256,XY/袁-20250529/Y-09-0.1-02/Test1/33061_1_22/Img001256.jpg,123.77757456140351,-9.0,-8.0,-1484.0,-1486.0,,估计同步待核验
XY_Y-09-0.1-02,Y,0.2,1257,XY/袁-20250529/Y-09-0.1-02/Test1/33061_1_22/Img001257.jpg,123.87570559210526,-9.0,-8.0,-1484.0,-1486.0,,估计同步待核验
XY_Y-09-0.1-02,Y,0.2,1258,XY/袁-20250529/Y-09-0.1-02/Test1/33061_1_22/Img001258.jpg,123.973836622807,-9.0,-8.0,-1484.0,-1486.0,,估计同步待核验
XY_Y-09-0.1-02,Y,0.2,1259,XY/袁-20250529/Y-09-0.1-02/Test1/33061_1_22/Img001259.jpg,124.07196765350876,-9.0,-8.0,-1485.0,-1486.0,,估计同步待核验
XY_Y-09-0.1-02,Y,0.2,1260,XY/袁-20250529/Y-09-0.1-02/Test1/33061_1_22/Img001260.jpg,124.17009868421052,-9.0,-8.0,-1484.0,-1485.0,,估计同步待核验
XY_Y-09-0.1-02,Y,0.2,1261,XY/袁-20250529/Y-09-0.1-02/Test1/33061_1_22/Img001261.jpg,124.26822971491228,-8.0,-8.0,-1484.0,-1486.0,,估计同步待核验
XY_Y-09-0.1-02,Y,0.2,1262,XY/袁-20250529/Y-09-0.1-02/Test1/33061_1_22/Img001262.jpg,124.36636074561403,-8.0,-8.0,-1484.0,-1486.0,,估计同步待核验
XY_Y-09-0.1-02,Y,0.2,1263,XY/袁-20250529/Y-09-0.1-02/Test1/33061_1_22/Img001263.jpg,124.4644917763158,-9.0,-8.0,-1484.0,-1486.0,,估计同步待核验
XY_Y-09-0.1-02,Y,0.2,1264,XY/袁-20250529/Y-09-0.1-02/Test1/33061_1_22/Img001264.jpg,124.56262280701755,-9.0,-8.0,-1484.0,-1486.0,,估计同步待核验
XY_Y-09-0.1-02,Y,0.2,1265,XY/袁-20250529/Y-09-0.1-02/Test1/33061_1_22/Img001265.jpg,124.66075383771928,-9.0,-8.0,-1484.0,-1486.0,,估计同步待核验
XY_Y-09-0.1-02,Y,0.2,1266,XY/袁-20250529/Y-09-0.1-02/Test1/33061_1_22/Img001266.jpg,124.75888486842105,-9.0,-8.0,-1484.0,-1486.0,,估计同步待核验
XY_Y-09-0.1-02,Y,0.2,1267,XY/袁-20250529/Y-09-0.1-02/Test1/33061_1_22/Img001267.jpg,124.8570158991228,-9.0,-8.0,-1484.0,-1486.0,,估计同步待核验
XY_Y-09-0.1-02,Y,0.2,1268,XY/袁-20250529/Y-09-0.1-02/Test1/33061_1_22/Img001268.jpg,124.95514692982455,-9.0,-8.0,-1484.0,-1485.0,,估计同步待核验
XY_Y-09-0.1-02,Y,0.2,1269,XY/袁-20250529/Y-09-0.1-02/Test1/33061_1_22/Img001269.jpg,125.05327796052632,-9.0,-8.0,-1484.0,-1486.0,,估计同步待核验
XY_Y-09-0.1-02,Y,0.2,1270,XY/袁-20250529/Y-09-0.1-02/Test1/33061_1_22/Img001270.jpg,125.15140899122807,-9.0,-8.0,-1484.0,-1486.0,,估计同步待核验
XY_Y-09-0.1-02,Y,0.2,1271,XY/袁-20250529/Y-09-0.1-02/Test1/33061_1_22/Img001271.jpg,125.24954002192983,-8.0,-8.0,-1484.0,-1486.0,,估计同步待核验
XY_Y-09-0.1-02,Y,0.2,1272,XY/袁-20250529/Y-09-0.1-02/Test1/33061_1_22/Img001272.jpg,125.34767105263157,-8.0,-8.0,-1484.0,-1486.0,,估计同步待核验
XY_Y-09-0.1-02,Y,0.2,1273,XY/袁-20250529/Y-09-0.1-02/Test1/33061_1_22/Img001273.jpg,125.44580208333332,-7.0,-8.0,-1484.0,-1485.0,,估计同步待核验
XY_Y-09-0.1-02,Y,0.2,1274,XY/袁-20250529/Y-09-0.1-02/Test1/33061_1_22/Img001274.jpg,125.54393311403508,-7.133771929826151,-8.0,-1484.0,-1486.0,,估计同步待核验
XY_Y-09-0.1-02,Y,0.2,1275,XY/袁-20250529/Y-09-0.1-02/Test1/33061_1_22/Img001275.jpg,125.64206414473684,-8.87171052632168,-8.0,-1483.9358552631609,-1485.0,,估计同步待核验
XY_Y-09-0.1-02,Y,0.2,1276,XY/袁-20250529/Y-09-0.1-02/Test1/33061_1_22/Img001276.jpg,125.7401951754386,-9.0,-8.0,-1483.0,-1485.0,,估计同步待核验
XY_Y-09-0.1-02,Y,0.2,1277,XY/袁-20250529/Y-09-0.1-02/Test1/33061_1_22/Img001277.jpg,125.83832620614035,-9.0,-8.0,-1483.0,-1485.0,,估计同步待核验
XY_Y-09-0.1-02,Y,0.2,1278,XY/袁-20250529/Y-09-0.1-02/Test1/33061_1_22/Img001278.jpg,125.9364572368421,-9.0,-8.0,-1483.0,-1485.0,,估计同步待核验
XY_Y-09-0.1-02,Y,0.2,1279,XY/袁-20250529/Y-09-0.1-02/Test1/33061_1_22/Img001279.jpg,126.03458826754384,-9.0,-8.0,-1483.0,-1485.0,,估计同步待核验
XY_Y-09-0.1-02,Y,0.2,1280,XY/袁-20250529/Y-09-0.1-02/Test1/33061_1_22/Img001280.jpg,126.1327192982456,-8.0,-8.0,-1484.0,-1485.0,,估计同步待核验
XY_Y-09-0.1-02,Y,0.2,1281,XY/袁-20250529/Y-09-0.1-02/Test1/33061_1_22/Img001281.jpg,126.23085032894735,-8.0,-8.0,-1483.0,-1485.0,,估计同步待核验
XY_Y-09-0.1-02,Y,0.2,1282,XY/袁-20250529/Y-09-0.1-02/Test1/33061_1_22/Img001282.jpg,126.32898135964912,-8.0,-8.0,-1483.0,-1485.0,,估计同步待核验
XY_Y-09-0.1-02,Y,0.2,1283,XY/袁-20250529/Y-09-0.1-02/Test1/33061_1_22/Img001283.jpg,126.42711239035087,-7.0,-8.0,-1483.0,-1485.0,,估计同步待核验
XY_Y-09-0.1-02,Y,0.2,1284,XY/袁-20250529/Y-09-0.1-02/Test1/33061_1_22/Img001284.jpg,126.52524342105264,-7.0,-8.0,-1483.0,-1485.0,,估计同步待核验
XY_Y-09-0.1-02,Y,0.2,1285,XY/袁-20250529/Y-09-0.1-02/Test1/33061_1_22/Img001285.jpg,126.62337445175439,-7.0,-8.0,-1483.0,-1484.0,,估计同步待核验
XY_Y-09-0.1-02,Y,0.2,1286,XY/袁-20250529/Y-09-0.1-02/Test1/33061_1_22/Img001286.jpg,126.72150548245615,-7.0,-8.0,-1483.0,-1485.0,,估计同步待核验
XY_Y-09-0.1-02,Y,0.2,1287,XY/袁-20250529/Y-09-0.1-02/Test1/33061_1_22/Img001287.jpg,126.81963651315789,-7.726973684215902,-8.0,-1482.363486842108,-1485.0,,估计同步待核验
XY_Y-09-0.1-02,Y,0.2,1288,XY/袁-20250529/Y-09-0.1-02/Test1/33061_1_22/Img001288.jpg,126.91776754385964,-9.0,-8.0,-1483.0,-1485.0,,估计同步待核验
XY_Y-09-0.1-02,Y,0.2,1289,XY/袁-20250529/Y-09-0.1-02/Test1/33061_1_22/Img001289.jpg,127.01589857456139,-9.0,-8.0,-1483.0,-1484.0,,估计同步待核验
XY_Y-09-0.1-02,Y,0.2,1290,XY/袁-20250529/Y-09-0.1-02/Test1/33061_1_22/Img001290.jpg,127.11402960526316,-8.0,-8.0,-1483.0,-1484.0,,估计同步待核验
XY_Y-09-0.1-02,Y,0.2,1291,XY/袁-20250529/Y-09-0.1-02/Test1/33061_1_22/Img001291.jpg,127.2121606359649,-8.0,-8.0,-1482.0,-1484.0,,估计同步待核验
XY_Y-09-0.1-02,Y,0.2,1292,XY/袁-20250529/Y-09-0.1-02/Test1/33061_1_22/Img001292.jpg,127.31029166666667,-8.0,-8.0,-1482.0,-1485.0,,估计同步待核验
XY_Y-09-0.1-02,Y,0.2,1293,XY/袁-20250529/Y-09-0.1-02/Test1/33061_1_22/Img001293.jpg,127.40842269736842,-7.0,-8.0,-1482.0,-1484.0,,估计同步待核验
XY_Y-09-0.1-02,Y,0.2,1294,XY/袁-20250529/Y-09-0.1-02/Test1/33061_1_22/Img001294.jpg,127.50655372807016,-7.0,-8.0,-1482.0,-1484.0,,估计同步待核验
XY_Y-09-0.1-02,Y,0.2,1295,XY/袁-20250529/Y-09-0.1-02/Test1/33061_1_22/Img001295.jpg,127.60468475877192,-7.0,-8.0,-1482.0,-1484.0,,估计同步待核验
XY_Y-09-0.1-02,Y,0.2,1296,XY/袁-20250529/Y-09-0.1-02/Test1/33061_1_22/Img001296.jpg,127.70281578947368,-7.0,-9.0,-1482.0,-1484.0,,估计同步待核验
XY_Y-09-0.1-02,Y,0.2,1297,XY/袁-20250529/Y-09-0.1-02/Test1/33061_1_22/Img001297.jpg,127.80094682017544,-7.0,-8.0,-1481.0,-1484.0,,估计同步待核验
XY_Y-09-0.1-02,Y,0.2,1298,XY/袁-20250529/Y-09-0.1-02/Test1/33061_1_22/Img001298.jpg,127.89907785087719,-7.0,-8.0,-1482.0,-1483.0,,估计同步待核验
XY_Y-09-0.1-02,Y,0.2,1299,XY/袁-20250529/Y-09-0.1-02/Test1/33061_1_22/Img001299.jpg,127.99720888157894,-7.0,-8.0,-1482.0,-1484.0,,估计同步待核验
XY_Y-09-0.1-02,Y,0.2,1300,XY/袁-20250529/Y-09-0.1-02/Test1/33061_1_22/Img001300.jpg,128.0953399122807,-8.0,-8.0,-1482.0,-1484.0,,估计同步待核验
XY_Y-09-0.1-02,Y,0.2,1301,XY/袁-20250529/Y-09-0.1-02/Test1/33061_1_22/Img001301.jpg,128.19347094298243,-8.0,-8.0,-1482.0,-1483.0,,估计同步待核验
XY_Y-09-0.1-02,Y,0.2,1302,XY/袁-20250529/Y-09-0.1-02/Test1/33061_1_22/Img001302.jpg,128.29160197368418,-7.0,-8.0,-1481.0,-1483.0,,估计同步待核验
XY_Y-09-0.1-02,Y,0.2,1303,XY/袁-20250529/Y-09-0.1-02/Test1/33061_1_22/Img001303.jpg,128.38973300438596,-7.0,-8.0,-1481.0,-1483.0,,估计同步待核验
XY_Y-09-0.1-02,Y,0.2,1304,XY/袁-20250529/Y-09-0.1-02/Test1/33061_1_22/Img001304.jpg,128.4878640350877,-7.0,-8.0,-1481.0,-1483.0,,估计同步待核验
XY_Y-09-0.1-02,Y,0.2,1305,XY/袁-20250529/Y-09-0.1-02/Test1/33061_1_22/Img001305.jpg,128.58599506578946,-7.0,-8.0,-1481.0,-1483.0,,估计同步待核验
XY_Y-09-0.1-02,Y,0.2,1306,XY/袁-20250529/Y-09-0.1-02/Test1/33061_1_22/Img001306.jpg,128.68412609649124,-7.0,-8.0,-1481.0,-1483.0,,估计同步待核验
XY_Y-09-0.1-02,Y,0.2,1307,XY/袁-20250529/Y-09-0.1-02/Test1/33061_1_22/Img001307.jpg,128.782257127193,-7.0,-8.0,-1481.0,-1483.0,,估计同步待核验
XY_Y-09-0.1-02,Y,0.2,1308,XY/袁-20250529/Y-09-0.1-02/Test1/33061_1_22/Img001308.jpg,128.8803881578947,-7.0,-8.0,-1480.0,-1483.0,,估计同步待核验
XY_Y-09-0.1-02,Y,0.2,1309,XY/袁-20250529/Y-09-0.1-02/Test1/33061_1_22/Img001309.jpg,128.9785191885965,-8.0,-8.0,-1481.0,-1483.0,,估计同步待核验
XY_Y-09-0.1-02,Y,0.2,1310,XY/袁-20250529/Y-09-0.1-02/Test1/33061_1_22/Img001310.jpg,129.07665021929824,-8.0,-8.0,-1481.0,-1482.0,,估计同步待核验
XY_Y-09-0.1-02,Y,0.2,1311,XY/袁-20250529/Y-09-0.1-02/Test1/33061_1_22/Img001311.jpg,129.17478125,-8.0,-8.0,-1480.0,-1482.0,,估计同步待核验
XY_Y-09-0.1-02,Y,0.2,1312,XY/袁-20250529/Y-09-0.1-02/Test1/33061_1_22/Img001312.jpg,129.27291228070175,-8.824561403500795,-8.0,-1480.0,-1483.0,,估计同步待核验
XY_Y-09-0.1-02,Y,0.2,1313,XY/袁-20250529/Y-09-0.1-02/Test1/33061_1_22/Img001313.jpg,129.3710433114035,-7.086622806974942,-8.0,-1480.0433114034875,-1482.0,,估计同步待核验
XY_Y-09-0.1-02,Y,0.2,1314,XY/袁-20250529/Y-09-0.1-02/Test1/33061_1_22/Img001314.jpg,129.46917434210528,-7.0,-8.0,-1480.0,-1482.0,,估计同步待核验
XY_Y-09-0.1-02,Y,0.2,1315,XY/袁-20250529/Y-09-0.1-02/Test1/33061_1_22/Img001315.jpg,129.567305372807,-7.0,-8.0,-1480.0,-1482.0,,估计同步待核验
XY_Y-09-0.1-02,Y,0.2,1316,XY/袁-20250529/Y-09-0.1-02/Test1/33061_1_22/Img001316.jpg,129.66543640350875,-7.0,-8.0,-1480.0,-1482.0,,估计同步待核验
XY_Y-09-0.1-02,Y,0.2,1317,XY/袁-20250529/Y-09-0.1-02/Test1/33061_1_22/Img001317.jpg,129.76356743421053,-7.0,-8.0,-1480.0,-1482.0,,估计同步待核验
XY_Y-09-0.1-02,Y,0.2,1318,XY/袁-20250529/Y-09-0.1-02/Test1/33061_1_22/Img001318.jpg,129.86169846491228,-7.0,-8.0,-1480.0,-1482.0,,估计同步待核验
XY_Y-09-0.1-02,Y,0.2,1319,XY/袁-20250529/Y-09-0.1-02/Test1/33061_1_22/Img001319.jpg,129.95982949561403,-8.0,-8.0,-1480.0,-1482.0,,估计同步待核验
XY_Y-09-0.1-02,Y,0.2,1320,XY/袁-20250529/Y-09-0.1-02/Test1/33061_1_22/Img001320.jpg,130.05796052631578,-8.0,-8.0,-1480.0,-1482.0,,估计同步待核验
XY_Y-09-0.1-02,Y,0.2,1321,XY/袁-20250529/Y-09-0.1-02/Test1/33061_1_22/Img001321.jpg,130.15609155701756,-9.0,-8.0,-1480.0,-1482.0,,估计同步待核验
XY_Y-09-0.1-02,Y,0.2,1322,XY/袁-20250529/Y-09-0.1-02/Test1/33061_1_22/Img001322.jpg,130.25422258771928,-9.0,-8.0,-1480.0,-1482.0,,估计同步待核验
XY_Y-09-0.1-02,Y,0.2,1323,XY/袁-20250529/Y-09-0.1-02/Test1/33061_1_22/Img001323.jpg,130.35235361842103,-9.0,-8.0,-1480.0,-1481.0,,估计同步待核验
XY_Y-09-0.1-02,Y,0.2,1324,XY/袁-20250529/Y-09-0.1-02/Test1/33061_1_22/Img001324.jpg,130.45048464912279,-9.0,-8.0,-1479.0,-1481.0,,估计同步待核验
XY_Y-09-0.1-02,Y,0.2,1325,XY/袁-20250529/Y-09-0.1-02/Test1/33061_1_22/Img001325.jpg,130.54861567982456,-8.231359649119472,-8.0,-1479.6156798245597,-1482.0,,估计同步待核验
XY_Y-09-0.1-02,Y,0.2,1326,XY/袁-20250529/Y-09-0.1-02/Test1/33061_1_22/Img001326.jpg,130.64674671052632,-7.0,-8.0,-1479.0,-1481.0,,估计同步待核验
XY_Y-09-0.1-02,Y,0.2,1327,XY/袁-20250529/Y-09-0.1-02/Test1/33061_1_22/Img001327.jpg,130.74487774122807,-8.0,-8.0,-1479.0,-1481.0,,估计同步待核验
XY_Y-09-0.1-02,Y,0.2,1328,XY/袁-20250529/Y-09-0.1-02/Test1/33061_1_22/Img001328.jpg,130.84300877192982,-8.0,-8.0,-1479.0,-1481.0,,估计同步待核验
XY_Y-09-0.1-02,Y,0.2,1329,XY/袁-20250529/Y-09-0.1-02/Test1/33061_1_22/Img001329.jpg,130.94113980263157,-8.0,-8.0,-1479.0,-1481.0,,估计同步待核验
XY_Y-09-0.1-02,Y,0.2,1330,XY/袁-20250529/Y-09-0.1-02/Test1/33061_1_22/Img001330.jpg,131.03927083333332,-9.0,-8.0,-1479.0,-1481.0,,估计同步待核验
XY_Y-09-0.1-02,Y,0.2,1331,XY/袁-20250529/Y-09-0.1-02/Test1/33061_1_22/Img001331.jpg,131.13740186403507,-9.0,-8.0,-1479.0,-1481.0,,估计同步待核验
XY_Y-09-0.1-02,Y,0.2,1332,XY/袁-20250529/Y-09-0.1-02/Test1/33061_1_22/Img001332.jpg,131.23553289473685,-9.0,-8.0,-1480.0,-1481.0,,估计同步待核验
XY_Y-09-0.1-02,Y,0.2,1333,XY/袁-20250529/Y-09-0.1-02/Test1/33061_1_22/Img001333.jpg,131.3336639254386,-9.0,-7.0,-1479.0,-1481.0,,估计同步待核验
XY_Y-09-0.1-02,Y,0.2,1334,XY/袁-20250529/Y-09-0.1-02/Test1/33061_1_22/Img001334.jpg,131.43179495614035,-9.0,-8.0,-1479.0,-1481.0,,估计同步待核验
XY_Y-09-0.1-02,Y,0.2,1335,XY/袁-20250529/Y-09-0.1-02/Test1/33061_1_22/Img001335.jpg,131.5299259868421,-9.0,-8.0,-1479.0,-1481.0,,估计同步待核验
XY_Y-09-0.1-02,Y,0.2,1336,XY/袁-20250529/Y-09-0.1-02/Test1/33061_1_22/Img001336.jpg,131.62805701754385,-9.0,-8.0,-1479.0,-1481.0,,估计同步待核验
XY_Y-09-0.1-02,Y,0.2,1337,XY/袁-20250529/Y-09-0.1-02/Test1/33061_1_22/Img001337.jpg,131.7261880482456,-9.0,-8.0,-1479.0,-1480.0,,估计同步待核验
XY_Y-09-0.1-02,Y,0.2,1338,XY/袁-20250529/Y-09-0.1-02/Test1/33061_1_22/Img001338.jpg,131.82431907894735,-8.319078947349723,-8.0,-1479.0,-1481.0,,估计同步待核验
XY_Y-09-0.1-02,Y,0.2,1339,XY/袁-20250529/Y-09-0.1-02/Test1/33061_1_22/Img001339.jpg,131.9224501096491,-8.0,-8.0,-1479.0,-1481.0,,估计同步待核验
XY_Y-09-0.1-02,Y,0.2,1340,XY/袁-20250529/Y-09-0.1-02/Test1/33061_1_22/Img001340.jpg,132.02058114035088,-9.0,-8.0,-1479.0,-1481.0,,估计同步待核验
XY_Y-09-0.1-02,Y,0.2,1341,XY/袁-20250529/Y-09-0.1-02/Test1/33061_1_22/Img001341.jpg,132.11871217105264,-9.0,-8.0,-1479.0,-1481.0,,估计同步待核验
XY_Y-09-0.1-02,Y,0.2,1342,XY/袁-20250529/Y-09-0.1-02/Test1/33061_1_22/Img001342.jpg,132.2168432017544,-9.0,-8.0,-1479.0,-1481.0,,估计同步待核验
XY_Y-09-0.1-02,Y,0.2,1343,XY/袁-20250529/Y-09-0.1-02/Test1/33061_1_22/Img001343.jpg,132.31497423245614,-9.0,-8.0,-1479.0,-1480.0,,估计同步待核验
XY_Y-09-0.1-02,Y,0.2,1344,XY/袁-20250529/Y-09-0.1-02/Test1/33061_1_22/Img001344.jpg,132.4131052631579,-9.0,-8.0,-1478.0,-1480.0,,估计同步待核验
XY_Y-09-0.1-02,Y,0.2,1345,XY/袁-20250529/Y-09-0.1-02/Test1/33061_1_22/Img001345.jpg,132.51123629385964,-9.0,-7.0,-1479.0,-1480.0,,估计同步待核验
XY_Y-09-0.1-02,Y,0.2,1346,XY/袁-20250529/Y-09-0.1-02/Test1/33061_1_22/Img001346.jpg,132.6093673245614,-9.0,-7.0,-1479.0,-1481.0,,估计同步待核验
XY_Y-09-0.1-02,Y,0.2,1347,XY/袁-20250529/Y-09-0.1-02/Test1/33061_1_22/Img001347.jpg,132.70749835526314,-9.0,-8.0,-1478.0,-1480.0,,估计同步待核验
XY_Y-09-0.1-02,Y,0.2,1348,XY/袁-20250529/Y-09-0.1-02/Test1/33061_1_22/Img001348.jpg,132.80562938596492,-8.0,-8.0,-1478.0,-1480.0,,估计同步待核验
XY_Y-09-0.1-02,Y,0.2,1349,XY/袁-20250529/Y-09-0.1-02/Test1/33061_1_22/Img001349.jpg,132.90376041666667,-8.0,-8.0,-1478.0,-1480.0,,估计同步待核验
XY_Y-09-0.1-02,Y,0.2,1350,XY/袁-20250529/Y-09-0.1-02/Test1/33061_1_22/Img001350.jpg,133.00189144736842,-7.217105263174163,-8.0,-1479.0,-1480.0,,估计同步待核验
XY_Y-09-0.1-02,Y,0.2,1351,XY/袁-20250529/Y-09-0.1-02/Test1/33061_1_22/Img001351.jpg,133.10002247807017,-8.95504385964317,-7.022478070178415,-1478.9775219298215,-1480.0,,估计同步待核验
XY_Y-09-0.1-02,Y,0.2,1352,XY/袁-20250529/Y-09-0.1-02/Test1/33061_1_22/Img001352.jpg,133.19815350877192,-9.0,-8.0,-1478.0,-1480.0,,估计同步待核验
XY_Y-09-0.1-02,Y,0.2,1353,XY/袁-20250529/Y-09-0.1-02/Test1/33061_1_22/Img001353.jpg,133.29628453947367,-9.0,-8.0,-1478.0,-1480.0,,估计同步待核验
XY_Y-09-0.1-02,Y,0.2,1354,XY/袁-20250529/Y-09-0.1-02/Test1/33061_1_22/Img001354.jpg,133.39441557017543,-9.0,-8.0,-1478.0,-1480.0,,估计同步待核验
XY_Y-09-0.1-02,Y,0.2,1355,XY/袁-20250529/Y-09-0.1-02/Test1/33061_1_22/Img001355.jpg,133.4925466008772,-9.0,-8.0,-1479.0,-1480.0,,估计同步待核验
XY_Y-09-0.1-02,Y,0.2,1356,XY/袁-20250529/Y-09-0.1-02/Test1/33061_1_22/Img001356.jpg,133.59067763157896,-8.0,-8.0,-1478.0,-1480.0,,估计同步待核验
XY_Y-09-0.1-02,Y,0.2,1357,XY/袁-20250529/Y-09-0.1-02/Test1/33061_1_22/Img001357.jpg,133.6888086622807,-8.0,-8.0,-1478.0,-1479.0,,估计同步待核验
XY_Y-09-0.1-02,Y,0.2,1358,XY/袁-20250529/Y-09-0.1-02/Test1/33061_1_22/Img001358.jpg,133.78693969298243,-8.0,-8.0,-1478.0,-1480.0,,估计同步待核验
XY_Y-09-0.1-02,Y,0.2,1359,XY/袁-20250529/Y-09-0.1-02/Test1/33061_1_22/Img001359.jpg,133.8850707236842,-7.0,-8.0,-1478.0,-1480.0,,估计同步待核验
XY_Y-09-0.1-02,Y,0.2,1360,XY/袁-20250529/Y-09-0.1-02/Test1/33061_1_22/Img001360.jpg,133.98320175438596,-7.0,-8.0,-1478.0,-1480.0,,估计同步待核验
XY_Y-09-0.1-02,Y,0.2,1361,XY/袁-20250529/Y-09-0.1-02/Test1/33061_1_22/Img001361.jpg,134.0813327850877,-6.0,-8.0,-1477.0,-1479.0,,估计同步待核验
XY_Y-09-0.1-02,Y,0.2,1362,XY/袁-20250529/Y-09-0.1-02/Test1/33061_1_22/Img001362.jpg,134.17946381578946,-7.0,-8.0,-1477.0,-1479.0,,估计同步待核验
XY_Y-09-0.1-02,Y,0.2,1363,XY/袁-20250529/Y-09-0.1-02/Test1/33061_1_22/Img001363.jpg,134.27759484649124,-7.810307017498641,-8.0,-1477.4051535087492,-1479.0,,估计同步待核验
XY_Y-09-0.1-02,Y,0.2,1364,XY/袁-20250529/Y-09-0.1-02/Test1/33061_1_22/Img001364.jpg,134.375725877193,-9.0,-8.0,-1477.0,-1480.0,,估计同步待核验
XY_Y-09-0.1-02,Y,0.2,1365,XY/袁-20250529/Y-09-0.1-02/Test1/33061_1_22/Img001365.jpg,134.4738569078947,-8.0,-8.0,-1478.0,-1479.0,,估计同步待核验
XY_Y-09-0.1-02,Y,0.2,1366,XY/袁-20250529/Y-09-0.1-02/Test1/33061_1_22/Img001366.jpg,134.5719879385965,-8.0,-8.0,-1477.0,-1479.0,,估计同步待核验
XY_Y-09-0.1-02,Y,0.2,1367,XY/袁-20250529/Y-09-0.1-02/Test1/33061_1_22/Img001367.jpg,134.67011896929824,-8.0,-8.0,-1477.0,-1479.0,,估计同步待核验
XY_Y-09-0.1-02,Y,0.2,1368,XY/袁-20250529/Y-09-0.1-02/Test1/33061_1_22/Img001368.jpg,134.76825,-8.0,-8.0,-1477.0,-1479.0,,估计同步待核验
XY_Y-09-0.1-02,Y,0.2,1369,XY/袁-20250529/Y-09-0.1-02/Test1/33061_1_22/Img001369.jpg,134.86638103070175,-7.0,-8.0,-1477.0,-1479.0,,估计同步待核验
XY_Y-09-0.1-02,Y,0.2,1370,XY/袁-20250529/Y-09-0.1-02/Test1/33061_1_22/Img001370.jpg,134.9645120614035,-7.0,-8.0,-1476.0,-1478.0,,估计同步待核验
XY_Y-09-0.1-02,Y,0.2,1371,XY/袁-20250529/Y-09-0.1-02/Test1/33061_1_22/Img001371.jpg,135.06264309210528,-7.0,-8.0,-1476.0,-1479.0,,估计同步待核验
XY_Y-09-0.1-02,Y,0.2,1372,XY/袁-20250529/Y-09-0.1-02/Test1/33061_1_22/Img001372.jpg,135.160774122807,-7.0,-8.0,-1477.0,-1479.0,,估计同步待核验
XY_Y-09-0.1-02,Y,0.2,1373,XY/袁-20250529/Y-09-0.1-02/Test1/33061_1_22/Img001373.jpg,135.25890515350875,-7.0,-8.0,-1476.0,-1478.0,,估计同步待核验
XY_Y-09-0.1-02,Y,0.2,1374,XY/袁-20250529/Y-09-0.1-02/Test1/33061_1_22/Img001374.jpg,135.35703618421053,-7.0,-8.0,-1476.0,-1478.0,,估计同步待核验
XY_Y-09-0.1-02,Y,0.2,1375,XY/袁-20250529/Y-09-0.1-02/Test1/33061_1_22/Img001375.jpg,135.45516721491228,-7.0,-8.0,-1476.0,-1478.0,,估计同步待核验
XY_Y-09-0.1-02,Y,0.2,1376,XY/袁-20250529/Y-09-0.1-02/Test1/33061_1_22/Img001376.jpg,135.55329824561403,-8.0,-8.0,-1476.0,-1478.0,,估计同步待核验
XY_Y-09-0.1-02,Y,0.2,1377,XY/袁-20250529/Y-09-0.1-02/Test1/33061_1_22/Img001377.jpg,135.65142927631578,-7.429276315780872,-8.0,-1476.0,-1478.0,,估计同步待核验
XY_Y-09-0.1-02,Y,0.2,1378,XY/袁-20250529/Y-09-0.1-02/Test1/33061_1_22/Img001378.jpg,135.74956030701756,-7.0,-8.0,-1476.0,-1478.0,,估计同步待核验
XY_Y-09-0.1-02,Y,0.2,1379,XY/袁-20250529/Y-09-0.1-02/Test1/33061_1_22/Img001379.jpg,135.84769133771928,-7.0,-8.0,-1476.0,-1478.0,,估计同步待核验
XY_Y-09-0.1-02,Y,0.2,1380,XY/袁-20250529/Y-09-0.1-02/Test1/33061_1_22/Img001380.jpg,135.94582236842103,-7.0,-8.0,-1475.0,-1477.0,,估计同步待核验
XY_Y-09-0.1-02,Y,0.2,1381,XY/袁-20250529/Y-09-0.1-02/Test1/33061_1_22/Img001381.jpg,136.04395339912278,-7.0,-8.0,-1476.0,-1478.0,,估计同步待核验
XY_Y-09-0.1-02,Y,0.2,1382,XY/袁-20250529/Y-09-0.1-02/Test1/33061_1_22/Img001382.jpg,136.14208442982456,-7.0,-8.0,-1475.0,-1477.0,,估计同步待核验
XY_Y-09-0.1-02,Y,0.2,1383,XY/袁-20250529/Y-09-0.1-02/Test1/33061_1_22/Img001383.jpg,136.24021546052631,-7.0,-8.0,-1475.0,-1477.0,,估计同步待核验
XY_Y-09-0.1-02,Y,0.2,1384,XY/袁-20250529/Y-09-0.1-02/Test1/33061_1_22/Img001384.jpg,136.33834649122807,-8.0,-8.0,-1475.0,-1477.0,,估计同步待核验
XY_Y-09-0.1-02,Y,0.2,1385,XY/袁-20250529/Y-09-0.1-02/Test1/33061_1_22/Img001385.jpg,136.43647752192982,-8.0,-8.0,-1475.0,-1477.0,,估计同步待核验
XY_Y-09-0.1-02,Y,0.2,1386,XY/袁-20250529/Y-09-0.1-02/Test1/33061_1_22/Img001386.jpg,136.53460855263157,-8.0,-8.0,-1475.0,-1477.0,,估计同步待核验
XY_Y-09-0.1-02,Y,0.2,1387,XY/袁-20250529/Y-09-0.1-02/Test1/33061_1_22/Img001387.jpg,136.63273958333332,-9.0,-8.0,-1475.0,-1476.0,,估计同步待核验
XY_Y-09-0.1-02,Y,0.2,1388,XY/袁-20250529/Y-09-0.1-02/Test1/33061_1_22/Img001388.jpg,136.73087061403507,-9.0,-8.0,-1475.0,-1477.0,,估计同步待核验
XY_Y-09-0.1-02,Y,0.2,1389,XY/袁-20250529/Y-09-0.1-02/Test1/33061_1_22/Img001389.jpg,136.82900164473685,-9.0,-8.0,-1475.0,-1477.0,,估计同步待核验
XY_Y-09-0.1-02,Y,0.2,1390,XY/袁-20250529/Y-09-0.1-02/Test1/33061_1_22/Img001390.jpg,136.9271326754386,-7.265350877212866,-8.0,-1474.1326754386064,-1477.0,,估计同步待核验
XY_Y-09-0.1-02,Y,0.2,1391,XY/袁-20250529/Y-09-0.1-02/Test1/33061_1_22/Img001391.jpg,137.02526370614035,-7.0,-8.0,-1474.0,-1476.0,,估计同步待核验
XY_Y-09-0.1-02,Y,0.2,1392,XY/袁-20250529/Y-09-0.1-02/Test1/33061_1_22/Img001392.jpg,137.1233947368421,-7.0,-8.0,-1475.0,-1477.0,,估计同步待核验
XY_Y-09-0.1-02,Y,0.2,1393,XY/袁-20250529/Y-09-0.1-02/Test1/33061_1_22/Img001393.jpg,137.22152576754385,-8.0,-8.0,-1474.0,-1476.0,,估计同步待核验
XY_Y-09-0.1-02,Y,0.2,1394,XY/袁-20250529/Y-09-0.1-02/Test1/33061_1_22/Img001394.jpg,137.3196567982456,-8.0,-8.0,-1475.0,-1476.0,,估计同步待核验
XY_Y-09-0.1-02,Y,0.2,1395,XY/袁-20250529/Y-09-0.1-02/Test1/33061_1_22/Img001395.jpg,137.41778782894735,-9.0,-8.0,-1474.0,-1476.0,,估计同步待核验
XY_Y-09-0.1-02,Y,0.2,1396,XY/袁-20250529/Y-09-0.1-02/Test1/33061_1_22/Img001396.jpg,137.5159188596491,-9.0,-8.0,-1474.0,-1476.0,,估计同步待核验
XY_Y-09-0.1-02,Y,0.2,1397,XY/袁-20250529/Y-09-0.1-02/Test1/33061_1_22/Img001397.jpg,137.61404989035088,-9.0,-8.0,-1474.0,-1476.0,,估计同步待核验
XY_Y-09-0.1-02,Y,0.2,1398,XY/袁-20250529/Y-09-0.1-02/Test1/33061_1_22/Img001398.jpg,137.71218092105264,-9.0,-8.0,-1474.0,-1476.0,,估计同步待核验
XY_Y-09-0.1-02,Y,0.2,1399,XY/袁-20250529/Y-09-0.1-02/Test1/33061_1_22/Img001399.jpg,137.8103119517544,-9.0,-8.0,-1474.0,-1475.0,,估计同步待核验
XY_Y-09-0.1-02,Y,0.2,1400,XY/袁-20250529/Y-09-0.1-02/Test1/33061_1_22/Img001400.jpg,137.90844298245614,-9.0,-8.0,-1474.0,-1475.0,,估计同步待核验
XY_Y-09-0.1-02,Y,0.2,1401,XY/袁-20250529/Y-09-0.1-02/Test1/33061_1_22/Img001401.jpg,138.0065740131579,-9.0,-8.0,-1474.0,-1476.0,,估计同步待核验
XY_Y-09-0.1-02,Y,0.2,1402,XY/袁-20250529/Y-09-0.1-02/Test1/33061_1_22/Img001402.jpg,138.10470504385964,-8.705043859641894,-8.0,-1473.7050438596418,-1475.0,,估计同步待核验
XY_Y-09-0.1-02,Y,0.2,1403,XY/袁-20250529/Y-09-0.1-02/Test1/33061_1_22/Img001403.jpg,138.2028360745614,-8.0,-8.0,-1474.0,-1476.0,,估计同步待核验
XY_Y-09-0.1-02,Y,0.2,1404,XY/袁-20250529/Y-09-0.1-02/Test1/33061_1_22/Img001404.jpg,138.30096710526314,-8.0,-8.0,-1474.0,-1476.0,,估计同步待核验
XY_Y-09-0.1-02,Y,0.2,1405,XY/袁-20250529/Y-09-0.1-02/Test1/33061_1_22/Img001405.jpg,138.39909813596492,-9.0,-7.0,-1474.0,-1475.0,,估计同步待核验
XY_Y-09-0.1-02,Y,0.2,1406,XY/袁-20250529/Y-09-0.1-02/Test1/33061_1_22/Img001406.jpg,138.49722916666667,-9.0,-8.0,-1474.0,-1475.0,,估计同步待核验
XY_Y-09-0.1-02,Y,0.2,1407,XY/袁-20250529/Y-09-0.1-02/Test1/33061_1_22/Img001407.jpg,138.59536019736842,-9.0,-8.0,-1473.0,-1475.0,,估计同步待核验
XY_Y-09-0.1-02,Y,0.2,1408,XY/袁-20250529/Y-09-0.1-02/Test1/33061_1_22/Img001408.jpg,138.69349122807017,-9.0,-8.0,-1474.0,-1476.0,,估计同步待核验
XY_Y-09-0.1-02,Y,0.2,1409,XY/袁-20250529/Y-09-0.1-02/Test1/33061_1_22/Img001409.jpg,138.79162225877192,-9.0,-8.0,-1474.0,-1475.0,,估计同步待核验
XY_Y-09-0.1-02,Y,0.2,1410,XY/袁-20250529/Y-09-0.1-02/Test1/33061_1_22/Img001410.jpg,138.88975328947367,-9.0,-8.0,-1474.0,-1475.0,,估计同步待核验
XY_Y-09-0.1-02,Y,0.2,1411,XY/袁-20250529/Y-09-0.1-02/Test1/33061_1_22/Img001411.jpg,138.98788432017543,-8.0,-8.0,-1473.0,-1475.0,,估计同步待核验
XY_Y-09-0.1-02,Y,0.2,1412,XY/袁-20250529/Y-09-0.1-02/Test1/33061_1_22/Img001412.jpg,139.0860153508772,-8.0,-8.0,-1473.0,-1475.0,,估计同步待核验
XY_Y-09-0.1-02,Y,0.2,1413,XY/袁-20250529/Y-09-0.1-02/Test1/33061_1_22/Img001413.jpg,139.18414638157896,-8.0,-8.0,-1473.0,-1475.0,,估计同步待核验
XY_Y-09-0.1-02,Y,0.2,1414,XY/袁-20250529/Y-09-0.1-02/Test1/33061_1_22/Img001414.jpg,139.2822774122807,-7.0,-8.0,-1473.0,-1475.0,,估计同步待核验
XY_Y-09-0.1-02,Y,0.2,1415,XY/袁-20250529/Y-09-0.1-02/Test1/33061_1_22/Img001415.jpg,139.38040844298243,-8.183114035137613,-8.0,-1473.0,-1475.0,,估计同步待核验
XY_Y-09-0.1-02,Y,0.2,1416,XY/袁-20250529/Y-09-0.1-02/Test1/33061_1_22/Img001416.jpg,139.4785394736842,-9.0,-8.0,-1473.0,-1475.0,,估计同步待核验
XY_Y-09-0.1-02,Y,0.2,1417,XY/袁-20250529/Y-09-0.1-02/Test1/33061_1_22/Img001417.jpg,139.57667050438596,-9.0,-8.0,-1473.0,-1475.0,,估计同步待核验
XY_Y-09-0.1-02,Y,0.2,1418,XY/袁-20250529/Y-09-0.1-02/Test1/33061_1_22/Img001418.jpg,139.6748015350877,-9.0,-8.0,-1473.0,-1474.0,,估计同步待核验
XY_Y-09-0.1-02,Y,0.2,1419,XY/袁-20250529/Y-09-0.1-02/Test1/33061_1_22/Img001419.jpg,139.77293256578946,-8.0,-8.0,-1473.0,-1475.0,,估计同步待核验
XY_Y-09-0.1-02,Y,0.2,1420,XY/袁-20250529/Y-09-0.1-02/Test1/33061_1_22/Img001420.jpg,139.87106359649124,-8.0,-8.0,-1473.0,-1475.0,,估计同步待核验
XY_Y-09-0.1-02,Y,0.2,1421,XY/袁-20250529/Y-09-0.1-02/Test1/33061_1_22/Img001421.jpg,139.969194627193,-8.0,-8.0,-1473.0,-1475.0,,估计同步待核验
XY_Y-09-0.1-02,Y,0.2,1422,XY/袁-20250529/Y-09-0.1-02/Test1/33061_1_22/Img001422.jpg,140.0673256578947,-7.0,-8.0,-1473.0,-1474.0,,估计同步待核验
XY_Y-09-0.1-02,Y,0.2,1423,XY/袁-20250529/Y-09-0.1-02/Test1/33061_1_22/Img001423.jpg,140.1654566885965,-7.0,-8.0,-1473.0,-1475.0,,估计同步待核验
XY_Y-09-0.1-02,Y,0.2,1424,XY/袁-20250529/Y-09-0.1-02/Test1/33061_1_22/Img001424.jpg,140.26358771929824,-7.0,-8.0,-1472.0,-1474.0,,估计同步待核验
XY_Y-09-0.1-02,Y,0.2,1425,XY/袁-20250529/Y-09-0.1-02/Test1/33061_1_22/Img001425.jpg,140.36171875,-7.0,-8.0,-1473.0,-1474.0,,估计同步待核验
XY_Y-09-0.1-02,Y,0.2,1426,XY/袁-20250529/Y-09-0.1-02/Test1/33061_1_22/Img001426.jpg,140.45984978070175,-7.0,-8.0,-1472.0,-1474.0,,估计同步待核验
XY_Y-09-0.1-02,Y,0.2,1427,XY/袁-20250529/Y-09-0.1-02/Test1/33061_1_22/Img001427.jpg,140.5579808114035,-7.038377192993083,-8.0,-1472.0191885964966,-1474.9808114035034,,估计同步待核验
XY_Y-09-0.1-02,Y,0.2,1428,XY/袁-20250529/Y-09-0.1-02/Test1/33061_1_22/Img001428.jpg,140.65611184210528,-8.77631578946209,-8.0,-1472.0,-1474.0,,估计同步待核验
XY_Y-09-0.1-02,Y,0.2,1429,XY/袁-20250529/Y-09-0.1-02/Test1/33061_1_22/Img001429.jpg,140.754242872807,-8.0,-8.0,-1472.0,-1474.0,,估计同步待核验
XY_Y-09-0.1-02,Y,0.2,1430,XY/袁-20250529/Y-09-0.1-02/Test1/33061_1_22/Img001430.jpg,140.85237390350875,-8.0,-8.0,-1472.0,-1473.0,,估计同步待核验
XY_Y-09-0.1-02,Y,0.2,1431,XY/袁-20250529/Y-09-0.1-02/Test1/33061_1_22/Img001431.jpg,140.95050493421053,-7.0,-8.0,-1471.0,-1473.0,,估计同步待核验
XY_Y-09-0.1-02,Y,0.2,1432,XY/袁-20250529/Y-09-0.1-02/Test1/33061_1_22/Img001432.jpg,141.04863596491228,-7.0,-8.0,-1471.0,-1473.0,,估计同步待核验
XY_Y-09-0.1-02,Y,0.2,1433,XY/袁-20250529/Y-09-0.1-02/Test1/33061_1_22/Img001433.jpg,141.14676699561403,-7.0,-8.0,-1471.0,-1473.0,,估计同步待核验
XY_Y-09-0.1-02,Y,0.2,1434,XY/袁-20250529/Y-09-0.1-02/Test1/33061_1_22/Img001434.jpg,141.24489802631578,-7.0,-8.0,-1471.0,-1473.0,,估计同步待核验
XY_Y-09-0.1-02,Y,0.2,1435,XY/袁-20250529/Y-09-0.1-02/Test1/33061_1_22/Img001435.jpg,141.34302905701756,-7.0,-8.0,-1471.0,-1473.0,,估计同步待核验
XY_Y-09-0.1-02,Y,0.2,1436,XY/袁-20250529/Y-09-0.1-02/Test1/33061_1_22/Img001436.jpg,141.44116008771928,-7.0,-8.0,-1471.0,-1473.0,,估计同步待核验
XY_Y-09-0.1-02,Y,0.2,1437,XY/袁-20250529/Y-09-0.1-02/Test1/33061_1_22/Img001437.jpg,141.53929111842103,-7.0,-8.0,-1471.0,-1473.0,,估计同步待核验
XY_Y-09-0.1-02,Y,0.2,1438,XY/袁-20250529/Y-09-0.1-02/Test1/33061_1_22/Img001438.jpg,141.63742214912278,-8.0,-8.0,-1470.0,-1472.0,,估计同步待核验
XY_Y-09-0.1-02,Y,0.2,1439,XY/袁-20250529/Y-09-0.1-02/Test1/33061_1_22/Img001439.jpg,141.73555317982456,-8.0,-8.0,-1471.0,-1472.0,,估计同步待核验
XY_Y-09-0.1-02,Y,0.2,1440,XY/袁-20250529/Y-09-0.1-02/Test1/33061_1_22/Img001440.jpg,141.83368421052631,-8.368421052625596,-8.0,-1470.0,-1472.0,,估计同步待核验
XY_Y-09-0.1-02,Y,0.2,1441,XY/袁-20250529/Y-09-0.1-02/Test1/33061_1_22/Img001441.jpg,141.93181524122807,-7.0,-8.0,-1470.0,-1472.0,,估计同步待核验
XY_Y-09-0.1-02,Y,0.2,1442,XY/袁-20250529/Y-09-0.1-02/Test1/33061_1_22/Img001442.jpg,142.02994627192982,-7.0,-8.0,-1470.0,-1472.0,,估计同步待核验
XY_Y-09-0.1-02,Y,0.2,1443,XY/袁-20250529/Y-09-0.1-02/Test1/33061_1_22/Img001443.jpg,142.12807730263157,-7.0,-8.0,-1469.0,-1472.0,,估计同步待核验
XY_Y-09-0.1-02,Y,0.2,1444,XY/袁-20250529/Y-09-0.1-02/Test1/33061_1_22/Img001444.jpg,142.22620833333332,-7.0,-8.0,-1469.0,-1471.0,,估计同步待核验
XY_Y-09-0.1-02,Y,0.2,1445,XY/袁-20250529/Y-09-0.1-02/Test1/33061_1_22/Img001445.jpg,142.32433936403507,-7.0,-8.0,-1470.0,-1471.0,,估计同步待核验
XY_Y-09-0.1-02,Y,0.2,1446,XY/袁-20250529/Y-09-0.1-02/Test1/33061_1_22/Img001446.jpg,142.42247039473685,-8.0,-8.0,-1469.0,-1471.0,,估计同步待核验
XY_Y-09-0.1-02,Y,0.2,1447,XY/袁-20250529/Y-09-0.1-02/Test1/33061_1_22/Img001447.jpg,142.5206014254386,-8.0,-8.0,-1468.0,-1470.0,,估计同步待核验
XY_Y-09-0.1-02,Y,0.2,1448,XY/袁-20250529/Y-09-0.1-02/Test1/33061_1_22/Img001448.jpg,142.61873245614035,-8.0,-8.0,-1469.0,-1471.0,,估计同步待核验
XY_Y-09-0.1-02,Y,0.2,1449,XY/袁-20250529/Y-09-0.1-02/Test1/33061_1_22/Img001449.jpg,142.7168634868421,-9.0,-8.0,-1469.0,-1470.0,,估计同步待核验
XY_Y-09-0.1-02,Y,0.2,1450,XY/袁-20250529/Y-09-0.1-02/Test1/33061_1_22/Img001450.jpg,142.81499451754385,-9.0,-8.0,-1468.0,-1470.0,,估计同步待核验
XY_Y-09-0.1-02,Y,0.2,1451,XY/袁-20250529/Y-09-0.1-02/Test1/33061_1_22/Img001451.jpg,142.9131255482456,-9.0,-8.0,-1468.0,-1470.0,,估计同步待核验
XY_Y-09-0.1-02,Y,0.2,1452,XY/袁-20250529/Y-09-0.1-02/Test1/33061_1_22/Img001452.jpg,143.01125657894735,-9.0,-8.0,-1468.0,-1470.0,,估计同步待核验
XY_Y-09-0.1-02,Y,0.2,1453,XY/袁-20250529/Y-09-0.1-02/Test1/33061_1_22/Img001453.jpg,143.1093876096491,-7.77521929818743,-8.0,-1468.3876096490937,-1470.0,,估计同步待核验
XY_Y-09-0.1-02,Y,0.2,1454,XY/袁-20250529/Y-09-0.1-02/Test1/33061_1_22/Img001454.jpg,143.20751864035088,-7.0,-8.0,-1467.0,-1469.0,,估计同步待核验
XY_Y-09-0.1-02,Y,0.2,1455,XY/袁-20250529/Y-09-0.1-02/Test1/33061_1_22/Img001455.jpg,143.30564967105263,-8.0,-8.0,-1467.0,-1469.0,,估计同步待核验
XY_Y-09-0.1-02,Y,0.2,1456,XY/袁-20250529/Y-09-0.1-02/Test1/33061_1_22/Img001456.jpg,143.40378070175439,-8.0,-8.0,-1467.0,-1469.0,,估计同步待核验
XY_Y-09-0.1-02,Y,0.2,1457,XY/袁-20250529/Y-09-0.1-02/Test1/33061_1_22/Img001457.jpg,143.50191173245614,-8.0,-8.0,-1467.0,-1469.0,,估计同步待核验
XY_Y-09-0.1-02,Y,0.2,1458,XY/袁-20250529/Y-09-0.1-02/Test1/33061_1_22/Img001458.jpg,143.6000427631579,-9.0,-8.0,-1467.0,-1468.0,,估计同步待核验
XY_Y-09-0.1-02,Y,0.2,1459,XY/袁-20250529/Y-09-0.1-02/Test1/33061_1_22/Img001459.jpg,143.69817379385964,-9.0,-8.0,-1467.0,-1468.0,,估计同步待核验
XY_Y-09-0.1-02,Y,0.2,1460,XY/袁-20250529/Y-09-0.1-02/Test1/33061_1_22/Img001460.jpg,143.7963048245614,-9.0,-8.0,-1467.0,-1468.0,,估计同步待核验
XY_Y-09-0.1-02,Y,0.2,1461,XY/袁-20250529/Y-09-0.1-02/Test1/33061_1_22/Img001461.jpg,143.89443585526314,-9.0,-8.0,-1467.0,-1468.0,,估计同步待核验
XY_Y-09-0.1-02,Y,0.2,1462,XY/袁-20250529/Y-09-0.1-02/Test1/33061_1_22/Img001462.jpg,143.99256688596492,-9.0,-8.0,-1467.0,-1468.0,,估计同步待核验
XY_Y-09-0.1-02,Y,0.2,1463,XY/袁-20250529/Y-09-0.1-02/Test1/33061_1_22/Img001463.jpg,144.09069791666667,-9.0,-7.0,-1466.0,-1468.0,,估计同步待核验
XY_Y-09-0.1-02,Y,0.2,1464,XY/袁-20250529/Y-09-0.1-02/Test1/33061_1_22/Img001464.jpg,144.18882894736842,-8.0,-8.0,-1466.0,-1468.0,,估计同步待核验
XY_Y-09-0.1-02,Y,0.2,1465,XY/袁-20250529/Y-09-0.1-02/Test1/33061_1_22/Img001465.jpg,144.28695997807017,-8.0,-8.0,-1466.0,-1468.0,,估计同步待核验
XY_Y-09-0.1-02,Y,0.2,1466,XY/袁-20250529/Y-09-0.1-02/Test1/33061_1_22/Img001466.jpg,144.38509100877192,-8.817982456137047,-8.0,-1466.0,-1468.0,,估计同步待核验
XY_Y-09-0.1-02,Y,0.2,1467,XY/袁-20250529/Y-09-0.1-02/Test1/33061_1_22/Img001467.jpg,144.48322203947367,-9.0,-8.0,-1466.0,-1468.0,,估计同步待核验
XY_Y-09-0.1-02,Y,0.2,1468,XY/袁-20250529/Y-09-0.1-02/Test1/33061_1_22/Img001468.jpg,144.58135307017542,-9.0,-8.0,-1465.0,-1467.0,,估计同步待核验
XY_Y-09-0.1-02,Y,0.2,1469,XY/袁-20250529/Y-09-0.1-02/Test1/33061_1_22/Img001469.jpg,144.6794841008772,-9.0,-7.0,-1465.0,-1467.0,,估计同步待核验
XY_Y-09-0.1-02,Y,0.2,1470,XY/袁-20250529/Y-09-0.1-02/Test1/33061_1_22/Img001470.jpg,144.77761513157895,-9.0,-8.0,-1465.0,-1467.0,,估计同步待核验
XY_Y-09-0.1-02,Y,0.2,1471,XY/袁-20250529/Y-09-0.1-02/Test1/33061_1_22/Img001471.jpg,144.8757461622807,-9.0,-7.0,-1465.0,-1467.0,,估计同步待核验
XY_Y-09-0.1-02,Y,0.2,1472,XY/袁-20250529/Y-09-0.1-02/Test1/33061_1_22/Img001472.jpg,144.97387719298243,-9.0,-8.0,-1465.0,-1467.0,,估计同步待核验
XY_Y-09-0.1-02,Y,0.2,1473,XY/袁-20250529/Y-09-0.1-02/Test1/33061_1_22/Img001473.jpg,145.0720082236842,-8.0,-7.0,-1465.0,-1466.0,,估计同步待核验
XY_Y-09-0.1-02,Y,0.2,1474,XY/袁-20250529/Y-09-0.1-02/Test1/33061_1_22/Img001474.jpg,145.17013925438596,-8.0,-8.0,-1465.0,-1466.0,,估计同步待核验
XY_Y-09-0.1-02,Y,0.2,1475,XY/袁-20250529/Y-09-0.1-02/Test1/33061_1_22/Img001475.jpg,145.2682702850877,-7.0,-8.0,-1465.0,-1467.0,,估计同步待核验
XY_Y-09-0.1-02,Y,0.2,1476,XY/袁-20250529/Y-09-0.1-02/Test1/33061_1_22/Img001476.jpg,145.36640131578946,-7.0,-8.0,-1464.0,-1466.0,,估计同步待核验
XY_Y-09-0.1-02,Y,0.2,1477,XY/袁-20250529/Y-09-0.1-02/Test1/33061_1_22/Img001477.jpg,145.46453234649124,-7.0,-8.0,-1464.0,-1466.0,,估计同步待核验
XY_Y-09-0.1-02,Y,0.2,1478,XY/袁-20250529/Y-09-0.1-02/Test1/33061_1_22/Img001478.jpg,145.562663377193,-7.673245614011652,-8.0,-1464.3366228070058,-1466.3366228070058,,估计同步待核验
XY_Y-09-0.1-02,Y,0.2,1479,XY/袁-20250529/Y-09-0.1-02/Test1/33061_1_22/Img001479.jpg,145.6607944078947,-9.0,-7.0,-1464.0,-1466.0,,估计同步待核验
XY_Y-09-0.1-02,Y,0.2,1480,XY/袁-20250529/Y-09-0.1-02/Test1/33061_1_22/Img001480.jpg,145.7589254385965,-9.0,-7.0,-1464.0,-1466.0,,估计同步待核验
XY_Y-09-0.1-02,Y,0.2,1481,XY/袁-20250529/Y-09-0.1-02/Test1/33061_1_22/Img001481.jpg,145.85705646929824,-8.0,-8.0,-1464.0,-1466.0,,估计同步待核验
XY_Y-09-0.1-02,Y,0.2,1482,XY/袁-20250529/Y-09-0.1-02/Test1/33061_1_22/Img001482.jpg,145.9551875,-8.0,-8.0,-1464.0,-1466.0,,估计同步待核验
XY_Y-09-0.1-02,Y,0.2,1483,XY/袁-20250529/Y-09-0.1-02/Test1/33061_1_22/Img001483.jpg,146.05331853070174,-7.0,-8.0,-1464.0,-1465.0,,估计同步待核验
XY_Y-09-0.1-02,Y,0.2,1484,XY/袁-20250529/Y-09-0.1-02/Test1/33061_1_22/Img001484.jpg,146.1514495614035,-7.0,-8.0,-1463.0,-1466.0,,估计同步待核验
XY_Y-09-0.1-02,Y,0.2,1485,XY/袁-20250529/Y-09-0.1-02/Test1/33061_1_22/Img001485.jpg,146.24958059210527,-7.0,-8.0,-1463.0,-1465.0,,估计同步待核验
XY_Y-09-0.1-02,Y,0.2,1486,XY/袁-20250529/Y-09-0.1-02/Test1/33061_1_22/Img001486.jpg,146.347711622807,-7.0,-8.0,-1463.0,-1465.0,,估计同步待核验
XY_Y-09-0.1-02,Y,0.2,1487,XY/袁-20250529/Y-09-0.1-02/Test1/33061_1_22/Img001487.jpg,146.44584265350875,-7.0,-8.0,-1463.0,-1465.0,,估计同步待核验
XY_Y-09-0.1-02,Y,0.2,1488,XY/袁-20250529/Y-09-0.1-02/Test1/33061_1_22/Img001488.jpg,146.54397368421053,-7.0,-8.0,-1463.0,-1465.0,,估计同步待核验
XY_Y-09-0.1-02,Y,0.2,1489,XY/袁-20250529/Y-09-0.1-02/Test1/33061_1_22/Img001489.jpg,146.64210471491228,-7.0,-8.0,-1463.0,-1465.0,,估计同步待核验
XY_Y-09-0.1-02,Y,0.2,1490,XY/袁-20250529/Y-09-0.1-02/Test1/33061_1_22/Img001490.jpg,146.74023574561403,-7.0,-8.0,-1463.0,-1465.0,,估计同步待核验
XY_Y-09-0.1-02,Y,0.2,1491,XY/袁-20250529/Y-09-0.1-02/Test1/33061_1_22/Img001491.jpg,146.83836677631578,-7.366776315784659,-8.0,-1463.0,-1464.3667763157846,,估计同步待核验
XY_Y-09-0.1-02,Y,0.2,1492,XY/袁-20250529/Y-09-0.1-02/Test1/33061_1_22/Img001492.jpg,146.93649780701756,-7.0,-8.0,-1463.0,-1464.0,,估计同步待核验
XY_Y-09-0.1-02,Y,0.2,1493,XY/袁-20250529/Y-09-0.1-02/Test1/33061_1_22/Img001493.jpg,147.03462883771928,-7.0,-8.0,-1462.0,-1464.0,,估计同步待核验
XY_Y-09-0.1-02,Y,0.2,1494,XY/袁-20250529/Y-09-0.1-02/Test1/33061_1_22/Img001494.jpg,147.13275986842103,-7.0,-8.0,-1462.0,-1465.0,,估计同步待核验
XY_Y-09-0.1-02,Y,0.2,1495,XY/袁-20250529/Y-09-0.1-02/Test1/33061_1_22/Img001495.jpg,147.23089089912278,-7.0,-8.0,-1463.0,-1464.0,,估计同步待核验
XY_Y-09-0.1-02,Y,0.2,1496,XY/袁-20250529/Y-09-0.1-02/Test1/33061_1_22/Img001496.jpg,147.32902192982456,-7.0,-8.0,-1463.0,-1464.0,,估计同步待核验
XY_Y-09-0.1-02,Y,0.2,1497,XY/袁-20250529/Y-09-0.1-02/Test1/33061_1_22/Img001497.jpg,147.4271529605263,-7.0,-9.0,-1462.0,-1464.0,,估计同步待核验
XY_Y-09-0.1-02,Y,0.2,1498,XY/袁-20250529/Y-09-0.1-02/Test1/33061_1_22/Img001498.jpg,147.52528399122806,-8.0,-8.0,-1462.0,-1464.0,,估计同步待核验
XY_Y-09-0.1-02,Y,0.2,1499,XY/袁-20250529/Y-09-0.1-02/Test1/33061_1_22/Img001499.jpg,147.62341502192982,-8.0,-8.0,-1462.0,-1464.0,,估计同步待核验
XY_Y-09-0.1-02,Y,0.2,1500,XY/袁-20250529/Y-09-0.1-02/Test1/33061_1_22/Img001500.jpg,147.72154605263157,-8.0,-8.0,-1463.0,-1464.0,,估计同步待核验
XY_Y-09-0.1-02,Y,0.2,1501,XY/袁-20250529/Y-09-0.1-02/Test1/33061_1_22/Img001501.jpg,147.81967708333332,-9.0,-7.0,-1462.0,-1464.0,,估计同步待核验
XY_Y-09-0.1-02,Y,0.2,1502,XY/袁-20250529/Y-09-0.1-02/Test1/33061_1_22/Img001502.jpg,147.91780811403507,-9.0,-7.0,-1462.0,-1463.0,,估计同步待核验
XY_Y-09-0.1-02,Y,0.2,1503,XY/袁-20250529/Y-09-0.1-02/Test1/33061_1_22/Img001503.jpg,148.01593914473685,-8.878289473713847,-8.0,-1461.9391447368569,-1463.9391447368569,,估计同步待核验
XY_Y-09-0.1-02,Y,0.2,1504,XY/袁-20250529/Y-09-0.1-02/Test1/33061_1_22/Img001504.jpg,148.1140701754386,-7.210526315781994,-8.0,-1461.070175438594,-1464.0,,估计同步待核验
XY_Y-09-0.1-02,Y,0.2,1505,XY/袁-20250529/Y-09-0.1-02/Test1/33061_1_22/Img001505.jpg,148.21220120614035,-7.0,-8.0,-1462.0,-1463.0,,估计同步待核验
XY_Y-09-0.1-02,Y,0.2,1506,XY/袁-20250529/Y-09-0.1-02/Test1/33061_1_22/Img001506.jpg,148.3103322368421,-8.0,-8.0,-1461.0,-1463.0,,估计同步待核验
XY_Y-09-0.1-02,Y,0.2,1507,XY/袁-20250529/Y-09-0.1-02/Test1/33061_1_22/Img001507.jpg,148.40846326754385,-8.0,-8.0,-1461.0,-1463.0,,估计同步待核验
XY_Y-09-0.1-02,Y,0.2,1508,XY/袁-20250529/Y-09-0.1-02/Test1/33061_1_22/Img001508.jpg,148.5065942982456,-8.0,-8.0,-1462.0,-1463.0,,估计同步待核验
XY_Y-09-0.1-02,Y,0.2,1509,XY/袁-20250529/Y-09-0.1-02/Test1/33061_1_22/Img001509.jpg,148.60472532894735,-9.0,-8.0,-1462.0,-1463.0,,估计同步待核验
XY_Y-09-0.1-02,Y,0.2,1510,XY/袁-20250529/Y-09-0.1-02/Test1/33061_1_22/Img001510.jpg,148.7028563596491,-9.0,-8.0,-1461.0,-1462.0,,估计同步待核验
XY_Y-09-0.1-02,Y,0.2,1511,XY/袁-20250529/Y-09-0.1-02/Test1/33061_1_22/Img001511.jpg,148.80098739035088,-9.0,-8.0,-1461.0,-1463.0,,估计同步待核验
XY_Y-09-0.1-02,Y,0.2,1512,XY/袁-20250529/Y-09-0.1-02/Test1/33061_1_22/Img001512.jpg,148.89911842105263,-9.0,-8.0,-1461.0,-1463.0,,估计同步待核验
XY_Y-09-0.1-02,Y,0.2,1513,XY/袁-20250529/Y-09-0.1-02/Test1/33061_1_22/Img001513.jpg,148.99724945175439,-9.0,-8.0,-1460.0,-1463.0,,估计同步待核验
XY_Y-09-0.1-02,Y,0.2,1514,XY/袁-20250529/Y-09-0.1-02/Test1/33061_1_22/Img001514.jpg,149.09538048245614,-9.0,-8.0,-1461.0,-1462.0,,估计同步待核验
XY_Y-09-0.1-02,Y,0.2,1515,XY/袁-20250529/Y-09-0.1-02/Test1/33061_1_22/Img001515.jpg,149.1935115131579,-9.0,-8.0,-1460.0,-1462.0,,估计同步待核验
XY_Y-09-0.1-02,Y,0.2,1516,XY/袁-20250529/Y-09-0.1-02/Test1/33061_1_22/Img001516.jpg,149.29164254385964,-8.0,-8.0,-1460.0,-1462.0,,估计同步待核验
XY_Y-09-0.1-02,Y,0.2,1517,XY/袁-20250529/Y-09-0.1-02/Test1/33061_1_22/Img001517.jpg,149.3897735745614,-8.0,-8.0,-1460.0,-1462.0,,估计同步待核验
XY_Y-09-0.1-02,Y,0.2,1518,XY/袁-20250529/Y-09-0.1-02/Test1/33061_1_22/Img001518.jpg,149.48790460526314,-9.0,-8.0,-1460.0,-1462.0,,估计同步待核验
XY_Y-09-0.1-02,Y,0.2,1519,XY/袁-20250529/Y-09-0.1-02/Test1/33061_1_22/Img001519.jpg,149.58603563596492,-10.0,-8.0,-1460.0,-1461.0,,估计同步待核验
XY_Y-09-0.1-02,Y,0.2,1520,XY/袁-20250529/Y-09-0.1-02/Test1/33061_1_22/Img001520.jpg,149.68416666666667,-9.0,-8.0,-1460.0,-1461.0,,估计同步待核验
XY_Y-09-0.1-02,Y,0.2,1521,XY/袁-20250529/Y-09-0.1-02/Test1/33061_1_22/Img001521.jpg,149.78229769736842,-9.0,-8.0,-1459.0,-1461.0,,估计同步待核验
XY_Y-09-0.1-02,Y,0.2,1522,XY/袁-20250529/Y-09-0.1-02/Test1/33061_1_22/Img001522.jpg,149.88042872807017,-9.0,-7.0,-1459.0,-1461.0,,估计同步待核验
XY_Y-09-0.1-02,Y,0.2,1523,XY/袁-20250529/Y-09-0.1-02/Test1/33061_1_22/Img001523.jpg,149.97855975877192,-9.0,-8.0,-1459.0,-1461.0,,估计同步待核验
XY_Y-09-0.1-02,Y,0.2,1524,XY/袁-20250529/Y-09-0.1-02/Test1/33061_1_22/Img001524.jpg,150.07669078947367,-8.0,-8.0,-1459.0,-1460.0,,估计同步待核验
XY_Y-09-0.1-02,Y,0.2,1525,XY/袁-20250529/Y-09-0.1-02/Test1/33061_1_22/Img001525.jpg,150.17482182017542,-8.0,-8.0,-1459.0,-1460.0,,估计同步待核验
XY_Y-09-0.1-02,Y,0.2,1526,XY/袁-20250529/Y-09-0.1-02/Test1/33061_1_22/Img001526.jpg,150.2729528508772,-8.0,-8.0,-1458.0,-1460.0,,估计同步待核验
XY_Y-09-0.1-02,Y,0.2,1527,XY/袁-20250529/Y-09-0.1-02/Test1/33061_1_22/Img001527.jpg,150.37108388157895,-7.0,-8.0,-1458.0,-1460.0,,估计同步待核验
XY_Y-09-0.1-02,Y,0.2,1528,XY/袁-20250529/Y-09-0.1-02/Test1/33061_1_22/Img001528.jpg,150.4692149122807,-7.0,-9.0,-1457.0,-1459.0,,估计同步待核验
XY_Y-09-0.1-02,Y,0.2,1529,XY/袁-20250529/Y-09-0.1-02/Test1/33061_1_22/Img001529.jpg,150.56734594298243,-8.308114035162482,-8.0,-1457.6540570175812,-1459.6540570175812,,估计同步待核验
XY_Y-09-0.1-02,Y,0.2,1530,XY/袁-20250529/Y-09-0.1-02/Test1/33061_1_22/Img001530.jpg,150.6654769736842,-9.0,-8.0,-1457.0,-1459.0,,估计同步待核验
XY_Y-09-0.1-02,Y,0.2,1531,XY/袁-20250529/Y-09-0.1-02/Test1/33061_1_22/Img001531.jpg,150.76360800438596,-9.0,-8.0,-1457.0,-1459.0,,估计同步待核验
XY_Y-09-0.1-02,Y,0.2,1532,XY/袁-20250529/Y-09-0.1-02/Test1/33061_1_22/Img001532.jpg,150.8617390350877,-9.0,-8.0,-1457.0,-1459.0,,估计同步待核验
XY_Y-09-0.1-02,Y,0.2,1533,XY/袁-20250529/Y-09-0.1-02/Test1/33061_1_22/Img001533.jpg,150.95987006578946,-8.0,-8.0,-1456.0,-1458.0,,估计同步待核验
XY_Y-09-0.1-02,Y,0.2,1534,XY/袁-20250529/Y-09-0.1-02/Test1/33061_1_22/Img001534.jpg,151.05800109649124,-8.0,-8.0,-1456.0,-1458.0,,估计同步待核验
XY_Y-09-0.1-02,Y,0.2,1535,XY/袁-20250529/Y-09-0.1-02/Test1/33061_1_22/Img001535.jpg,151.156132127193,-7.0,-8.0,-1456.0,-1458.0,,估计同步待核验
XY_Y-09-0.1-02,Y,0.2,1536,XY/袁-20250529/Y-09-0.1-02/Test1/33061_1_22/Img001536.jpg,151.2542631578947,-7.0,-8.0,-1456.0,-1458.0,,估计同步待核验
XY_Y-09-0.1-02,Y,0.2,1537,XY/袁-20250529/Y-09-0.1-02/Test1/33061_1_22/Img001537.jpg,151.3523941885965,-7.0,-8.0,-1455.0,-1457.0,,估计同步待核验
XY_Y-09-0.1-02,Y,0.2,1538,XY/袁-20250529/Y-09-0.1-02/Test1/33061_1_22/Img001538.jpg,151.45052521929824,-7.0,-8.0,-1456.0,-1458.0,,估计同步待核验
XY_Y-09-0.1-02,Y,0.2,1539,XY/袁-20250529/Y-09-0.1-02/Test1/33061_1_22/Img001539.jpg,151.54865625,-7.0,-9.0,-1455.0,-1457.0,,估计同步待核验
XY_Y-09-0.1-02,Y,0.2,1540,XY/袁-20250529/Y-09-0.1-02/Test1/33061_1_22/Img001540.jpg,151.64678728070174,-7.0,-9.0,-1455.0,-1457.0,,估计同步待核验
XY_Y-09-0.1-02,Y,0.2,1541,XY/袁-20250529/Y-09-0.1-02/Test1/33061_1_22/Img001541.jpg,151.7449183114035,-7.081688596508976,-7.918311403491024,-1455.0,-1457.0,,估计同步待核验
XY_Y-09-0.1-02,Y,0.2,1542,XY/袁-20250529/Y-09-0.1-02/Test1/33061_1_22/Img001542.jpg,151.84304934210527,-7.0,-8.0,-1455.0,-1457.0,,估计同步待核验
XY_Y-09-0.1-02,Y,0.2,1543,XY/袁-20250529/Y-09-0.1-02/Test1/33061_1_22/Img001543.jpg,151.941180372807,-8.0,-8.0,-1455.0,-1457.0,,估计同步待核验
XY_Y-09-0.1-02,Y,0.2,1544,XY/袁-20250529/Y-09-0.1-02/Test1/33061_1_22/Img001544.jpg,152.03931140350875,-7.0,-8.0,-1454.0,-1456.0,,估计同步待核验
XY_Y-09-0.1-02,Y,0.2,1545,XY/袁-20250529/Y-09-0.1-02/Test1/33061_1_22/Img001545.jpg,152.13744243421053,-7.0,-8.0,-1454.0,-1456.0,,估计同步待核验
XY_Y-09-0.1-02,Y,0.2,1546,XY/袁-20250529/Y-09-0.1-02/Test1/33061_1_22/Img001546.jpg,152.23557346491228,-7.0,-8.0,-1454.0,-1457.0,,估计同步待核验
XY_Y-09-0.1-02,Y,0.2,1547,XY/袁-20250529/Y-09-0.1-02/Test1/33061_1_22/Img001547.jpg,152.33370449561403,-7.0,-8.0,-1454.0,-1455.0,,估计同步待核验
XY_Y-09-0.1-02,Y,0.2,1548,XY/袁-20250529/Y-09-0.1-02/Test1/33061_1_22/Img001548.jpg,152.43183552631578,-7.0,-9.0,-1453.0,-1456.0,,估计同步待核验
XY_Y-09-0.1-02,Y,0.2,1549,XY/袁-20250529/Y-09-0.1-02/Test1/33061_1_22/Img001549.jpg,152.52996655701756,-7.0,-8.0,-1453.0,-1455.0,,估计同步待核验
XY_Y-09-0.1-02,Y,0.2,1550,XY/袁-20250529/Y-09-0.1-02/Test1/33061_1_22/Img001550.jpg,152.62809758771928,-7.0,-8.0,-1453.0,-1455.0,,估计同步待核验
XY_Y-09-0.1-02,Y,0.2,1551,XY/袁-20250529/Y-09-0.1-02/Test1/33061_1_22/Img001551.jpg,152.72622861842103,-8.0,-8.0,-1453.0,-1455.0,,估计同步待核验
XY_Y-09-0.1-02,Y,0.2,1552,XY/袁-20250529/Y-09-0.1-02/Test1/33061_1_22/Img001552.jpg,152.82435964912278,-8.0,-8.0,-1453.0,-1454.0,,估计同步待核验
XY_Y-09-0.1-02,Y,0.2,1553,XY/袁-20250529/Y-09-0.1-02/Test1/33061_1_22/Img001553.jpg,152.92249067982456,-9.0,-8.0,-1453.0,-1454.0,,估计同步待核验
XY_Y-09-0.1-02,Y,0.2,1554,XY/袁-20250529/Y-09-0.1-02/Test1/33061_1_22/Img001554.jpg,153.0206217105263,-9.0,-8.0,-1452.0,-1454.0,,估计同步待核验
XY_Y-09-0.1-02,Y,0.2,1555,XY/袁-20250529/Y-09-0.1-02/Test1/33061_1_22/Img001555.jpg,153.11875274122806,-8.505482456131718,-8.0,-1452.7527412280658,-1455.0,,估计同步待核验
XY_Y-09-0.1-02,Y,0.2,1556,XY/袁-20250529/Y-09-0.1-02/Test1/33061_1_22/Img001556.jpg,153.21688377192982,-7.0,-8.0,-1452.0,-1454.0,,估计同步待核验
XY_Y-09-0.1-02,Y,0.2,1557,XY/袁-20250529/Y-09-0.1-02/Test1/33061_1_22/Img001557.jpg,153.31501480263157,-7.0,-8.0,-1452.0,-1454.0,,估计同步待核验
XY_Y-09-0.1-02,Y,0.2,1558,XY/袁-20250529/Y-09-0.1-02/Test1/33061_1_22/Img001558.jpg,153.41314583333332,-7.0,-8.0,-1452.0,-1453.0,,估计同步待核验
XY_Y-09-0.1-02,Y,0.2,1559,XY/袁-20250529/Y-09-0.1-02/Test1/33061_1_22/Img001559.jpg,153.51127686403507,-8.0,-8.0,-1451.0,-1454.0,,估计同步待核验
XY_Y-09-0.1-02,Y,0.2,1560,XY/袁-20250529/Y-09-0.1-02/Test1/33061_1_22/Img001560.jpg,153.60940789473685,-8.0,-8.0,-1452.0,-1453.0,,估计同步待核验
XY_Y-09-0.1-02,Y,0.2,1561,XY/袁-20250529/Y-09-0.1-02/Test1/33061_1_22/Img001561.jpg,153.7075389254386,-9.0,-8.0,-1451.0,-1453.0,,估计同步待核验
XY_Y-09-0.1-02,Y,0.2,1562,XY/袁-20250529/Y-09-0.1-02/Test1/33061_1_22/Img001562.jpg,153.80566995614035,-9.0,-8.0,-1451.0,-1453.0,,估计同步待核验
XY_Y-09-0.1-02,Y,0.2,1563,XY/袁-20250529/Y-09-0.1-02/Test1/33061_1_22/Img001563.jpg,153.9038009868421,-9.0,-8.0,-1451.0,-1453.0,,估计同步待核验
XY_Y-09-0.1-02,Y,0.2,1564,XY/袁-20250529/Y-09-0.1-02/Test1/33061_1_22/Img001564.jpg,154.00193201754385,-9.0,-8.0,-1451.0,-1452.0,,估计同步待核验
XY_Y-09-0.1-02,Y,0.2,1565,XY/袁-20250529/Y-09-0.1-02/Test1/33061_1_22/Img001565.jpg,154.1000630482456,-9.0,-8.0,-1451.0,-1452.0,,估计同步待核验
XY_Y-09-0.1-02,Y,0.2,1566,XY/袁-20250529/Y-09-0.1-02/Test1/33061_1_22/Img001566.jpg,154.19819407894735,-9.0,-8.0,-1451.0,-1452.0,,估计同步待核验
XY_Y-09-0.1-02,Y,0.2,1567,XY/袁-20250529/Y-09-0.1-02/Test1/33061_1_22/Img001567.jpg,154.2963251096491,-9.0,-8.0,-1450.0,-1452.0,,估计同步待核验
XY_Y-09-0.1-02,Y,0.2,1568,XY/袁-20250529/Y-09-0.1-02/Test1/33061_1_22/Img001568.jpg,154.39445614035088,-8.456140350875199,-8.0,-1450.0,-1452.0,,估计同步待核验
XY_Y-09-0.1-02,Y,0.2,1569,XY/袁-20250529/Y-09-0.1-02/Test1/33061_1_22/Img001569.jpg,154.49258717105263,-9.0,-8.0,-1449.0,-1452.0,,估计同步待核验
XY_Y-09-0.1-02,Y,0.2,1570,XY/袁-20250529/Y-09-0.1-02/Test1/33061_1_22/Img001570.jpg,154.59071820175438,-9.0,-8.0,-1449.0,-1451.0,,估计同步待核验
XY_Y-09-0.1-02,Y,0.2,1571,XY/袁-20250529/Y-09-0.1-02/Test1/33061_1_22/Img001571.jpg,154.68884923245614,-10.0,-8.0,-1449.0,-1451.0,,估计同步待核验
XY_Y-09-0.1-02,Y,0.2,1572,XY/袁-20250529/Y-09-0.1-02/Test1/33061_1_22/Img001572.jpg,154.7869802631579,-9.0,-8.0,-1450.0,-1451.0,,估计同步待核验
XY_Y-09-0.1-02,Y,0.2,1573,XY/袁-20250529/Y-09-0.1-02/Test1/33061_1_22/Img001573.jpg,154.88511129385964,-9.0,-7.0,-1449.0,-1451.0,,估计同步待核验
XY_Y-09-0.1-02,Y,0.2,1574,XY/袁-20250529/Y-09-0.1-02/Test1/33061_1_22/Img001574.jpg,154.9832423245614,-9.0,-8.0,-1449.0,-1451.0,,估计同步待核验
XY_Y-09-0.1-02,Y,0.2,1575,XY/袁-20250529/Y-09-0.1-02/Test1/33061_1_22/Img001575.jpg,155.08137335526314,-9.0,-8.0,-1449.0,-1450.0,,估计同步待核验
XY_Y-09-0.1-02,Y,0.2,1576,XY/袁-20250529/Y-09-0.1-02/Test1/33061_1_22/Img001576.jpg,155.17950438596492,-9.0,-8.0,-1449.0,-1450.0,,估计同步待核验
XY_Y-09-0.1-02,Y,0.2,1577,XY/袁-20250529/Y-09-0.1-02/Test1/33061_1_22/Img001577.jpg,155.27763541666667,-8.0,-8.0,-1449.0,-1450.0,,估计同步待核验
XY_Y-09-0.1-02,Y,0.2,1578,XY/袁-20250529/Y-09-0.1-02/Test1/33061_1_22/Img001578.jpg,155.37576644736842,-8.0,-8.0,-1447.0,-1449.0,,估计同步待核验
XY_Y-09-0.1-02,Y,0.2,1579,XY/袁-20250529/Y-09-0.1-02/Test1/33061_1_22/Img001579.jpg,155.47389747807017,-7.0,-8.0,-1447.0,-1449.0,,估计同步待核验
XY_Y-09-0.1-02,Y,0.2,1580,XY/袁-20250529/Y-09-0.1-02/Test1/33061_1_22/Img001580.jpg,155.57202850877192,-7.0,-8.0,-1447.0,-1449.0,,估计同步待核验
XY_Y-09-0.1-02,Y,0.2,1581,XY/袁-20250529/Y-09-0.1-02/Test1/33061_1_22/Img001581.jpg,155.67015953947367,-8.680921052630925,-8.159539473684537,-1447.0,-1449.0,,估计同步待核验
XY_Y-09-0.1-02,Y,0.2,1582,XY/袁-20250529/Y-09-0.1-02/Test1/33061_1_22/Img001582.jpg,155.76829057017542,-9.0,-8.0,-1446.0,-1448.0,,估计同步待核验
XY_Y-09-0.1-02,Y,0.2,1583,XY/袁-20250529/Y-09-0.1-02/Test1/33061_1_22/Img001583.jpg,155.8664216008772,-9.0,-8.0,-1446.0,-1448.0,,估计同步待核验
XY_Y-09-0.1-02,Y,0.2,1584,XY/袁-20250529/Y-09-0.1-02/Test1/33061_1_22/Img001584.jpg,155.96455263157895,-9.0,-8.0,-1445.0,-1447.0,,估计同步待核验
XY_Y-09-0.1-02,Y,0.2,1585,XY/袁-20250529/Y-09-0.1-02/Test1/33061_1_22/Img001585.jpg,156.0626836622807,-8.0,-8.0,-1446.0,-1448.0,,估计同步待核验
XY_Y-09-0.1-02,Y,0.2,1586,XY/袁-20250529/Y-09-0.1-02/Test1/33061_1_22/Img001586.jpg,156.16081469298243,-8.0,-8.0,-1445.0,-1447.0,,估计同步待核验
XY_Y-09-0.1-02,Y,0.2,1587,XY/袁-20250529/Y-09-0.1-02/Test1/33061_1_22/Img001587.jpg,156.2589457236842,-8.0,-8.0,-1445.0,-1447.0,,估计同步待核验
XY_Y-09-0.1-02,Y,0.2,1588,XY/袁-20250529/Y-09-0.1-02/Test1/33061_1_22/Img001588.jpg,156.35707675438596,-7.0,-8.0,-1444.0,-1446.0,,估计同步待核验
XY_Y-09-0.1-02,Y,0.2,1589,XY/袁-20250529/Y-09-0.1-02/Test1/33061_1_22/Img001589.jpg,156.4552077850877,-7.0,-8.0,-1444.0,-1446.0,,估计同步待核验
XY_Y-09-0.1-02,Y,0.2,1590,XY/袁-20250529/Y-09-0.1-02/Test1/33061_1_22/Img001590.jpg,156.55333881578946,-7.0,-8.0,-1444.0,-1446.0,,估计同步待核验
XY_Y-09-0.1-02,Y,0.2,1591,XY/袁-20250529/Y-09-0.1-02/Test1/33061_1_22/Img001591.jpg,156.65146984649124,-7.0,-8.0,-1443.0,-1445.0,,估计同步待核验
XY_Y-09-0.1-02,Y,0.2,1592,XY/袁-20250529/Y-09-0.1-02/Test1/33061_1_22/Img001592.jpg,156.749600877193,-7.0,-8.0,-1443.0,-1445.0,,估计同步待核验
XY_Y-09-0.1-02,Y,0.2,1593,XY/袁-20250529/Y-09-0.1-02/Test1/33061_1_22/Img001593.jpg,156.8477319078947,-7.536184210600082,-8.0,-1443.0,-1445.0,,估计同步待核验
XY_Y-09-0.1-02,Y,0.2,1594,XY/袁-20250529/Y-09-0.1-02/Test1/33061_1_22/Img001594.jpg,156.9458629385965,-8.0,-8.0,-1443.0,-1445.0,,估计同步待核验
XY_Y-09-0.1-02,Y,0.2,1595,XY/袁-20250529/Y-09-0.1-02/Test1/33061_1_22/Img001595.jpg,157.04399396929824,-8.0,-8.0,-1442.0,-1444.0,,估计同步待核验
XY_Y-09-0.1-02,Y,0.2,1596,XY/袁-20250529/Y-09-0.1-02/Test1/33061_1_22/Img001596.jpg,157.142125,-7.0,-8.0,-1442.0,-1444.0,,估计同步待核验
XY_Y-09-0.1-02,Y,0.2,1597,XY/袁-20250529/Y-09-0.1-02/Test1/33061_1_22/Img001597.jpg,157.24025603070174,-7.0,-8.0,-1441.0,-1444.0,,估计同步待核验
XY_Y-09-0.1-02,Y,0.2,1598,XY/袁-20250529/Y-09-0.1-02/Test1/33061_1_22/Img001598.jpg,157.3383870614035,-7.0,-8.0,-1442.0,-1444.0,,估计同步待核验
XY_Y-09-0.1-02,Y,0.2,1599,XY/袁-20250529/Y-09-0.1-02/Test1/33061_1_22/Img001599.jpg,157.43651809210527,-7.0,-8.0,-1441.0,-1443.0,,估计同步待核验
XY_Y-09-0.1-02,Y,0.2,1600,XY/袁-20250529/Y-09-0.1-02/Test1/33061_1_22/Img001600.jpg,157.534649122807,-7.0,-8.0,-1440.0,-1442.0,,估计同步待核验
XY_Y-09-0.1-02,Y,0.2,1601,XY/袁-20250529/Y-09-0.1-02/Test1/33061_1_22/Img001601.jpg,157.63278015350875,-7.0,-8.0,-1440.0,-1442.0,,估计同步待核验
XY_Y-09-0.1-02,Y,0.2,1602,XY/袁-20250529/Y-09-0.1-02/Test1/33061_1_22/Img001602.jpg,157.73091118421053,-7.0,-8.0,-1440.0,-1442.0,,估计同步待核验
XY_Y-09-0.1-02,Y,0.2,1603,XY/袁-20250529/Y-09-0.1-02/Test1/33061_1_22/Img001603.jpg,157.82904221491228,-8.0,-8.0,-1439.0,-1441.0,,估计同步待核验
XY_Y-09-0.1-02,Y,0.2,1604,XY/袁-20250529/Y-09-0.1-02/Test1/33061_1_22/Img001604.jpg,157.92717324561403,-8.0,-8.0,-1439.0,-1441.0,,估计同步待核验
XY_Y-09-0.1-02,Y,0.2,1605,XY/袁-20250529/Y-09-0.1-02/Test1/33061_1_22/Img001605.jpg,158.02530427631578,-8.0,-8.0,-1439.0,-1440.0,,估计同步待核验
XY_Y-09-0.1-02,Y,0.2,1606,XY/袁-20250529/Y-09-0.1-02/Test1/33061_1_22/Img001606.jpg,158.12343530701756,-7.870614035132284,-8.0,-1438.4353070175662,-1440.0,,估计同步待核验
XY_Y-09-0.1-02,Y,0.2,1607,XY/袁-20250529/Y-09-0.1-02/Test1/33061_1_22/Img001607.jpg,158.22156633771928,-7.0,-8.0,-1438.0,-1440.0,,估计同步待核验
XY_Y-09-0.1-02,Y,0.2,1608,XY/袁-20250529/Y-09-0.1-02/Test1/33061_1_22/Img001608.jpg,158.31969736842103,-7.0,-8.0,-1437.0,-1440.0,,估计同步待核验
XY_Y-09-0.1-02,Y,0.2,1609,XY/袁-20250529/Y-09-0.1-02/Test1/33061_1_22/Img001609.jpg,158.41782839912278,-7.0,-8.0,-1437.0,-1439.0,,估计同步待核验
XY_Y-09-0.1-02,Y,0.2,1610,XY/袁-20250529/Y-09-0.1-02/Test1/33061_1_22/Img001610.jpg,158.51595942982456,-7.0,-8.0,-1437.0,-1438.0,,估计同步待核验
XY_Y-09-0.1-02,Y,0.2,1611,XY/袁-20250529/Y-09-0.1-02/Test1/33061_1_22/Img001611.jpg,158.6140904605263,-7.0,-8.0,-1436.0,-1438.0,,估计同步待核验
XY_Y-09-0.1-02,Y,0.2,1612,XY/袁-20250529/Y-09-0.1-02/Test1/33061_1_22/Img001612.jpg,158.71222149122806,-8.0,-8.0,-1436.0,-1438.0,,估计同步待核验
XY_Y-09-0.1-02,Y,0.2,1613,XY/袁-20250529/Y-09-0.1-02/Test1/33061_1_22/Img001613.jpg,158.81035252192981,-8.0,-8.0,-1436.0,-1438.0,,估计同步待核验
XY_Y-09-0.1-02,Y,0.2,1614,XY/袁-20250529/Y-09-0.1-02/Test1/33061_1_22/Img001614.jpg,158.90848355263157,-8.0,-8.0,-1436.0,-1437.0,,估计同步待核验
XY_Y-09-0.1-02,Y,0.2,1615,XY/袁-20250529/Y-09-0.1-02/Test1/33061_1_22/Img001615.jpg,159.00661458333332,-9.0,-8.0,-1435.0,-1437.0,,估计同步待核验
XY_Y-09-0.1-02,Y,0.2,1616,XY/袁-20250529/Y-09-0.1-02/Test1/33061_1_22/Img001616.jpg,159.10474561403507,-9.0,-8.0,-1435.0,-1436.0,,估计同步待核验
XY_Y-09-0.1-02,Y,0.2,1617,XY/袁-20250529/Y-09-0.1-02/Test1/33061_1_22/Img001617.jpg,159.20287664473685,-9.0,-8.0,-1435.0,-1436.0,,估计同步待核验
XY_Y-09-0.1-02,Y,0.2,1618,XY/袁-20250529/Y-09-0.1-02/Test1/33061_1_22/Img001618.jpg,159.3010076754386,-9.0,-8.0,-1434.0,-1435.0,,估计同步待核验
XY_Y-09-0.1-02,Y,0.2,1619,XY/袁-20250529/Y-09-0.1-02/Test1/33061_1_22/Img001619.jpg,159.39913870614035,-7.2774122806941195,-7.861293859652941,-1434.0,-1436.0,,估计同步待核验
XY_Y-09-0.1-02,Y,0.2,1620,XY/袁-20250529/Y-09-0.1-02/Test1/33061_1_22/Img001620.jpg,159.4972697368421,-8.0,-8.0,-1433.0,-1435.0,,估计同步待核验
XY_Y-09-0.1-02,Y,0.2,1621,XY/袁-20250529/Y-09-0.1-02/Test1/33061_1_22/Img001621.jpg,159.59540076754385,-8.0,-8.0,-1433.0,-1434.0,,估计同步待核验
XY_Y-09-0.1-02,Y,0.2,1622,XY/袁-20250529/Y-09-0.1-02/Test1/33061_1_22/Img001622.jpg,159.6935317982456,-8.0,-8.0,-1433.0,-1435.0,,估计同步待核验
XY_Y-09-0.1-02,Y,0.2,1623,XY/袁-20250529/Y-09-0.1-02/Test1/33061_1_22/Img001623.jpg,159.79166282894735,-9.0,-8.0,-1433.0,-1434.0,,估计同步待核验
XY_Y-09-0.1-02,Y,0.2,1624,XY/袁-20250529/Y-09-0.1-02/Test1/33061_1_22/Img001624.jpg,159.8897938596491,-9.0,-8.0,-1432.0,-1434.0,,估计同步待核验
XY_Y-09-0.1-02,Y,0.2,1625,XY/袁-20250529/Y-09-0.1-02/Test1/33061_1_22/Img001625.jpg,159.98792489035088,-9.0,-8.0,-1432.0,-1433.0,,估计同步待核验
XY_Y-09-0.1-02,Y,0.2,1626,XY/袁-20250529/Y-09-0.1-02/Test1/33061_1_22/Img001626.jpg,160.08605592105263,-9.0,-8.0,-1431.0,-1433.0,,估计同步待核验
XY_Y-09-0.1-02,Y,0.2,1627,XY/袁-20250529/Y-09-0.1-02/Test1/33061_1_22/Img001627.jpg,160.18418695175438,-9.0,-7.0,-1431.0,-1433.0,,估计同步待核验
XY_Y-09-0.1-02,Y,0.2,1628,XY/袁-20250529/Y-09-0.1-02/Test1/33061_1_22/Img001628.jpg,160.28231798245614,-9.0,-7.0,-1431.0,-1433.0,,估计同步待核验
XY_Y-09-0.1-02,Y,0.2,1629,XY/袁-20250529/Y-09-0.1-02/Test1/33061_1_22/Img001629.jpg,160.3804490131579,-9.0,-8.0,-1430.0,-1432.0,,估计同步待核验
XY_Y-09-0.1-02,Y,0.2,1630,XY/袁-20250529/Y-09-0.1-02/Test1/33061_1_22/Img001630.jpg,160.47858004385964,-8.0,-8.0,-1430.0,-1432.0,,估计同步待核验
XY_Y-09-0.1-02,Y,0.2,1631,XY/袁-20250529/Y-09-0.1-02/Test1/33061_1_22/Img001631.jpg,160.5767110745614,-8.288925438609096,-8.0,-1430.0,-1431.0,,估计同步待核验
XY_Y-09-0.1-02,Y,0.2,1632,XY/袁-20250529/Y-09-0.1-02/Test1/33061_1_22/Img001632.jpg,160.67484210526314,-9.0,-8.0,-1429.0,-1431.0,,估计同步待核验
XY_Y-09-0.1-02,Y,0.2,1633,XY/袁-20250529/Y-09-0.1-02/Test1/33061_1_22/Img001633.jpg,160.77297313596492,-9.0,-8.0,-1429.0,-1431.0,,估计同步待核验
XY_Y-09-0.1-02,Y,0.2,1634,XY/袁-20250529/Y-09-0.1-02/Test1/33061_1_22/Img001634.jpg,160.87110416666667,-9.0,-8.0,-1428.0,-1430.0,,估计同步待核验
XY_Y-09-0.1-02,Y,0.2,1635,XY/袁-20250529/Y-09-0.1-02/Test1/33061_1_22/Img001635.jpg,160.96923519736842,-9.0,-8.0,-1428.0,-1430.0,,估计同步待核验
XY_Y-09-0.1-02,Y,0.2,1636,XY/袁-20250529/Y-09-0.1-02/Test1/33061_1_22/Img001636.jpg,161.06736622807017,-9.0,-8.0,-1428.0,-1430.0,,估计同步待核验
XY_Y-09-0.1-02,Y,0.2,1637,XY/袁-20250529/Y-09-0.1-02/Test1/33061_1_22/Img001637.jpg,161.16549725877192,-9.0,-8.0,-1427.0,-1429.0,,估计同步待核验
XY_Y-09-0.1-02,Y,0.2,1638,XY/袁-20250529/Y-09-0.1-02/Test1/33061_1_22/Img001638.jpg,161.26362828947367,-9.0,-8.0,-1427.0,-1428.0,,估计同步待核验
XY_Y-09-0.1-02,Y,0.2,1639,XY/袁-20250529/Y-09-0.1-02/Test1/33061_1_22/Img001639.jpg,161.36175932017542,-8.0,-8.0,-1426.0,-1428.0,,估计同步待核验
XY_Y-09-0.1-02,Y,0.2,1640,XY/袁-20250529/Y-09-0.1-02/Test1/33061_1_22/Img001640.jpg,161.4598903508772,-7.0,-8.0,-1426.0,-1428.0,,估计同步待核验
XY_Y-09-0.1-02,Y,0.2,1641,XY/袁-20250529/Y-09-0.1-02/Test1/33061_1_22/Img001641.jpg,161.55802138157895,-7.0,-8.0,-1426.0,-1427.0,,估计同步待核验
XY_Y-09-0.1-02,Y,0.2,1642,XY/袁-20250529/Y-09-0.1-02/Test1/33061_1_22/Img001642.jpg,161.6561524122807,-7.0,-8.0,-1425.0,-1427.0,,估计同步待核验
XY_Y-09-0.1-02,Y,0.2,1643,XY/袁-20250529/Y-09-0.1-02/Test1/33061_1_22/Img001643.jpg,161.75428344298243,-7.0,-8.0,-1425.0,-1427.0,,估计同步待核验
XY_Y-09-0.1-02,Y,0.2,1644,XY/袁-20250529/Y-09-0.1-02/Test1/33061_1_22/Img001644.jpg,161.8524144736842,-8.171052631599515,-8.0,-1424.5855263157998,-1426.0,,估计同步待核验
XY_Y-09-0.1-02,Y,0.2,1645,XY/袁-20250529/Y-09-0.1-02/Test1/33061_1_22/Img001645.jpg,161.95054550438596,-9.0,-8.0,-1424.0,-1426.0,,估计同步待核验
XY_Y-09-0.1-02,Y,0.2,1646,XY/袁-20250529/Y-09-0.1-02/Test1/33061_1_22/Img001646.jpg,162.0486765350877,-9.0,-8.0,-1423.0,-1425.0,,估计同步待核验
XY_Y-09-0.1-02,Y,0.2,1647,XY/袁-20250529/Y-09-0.1-02/Test1/33061_1_22/Img001647.jpg,162.14680756578946,-8.0,-8.0,-1423.0,-1425.0,,估计同步待核验
XY_Y-09-0.1-02,Y,0.2,1648,XY/袁-20250529/Y-09-0.1-02/Test1/33061_1_22/Img001648.jpg,162.24493859649124,-8.0,-8.0,-1423.0,-1424.0,,估计同步待核验
XY_Y-09-0.1-02,Y,0.2,1649,XY/袁-20250529/Y-09-0.1-02/Test1/33061_1_22/Img001649.jpg,162.343069627193,-7.0,-8.0,-1422.0,-1424.0,,估计同步待核验
XY_Y-09-0.1-02,Y,0.2,1650,XY/袁-20250529/Y-09-0.1-02/Test1/33061_1_22/Img001650.jpg,162.4412006578947,-7.0,-8.0,-1421.0,-1424.0,,估计同步待核验
XY_Y-09-0.1-02,Y,0.2,1651,XY/袁-20250529/Y-09-0.1-02/Test1/33061_1_22/Img001651.jpg,162.5393316885965,-7.0,-8.0,-1421.0,-1423.0,,估计同步待核验
XY_Y-09-0.1-02,Y,0.2,1652,XY/袁-20250529/Y-09-0.1-02/Test1/33061_1_22/Img001652.jpg,162.63746271929824,-7.0,-8.0,-1421.0,-1423.0,,估计同步待核验
XY_Y-09-0.1-02,Y,0.2,1653,XY/袁-20250529/Y-09-0.1-02/Test1/33061_1_22/Img001653.jpg,162.73559375,-7.0,-8.0,-1420.0,-1422.0,,估计同步待核验
XY_Y-09-0.1-02,Y,0.2,1654,XY/袁-20250529/Y-09-0.1-02/Test1/33061_1_22/Img001654.jpg,162.83372478070174,-7.0,-8.0,-1419.0,-1421.0,,估计同步待核验
XY_Y-09-0.1-02,Y,0.2,1655,XY/袁-20250529/Y-09-0.1-02/Test1/33061_1_22/Img001655.jpg,162.9318558114035,-7.0,-8.0,-1419.0,-1420.0,,估计同步待核验
XY_Y-09-0.1-02,Y,0.2,1656,XY/袁-20250529/Y-09-0.1-02/Test1/33061_1_22/Img001656.jpg,163.02998684210527,-7.013157894727493,-8.0,-1418.0131578947276,-1420.0,,估计同步待核验
XY_Y-09-0.1-02,Y,0.2,1657,XY/袁-20250529/Y-09-0.1-02/Test1/33061_1_22/Img001657.jpg,163.128117872807,-8.0,-8.0,-1417.8821271929903,-1419.0,,估计同步待核验
XY_Y-09-0.1-02,Y,0.2,1658,XY/袁-20250529/Y-09-0.1-02/Test1/33061_1_22/Img001658.jpg,163.22624890350875,-7.0,-8.0,-1418.0,-1419.0,,估计同步待核验
XY_Y-09-0.1-02,Y,0.2,1659,XY/袁-20250529/Y-09-0.1-02/Test1/33061_1_22/Img001659.jpg,163.32437993421053,-7.0,-8.0,-1416.0,-1418.0,,估计同步待核验
XY_Y-09-0.1-02,Y,0.2,1660,XY/袁-20250529/Y-09-0.1-02/Test1/33061_1_22/Img001660.jpg,163.42251096491228,-7.0,-8.0,-1416.0,-1418.0,,估计同步待核验
XY_Y-09-0.1-02,Y,0.2,1661,XY/袁-20250529/Y-09-0.1-02/Test1/33061_1_22/Img001661.jpg,163.52064199561403,-7.0,-8.0,-1415.0,-1417.0,,估计同步待核验
XY_Y-09-0.1-02,Y,0.2,1662,XY/袁-20250529/Y-09-0.1-02/Test1/33061_1_22/Img001662.jpg,163.61877302631578,-7.0,-8.0,-1415.0,-1417.0,,估计同步待核验
XY_Y-09-0.1-02,Y,0.2,1663,XY/袁-20250529/Y-09-0.1-02/Test1/33061_1_22/Img001663.jpg,163.71690405701756,-7.0,-8.0,-1414.0,-1416.0,,估计同步待核验
XY_Y-09-0.1-02,Y,0.2,1664,XY/袁-20250529/Y-09-0.1-02/Test1/33061_1_22/Img001664.jpg,163.81503508771928,-7.0,-8.0,-1414.0,-1416.0,,估计同步待核验
XY_Y-09-0.1-02,Y,0.2,1665,XY/袁-20250529/Y-09-0.1-02/Test1/33061_1_22/Img001665.jpg,163.91316611842103,-8.0,-8.0,-1413.0,-1415.0,,估计同步待核验
XY_Y-09-0.1-02,Y,0.2,1666,XY/袁-20250529/Y-09-0.1-02/Test1/33061_1_22/Img001666.jpg,164.01129714912278,-8.0,-8.0,-1413.0,-1415.0,,估计同步待核验
XY_Y-09-0.1-02,Y,0.2,1667,XY/袁-20250529/Y-09-0.1-02/Test1/33061_1_22/Img001667.jpg,164.10942817982456,-8.0,-8.0,-1412.0,-1414.0,,估计同步待核验
XY_Y-09-0.1-02,Y,0.2,1668,XY/袁-20250529/Y-09-0.1-02/Test1/33061_1_22/Img001668.jpg,164.2075592105263,-9.0,-8.0,-1412.0,-1413.0,,估计同步待核验
XY_Y-09-0.1-02,Y,0.2,1669,XY/袁-20250529/Y-09-0.1-02/Test1/33061_1_22/Img001669.jpg,164.30569024122806,-8.380482456106849,-8.0,-1411.0,-1412.3097587719465,,估计同步待核验
XY_Y-09-0.1-02,Y,0.2,1670,XY/袁-20250529/Y-09-0.1-02/Test1/33061_1_22/Img001670.jpg,164.40382127192981,-7.0,-8.0,-1411.0,-1413.0,,估计同步待核验
XY_Y-09-0.1-02,Y,0.2,1671,XY/袁-20250529/Y-09-0.1-02/Test1/33061_1_22/Img001671.jpg,164.50195230263157,-7.0,-8.0,-1409.0,-1412.0,,估计同步待核验
XY_Y-09-0.1-02,Y,0.2,1672,XY/袁-20250529/Y-09-0.1-02/Test1/33061_1_22/Img001672.jpg,164.60008333333332,-7.0,-8.0,-1409.0,-1411.0,,估计同步待核验
XY_Y-09-0.1-02,Y,0.2,1673,XY/袁-20250529/Y-09-0.1-02/Test1/33061_1_22/Img001673.jpg,164.69821436403507,-7.0,-8.0,-1409.0,-1411.0,,估计同步待核验
XY_Y-09-0.1-02,Y,0.2,1674,XY/袁-20250529/Y-09-0.1-02/Test1/33061_1_22/Img001674.jpg,164.79634539473685,-7.0,-8.0,-1408.0,-1410.0,,估计同步待核验
XY_Y-09-0.1-02,Y,0.2,1675,XY/袁-20250529/Y-09-0.1-02/Test1/33061_1_22/Img001675.jpg,164.8944764254386,-8.0,-8.0,-1408.0,-1409.0,,估计同步待核验
XY_Y-09-0.1-02,Y,0.2,1676,XY/袁-20250529/Y-09-0.1-02/Test1/33061_1_22/Img001676.jpg,164.99260745614035,-9.0,-8.0,-1407.0,-1409.0,,估计同步待核验
XY_Y-09-0.1-02,Y,0.2,1677,XY/袁-20250529/Y-09-0.1-02/Test1/33061_1_22/Img001677.jpg,165.0907384868421,-9.0,-8.0,-1407.0,-1408.0,,估计同步待核验
XY_Y-09-0.1-02,Y,0.2,1678,XY/袁-20250529/Y-09-0.1-02/Test1/33061_1_22/Img001678.jpg,165.18886951754385,-9.0,-8.0,-1406.0,-1407.0,,估计同步待核验
XY_Y-09-0.1-02,Y,0.2,1679,XY/袁-20250529/Y-09-0.1-02/Test1/33061_1_22/Img001679.jpg,165.2870005482456,-9.0,-8.0,-1405.0,-1407.0,,估计同步待核验
XY_Y-09-0.1-02,Y,0.2,1680,XY/袁-20250529/Y-09-0.1-02/Test1/33061_1_22/Img001680.jpg,165.38513157894735,-9.0,-8.0,-1405.0,-1407.0,,估计同步待核验
XY_Y-09-0.1-02,Y,0.2,1681,XY/袁-20250529/Y-09-0.1-02/Test1/33061_1_22/Img001681.jpg,165.4832626096491,-9.0,-8.0,-1404.0,-1406.0,,估计同步待核验
XY_Y-09-0.1-02,Y,0.2,1682,XY/袁-20250529/Y-09-0.1-02/Test1/33061_1_22/Img001682.jpg,165.58139364035088,-7.787280701782372,-8.0,-1403.3936403508912,-1405.0,,估计同步待核验
XY_Y-09-0.1-02,Y,0.2,1683,XY/袁-20250529/Y-09-0.1-02/Test1/33061_1_22/Img001683.jpg,165.67952467105263,-8.0,-8.0,-1403.0,-1405.0,,估计同步待核验
XY_Y-09-0.1-02,Y,0.2,1684,XY/袁-20250529/Y-09-0.1-02/Test1/33061_1_22/Img001684.jpg,165.77765570175438,-8.0,-8.0,-1402.0,-1405.0,,估计同步待核验
XY_Y-09-0.1-02,Y,0.2,1685,XY/袁-20250529/Y-09-0.1-02/Test1/33061_1_22/Img001685.jpg,165.87578673245613,-8.0,-8.0,-1402.0,-1404.0,,估计同步待核验
XY_Y-09-0.1-02,Y,0.2,1686,XY/袁-20250529/Y-09-0.1-02/Test1/33061_1_22/Img001686.jpg,165.97391776315789,-9.0,-8.0,-1402.0,-1402.0,,估计同步待核验
XY_Y-09-0.1-02,Y,0.2,1687,XY/袁-20250529/Y-09-0.1-02/Test1/33061_1_22/Img001687.jpg,166.07204879385964,-9.0,-8.0,-1401.0,-1403.0,,估计同步待核验
XY_Y-09-0.1-02,Y,0.2,1688,XY/袁-20250529/Y-09-0.1-02/Test1/33061_1_22/Img001688.jpg,166.1701798245614,-9.0,-8.0,-1401.0,-1403.0,,估计同步待核验
XY_Y-09-0.1-02,Y,0.2,1689,XY/袁-20250529/Y-09-0.1-02/Test1/33061_1_22/Img001689.jpg,166.26831085526314,-9.0,-8.0,-1399.0,-1401.0,,估计同步待核验
XY_Y-09-0.1-02,Y,0.2,1690,XY/袁-20250529/Y-09-0.1-02/Test1/33061_1_22/Img001690.jpg,166.36644188596492,-9.0,-8.0,-1399.0,-1401.0,,估计同步待核验
XY_Y-09-0.1-02,Y,0.2,1691,XY/袁-20250529/Y-09-0.1-02/Test1/33061_1_22/Img001691.jpg,166.46457291666667,-9.0,-8.0,-1399.0,-1400.0,,估计同步待核验
XY_Y-09-0.1-02,Y,0.2,1692,XY/袁-20250529/Y-09-0.1-02/Test1/33061_1_22/Img001692.jpg,166.56270394736842,-9.0,-8.0,-1398.0,-1400.0,,估计同步待核验
XY_Y-09-0.1-02,Y,0.2,1693,XY/袁-20250529/Y-09-0.1-02/Test1/33061_1_22/Img001693.jpg,166.66083497807017,-8.0,-8.0,-1397.0,-1399.0,,估计同步待核验
XY_Y-09-0.1-02,Y,0.2,1694,XY/袁-20250529/Y-09-0.1-02/Test1/33061_1_22/Img001694.jpg,166.75896600877192,-8.0,-8.0,-1397.0,-1399.0,,估计同步待核验
XY_Y-09-0.1-02,Y,0.2,1695,XY/袁-20250529/Y-09-0.1-02/Test1/33061_1_22/Img001695.jpg,166.85709703947367,-8.902960526327897,-8.0,-1397.0,-1399.0,,估计同步待核验
XY_Y-09-0.1-02,Y,0.2,1696,XY/袁-20250529/Y-09-0.1-02/Test1/33061_1_22/Img001696.jpg,166.95522807017542,-9.0,-8.0,-1396.0,-1397.0,,估计同步待核验
XY_Y-09-0.1-02,Y,0.2,1697,XY/袁-20250529/Y-09-0.1-02/Test1/33061_1_22/Img001697.jpg,167.0533591008772,-9.0,-8.0,-1396.0,-1397.0,,估计同步待核验
XY_Y-09-0.1-02,Y,0.2,1698,XY/袁-20250529/Y-09-0.1-02/Test1/33061_1_22/Img001698.jpg,167.15149013157895,-9.0,-8.0,-1395.0,-1397.0,,估计同步待核验
XY_Y-09-0.1-02,Y,0.2,1699,XY/袁-20250529/Y-09-0.1-02/Test1/33061_1_22/Img001699.jpg,167.2496211622807,-9.0,-8.0,-1394.0,-1396.0,,估计同步待核验
XY_Y-09-0.1-02,Y,0.2,1700,XY/袁-20250529/Y-09-0.1-02/Test1/33061_1_22/Img001700.jpg,167.34775219298243,-9.0,-8.0,-1393.0,-1395.0,,估计同步待核验
XY_Y-09-0.1-02,Y,0.2,1701,XY/袁-20250529/Y-09-0.1-02/Test1/33061_1_22/Img001701.jpg,167.4458832236842,-9.0,-8.0,-1393.0,-1395.0,,估计同步待核验
XY_Y-09-0.1-02,Y,0.2,1702,XY/袁-20250529/Y-09-0.1-02/Test1/33061_1_22/Img001702.jpg,167.54401425438596,-9.0,-8.0,-1392.0,-1394.0,,估计同步待核验
XY_Y-09-0.1-02,Y,0.2,1703,XY/袁-20250529/Y-09-0.1-02/Test1/33061_1_22/Img001703.jpg,167.6421452850877,-8.0,-8.0,-1392.0,-1394.0,,估计同步待核验
XY_Y-09-0.1-02,Y,0.2,1704,XY/袁-20250529/Y-09-0.1-02/Test1/33061_1_22/Img001704.jpg,167.74027631578946,-8.0,-8.0,-1391.0,-1394.0,,估计同步待核验
XY_Y-09-0.1-02,Y,0.2,1705,XY/袁-20250529/Y-09-0.1-02/Test1/33061_1_22/Img001705.jpg,167.83840734649124,-7.0,-8.0,-1390.0,-1392.0,,估计同步待核验
XY_Y-09-0.1-02,Y,0.2,1706,XY/袁-20250529/Y-09-0.1-02/Test1/33061_1_22/Img001706.jpg,167.936538377193,-7.0,-8.0,-1390.0,-1391.0,,估计同步待核验
XY_Y-09-0.1-02,Y,0.2,1707,XY/袁-20250529/Y-09-0.1-02/Test1/33061_1_22/Img001707.jpg,168.0346694078947,-7.661184210568107,-8.0,-1389.0,-1391.0,,估计同步待核验
XY_Y-09-0.1-02,Y,0.2,1708,XY/袁-20250529/Y-09-0.1-02/Test1/33061_1_22/Img001708.jpg,168.1328004385965,-9.0,-8.0,-1389.0,-1391.0,,估计同步待核验
XY_Y-09-0.1-02,Y,0.2,1709,XY/袁-20250529/Y-09-0.1-02/Test1/33061_1_22/Img001709.jpg,168.23093146929824,-9.0,-8.0,-1388.0,-1390.0,,估计同步待核验
XY_Y-09-0.1-02,Y,0.2,1710,XY/袁-20250529/Y-09-0.1-02/Test1/33061_1_22/Img001710.jpg,168.3290625,-9.0,-8.0,-1387.0,-1389.0,,估计同步待核验
XY_Y-09-0.1-02,Y,0.2,1711,XY/袁-20250529/Y-09-0.1-02/Test1/33061_1_22/Img001711.jpg,168.42719353070174,-8.0,-8.0,-1387.0,-1389.0,,估计同步待核验
XY_Y-09-0.1-02,Y,0.2,1712,XY/袁-20250529/Y-09-0.1-02/Test1/33061_1_22/Img001712.jpg,168.5253245614035,-8.0,-8.0,-1386.0,-1388.0,,估计同步待核验
XY_Y-09-0.1-02,Y,0.2,1713,XY/袁-20250529/Y-09-0.1-02/Test1/33061_1_22/Img001713.jpg,168.62345559210527,-8.0,-8.0,-1385.0,-1387.0,,估计同步待核验
XY_Y-09-0.1-02,Y,0.2,1714,XY/袁-20250529/Y-09-0.1-02/Test1/33061_1_22/Img001714.jpg,168.721586622807,-7.0,-8.0,-1384.0,-1386.0,,估计同步待核验
XY_Y-09-0.1-02,Y,0.2,1715,XY/袁-20250529/Y-09-0.1-02/Test1/33061_1_22/Img001715.jpg,168.81971765350875,-7.0,-8.0,-1384.0,-1386.0,,估计同步待核验
XY_Y-09-0.1-02,Y,0.2,1716,XY/袁-20250529/Y-09-0.1-02/Test1/33061_1_22/Img001716.jpg,168.91784868421053,-7.0,-8.0,-1383.0,-1385.0,,估计同步待核验
XY_Y-09-0.1-02,Y,0.2,1717,XY/袁-20250529/Y-09-0.1-02/Test1/33061_1_22/Img001717.jpg,169.01597971491228,-7.0,-8.0,-1383.0,-1384.0,,估计同步待核验
XY_Y-09-0.1-02,Y,0.2,1718,XY/袁-20250529/Y-09-0.1-02/Test1/33061_1_22/Img001718.jpg,169.11411074561403,-7.0,-8.0,-1382.0,-1384.0,,估计同步待核验
XY_Y-09-0.1-02,Y,0.2,1719,XY/袁-20250529/Y-09-0.1-02/Test1/33061_1_22/Img001719.jpg,169.21224177631578,-7.0,-8.0,-1381.0,-1383.0,,估计同步待核验
XY_Y-09-0.1-02,Y,0.2,1720,XY/袁-20250529/Y-09-0.1-02/Test1/33061_1_22/Img001720.jpg,169.31037280701756,-7.0,-8.0,-1381.0,-1383.0,,估计同步待核验
XY_Y-09-0.1-02,Y,0.2,1721,XY/袁-20250529/Y-09-0.1-02/Test1/33061_1_22/Img001721.jpg,169.40850383771928,-8.0,-8.0,-1380.0,-1382.0,,估计同步待核验
XY_Y-09-0.1-02,Y,0.2,1722,XY/袁-20250529/Y-09-0.1-02/Test1/33061_1_22/Img001722.jpg,169.50663486842103,-7.0,-8.0,-1379.0,-1381.0,,估计同步待核验
XY_Y-09-0.1-02,Y,0.2,1723,XY/袁-20250529/Y-09-0.1-02/Test1/33061_1_22/Img001723.jpg,169.60476589912278,-7.0,-8.0,-1378.0,-1381.0,,估计同步待核验
XY_Y-09-0.1-02,Y,0.2,1724,XY/袁-20250529/Y-09-0.1-02/Test1/33061_1_22/Img001724.jpg,169.70289692982456,-7.0,-8.0,-1378.0,-1380.0,,估计同步待核验
XY_Y-09-0.1-02,Y,0.2,1725,XY/袁-20250529/Y-09-0.1-02/Test1/33061_1_22/Img001725.jpg,169.8010279605263,-7.0,-8.0,-1377.0,-1379.0,,估计同步待核验
XY_Y-09-0.1-02,Y,0.2,1726,XY/袁-20250529/Y-09-0.1-02/Test1/33061_1_22/Img001726.jpg,169.89915899122806,-6.0,-8.0,-1377.0,-1378.0,,估计同步待核验
XY_Y-09-0.1-02,Y,0.2,1727,XY/袁-20250529/Y-09-0.1-02/Test1/33061_1_22/Img001727.jpg,169.9972900219298,-7.0,-8.0,-1376.0,-1378.0,,估计同步待核验
XY_Y-09-0.1-02,Y,0.2,1728,XY/袁-20250529/Y-09-0.1-02/Test1/33061_1_22/Img001728.jpg,170.09542105263156,-7.0,-8.0,-1375.0,-1377.0,,估计同步待核验
XY_Y-09-0.1-02,Y,0.2,1729,XY/袁-20250529/Y-09-0.1-02/Test1/33061_1_22/Img001729.jpg,170.19355208333332,-7.0,-8.0,-1374.0,-1376.0,,估计同步待核验
XY_Y-09-0.1-02,Y,0.2,1730,XY/袁-20250529/Y-09-0.1-02/Test1/33061_1_22/Img001730.jpg,170.29168311403507,-8.0,-8.0,-1374.0,-1376.0,,估计同步待核验
XY_Y-09-0.1-02,Y,0.2,1731,XY/袁-20250529/Y-09-0.1-02/Test1/33061_1_22/Img001731.jpg,170.38981414473685,-8.0,-8.0,-1373.0,-1375.0,,估计同步待核验
XY_Y-09-0.1-02,Y,0.2,1732,XY/袁-20250529/Y-09-0.1-02/Test1/33061_1_22/Img001732.jpg,170.4879451754386,-8.0,-8.0,-1372.0,-1374.0,,估计同步待核验
XY_Y-09-0.1-02,Y,0.2,1733,XY/袁-20250529/Y-09-0.1-02/Test1/33061_1_22/Img001733.jpg,170.58607620614035,-9.0,-8.0,-1371.0,-1373.0,,估计同步待核验
XY_Y-09-0.1-02,Y,0.2,1734,XY/袁-20250529/Y-09-0.1-02/Test1/33061_1_22/Img001734.jpg,170.6842072368421,-7.414473684200242,-8.0,-1371.0,-1373.0,,估计同步待核验
XY_Y-09-0.1-02,Y,0.2,1735,XY/袁-20250529/Y-09-0.1-02/Test1/33061_1_22/Img001735.jpg,170.78233826754385,-7.0,-8.0,-1369.0,-1372.0,,估计同步待核验
XY_Y-09-0.1-02,Y,0.2,1736,XY/袁-20250529/Y-09-0.1-02/Test1/33061_1_22/Img001736.jpg,170.8804692982456,-7.0,-8.0,-1368.0,-1371.0,,估计同步待核验
XY_Y-09-0.1-02,Y,0.2,1737,XY/袁-20250529/Y-09-0.1-02/Test1/33061_1_22/Img001737.jpg,170.97860032894735,-7.0,-8.0,-1368.0,-1370.0,,估计同步待核验
XY_Y-09-0.1-02,Y,0.2,1738,XY/袁-20250529/Y-09-0.1-02/Test1/33061_1_22/Img001738.jpg,171.0767313596491,-7.0,-8.0,-1367.0,-1369.0,,估计同步待核验
XY_Y-09-0.1-02,Y,0.2,1739,XY/袁-20250529/Y-09-0.1-02/Test1/33061_1_22/Img001739.jpg,171.17486239035088,-7.0,-8.0,-1366.0,-1369.0,,估计同步待核验
XY_Y-09-0.1-02,Y,0.2,1740,XY/袁-20250529/Y-09-0.1-02/Test1/33061_1_22/Img001740.jpg,171.27299342105263,-8.0,-8.0,-1366.0,-1367.0,,估计同步待核验
XY_Y-09-0.1-02,Y,0.2,1741,XY/袁-20250529/Y-09-0.1-02/Test1/33061_1_22/Img001741.jpg,171.37112445175438,-8.0,-8.0,-1365.0,-1367.0,,估计同步待核验
XY_Y-09-0.1-02,Y,0.2,1742,XY/袁-20250529/Y-09-0.1-02/Test1/33061_1_22/Img001742.jpg,171.46925548245613,-9.0,-8.0,-1364.0,-1366.0,,估计同步待核验
XY_Y-09-0.1-02,Y,0.2,1743,XY/袁-20250529/Y-09-0.1-02/Test1/33061_1_22/Img001743.jpg,171.56738651315789,-9.0,-8.0,-1364.0,-1365.0,,估计同步待核验
XY_Y-09-0.1-02,Y,0.2,1744,XY/袁-20250529/Y-09-0.1-02/Test1/33061_1_22/Img001744.jpg,171.66551754385964,-9.0,-8.0,-1362.0,-1364.0,,估计同步待核验
XY_Y-09-0.1-02,Y,0.2,1745,XY/袁-20250529/Y-09-0.1-02/Test1/33061_1_22/Img001745.jpg,171.7636485745614,-9.0,-8.0,-1362.0,-1363.0,,估计同步待核验
XY_Y-09-0.1-02,Y,0.2,1746,XY/袁-20250529/Y-09-0.1-02/Test1/33061_1_22/Img001746.jpg,171.86177960526314,-8.559210526287929,-7.2203947368560355,-1361.779605263144,-1363.0,,估计同步待核验
XY_Y-09-0.1-02,Y,0.2,1747,XY/袁-20250529/Y-09-0.1-02/Test1/33061_1_22/Img001747.jpg,171.95991063596492,-7.0,-9.0,-1360.0,-1362.0,,估计同步待核验
XY_Y-09-0.1-02,Y,0.2,1748,XY/袁-20250529/Y-09-0.1-02/Test1/33061_1_22/Img001748.jpg,172.05804166666667,-8.0,-8.0,-1359.0,-1361.0,,估计同步待核验
XY_Y-09-0.1-02,Y,0.2,1749,XY/袁-20250529/Y-09-0.1-02/Test1/33061_1_22/Img001749.jpg,172.15617269736842,-8.0,-8.0,-1359.0,-1360.0,,估计同步待核验
XY_Y-09-0.1-02,Y,0.2,1750,XY/袁-20250529/Y-09-0.1-02/Test1/33061_1_22/Img001750.jpg,172.25430372807017,-9.0,-8.0,-1358.0,-1360.0,,估计同步待核验
XY_Y-09-0.1-02,Y,0.2,1751,XY/袁-20250529/Y-09-0.1-02/Test1/33061_1_22/Img001751.jpg,172.35243475877192,-9.0,-8.0,-1357.0,-1358.0,,估计同步待核验
XY_Y-09-0.1-02,Y,0.2,1752,XY/袁-20250529/Y-09-0.1-02/Test1/33061_1_22/Img001752.jpg,172.45056578947367,-9.0,-8.0,-1356.0,-1358.0,,估计同步待核验
XY_Y-09-0.1-02,Y,0.2,1753,XY/袁-20250529/Y-09-0.1-02/Test1/33061_1_22/Img001753.jpg,172.54869682017542,-9.0,-8.0,-1356.0,-1358.0,,估计同步待核验
XY_Y-09-0.1-02,Y,0.2,1754,XY/袁-20250529/Y-09-0.1-02/Test1/33061_1_22/Img001754.jpg,172.6468278508772,-9.0,-8.0,-1355.0,-1356.0,,估计同步待核验
XY_Y-09-0.1-02,Y,0.2,1755,XY/袁-20250529/Y-09-0.1-02/Test1/33061_1_22/Img001755.jpg,172.74495888157895,-9.0,-8.0,-1355.0,-1356.0,,估计同步待核验
XY_Y-09-0.1-02,Y,0.2,1756,XY/袁-20250529/Y-09-0.1-02/Test1/33061_1_22/Img001756.jpg,172.8430899122807,-9.0,-8.0,-1353.0,-1354.0,,估计同步待核验
XY_Y-09-0.1-02,Y,0.2,1757,XY/袁-20250529/Y-09-0.1-02/Test1/33061_1_22/Img001757.jpg,172.94122094298243,-9.0,-8.0,-1352.0,-1355.0,,估计同步待核验
XY_Y-09-0.1-02,Y,0.2,1758,XY/袁-20250529/Y-09-0.1-02/Test1/33061_1_22/Img001758.jpg,173.0393519736842,-8.0,-8.0,-1352.0,-1354.0,,估计同步待核验
XY_Y-09-0.1-02,Y,0.2,1759,XY/袁-20250529/Y-09-0.1-02/Test1/33061_1_22/Img001759.jpg,173.13748300438596,-8.516995614046696,-8.0,-1351.0,-1352.0,,估计同步待核验
XY_Y-09-0.1-02,Y,0.2,1760,XY/袁-20250529/Y-09-0.1-02/Test1/33061_1_22/Img001760.jpg,173.2356140350877,-9.0,-8.0,-1351.0,-1352.0,,估计同步待核验
XY_Y-09-0.1-02,Y,0.2,1761,XY/袁-20250529/Y-09-0.1-02/Test1/33061_1_22/Img001761.jpg,173.33374506578946,-9.0,-8.0,-1349.0,-1351.0,,估计同步待核验
XY_Y-09-0.1-02,Y,0.2,1762,XY/袁-20250529/Y-09-0.1-02/Test1/33061_1_22/Img001762.jpg,173.43187609649124,-9.0,-8.0,-1349.0,-1350.0,,估计同步待核验
XY_Y-09-0.1-02,Y,0.2,1763,XY/袁-20250529/Y-09-0.1-02/Test1/33061_1_22/Img001763.jpg,173.530007127193,-9.0,-8.0,-1348.0,-1350.0,,估计同步待核验
XY_Y-09-0.1-02,Y,0.2,1764,XY/袁-20250529/Y-09-0.1-02/Test1/33061_1_22/Img001764.jpg,173.6281381578947,-9.0,-7.0,-1348.0,-1349.0,,估计同步待核验
XY_Y-09-0.1-02,Y,0.2,1765,XY/袁-20250529/Y-09-0.1-02/Test1/33061_1_22/Img001765.jpg,173.7262691885965,-9.0,-7.0,-1346.0,-1348.0,,估计同步待核验
XY_Y-09-0.1-02,Y,0.2,1766,XY/袁-20250529/Y-09-0.1-02/Test1/33061_1_22/Img001766.jpg,173.82440021929824,-9.0,-8.0,-1346.0,-1348.0,,估计同步待核验
XY_Y-09-0.1-02,Y,0.2,1767,XY/袁-20250529/Y-09-0.1-02/Test1/33061_1_22/Img001767.jpg,173.92253125,-8.0,-8.0,-1345.0,-1347.0,,估计同步待核验
XY_Y-09-0.1-02,Y,0.2,1768,XY/袁-20250529/Y-09-0.1-02/Test1/33061_1_22/Img001768.jpg,174.02066228070174,-8.0,-8.0,-1344.0,-1347.0,,估计同步待核验
XY_Y-09-0.1-02,Y,0.2,1769,XY/袁-20250529/Y-09-0.1-02/Test1/33061_1_22/Img001769.jpg,174.1187933114035,-8.0,-8.0,-1344.0,-1345.0,,估计同步待核验
XY_Y-09-0.1-02,Y,0.2,1770,XY/袁-20250529/Y-09-0.1-02/Test1/33061_1_22/Img001770.jpg,174.21692434210527,-7.0,-8.0,-1342.0,-1344.0,,估计同步待核验
XY_Y-09-0.1-02,Y,0.2,1771,XY/袁-20250529/Y-09-0.1-02/Test1/33061_1_22/Img001771.jpg,174.315055372807,-7.0,-8.0,-1342.0,-1344.0,,估计同步待核验
XY_Y-09-0.1-02,Y,0.2,1772,XY/袁-20250529/Y-09-0.1-02/Test1/33061_1_22/Img001772.jpg,174.41318640350875,-8.627192982520961,-8.0,-1341.8135964912606,-1343.0,,估计同步待核验
XY_Y-09-0.1-02,Y,0.2,1773,XY/袁-20250529/Y-09-0.1-02/Test1/33061_1_22/Img001773.jpg,174.51131743421053,-9.0,-8.0,-1341.0,-1343.0,,估计同步待核验
XY_Y-09-0.1-02,Y,0.2,1774,XY/袁-20250529/Y-09-0.1-02/Test1/33061_1_22/Img001774.jpg,174.60944846491228,-9.0,-8.0,-1341.0,-1342.0,,估计同步待核验
XY_Y-09-0.1-02,Y,0.2,1775,XY/袁-20250529/Y-09-0.1-02/Test1/33061_1_22/Img001775.jpg,174.70757949561403,-9.0,-8.0,-1340.0,-1342.0,,估计同步待核验
XY_Y-09-0.1-02,Y,0.2,1776,XY/袁-20250529/Y-09-0.1-02/Test1/33061_1_22/Img001776.jpg,174.80571052631578,-9.0,-8.0,-1339.0,-1341.0,,估计同步待核验
XY_Y-09-0.1-02,Y,0.2,1777,XY/袁-20250529/Y-09-0.1-02/Test1/33061_1_22/Img001777.jpg,174.90384155701756,-8.0,-8.0,-1338.0,-1340.0,,估计同步待核验
XY_Y-09-0.1-02,Y,0.2,1778,XY/袁-20250529/Y-09-0.1-02/Test1/33061_1_22/Img001778.jpg,175.00197258771928,-8.0,-8.0,-1338.0,-1340.0,,估计同步待核验
XY_Y-09-0.1-02,Y,0.2,1779,XY/袁-20250529/Y-09-0.1-02/Test1/33061_1_22/Img001779.jpg,175.10010361842103,-7.0,-8.0,-1337.0,-1339.0,,估计同步待核验
XY_Y-09-0.1-02,Y,0.2,1780,XY/袁-20250529/Y-09-0.1-02/Test1/33061_1_22/Img001780.jpg,175.19823464912278,-7.0,-8.0,-1336.0,-1338.0,,估计同步待核验
XY_Y-09-0.1-02,Y,0.2,1781,XY/袁-20250529/Y-09-0.1-02/Test1/33061_1_22/Img001781.jpg,175.29636567982456,-7.0,-8.0,-1336.0,-1338.0,,估计同步待核验
XY_Y-09-0.1-02,Y,0.2,1782,XY/袁-20250529/Y-09-0.1-02/Test1/33061_1_22/Img001782.jpg,175.3944967105263,-7.0,-8.0,-1334.0,-1336.0,,估计同步待核验
XY_Y-09-0.1-02,Y,0.2,1783,XY/袁-20250529/Y-09-0.1-02/Test1/33061_1_22/Img001783.jpg,175.49262774122806,-7.0,-8.0,-1334.0,-1336.0,,估计同步待核验
XY_Y-09-0.1-02,Y,0.2,1784,XY/袁-20250529/Y-09-0.1-02/Test1/33061_1_22/Img001784.jpg,175.5907587719298,-7.482456140387027,-8.0,-1333.0,-1335.0,,估计同步待核验
XY_Y-09-0.1-02,Y,0.2,1785,XY/袁-20250529/Y-09-0.1-02/Test1/33061_1_22/Img001785.jpg,175.68888980263156,-8.0,-8.0,-1334.0,-1335.0,,估计同步待核验
XY_Y-09-0.1-02,Y,0.2,1786,XY/袁-20250529/Y-09-0.1-02/Test1/33061_1_22/Img001786.jpg,175.78702083333332,-9.0,-8.0,-1332.0,-1333.0,,估计同步待核验
XY_Y-09-0.1-02,Y,0.2,1787,XY/袁-20250529/Y-09-0.1-02/Test1/33061_1_22/Img001787.jpg,175.88515186403507,-8.0,-8.0,-1331.0,-1333.0,,估计同步待核验
XY_Y-09-0.1-02,Y,0.2,1788,XY/袁-20250529/Y-09-0.1-02/Test1/33061_1_22/Img001788.jpg,175.98328289473685,-7.0,-8.0,-1331.0,-1333.0,,估计同步待核验
XY_Y-09-0.1-02,Y,0.2,1789,XY/袁-20250529/Y-09-0.1-02/Test1/33061_1_22/Img001789.jpg,176.0814139254386,-7.0,-8.0,-1329.0,-1331.0,,估计同步待核验
XY_Y-09-0.1-02,Y,0.2,1790,XY/袁-20250529/Y-09-0.1-02/Test1/33061_1_22/Img001790.jpg,176.17954495614035,-7.0,-8.0,-1329.0,-1331.0,,估计同步待核验
XY_Y-09-0.1-02,Y,0.2,1791,XY/袁-20250529/Y-09-0.1-02/Test1/33061_1_22/Img001791.jpg,176.2776759868421,-7.0,-8.0,-1328.0,-1330.0,,估计同步待核验
XY_Y-09-0.1-02,Y,0.2,1792,XY/袁-20250529/Y-09-0.1-02/Test1/33061_1_22/Img001792.jpg,176.37580701754385,-7.0,-8.0,-1327.0,-1329.0,,估计同步待核验
XY_Y-09-0.1-02,Y,0.2,1793,XY/袁-20250529/Y-09-0.1-02/Test1/33061_1_22/Img001793.jpg,176.4739380482456,-7.0,-8.0,-1327.0,-1329.0,,估计同步待核验
XY_Y-09-0.1-02,Y,0.2,1794,XY/袁-20250529/Y-09-0.1-02/Test1/33061_1_22/Img001794.jpg,176.57206907894735,-7.0,-8.0,-1326.0,-1328.0,,估计同步待核验
XY_Y-09-0.1-02,Y,0.2,1795,XY/袁-20250529/Y-09-0.1-02/Test1/33061_1_22/Img001795.jpg,176.6702001096491,-7.0,-8.0,-1325.0,-1327.0,,估计同步待核验
XY_Y-09-0.1-02,Y,0.2,1796,XY/袁-20250529/Y-09-0.1-02/Test1/33061_1_22/Img001796.jpg,176.76833114035088,-8.0,-8.0,-1324.0,-1326.0,,估计同步待核验
XY_Y-09-0.1-02,Y,0.2,1797,XY/袁-20250529/Y-09-0.1-02/Test1/33061_1_22/Img001797.jpg,176.86646217105263,-8.46217105262896,-8.0,-1323.537828947371,-1326.0,,估计同步待核验
XY_Y-09-0.1-02,Y,0.2,1798,XY/袁-20250529/Y-09-0.1-02/Test1/33061_1_22/Img001798.jpg,176.96459320175438,-7.0,-8.0,-1323.0,-1325.0,,估计同步待核验
XY_Y-09-0.1-02,Y,0.2,1799,XY/袁-20250529/Y-09-0.1-02/Test1/33061_1_22/Img001799.jpg,177.06272423245613,-7.0,-8.0,-1321.0,-1323.0,,估计同步待核验
XY_Y-09-0.1-02,Y,0.2,1800,XY/袁-20250529/Y-09-0.1-02/Test1/33061_1_22/Img001800.jpg,177.16085526315788,-6.0,-8.0,-1321.0,-1323.0,,估计同步待核验
XY_Y-09-0.1-02,Y,0.2,1801,XY/袁-20250529/Y-09-0.1-02/Test1/33061_1_22/Img001801.jpg,177.25898629385964,-7.0,-8.0,-1320.0,-1322.0,,估计同步待核验
XY_Y-09-0.1-02,Y,0.2,1802,XY/袁-20250529/Y-09-0.1-02/Test1/33061_1_22/Img001802.jpg,177.3571173245614,-7.0,-8.0,-1319.0,-1321.0,,估计同步待核验
XY_Y-09-0.1-02,Y,0.2,1803,XY/袁-20250529/Y-09-0.1-02/Test1/33061_1_22/Img001803.jpg,177.45524835526314,-7.0,-8.0,-1318.0,-1320.0,,估计同步待核验
XY_Y-09-0.1-02,Y,0.2,1804,XY/袁-20250529/Y-09-0.1-02/Test1/33061_1_22/Img001804.jpg,177.55337938596492,-7.0,-8.0,-1317.0,-1319.0,,估计同步待核验
XY_Y-09-0.1-02,Y,0.2,1805,XY/袁-20250529/Y-09-0.1-02/Test1/33061_1_22/Img001805.jpg,177.65151041666667,-8.0,-8.0,-1316.0,-1318.0,,估计同步待核验
XY_Y-09-0.1-02,Y,0.2,1806,XY/袁-20250529/Y-09-0.1-02/Test1/33061_1_22/Img001806.jpg,177.74964144736842,-8.0,-8.0,-1315.0,-1317.0,,估计同步待核验
XY_Y-09-0.1-02,Y,0.2,1807,XY/袁-20250529/Y-09-0.1-02/Test1/33061_1_22/Img001807.jpg,177.84777247807017,-9.0,-8.0,-1314.0,-1316.0,,估计同步待核验
XY_Y-09-0.1-02,Y,0.2,1808,XY/袁-20250529/Y-09-0.1-02/Test1/33061_1_22/Img001808.jpg,177.94590350877192,-9.0,-8.0,-1312.0,-1314.0,,估计同步待核验
XY_Y-09-0.1-02,Y,0.2,1809,XY/袁-20250529/Y-09-0.1-02/Test1/33061_1_22/Img001809.jpg,178.04403453947367,-9.0,-8.0,-1311.0,-1313.0,,估计同步待核验
XY_Y-09-0.1-02,Y,0.2,1810,XY/袁-20250529/Y-09-0.1-02/Test1/33061_1_22/Img001810.jpg,178.14216557017542,-7.33114035085033,-8.0,-1309.0,-1311.0,,估计同步待核验
XY_Y-09-0.1-02,Y,0.2,1811,XY/袁-20250529/Y-09-0.1-02/Test1/33061_1_22/Img001811.jpg,178.2402966008772,-7.0,-8.0,-1307.0,-1309.0,,估计同步待核验
XY_Y-09-0.1-02,Y,0.2,1812,XY/袁-20250529/Y-09-0.1-02/Test1/33061_1_22/Img001812.jpg,178.33842763157895,-7.0,-8.0,-1305.0,-1307.0,,估计同步待核验
XY_Y-09-0.1-02,Y,0.2,1813,XY/袁-20250529/Y-09-0.1-02/Test1/33061_1_22/Img001813.jpg,178.4365586622807,-8.0,-8.0,-1303.0,-1305.0,,估计同步待核验
XY_Y-09-0.1-02,Y,0.2,1814,XY/袁-20250529/Y-09-0.1-02/Test1/33061_1_22/Img001814.jpg,178.53468969298243,-8.0,-8.0,-1300.0,-1301.0,,估计同步待核验
XY_Y-09-0.1-02,Y,0.2,1815,XY/袁-20250529/Y-09-0.1-02/Test1/33061_1_22/Img001815.jpg,178.6328207236842,-8.0,-8.0,-1297.0,-1299.0,,估计同步待核验
XY_Y-09-0.1-02,Y,0.2,1816,XY/袁-20250529/Y-09-0.1-02/Test1/33061_1_22/Img001816.jpg,178.73095175438596,-8.0,-8.0,-1292.0,-1294.0,,估计同步待核验
XY_Y-09-0.1-02,Y,0.2,1817,XY/袁-20250529/Y-09-0.1-02/Test1/33061_1_22/Img001817.jpg,178.8290827850877,-9.0,-8.0,-1285.0,-1287.0,,估计同步待核验
XY_Y-09-0.1-02,Y,0.2,1818,XY/袁-20250529/Y-09-0.1-02/Test1/33061_1_22/Img001818.jpg,178.92721381578946,-9.0,-8.0,-1270.0,-1272.0,,估计同步待核验
XY_Y-09-0.1-02,Y,0.2,1819,XY/袁-20250529/Y-09-0.1-02/Test1/33061_1_22/Img001819.jpg,179.02534484649124,-9.0,-8.0,-3.0,-4.0,峰后下降,估计同步待核验
XY_Y-09-0.1-02,Y,0.2,1820,XY/袁-20250529/Y-09-0.1-02/Test1/33061_1_22/Img001820.jpg,179.123475877193,-9.0,-8.0,-4.0,-3.0,,估计同步待核验
XY_Y-09-0.1-02,Y,0.2,1821,XY/袁-20250529/Y-09-0.1-02/Test1/33061_1_22/Img001821.jpg,179.2216069078947,-9.0,-8.0,-4.0,-4.0,,估计同步待核验
XY_Y-09-0.1-02,Y,0.2,1822,XY/袁-20250529/Y-09-0.1-02/Test1/33061_1_22/Img001822.jpg,179.3197379385965,-8.737938596497429,-8.262061403502571,-3.73793859649743,-3.0,,估计同步待核验
XY_Y-09-0.1-02,Y,0.2,1823,XY/袁-20250529/Y-09-0.1-02/Test1/33061_1_22/Img001823.jpg,179.41786896929824,-8.0,-8.0,-4.0,-3.0,,估计同步待核验
XY_Y-09-0.1-02,Y,0.2,1824,XY/袁-20250529/Y-09-0.1-02/Test1/33061_1_22/Img001824.jpg,179.516,-8.0,-8.0,-4.0,-3.0,文件末帧、图像破坏候选,估计同步待核验
