试验编号,方向,速度_mm_s,照片帧号,照片文件,估计时间_s,Fx1力_N,Fx2力_N,Fy1力_N,Fy2力_N,事件标签,同步状态
XY_Y-10-1-01,Y,2.0,0,XY/袁-20250529/Y-10-1-01/Test1/33061_1_23/Img000000.jpg,0.095,-7.0,-8.0,-31.0,-29.0,加载起点,估计同步待核验
XY_Y-10-1-01,Y,2.0,1,XY/袁-20250529/Y-10-1-01/Test1/33061_1_23/Img000001.jpg,0.10479576107899807,-7.0,-8.0,-31.0,-29.0,,估计同步待核验
XY_Y-10-1-01,Y,2.0,2,XY/袁-20250529/Y-10-1-01/Test1/33061_1_23/Img000002.jpg,0.11459152215799615,-9.0,-7.0,-42.0,-40.0,,估计同步待核验
XY_Y-10-1-01,Y,2.0,3,XY/袁-20250529/Y-10-1-01/Test1/33061_1_23/Img000003.jpg,0.12438728323699422,-8.0,-7.0,-53.0,-51.0,,估计同步待核验
XY_Y-10-1-01,Y,2.0,4,XY/袁-20250529/Y-10-1-01/Test1/33061_1_23/Img000004.jpg,0.1341830443159923,-9.0,-7.0,-64.0,-62.0,,估计同步待核验
XY_Y-10-1-01,Y,2.0,5,XY/袁-20250529/Y-10-1-01/Test1/33061_1_23/Img000005.jpg,0.14397880539499036,-8.0,-7.0,-75.0,-74.0,,估计同步待核验
XY_Y-10-1-01,Y,2.0,6,XY/袁-20250529/Y-10-1-01/Test1/33061_1_23/Img000006.jpg,0.15377456647398843,-8.0,-8.0,-86.0,-84.0,,估计同步待核验
XY_Y-10-1-01,Y,2.0,7,XY/袁-20250529/Y-10-1-01/Test1/33061_1_23/Img000007.jpg,0.1635703275529865,-9.0,-7.0,-97.0,-96.0,,估计同步待核验
XY_Y-10-1-01,Y,2.0,8,XY/袁-20250529/Y-10-1-01/Test1/33061_1_23/Img000008.jpg,0.17336608863198458,-7.0,-8.0,-108.0,-107.0,,估计同步待核验
XY_Y-10-1-01,Y,2.0,9,XY/袁-20250529/Y-10-1-01/Test1/33061_1_23/Img000009.jpg,0.18316184971098265,-10.0,-7.0,-120.0,-119.0,,估计同步待核验
XY_Y-10-1-01,Y,2.0,10,XY/袁-20250529/Y-10-1-01/Test1/33061_1_23/Img000010.jpg,0.19295761078998072,-10.0,-7.0,-120.0,-119.0,,估计同步待核验
XY_Y-10-1-01,Y,2.0,11,XY/袁-20250529/Y-10-1-01/Test1/33061_1_23/Img000011.jpg,0.2027533718689788,-7.0,-8.0,-130.0,-130.0,,估计同步待核验
XY_Y-10-1-01,Y,2.0,12,XY/袁-20250529/Y-10-1-01/Test1/33061_1_23/Img000012.jpg,0.21254913294797687,-9.0,-7.0,-142.0,-142.0,,估计同步待核验
XY_Y-10-1-01,Y,2.0,13,XY/袁-20250529/Y-10-1-01/Test1/33061_1_23/Img000013.jpg,0.22234489402697497,-7.0,-8.0,-154.0,-153.0,,估计同步待核验
XY_Y-10-1-01,Y,2.0,14,XY/袁-20250529/Y-10-1-01/Test1/33061_1_23/Img000014.jpg,0.232140655105973,-8.0,-8.0,-165.0,-165.0,,估计同步待核验
XY_Y-10-1-01,Y,2.0,15,XY/袁-20250529/Y-10-1-01/Test1/33061_1_23/Img000015.jpg,0.24193641618497108,-8.0,-8.0,-178.0,-176.0,,估计同步待核验
XY_Y-10-1-01,Y,2.0,16,XY/袁-20250529/Y-10-1-01/Test1/33061_1_23/Img000016.jpg,0.2517321772639691,-8.0,-8.0,-189.0,-188.0,,估计同步待核验
XY_Y-10-1-01,Y,2.0,17,XY/袁-20250529/Y-10-1-01/Test1/33061_1_23/Img000017.jpg,0.2615279383429672,-9.0,-8.0,-202.0,-200.0,,估计同步待核验
XY_Y-10-1-01,Y,2.0,18,XY/袁-20250529/Y-10-1-01/Test1/33061_1_23/Img000018.jpg,0.2713236994219653,-7.0,-8.0,-213.0,-212.0,,估计同步待核验
XY_Y-10-1-01,Y,2.0,19,XY/袁-20250529/Y-10-1-01/Test1/33061_1_23/Img000019.jpg,0.28111946050096337,-7.238921001926697,-8.0,-214.4335260115602,-213.31406551059683,,估计同步待核验
XY_Y-10-1-01,Y,2.0,20,XY/袁-20250529/Y-10-1-01/Test1/33061_1_23/Img000020.jpg,0.2909152215799614,-9.0,-8.0,-225.0,-223.0,,估计同步待核验
XY_Y-10-1-01,Y,2.0,21,XY/袁-20250529/Y-10-1-01/Test1/33061_1_23/Img000021.jpg,0.3007109826589595,-7.0,-8.0,-236.0,-235.0,,估计同步待核验
XY_Y-10-1-01,Y,2.0,22,XY/袁-20250529/Y-10-1-01/Test1/33061_1_23/Img000022.jpg,0.3105067437379576,-9.0,-8.0,-248.0,-247.0,,估计同步待核验
XY_Y-10-1-01,Y,2.0,23,XY/袁-20250529/Y-10-1-01/Test1/33061_1_23/Img000023.jpg,0.32030250481695566,-7.0,-8.0,-259.0,-259.0,,估计同步待核验
XY_Y-10-1-01,Y,2.0,24,XY/袁-20250529/Y-10-1-01/Test1/33061_1_23/Img000024.jpg,0.3300982658959537,-9.0,-8.0,-270.0,-270.0,,估计同步待核验
XY_Y-10-1-01,Y,2.0,25,XY/袁-20250529/Y-10-1-01/Test1/33061_1_23/Img000025.jpg,0.33989402697495186,-8.0,-8.0,-282.0,-282.0,,估计同步待核验
XY_Y-10-1-01,Y,2.0,26,XY/袁-20250529/Y-10-1-01/Test1/33061_1_23/Img000026.jpg,0.3496897880539499,-8.0,-8.0,-294.0,-293.0,,估计同步待核验
XY_Y-10-1-01,Y,2.0,27,XY/袁-20250529/Y-10-1-01/Test1/33061_1_23/Img000027.jpg,0.35948554913294795,-8.0,-7.0,-306.0,-305.0,,估计同步待核验
XY_Y-10-1-01,Y,2.0,28,XY/袁-20250529/Y-10-1-01/Test1/33061_1_23/Img000028.jpg,0.369281310211946,-7.718689788054005,-7.281310211945995,-309.3757225433519,-308.3757225433519,,估计同步待核验
XY_Y-10-1-01,Y,2.0,29,XY/袁-20250529/Y-10-1-01/Test1/33061_1_23/Img000029.jpg,0.37907707129094403,-7.0,-8.0,-318.0,-317.0,,估计同步待核验
XY_Y-10-1-01,Y,2.0,30,XY/袁-20250529/Y-10-1-01/Test1/33061_1_23/Img000030.jpg,0.3888728323699422,-9.0,-7.0,-330.0,-329.0,,估计同步待核验
XY_Y-10-1-01,Y,2.0,31,XY/袁-20250529/Y-10-1-01/Test1/33061_1_23/Img000031.jpg,0.39866859344894023,-7.0,-8.0,-341.0,-341.0,,估计同步待核验
XY_Y-10-1-01,Y,2.0,32,XY/袁-20250529/Y-10-1-01/Test1/33061_1_23/Img000032.jpg,0.4084643545279383,-9.0,-7.0,-354.0,-352.0,,估计同步待核验
XY_Y-10-1-01,Y,2.0,33,XY/袁-20250529/Y-10-1-01/Test1/33061_1_23/Img000033.jpg,0.4182601156069363,-7.0,-8.0,-365.0,-364.0,,估计同步待核验
XY_Y-10-1-01,Y,2.0,34,XY/袁-20250529/Y-10-1-01/Test1/33061_1_23/Img000034.jpg,0.4280558766859345,-9.0,-8.0,-377.0,-376.0,,估计同步待核验
XY_Y-10-1-01,Y,2.0,35,XY/袁-20250529/Y-10-1-01/Test1/33061_1_23/Img000035.jpg,0.4378516377649325,-7.0,-8.0,-389.0,-388.0,,估计同步待核验
XY_Y-10-1-01,Y,2.0,36,XY/袁-20250529/Y-10-1-01/Test1/33061_1_23/Img000036.jpg,0.44764739884393057,-8.0,-8.0,-400.0,-400.0,,估计同步待核验
XY_Y-10-1-01,Y,2.0,37,XY/袁-20250529/Y-10-1-01/Test1/33061_1_23/Img000037.jpg,0.4574431599229287,-8.0,-8.0,-405.31791907514446,-404.87475915221574,,估计同步待核验
XY_Y-10-1-01,Y,2.0,38,XY/袁-20250529/Y-10-1-01/Test1/33061_1_23/Img000038.jpg,0.46723892100192677,-8.0,-8.0,-412.0,-411.0,,估计同步待核验
XY_Y-10-1-01,Y,2.0,39,XY/袁-20250529/Y-10-1-01/Test1/33061_1_23/Img000039.jpg,0.4770346820809248,-8.0,-8.0,-424.0,-423.0,,估计同步待核验
XY_Y-10-1-01,Y,2.0,40,XY/袁-20250529/Y-10-1-01/Test1/33061_1_23/Img000040.jpg,0.48683044315992285,-9.0,-7.0,-436.0,-435.0,,估计同步待核验
XY_Y-10-1-01,Y,2.0,41,XY/袁-20250529/Y-10-1-01/Test1/33061_1_23/Img000041.jpg,0.496626204238921,-8.0,-8.0,-447.0,-447.0,,估计同步待核验
XY_Y-10-1-01,Y,2.0,42,XY/袁-20250529/Y-10-1-01/Test1/33061_1_23/Img000042.jpg,0.506421965317919,-9.0,-8.0,-460.0,-458.0,,估计同步待核验
XY_Y-10-1-01,Y,2.0,43,XY/袁-20250529/Y-10-1-01/Test1/33061_1_23/Img000043.jpg,0.5162177263969171,-7.0,-8.0,-470.0,-470.0,,估计同步待核验
XY_Y-10-1-01,Y,2.0,44,XY/袁-20250529/Y-10-1-01/Test1/33061_1_23/Img000044.jpg,0.5260134874759151,-9.0,-7.0,-482.0,-482.0,,估计同步待核验
XY_Y-10-1-01,Y,2.0,45,XY/袁-20250529/Y-10-1-01/Test1/33061_1_23/Img000045.jpg,0.5358092485549133,-7.0,-8.0,-493.0,-493.0,,估计同步待核验
XY_Y-10-1-01,Y,2.0,46,XY/袁-20250529/Y-10-1-01/Test1/33061_1_23/Img000046.jpg,0.5456050096339113,-8.210019267822602,-8.0,-500.26011560693564,-500.26011560693564,,估计同步待核验
XY_Y-10-1-01,Y,2.0,47,XY/袁-20250529/Y-10-1-01/Test1/33061_1_23/Img000047.jpg,0.5554007707129094,-9.0,-8.0,-505.0,-505.0,,估计同步待核验
XY_Y-10-1-01,Y,2.0,48,XY/袁-20250529/Y-10-1-01/Test1/33061_1_23/Img000048.jpg,0.5651965317919074,-7.0,-8.0,-517.0,-517.0,,估计同步待核验
XY_Y-10-1-01,Y,2.0,49,XY/袁-20250529/Y-10-1-01/Test1/33061_1_23/Img000049.jpg,0.5749922928709056,-8.0,-8.0,-528.0,-528.0,,估计同步待核验
XY_Y-10-1-01,Y,2.0,50,XY/袁-20250529/Y-10-1-01/Test1/33061_1_23/Img000050.jpg,0.5847880539499036,-9.0,-8.0,-540.0,-540.0,,估计同步待核验
XY_Y-10-1-01,Y,2.0,51,XY/袁-20250529/Y-10-1-01/Test1/33061_1_23/Img000051.jpg,0.5945838150289017,-8.0,-8.0,-550.0,-551.0,,估计同步待核验
XY_Y-10-1-01,Y,2.0,52,XY/袁-20250529/Y-10-1-01/Test1/33061_1_23/Img000052.jpg,0.6043795761078998,-9.0,-7.0,-562.0,-562.0,,估计同步待核验
XY_Y-10-1-01,Y,2.0,53,XY/袁-20250529/Y-10-1-01/Test1/33061_1_23/Img000053.jpg,0.6141753371868978,-7.0,-8.0,-573.0,-573.0,,估计同步待核验
XY_Y-10-1-01,Y,2.0,54,XY/袁-20250529/Y-10-1-01/Test1/33061_1_23/Img000054.jpg,0.6239710982658958,-9.0,-8.0,-585.0,-585.0,,估计同步待核验
XY_Y-10-1-01,Y,2.0,55,XY/袁-20250529/Y-10-1-01/Test1/33061_1_23/Img000055.jpg,0.633766859344894,-7.466281310212091,-8.0,-593.4354527938335,-593.4354527938335,,估计同步待核验
XY_Y-10-1-01,Y,2.0,56,XY/袁-20250529/Y-10-1-01/Test1/33061_1_23/Img000056.jpg,0.643562620423892,-7.0,-8.0,-596.0,-596.0,,估计同步待核验
XY_Y-10-1-01,Y,2.0,57,XY/袁-20250529/Y-10-1-01/Test1/33061_1_23/Img000057.jpg,0.6533583815028902,-9.0,-8.0,-608.0,-608.0,,估计同步待核验
XY_Y-10-1-01,Y,2.0,58,XY/袁-20250529/Y-10-1-01/Test1/33061_1_23/Img000058.jpg,0.6631541425818881,-7.0,-8.0,-619.0,-619.0,,估计同步待核验
XY_Y-10-1-01,Y,2.0,59,XY/袁-20250529/Y-10-1-01/Test1/33061_1_23/Img000059.jpg,0.6729499036608863,-8.0,-8.0,-630.0,-630.0,,估计同步待核验
XY_Y-10-1-01,Y,2.0,60,XY/袁-20250529/Y-10-1-01/Test1/33061_1_23/Img000060.jpg,0.6827456647398843,-8.0,-8.0,-641.0,-641.0,,估计同步待核验
XY_Y-10-1-01,Y,2.0,61,XY/袁-20250529/Y-10-1-01/Test1/33061_1_23/Img000061.jpg,0.6925414258188825,-8.0,-8.0,-652.0,-652.0,,估计同步待核验
XY_Y-10-1-01,Y,2.0,62,XY/袁-20250529/Y-10-1-01/Test1/33061_1_23/Img000062.jpg,0.7023371868978804,-9.0,-8.0,-663.0,-663.0,,估计同步待核验
XY_Y-10-1-01,Y,2.0,63,XY/袁-20250529/Y-10-1-01/Test1/33061_1_23/Img000063.jpg,0.7121329479768785,-7.0,-8.0,-673.0,-674.0,,估计同步待核验
XY_Y-10-1-01,Y,2.0,64,XY/袁-20250529/Y-10-1-01/Test1/33061_1_23/Img000064.jpg,0.7219287090558766,-8.857418111753216,-8.0,-683.2157996146427,-683.2870905587661,,估计同步待核验
XY_Y-10-1-01,Y,2.0,65,XY/袁-20250529/Y-10-1-01/Test1/33061_1_23/Img000065.jpg,0.7317244701348747,-9.0,-8.0,-684.0,-684.0,,估计同步待核验
XY_Y-10-1-01,Y,2.0,66,XY/袁-20250529/Y-10-1-01/Test1/33061_1_23/Img000066.jpg,0.7415202312138727,-7.0,-8.0,-694.0,-695.0,,估计同步待核验
XY_Y-10-1-01,Y,2.0,67,XY/袁-20250529/Y-10-1-01/Test1/33061_1_23/Img000067.jpg,0.7513159922928708,-10.0,-8.0,-706.0,-705.0,,估计同步待核验
XY_Y-10-1-01,Y,2.0,68,XY/袁-20250529/Y-10-1-01/Test1/33061_1_23/Img000068.jpg,0.7611117533718689,-7.0,-8.0,-715.0,-716.0,,估计同步待核验
XY_Y-10-1-01,Y,2.0,69,XY/袁-20250529/Y-10-1-01/Test1/33061_1_23/Img000069.jpg,0.770907514450867,-9.0,-8.0,-726.0,-726.0,,估计同步待核验
XY_Y-10-1-01,Y,2.0,70,XY/袁-20250529/Y-10-1-01/Test1/33061_1_23/Img000070.jpg,0.780703275529865,-8.0,-8.0,-736.0,-737.0,,估计同步待核验
XY_Y-10-1-01,Y,2.0,71,XY/袁-20250529/Y-10-1-01/Test1/33061_1_23/Img000071.jpg,0.7904990366088631,-8.0,-8.0,-747.0,-747.0,,估计同步待核验
XY_Y-10-1-01,Y,2.0,72,XY/袁-20250529/Y-10-1-01/Test1/33061_1_23/Img000072.jpg,0.8002947976878612,-9.0,-7.0,-758.0,-758.0,,估计同步待核验
XY_Y-10-1-01,Y,2.0,73,XY/袁-20250529/Y-10-1-01/Test1/33061_1_23/Img000073.jpg,0.8100905587668593,-7.0,-8.0,-768.0,-768.0,,估计同步待核验
XY_Y-10-1-01,Y,2.0,74,XY/袁-20250529/Y-10-1-01/Test1/33061_1_23/Img000074.jpg,0.8198863198458574,-7.0,-8.0,-768.0,-768.0,,估计同步待核验
XY_Y-10-1-01,Y,2.0,75,XY/袁-20250529/Y-10-1-01/Test1/33061_1_23/Img000075.jpg,0.8296820809248554,-9.0,-7.0,-779.0,-778.0,,估计同步待核验
XY_Y-10-1-01,Y,2.0,76,XY/袁-20250529/Y-10-1-01/Test1/33061_1_23/Img000076.jpg,0.8394778420038534,-7.0,-8.0,-788.0,-788.0,,估计同步待核验
XY_Y-10-1-01,Y,2.0,77,XY/袁-20250529/Y-10-1-01/Test1/33061_1_23/Img000077.jpg,0.8492736030828516,-9.0,-8.0,-799.0,-799.0,,估计同步待核验
XY_Y-10-1-01,Y,2.0,78,XY/袁-20250529/Y-10-1-01/Test1/33061_1_23/Img000078.jpg,0.8590693641618496,-7.0,-8.0,-809.0,-809.0,,估计同步待核验
XY_Y-10-1-01,Y,2.0,79,XY/袁-20250529/Y-10-1-01/Test1/33061_1_23/Img000079.jpg,0.8688651252408477,-10.0,-8.0,-819.0,-819.0,,估计同步待核验
XY_Y-10-1-01,Y,2.0,80,XY/袁-20250529/Y-10-1-01/Test1/33061_1_23/Img000080.jpg,0.8786608863198457,-8.0,-8.0,-829.0,-829.0,,估计同步待核验
XY_Y-10-1-01,Y,2.0,81,XY/袁-20250529/Y-10-1-01/Test1/33061_1_23/Img000081.jpg,0.8884566473988439,-9.0,-8.0,-839.0,-839.0,,估计同步待核验
XY_Y-10-1-01,Y,2.0,82,XY/袁-20250529/Y-10-1-01/Test1/33061_1_23/Img000082.jpg,0.8982524084778419,-8.0,-7.0,-849.0,-849.0,,估计同步待核验
XY_Y-10-1-01,Y,2.0,83,XY/袁-20250529/Y-10-1-01/Test1/33061_1_23/Img000083.jpg,0.90804816955684,-8.0,-7.04816955683995,-849.4335260115596,-849.4816955683995,,估计同步待核验
XY_Y-10-1-01,Y,2.0,84,XY/袁-20250529/Y-10-1-01/Test1/33061_1_23/Img000084.jpg,0.917843930635838,-8.0,-8.0,-858.0,-859.0,,估计同步待核验
XY_Y-10-1-01,Y,2.0,85,XY/袁-20250529/Y-10-1-01/Test1/33061_1_23/Img000085.jpg,0.9276396917148362,-9.0,-7.0,-868.0,-869.0,,估计同步待核验
XY_Y-10-1-01,Y,2.0,86,XY/袁-20250529/Y-10-1-01/Test1/33061_1_23/Img000086.jpg,0.9374354527938342,-7.0,-8.0,-877.0,-878.0,,估计同步待核验
XY_Y-10-1-01,Y,2.0,87,XY/袁-20250529/Y-10-1-01/Test1/33061_1_23/Img000087.jpg,0.9472312138728323,-9.0,-7.0,-888.0,-888.0,,估计同步待核验
XY_Y-10-1-01,Y,2.0,88,XY/袁-20250529/Y-10-1-01/Test1/33061_1_23/Img000088.jpg,0.9570269749518303,-7.0,-8.0,-897.0,-898.0,,估计同步待核验
XY_Y-10-1-01,Y,2.0,89,XY/袁-20250529/Y-10-1-01/Test1/33061_1_23/Img000089.jpg,0.9668227360308285,-10.0,-7.0,-907.0,-907.0,,估计同步待核验
XY_Y-10-1-01,Y,2.0,90,XY/袁-20250529/Y-10-1-01/Test1/33061_1_23/Img000090.jpg,0.9766184971098265,-7.0,-8.0,-916.0,-917.0,,估计同步待核验
XY_Y-10-1-01,Y,2.0,91,XY/袁-20250529/Y-10-1-01/Test1/33061_1_23/Img000091.jpg,0.9864142581888246,-9.0,-8.0,-926.0,-926.0,,估计同步待核验
XY_Y-10-1-01,Y,2.0,92,XY/袁-20250529/Y-10-1-01/Test1/33061_1_23/Img000092.jpg,0.9962100192678226,-8.789980732177398,-8.0,-927.8901734104035,-928.100192678226,,估计同步待核验
XY_Y-10-1-01,Y,2.0,93,XY/袁-20250529/Y-10-1-01/Test1/33061_1_23/Img000093.jpg,1.0060057803468208,-8.0,-8.0,-935.0,-936.0,,估计同步待核验
XY_Y-10-1-01,Y,2.0,94,XY/袁-20250529/Y-10-1-01/Test1/33061_1_23/Img000094.jpg,1.0158015414258188,-8.0,-8.0,-945.0,-945.0,,估计同步待核验
XY_Y-10-1-01,Y,2.0,95,XY/袁-20250529/Y-10-1-01/Test1/33061_1_23/Img000095.jpg,1.025597302504817,-9.0,-8.0,-954.0,-955.0,,估计同步待核验
XY_Y-10-1-01,Y,2.0,96,XY/袁-20250529/Y-10-1-01/Test1/33061_1_23/Img000096.jpg,1.0353930635838149,-7.0,-8.0,-964.0,-964.0,,估计同步待核验
XY_Y-10-1-01,Y,2.0,97,XY/袁-20250529/Y-10-1-01/Test1/33061_1_23/Img000097.jpg,1.0451888246628132,-9.0,-7.0,-973.0,-974.0,,估计同步待核验
XY_Y-10-1-01,Y,2.0,98,XY/袁-20250529/Y-10-1-01/Test1/33061_1_23/Img000098.jpg,1.0549845857418112,-7.0,-8.0,-982.0,-983.0,,估计同步待核验
XY_Y-10-1-01,Y,2.0,99,XY/袁-20250529/Y-10-1-01/Test1/33061_1_23/Img000099.jpg,1.0647803468208092,-9.0,-7.0,-992.0,-992.0,,估计同步待核验
XY_Y-10-1-01,Y,2.0,100,XY/袁-20250529/Y-10-1-01/Test1/33061_1_23/Img000100.jpg,1.0745761078998073,-7.0,-8.0,-1001.0,-1001.0,,估计同步待核验
XY_Y-10-1-01,Y,2.0,101,XY/袁-20250529/Y-10-1-01/Test1/33061_1_23/Img000101.jpg,1.0843718689788053,-7.743737957610595,-8.0,-1004.3468208092477,-1004.3468208092477,,估计同步待核验
XY_Y-10-1-01,Y,2.0,102,XY/袁-20250529/Y-10-1-01/Test1/33061_1_23/Img000102.jpg,1.0941676300578034,-9.0,-8.0,-1010.0,-1010.0,,估计同步待核验
XY_Y-10-1-01,Y,2.0,103,XY/袁-20250529/Y-10-1-01/Test1/33061_1_23/Img000103.jpg,1.1039633911368014,-8.0,-8.0,-1019.0,-1019.0,,估计同步待核验
XY_Y-10-1-01,Y,2.0,104,XY/袁-20250529/Y-10-1-01/Test1/33061_1_23/Img000104.jpg,1.1137591522157997,-9.0,-8.0,-1028.0,-1028.0,,估计同步待核验
XY_Y-10-1-01,Y,2.0,105,XY/袁-20250529/Y-10-1-01/Test1/33061_1_23/Img000105.jpg,1.1235549132947977,-8.0,-8.0,-1037.0,-1037.0,,估计同步待核验
XY_Y-10-1-01,Y,2.0,106,XY/袁-20250529/Y-10-1-01/Test1/33061_1_23/Img000106.jpg,1.1333506743737956,-8.0,-8.0,-1045.0,-1046.0,,估计同步待核验
XY_Y-10-1-01,Y,2.0,107,XY/袁-20250529/Y-10-1-01/Test1/33061_1_23/Img000107.jpg,1.1431464354527936,-9.0,-7.0,-1054.0,-1055.0,,估计同步待核验
XY_Y-10-1-01,Y,2.0,108,XY/袁-20250529/Y-10-1-01/Test1/33061_1_23/Img000108.jpg,1.1529421965317916,-7.0,-8.0,-1062.0,-1064.0,,估计同步待核验
XY_Y-10-1-01,Y,2.0,109,XY/袁-20250529/Y-10-1-01/Test1/33061_1_23/Img000109.jpg,1.16273795761079,-9.0,-7.0,-1071.0,-1072.0,,估计同步待核验
XY_Y-10-1-01,Y,2.0,110,XY/袁-20250529/Y-10-1-01/Test1/33061_1_23/Img000110.jpg,1.172533718689788,-7.932562620424077,-7.533718689787961,-1075.2697495183038,-1076.8034682080915,,估计同步待核验
XY_Y-10-1-01,Y,2.0,111,XY/袁-20250529/Y-10-1-01/Test1/33061_1_23/Img000111.jpg,1.182329479768786,-7.0,-8.0,-1079.0,-1081.0,,估计同步待核验
XY_Y-10-1-01,Y,2.0,112,XY/袁-20250529/Y-10-1-01/Test1/33061_1_23/Img000112.jpg,1.192125240847784,-9.0,-8.0,-1088.0,-1089.0,,估计同步待核验
XY_Y-10-1-01,Y,2.0,113,XY/袁-20250529/Y-10-1-01/Test1/33061_1_23/Img000113.jpg,1.2019210019267823,-7.0,-8.0,-1096.0,-1098.0,,估计同步待核验
XY_Y-10-1-01,Y,2.0,114,XY/袁-20250529/Y-10-1-01/Test1/33061_1_23/Img000114.jpg,1.2117167630057804,-9.0,-8.0,-1105.0,-1106.0,,估计同步待核验
XY_Y-10-1-01,Y,2.0,115,XY/袁-20250529/Y-10-1-01/Test1/33061_1_23/Img000115.jpg,1.2215125240847782,-8.0,-8.0,-1113.0,-1115.0,,估计同步待核验
XY_Y-10-1-01,Y,2.0,116,XY/袁-20250529/Y-10-1-01/Test1/33061_1_23/Img000116.jpg,1.2313082851637762,-8.0,-8.0,-1122.0,-1123.0,,估计同步待核验
XY_Y-10-1-01,Y,2.0,117,XY/袁-20250529/Y-10-1-01/Test1/33061_1_23/Img000117.jpg,1.2411040462427745,-9.0,-8.0,-1130.0,-1131.0,,估计同步待核验
XY_Y-10-1-01,Y,2.0,118,XY/袁-20250529/Y-10-1-01/Test1/33061_1_23/Img000118.jpg,1.2508998073217725,-7.0,-8.0,-1138.0,-1139.0,,估计同步待核验
XY_Y-10-1-01,Y,2.0,119,XY/袁-20250529/Y-10-1-01/Test1/33061_1_23/Img000119.jpg,1.2606955684007706,-8.391136801541279,-8.0,-1143.5645472061651,-1144.5645472061651,,估计同步待核验
XY_Y-10-1-01,Y,2.0,120,XY/袁-20250529/Y-10-1-01/Test1/33061_1_23/Img000120.jpg,1.2704913294797686,-9.0,-8.0,-1146.0,-1147.0,,估计同步待核验
XY_Y-10-1-01,Y,2.0,121,XY/袁-20250529/Y-10-1-01/Test1/33061_1_23/Img000121.jpg,1.2802870905587669,-7.0,-8.0,-1154.0,-1154.0,,估计同步待核验
XY_Y-10-1-01,Y,2.0,122,XY/袁-20250529/Y-10-1-01/Test1/33061_1_23/Img000122.jpg,1.290082851637765,-10.0,-8.0,-1162.0,-1162.0,,估计同步待核验
XY_Y-10-1-01,Y,2.0,123,XY/袁-20250529/Y-10-1-01/Test1/33061_1_23/Img000123.jpg,1.2998786127167627,-7.0,-8.0,-1169.0,-1169.0,,估计同步待核验
XY_Y-10-1-01,Y,2.0,124,XY/袁-20250529/Y-10-1-01/Test1/33061_1_23/Img000124.jpg,1.3096743737957608,-9.0,-8.0,-1177.0,-1177.0,,估计同步待核验
XY_Y-10-1-01,Y,2.0,125,XY/袁-20250529/Y-10-1-01/Test1/33061_1_23/Img000125.jpg,1.319470134874759,-7.0,-8.0,-1184.0,-1184.0,,估计同步待核验
XY_Y-10-1-01,Y,2.0,126,XY/袁-20250529/Y-10-1-01/Test1/33061_1_23/Img000126.jpg,1.329265895953757,-8.0,-8.0,-1191.0,-1192.0,,估计同步待核验
XY_Y-10-1-01,Y,2.0,127,XY/袁-20250529/Y-10-1-01/Test1/33061_1_23/Img000127.jpg,1.3390616570327551,-8.0,-8.0,-1199.0,-1199.0,,估计同步待核验
XY_Y-10-1-01,Y,2.0,128,XY/袁-20250529/Y-10-1-01/Test1/33061_1_23/Img000128.jpg,1.3488574181117532,-8.0,-8.0,-1205.0019267822724,-1205.8593448940255,,估计同步待核验
XY_Y-10-1-01,Y,2.0,129,XY/袁-20250529/Y-10-1-01/Test1/33061_1_23/Img000129.jpg,1.3586531791907515,-8.0,-8.0,-1206.0,-1207.0,,估计同步待核验
XY_Y-10-1-01,Y,2.0,130,XY/袁-20250529/Y-10-1-01/Test1/33061_1_23/Img000130.jpg,1.3684489402697495,-9.0,-7.0,-1213.0,-1214.0,,估计同步待核验
XY_Y-10-1-01,Y,2.0,131,XY/袁-20250529/Y-10-1-01/Test1/33061_1_23/Img000131.jpg,1.3782447013487475,-7.0,-8.0,-1220.0,-1221.0,,估计同步待核验
XY_Y-10-1-01,Y,2.0,132,XY/袁-20250529/Y-10-1-01/Test1/33061_1_23/Img000132.jpg,1.3880404624277454,-9.0,-7.0,-1227.0,-1228.0,,估计同步待核验
XY_Y-10-1-01,Y,2.0,133,XY/袁-20250529/Y-10-1-01/Test1/33061_1_23/Img000133.jpg,1.3978362235067436,-7.0,-8.0,-1233.0,-1234.0,,估计同步待核验
XY_Y-10-1-01,Y,2.0,134,XY/袁-20250529/Y-10-1-01/Test1/33061_1_23/Img000134.jpg,1.4076319845857417,-9.0,-7.0,-1240.0,-1241.0,,估计同步待核验
XY_Y-10-1-01,Y,2.0,135,XY/袁-20250529/Y-10-1-01/Test1/33061_1_23/Img000135.jpg,1.4174277456647397,-7.0,-8.0,-1246.0,-1248.0,,估计同步待核验
XY_Y-10-1-01,Y,2.0,136,XY/袁-20250529/Y-10-1-01/Test1/33061_1_23/Img000136.jpg,1.4272235067437378,-9.0,-8.0,-1253.0,-1254.0,,估计同步待核验
XY_Y-10-1-01,Y,2.0,137,XY/袁-20250529/Y-10-1-01/Test1/33061_1_23/Img000137.jpg,1.437019267822736,-8.0,-8.0,-1259.0,-1260.0,,估计同步待核验
XY_Y-10-1-01,Y,2.0,138,XY/袁-20250529/Y-10-1-01/Test1/33061_1_23/Img000138.jpg,1.446815028901734,-8.0,-8.0,-1259.0,-1260.0,,估计同步待核验
XY_Y-10-1-01,Y,2.0,139,XY/袁-20250529/Y-10-1-01/Test1/33061_1_23/Img000139.jpg,1.4566107899807321,-8.0,-8.0,-1265.0,-1266.0,,估计同步待核验
XY_Y-10-1-01,Y,2.0,140,XY/袁-20250529/Y-10-1-01/Test1/33061_1_23/Img000140.jpg,1.46640655105973,-9.0,-8.0,-1272.0,-1273.0,,估计同步待核验
XY_Y-10-1-01,Y,2.0,141,XY/袁-20250529/Y-10-1-01/Test1/33061_1_23/Img000141.jpg,1.4762023121387282,-7.0,-8.0,-1277.0,-1278.0,,估计同步待核验
XY_Y-10-1-01,Y,2.0,142,XY/袁-20250529/Y-10-1-01/Test1/33061_1_23/Img000142.jpg,1.4859980732177263,-9.0,-8.0,-1284.0,-1284.0,,估计同步待核验
XY_Y-10-1-01,Y,2.0,143,XY/袁-20250529/Y-10-1-01/Test1/33061_1_23/Img000143.jpg,1.4957938342967243,-7.0,-8.0,-1289.0,-1290.0,,估计同步待核验
XY_Y-10-1-01,Y,2.0,144,XY/袁-20250529/Y-10-1-01/Test1/33061_1_23/Img000144.jpg,1.5055895953757223,-9.0,-8.0,-1295.0,-1296.0,,估计同步待核验
XY_Y-10-1-01,Y,2.0,145,XY/袁-20250529/Y-10-1-01/Test1/33061_1_23/Img000145.jpg,1.5153853564547206,-7.0,-8.0,-1300.0,-1301.0,,估计同步待核验
XY_Y-10-1-01,Y,2.0,146,XY/袁-20250529/Y-10-1-01/Test1/33061_1_23/Img000146.jpg,1.5251811175337187,-9.0,-8.0,-1306.0,-1307.0,,估计同步待核验
XY_Y-10-1-01,Y,2.0,147,XY/袁-20250529/Y-10-1-01/Test1/33061_1_23/Img000147.jpg,1.5349768786127167,-9.0,-8.0,-1306.0,-1307.0,,估计同步待核验
XY_Y-10-1-01,Y,2.0,148,XY/袁-20250529/Y-10-1-01/Test1/33061_1_23/Img000148.jpg,1.5447726396917147,-7.0,-8.0,-1311.0,-1312.0,,估计同步待核验
XY_Y-10-1-01,Y,2.0,149,XY/袁-20250529/Y-10-1-01/Test1/33061_1_23/Img000149.jpg,1.5545684007707128,-8.0,-8.0,-1316.0,-1318.0,,估计同步待核验
XY_Y-10-1-01,Y,2.0,150,XY/袁-20250529/Y-10-1-01/Test1/33061_1_23/Img000150.jpg,1.5643641618497108,-8.0,-8.0,-1321.0,-1322.0,,估计同步待核验
XY_Y-10-1-01,Y,2.0,151,XY/袁-20250529/Y-10-1-01/Test1/33061_1_23/Img000151.jpg,1.5741599229287089,-7.0,-8.0,-1325.0,-1327.0,,估计同步待核验
XY_Y-10-1-01,Y,2.0,152,XY/袁-20250529/Y-10-1-01/Test1/33061_1_23/Img000152.jpg,1.583955684007707,-9.0,-8.0,-1330.0,-1331.0,,估计同步待核验
XY_Y-10-1-01,Y,2.0,153,XY/袁-20250529/Y-10-1-01/Test1/33061_1_23/Img000153.jpg,1.5937514450867052,-7.0,-9.0,-1335.0,-1336.0,,估计同步待核验
XY_Y-10-1-01,Y,2.0,154,XY/袁-20250529/Y-10-1-01/Test1/33061_1_23/Img000154.jpg,1.6035472061657032,-9.0,-8.0,-1339.0,-1340.0,,估计同步待核验
XY_Y-10-1-01,Y,2.0,155,XY/袁-20250529/Y-10-1-01/Test1/33061_1_23/Img000155.jpg,1.6133429672447013,-7.0,-8.0,-1343.0,-1345.0,,估计同步待核验
XY_Y-10-1-01,Y,2.0,156,XY/袁-20250529/Y-10-1-01/Test1/33061_1_23/Img000156.jpg,1.6231387283236993,-7.277456647398613,-8.0,-1343.6936416184965,-1345.5549132947972,,估计同步待核验
XY_Y-10-1-01,Y,2.0,157,XY/袁-20250529/Y-10-1-01/Test1/33061_1_23/Img000157.jpg,1.6329344894026974,-9.0,-8.0,-1348.0,-1349.0,,估计同步待核验
XY_Y-10-1-01,Y,2.0,158,XY/袁-20250529/Y-10-1-01/Test1/33061_1_23/Img000158.jpg,1.6427302504816954,-7.0,-8.0,-1352.0,-1353.0,,估计同步待核验
XY_Y-10-1-01,Y,2.0,159,XY/袁-20250529/Y-10-1-01/Test1/33061_1_23/Img000159.jpg,1.6525260115606935,-8.0,-8.0,-1356.0,-1357.0,,估计同步待核验
XY_Y-10-1-01,Y,2.0,160,XY/袁-20250529/Y-10-1-01/Test1/33061_1_23/Img000160.jpg,1.6623217726396915,-8.0,-8.0,-1360.0,-1361.0,,估计同步待核验
XY_Y-10-1-01,Y,2.0,161,XY/袁-20250529/Y-10-1-01/Test1/33061_1_23/Img000161.jpg,1.6721175337186898,-8.0,-8.0,-1364.0,-1365.0,,估计同步待核验
XY_Y-10-1-01,Y,2.0,162,XY/袁-20250529/Y-10-1-01/Test1/33061_1_23/Img000162.jpg,1.6819132947976878,-9.0,-8.0,-1367.0,-1369.0,,估计同步待核验
XY_Y-10-1-01,Y,2.0,163,XY/袁-20250529/Y-10-1-01/Test1/33061_1_23/Img000163.jpg,1.6917090558766859,-7.0,-8.0,-1371.0,-1372.0,,估计同步待核验
XY_Y-10-1-01,Y,2.0,164,XY/袁-20250529/Y-10-1-01/Test1/33061_1_23/Img000164.jpg,1.701504816955684,-9.0,-8.0,-1374.0,-1375.0,,估计同步待核验
XY_Y-10-1-01,Y,2.0,165,XY/袁-20250529/Y-10-1-01/Test1/33061_1_23/Img000165.jpg,1.711300578034682,-8.098265895954308,-8.0,-1374.9017341040458,-1375.9017341040458,,估计同步待核验
XY_Y-10-1-01,Y,2.0,166,XY/袁-20250529/Y-10-1-01/Test1/33061_1_23/Img000166.jpg,1.72109633911368,-6.0,-8.0,-1377.0,-1378.0,,估计同步待核验
XY_Y-10-1-01,Y,2.0,167,XY/袁-20250529/Y-10-1-01/Test1/33061_1_23/Img000167.jpg,1.730892100192678,-9.0,-8.0,-1380.0,-1382.0,,估计同步待核验
XY_Y-10-1-01,Y,2.0,168,XY/袁-20250529/Y-10-1-01/Test1/33061_1_23/Img000168.jpg,1.740687861271676,-6.0,-8.0,-1382.0,-1384.0,,估计同步待核验
XY_Y-10-1-01,Y,2.0,169,XY/袁-20250529/Y-10-1-01/Test1/33061_1_23/Img000169.jpg,1.7504836223506741,-9.0,-8.0,-1385.0,-1387.0,,估计同步待核验
XY_Y-10-1-01,Y,2.0,170,XY/袁-20250529/Y-10-1-01/Test1/33061_1_23/Img000170.jpg,1.7602793834296724,-7.0,-8.0,-1388.0,-1390.0,,估计同步待核验
XY_Y-10-1-01,Y,2.0,171,XY/袁-20250529/Y-10-1-01/Test1/33061_1_23/Img000171.jpg,1.7700751445086704,-8.0,-8.0,-1391.0,-1393.0,,估计同步待核验
XY_Y-10-1-01,Y,2.0,172,XY/袁-20250529/Y-10-1-01/Test1/33061_1_23/Img000172.jpg,1.7798709055876685,-8.0,-8.0,-1393.0,-1395.0,,估计同步待核验
XY_Y-10-1-01,Y,2.0,173,XY/袁-20250529/Y-10-1-01/Test1/33061_1_23/Img000173.jpg,1.7896666666666665,-8.0,-8.0,-1395.0,-1397.0,,估计同步待核验
XY_Y-10-1-01,Y,2.0,174,XY/袁-20250529/Y-10-1-01/Test1/33061_1_23/Img000174.jpg,1.7994624277456646,-8.462427745664577,-8.0,-1395.9248554913293,-1397.9248554913293,,估计同步待核验
XY_Y-10-1-01,Y,2.0,175,XY/袁-20250529/Y-10-1-01/Test1/33061_1_23/Img000175.jpg,1.8092581888246626,-9.0,-8.0,-1397.0,-1399.0,,估计同步待核验
XY_Y-10-1-01,Y,2.0,176,XY/袁-20250529/Y-10-1-01/Test1/33061_1_23/Img000176.jpg,1.8190539499036606,-7.0,-8.0,-1399.0,-1401.0,,估计同步待核验
XY_Y-10-1-01,Y,2.0,177,XY/袁-20250529/Y-10-1-01/Test1/33061_1_23/Img000177.jpg,1.8288497109826587,-9.0,-8.0,-1402.0,-1403.0,,估计同步待核验
XY_Y-10-1-01,Y,2.0,178,XY/袁-20250529/Y-10-1-01/Test1/33061_1_23/Img000178.jpg,1.838645472061657,-7.0,-8.0,-1404.0,-1405.0,,估计同步待核验
XY_Y-10-1-01,Y,2.0,179,XY/袁-20250529/Y-10-1-01/Test1/33061_1_23/Img000179.jpg,1.848441233140655,-9.0,-8.0,-1406.0,-1407.0,,估计同步待核验
XY_Y-10-1-01,Y,2.0,180,XY/袁-20250529/Y-10-1-01/Test1/33061_1_23/Img000180.jpg,1.858236994219653,-7.0,-8.0,-1407.0,-1408.0,,估计同步待核验
XY_Y-10-1-01,Y,2.0,181,XY/袁-20250529/Y-10-1-01/Test1/33061_1_23/Img000181.jpg,1.868032755298651,-9.0,-8.0,-1409.0,-1410.0,,估计同步待核验
XY_Y-10-1-01,Y,2.0,182,XY/袁-20250529/Y-10-1-01/Test1/33061_1_23/Img000182.jpg,1.8778285163776491,-8.0,-8.0,-1410.0,-1411.0,,估计同步待核验
XY_Y-10-1-01,Y,2.0,183,XY/袁-20250529/Y-10-1-01/Test1/33061_1_23/Img000183.jpg,1.8876242774566472,-8.0,-8.0,-1410.6242774566472,-1411.6242774566472,,估计同步待核验
XY_Y-10-1-01,Y,2.0,184,XY/袁-20250529/Y-10-1-01/Test1/33061_1_23/Img000184.jpg,1.8974200385356452,-8.0,-8.0,-1411.0,-1412.0,,估计同步待核验
XY_Y-10-1-01,Y,2.0,185,XY/袁-20250529/Y-10-1-01/Test1/33061_1_23/Img000185.jpg,1.9072157996146433,-9.0,-8.0,-1412.0,-1414.0,,估计同步待核验
XY_Y-10-1-01,Y,2.0,186,XY/袁-20250529/Y-10-1-01/Test1/33061_1_23/Img000186.jpg,1.9170115606936415,-7.0,-8.0,-1413.0,-1415.0,,估计同步待核验
XY_Y-10-1-01,Y,2.0,187,XY/袁-20250529/Y-10-1-01/Test1/33061_1_23/Img000187.jpg,1.9268073217726396,-9.0,-8.0,-1415.0,-1416.0,,估计同步待核验
XY_Y-10-1-01,Y,2.0,188,XY/袁-20250529/Y-10-1-01/Test1/33061_1_23/Img000188.jpg,1.9366030828516376,-7.0,-8.0,-1416.0,-1417.0,,估计同步待核验
XY_Y-10-1-01,Y,2.0,189,XY/袁-20250529/Y-10-1-01/Test1/33061_1_23/Img000189.jpg,1.9463988439306357,-9.0,-8.0,-1417.0,-1418.0,,估计同步待核验
XY_Y-10-1-01,Y,2.0,190,XY/袁-20250529/Y-10-1-01/Test1/33061_1_23/Img000190.jpg,1.956194605009634,-7.0,-8.0,-1417.0,-1419.0,,估计同步待核验
XY_Y-10-1-01,Y,2.0,191,XY/袁-20250529/Y-10-1-01/Test1/33061_1_23/Img000191.jpg,1.9659903660886318,-9.0,-8.0,-1418.0,-1420.0,,估计同步待核验
XY_Y-10-1-01,Y,2.0,192,XY/袁-20250529/Y-10-1-01/Test1/33061_1_23/Img000192.jpg,1.9757861271676298,-8.2138728323702,-8.0,-1418.7861271676297,-1420.0,,估计同步待核验
XY_Y-10-1-01,Y,2.0,193,XY/袁-20250529/Y-10-1-01/Test1/33061_1_23/Img000193.jpg,1.9855818882466278,-8.0,-8.0,-1419.0,-1420.0,,估计同步待核验
XY_Y-10-1-01,Y,2.0,194,XY/袁-20250529/Y-10-1-01/Test1/33061_1_23/Img000194.jpg,1.9953776493256261,-8.0,-8.0,-1419.0,-1421.0,,估计同步待核验
XY_Y-10-1-01,Y,2.0,195,XY/袁-20250529/Y-10-1-01/Test1/33061_1_23/Img000195.jpg,2.005173410404624,-9.0,-8.0,-1420.0,-1421.0,,估计同步待核验
XY_Y-10-1-01,Y,2.0,196,XY/袁-20250529/Y-10-1-01/Test1/33061_1_23/Img000196.jpg,2.014969171483622,-7.0,-8.0,-1420.0,-1422.0,,估计同步待核验
XY_Y-10-1-01,Y,2.0,197,XY/袁-20250529/Y-10-1-01/Test1/33061_1_23/Img000197.jpg,2.0247649325626202,-9.0,-8.0,-1421.0,-1422.0,,估计同步待核验
XY_Y-10-1-01,Y,2.0,198,XY/袁-20250529/Y-10-1-01/Test1/33061_1_23/Img000198.jpg,2.0345606936416183,-7.0,-8.0,-1421.0,-1423.0,,估计同步待核验
XY_Y-10-1-01,Y,2.0,199,XY/袁-20250529/Y-10-1-01/Test1/33061_1_23/Img000199.jpg,2.0443564547206163,-9.0,-8.0,-1422.0,-1423.0,,估计同步待核验
XY_Y-10-1-01,Y,2.0,200,XY/袁-20250529/Y-10-1-01/Test1/33061_1_23/Img000200.jpg,2.054152215799615,-7.0,-8.0,-1422.0,-1424.0,,估计同步待核验
XY_Y-10-1-01,Y,2.0,201,XY/袁-20250529/Y-10-1-01/Test1/33061_1_23/Img000201.jpg,2.063947976878613,-8.895953757225609,-8.0,-1422.0,-1424.0,,估计同步待核验
XY_Y-10-1-01,Y,2.0,202,XY/袁-20250529/Y-10-1-01/Test1/33061_1_23/Img000202.jpg,2.073743737957611,-9.0,-8.0,-1422.0,-1424.0,,估计同步待核验
XY_Y-10-1-01,Y,2.0,203,XY/袁-20250529/Y-10-1-01/Test1/33061_1_23/Img000203.jpg,2.083539499036609,-7.0,-8.0,-1422.0,-1423.0,,估计同步待核验
XY_Y-10-1-01,Y,2.0,204,XY/袁-20250529/Y-10-1-01/Test1/33061_1_23/Img000204.jpg,2.093335260115607,-9.0,-8.0,-1422.0,-1423.0,,估计同步待核验
XY_Y-10-1-01,Y,2.0,205,XY/袁-20250529/Y-10-1-01/Test1/33061_1_23/Img000205.jpg,2.103131021194605,-8.0,-8.0,-1422.0,-1423.0,,估计同步待核验
XY_Y-10-1-01,Y,2.0,206,XY/袁-20250529/Y-10-1-01/Test1/33061_1_23/Img000206.jpg,2.112926782273603,-8.0,-8.0,-1422.0,-1423.0,,估计同步待核验
XY_Y-10-1-01,Y,2.0,207,XY/袁-20250529/Y-10-1-01/Test1/33061_1_23/Img000207.jpg,2.122722543352601,-9.0,-8.0,-1422.0,-1423.0,,估计同步待核验
XY_Y-10-1-01,Y,2.0,208,XY/袁-20250529/Y-10-1-01/Test1/33061_1_23/Img000208.jpg,2.1325183044315996,-7.0,-8.0,-1422.0,-1423.0,,估计同步待核验
XY_Y-10-1-01,Y,2.0,209,XY/袁-20250529/Y-10-1-01/Test1/33061_1_23/Img000209.jpg,2.1423140655105977,-9.0,-7.0,-1422.0,-1423.0,,估计同步待核验
XY_Y-10-1-01,Y,2.0,210,XY/袁-20250529/Y-10-1-01/Test1/33061_1_23/Img000210.jpg,2.1521098265895957,-7.0,-8.0,-1421.0,-1423.0,,估计同步待核验
XY_Y-10-1-01,Y,2.0,211,XY/袁-20250529/Y-10-1-01/Test1/33061_1_23/Img000211.jpg,2.1619055876685938,-7.0,-8.0,-1421.0,-1423.0,,估计同步待核验
XY_Y-10-1-01,Y,2.0,212,XY/袁-20250529/Y-10-1-01/Test1/33061_1_23/Img000212.jpg,2.1717013487475914,-9.0,-7.0,-1422.0,-1423.0,,估计同步待核验
XY_Y-10-1-01,Y,2.0,213,XY/袁-20250529/Y-10-1-01/Test1/33061_1_23/Img000213.jpg,2.1814971098265894,-7.0,-8.0,-1421.0,-1423.0,,估计同步待核验
XY_Y-10-1-01,Y,2.0,214,XY/袁-20250529/Y-10-1-01/Test1/33061_1_23/Img000214.jpg,2.1912928709055874,-9.0,-7.0,-1421.0,-1423.0,,估计同步待核验
XY_Y-10-1-01,Y,2.0,215,XY/袁-20250529/Y-10-1-01/Test1/33061_1_23/Img000215.jpg,2.2010886319845855,-8.0,-8.0,-1421.0,-1422.0,,估计同步待核验
XY_Y-10-1-01,Y,2.0,216,XY/袁-20250529/Y-10-1-01/Test1/33061_1_23/Img000216.jpg,2.2108843930635835,-8.0,-8.0,-1421.0,-1422.0,,估计同步待核验
XY_Y-10-1-01,Y,2.0,217,XY/袁-20250529/Y-10-1-01/Test1/33061_1_23/Img000217.jpg,2.220680154142582,-9.0,-8.0,-1421.0,-1422.0,,估计同步待核验
XY_Y-10-1-01,Y,2.0,218,XY/袁-20250529/Y-10-1-01/Test1/33061_1_23/Img000218.jpg,2.23047591522158,-8.0,-8.0,-1420.0,-1422.0,,估计同步待核验
XY_Y-10-1-01,Y,2.0,219,XY/袁-20250529/Y-10-1-01/Test1/33061_1_23/Img000219.jpg,2.240271676300578,-9.0,-8.0,-1420.0,-1422.0,,估计同步待核验
XY_Y-10-1-01,Y,2.0,220,XY/袁-20250529/Y-10-1-01/Test1/33061_1_23/Img000220.jpg,2.250067437379576,-8.865125240847682,-8.0,-1420.0,-1421.9325626204238,,估计同步待核验
XY_Y-10-1-01,Y,2.0,221,XY/袁-20250529/Y-10-1-01/Test1/33061_1_23/Img000221.jpg,2.259863198458574,-7.0,-8.0,-1420.0,-1421.0,,估计同步待核验
XY_Y-10-1-01,Y,2.0,222,XY/袁-20250529/Y-10-1-01/Test1/33061_1_23/Img000222.jpg,2.2696589595375722,-10.0,-8.0,-1420.0,-1421.0,,估计同步待核验
XY_Y-10-1-01,Y,2.0,223,XY/袁-20250529/Y-10-1-01/Test1/33061_1_23/Img000223.jpg,2.2794547206165703,-7.0,-8.0,-1419.0,-1420.0,,估计同步待核验
XY_Y-10-1-01,Y,2.0,224,XY/袁-20250529/Y-10-1-01/Test1/33061_1_23/Img000224.jpg,2.2892504816955683,-9.0,-8.0,-1419.0,-1420.0,,估计同步待核验
XY_Y-10-1-01,Y,2.0,225,XY/袁-20250529/Y-10-1-01/Test1/33061_1_23/Img000225.jpg,2.299046242774567,-7.0,-8.0,-1418.0,-1419.0,,估计同步待核验
XY_Y-10-1-01,Y,2.0,226,XY/袁-20250529/Y-10-1-01/Test1/33061_1_23/Img000226.jpg,2.308842003853565,-9.0,-8.0,-1418.0,-1419.0,,估计同步待核验
XY_Y-10-1-01,Y,2.0,227,XY/袁-20250529/Y-10-1-01/Test1/33061_1_23/Img000227.jpg,2.318637764932563,-8.0,-8.0,-1418.0,-1418.0,,估计同步待核验
XY_Y-10-1-01,Y,2.0,228,XY/袁-20250529/Y-10-1-01/Test1/33061_1_23/Img000228.jpg,2.328433526011561,-8.0,-8.0,-1417.0,-1418.0,,估计同步待核验
XY_Y-10-1-01,Y,2.0,229,XY/袁-20250529/Y-10-1-01/Test1/33061_1_23/Img000229.jpg,2.3382292870905586,-8.229287090558497,-8.0,-1417.0,-1418.0,,估计同步待核验
XY_Y-10-1-01,Y,2.0,230,XY/袁-20250529/Y-10-1-01/Test1/33061_1_23/Img000230.jpg,2.3480250481695566,-9.0,-8.0,-1417.0,-1418.0,,估计同步待核验
XY_Y-10-1-01,Y,2.0,231,XY/袁-20250529/Y-10-1-01/Test1/33061_1_23/Img000231.jpg,2.3578208092485546,-7.0,-8.0,-1416.0,-1418.0,,估计同步待核验
XY_Y-10-1-01,Y,2.0,232,XY/袁-20250529/Y-10-1-01/Test1/33061_1_23/Img000232.jpg,2.3676165703275527,-9.0,-8.0,-1417.0,-1418.0,,估计同步待核验
XY_Y-10-1-01,Y,2.0,233,XY/袁-20250529/Y-10-1-01/Test1/33061_1_23/Img000233.jpg,2.377412331406551,-7.0,-8.0,-1416.0,-1418.0,,估计同步待核验
XY_Y-10-1-01,Y,2.0,234,XY/袁-20250529/Y-10-1-01/Test1/33061_1_23/Img000234.jpg,2.387208092485549,-9.0,-8.0,-1416.0,-1418.0,,估计同步待核验
XY_Y-10-1-01,Y,2.0,235,XY/袁-20250529/Y-10-1-01/Test1/33061_1_23/Img000235.jpg,2.3970038535645473,-7.0,-8.0,-1416.0,-1417.0,,估计同步待核验
XY_Y-10-1-01,Y,2.0,236,XY/袁-20250529/Y-10-1-01/Test1/33061_1_23/Img000236.jpg,2.4067996146435453,-9.0,-8.0,-1416.0,-1417.0,,估计同步待核验
XY_Y-10-1-01,Y,2.0,237,XY/袁-20250529/Y-10-1-01/Test1/33061_1_23/Img000237.jpg,2.4165953757225433,-8.0,-8.0,-1416.0,-1416.0,,估计同步待核验
XY_Y-10-1-01,Y,2.0,238,XY/袁-20250529/Y-10-1-01/Test1/33061_1_23/Img000238.jpg,2.4263911368015414,-8.0,-8.0,-1415.6088631984587,-1416.0,,估计同步待核验
XY_Y-10-1-01,Y,2.0,239,XY/袁-20250529/Y-10-1-01/Test1/33061_1_23/Img000239.jpg,2.4361868978805394,-8.0,-8.0,-1415.0,-1416.0,,估计同步待核验
XY_Y-10-1-01,Y,2.0,240,XY/袁-20250529/Y-10-1-01/Test1/33061_1_23/Img000240.jpg,2.4459826589595375,-8.0,-8.0,-1415.0,-1416.0,,估计同步待核验
XY_Y-10-1-01,Y,2.0,241,XY/袁-20250529/Y-10-1-01/Test1/33061_1_23/Img000241.jpg,2.455778420038536,-7.0,-8.0,-1415.0,-1416.0,,估计同步待核验
XY_Y-10-1-01,Y,2.0,242,XY/袁-20250529/Y-10-1-01/Test1/33061_1_23/Img000242.jpg,2.465574181117534,-9.0,-7.0,-1415.0,-1416.0,,估计同步待核验
XY_Y-10-1-01,Y,2.0,243,XY/袁-20250529/Y-10-1-01/Test1/33061_1_23/Img000243.jpg,2.475369942196532,-7.0,-8.0,-1414.0,-1415.0,,估计同步待核验
XY_Y-10-1-01,Y,2.0,244,XY/袁-20250529/Y-10-1-01/Test1/33061_1_23/Img000244.jpg,2.48516570327553,-9.0,-7.0,-1414.0,-1415.0,,估计同步待核验
XY_Y-10-1-01,Y,2.0,245,XY/袁-20250529/Y-10-1-01/Test1/33061_1_23/Img000245.jpg,2.494961464354528,-7.0,-8.0,-1414.0,-1415.0,,估计同步待核验
XY_Y-10-1-01,Y,2.0,246,XY/袁-20250529/Y-10-1-01/Test1/33061_1_23/Img000246.jpg,2.5047572254335257,-9.0,-7.0,-1414.0,-1415.0,,估计同步待核验
XY_Y-10-1-01,Y,2.0,247,XY/袁-20250529/Y-10-1-01/Test1/33061_1_23/Img000247.jpg,2.514552986512524,-8.447013487476184,-7.552986512523816,-1414.0,-1415.0,,估计同步待核验
XY_Y-10-1-01,Y,2.0,248,XY/袁-20250529/Y-10-1-01/Test1/33061_1_23/Img000248.jpg,2.524348747591522,-8.0,-8.0,-1414.0,-1415.0,,估计同步待核验
XY_Y-10-1-01,Y,2.0,249,XY/袁-20250529/Y-10-1-01/Test1/33061_1_23/Img000249.jpg,2.5341445086705203,-9.0,-8.0,-1414.0,-1415.0,,估计同步待核验
XY_Y-10-1-01,Y,2.0,250,XY/袁-20250529/Y-10-1-01/Test1/33061_1_23/Img000250.jpg,2.5439402697495184,-8.0,-8.0,-1414.0,-1415.0,,估计同步待核验
XY_Y-10-1-01,Y,2.0,251,XY/袁-20250529/Y-10-1-01/Test1/33061_1_23/Img000251.jpg,2.5537360308285164,-8.0,-8.0,-1414.0,-1415.0,,估计同步待核验
XY_Y-10-1-01,Y,2.0,252,XY/袁-20250529/Y-10-1-01/Test1/33061_1_23/Img000252.jpg,2.5635317919075145,-9.0,-8.0,-1414.0,-1415.0,,估计同步待核验
XY_Y-10-1-01,Y,2.0,253,XY/袁-20250529/Y-10-1-01/Test1/33061_1_23/Img000253.jpg,2.5733275529865125,-7.0,-8.0,-1413.0,-1415.0,,估计同步待核验
XY_Y-10-1-01,Y,2.0,254,XY/袁-20250529/Y-10-1-01/Test1/33061_1_23/Img000254.jpg,2.5831233140655105,-9.0,-8.0,-1414.0,-1415.0,,估计同步待核验
XY_Y-10-1-01,Y,2.0,255,XY/袁-20250529/Y-10-1-01/Test1/33061_1_23/Img000255.jpg,2.5929190751445086,-7.0,-8.0,-1413.0,-1414.0,,估计同步待核验
XY_Y-10-1-01,Y,2.0,256,XY/袁-20250529/Y-10-1-01/Test1/33061_1_23/Img000256.jpg,2.6027148362235066,-8.429672447013052,-8.0,-1413.0,-1414.7148362235066,,估计同步待核验
XY_Y-10-1-01,Y,2.0,257,XY/袁-20250529/Y-10-1-01/Test1/33061_1_23/Img000257.jpg,2.612510597302505,-9.0,-8.0,-1413.0,-1415.0,,估计同步待核验
XY_Y-10-1-01,Y,2.0,258,XY/袁-20250529/Y-10-1-01/Test1/33061_1_23/Img000258.jpg,2.622306358381503,-7.0,-8.0,-1413.0,-1414.0,,估计同步待核验
XY_Y-10-1-01,Y,2.0,259,XY/袁-20250529/Y-10-1-01/Test1/33061_1_23/Img000259.jpg,2.632102119460501,-9.0,-8.0,-1413.0,-1414.0,,估计同步待核验
XY_Y-10-1-01,Y,2.0,260,XY/袁-20250529/Y-10-1-01/Test1/33061_1_23/Img000260.jpg,2.6418978805394993,-8.0,-8.0,-1412.0,-1414.0,,估计同步待核验
XY_Y-10-1-01,Y,2.0,261,XY/袁-20250529/Y-10-1-01/Test1/33061_1_23/Img000261.jpg,2.6516936416184973,-8.0,-8.0,-1412.0,-1414.0,,估计同步待核验
XY_Y-10-1-01,Y,2.0,262,XY/袁-20250529/Y-10-1-01/Test1/33061_1_23/Img000262.jpg,2.6614894026974953,-8.0,-8.0,-1412.0,-1414.0,,估计同步待核验
XY_Y-10-1-01,Y,2.0,263,XY/袁-20250529/Y-10-1-01/Test1/33061_1_23/Img000263.jpg,2.671285163776493,-7.0,-8.0,-1412.0,-1414.0,,估计同步待核验
XY_Y-10-1-01,Y,2.0,264,XY/袁-20250529/Y-10-1-01/Test1/33061_1_23/Img000264.jpg,2.681080924855491,-9.0,-7.0,-1412.0,-1414.0,,估计同步待核验
XY_Y-10-1-01,Y,2.0,265,XY/袁-20250529/Y-10-1-01/Test1/33061_1_23/Img000265.jpg,2.6908766859344895,-7.246628131020747,-7.876685934489626,-1412.0,-1414.0,,估计同步待核验
XY_Y-10-1-01,Y,2.0,266,XY/袁-20250529/Y-10-1-01/Test1/33061_1_23/Img000266.jpg,2.7006724470134875,-7.0,-8.0,-1412.0,-1414.0,,估计同步待核验
XY_Y-10-1-01,Y,2.0,267,XY/袁-20250529/Y-10-1-01/Test1/33061_1_23/Img000267.jpg,2.7104682080924856,-10.0,-8.0,-1412.0,-1414.0,,估计同步待核验
XY_Y-10-1-01,Y,2.0,268,XY/袁-20250529/Y-10-1-01/Test1/33061_1_23/Img000268.jpg,2.7202639691714836,-7.0,-8.0,-1412.0,-1413.0,,估计同步待核验
XY_Y-10-1-01,Y,2.0,269,XY/袁-20250529/Y-10-1-01/Test1/33061_1_23/Img000269.jpg,2.7300597302504817,-9.0,-8.0,-1412.0,-1413.0,,估计同步待核验
XY_Y-10-1-01,Y,2.0,270,XY/袁-20250529/Y-10-1-01/Test1/33061_1_23/Img000270.jpg,2.7398554913294797,-7.0,-8.0,-1412.0,-1413.0,,估计同步待核验
XY_Y-10-1-01,Y,2.0,271,XY/袁-20250529/Y-10-1-01/Test1/33061_1_23/Img000271.jpg,2.7496512524084777,-8.0,-8.0,-1412.0,-1413.0,,估计同步待核验
XY_Y-10-1-01,Y,2.0,272,XY/袁-20250529/Y-10-1-01/Test1/33061_1_23/Img000272.jpg,2.759447013487476,-9.0,-8.0,-1411.0,-1413.0,,估计同步待核验
XY_Y-10-1-01,Y,2.0,273,XY/袁-20250529/Y-10-1-01/Test1/33061_1_23/Img000273.jpg,2.769242774566474,-8.0,-8.0,-1411.0,-1413.0,,估计同步待核验
XY_Y-10-1-01,Y,2.0,274,XY/袁-20250529/Y-10-1-01/Test1/33061_1_23/Img000274.jpg,2.7790385356454723,-9.0,-8.0,-1411.0,-1413.0,,估计同步待核验
XY_Y-10-1-01,Y,2.0,275,XY/袁-20250529/Y-10-1-01/Test1/33061_1_23/Img000275.jpg,2.7888342967244704,-9.0,-8.0,-1411.0,-1413.0,,估计同步待核验
XY_Y-10-1-01,Y,2.0,276,XY/袁-20250529/Y-10-1-01/Test1/33061_1_23/Img000276.jpg,2.7986300578034684,-7.0,-8.0,-1410.0,-1413.0,,估计同步待核验
XY_Y-10-1-01,Y,2.0,277,XY/袁-20250529/Y-10-1-01/Test1/33061_1_23/Img000277.jpg,2.8084258188824665,-9.0,-8.0,-1411.0,-1413.0,,估计同步待核验
XY_Y-10-1-01,Y,2.0,278,XY/袁-20250529/Y-10-1-01/Test1/33061_1_23/Img000278.jpg,2.8182215799614645,-7.0,-8.0,-1410.0,-1412.0,,估计同步待核验
XY_Y-10-1-01,Y,2.0,279,XY/袁-20250529/Y-10-1-01/Test1/33061_1_23/Img000279.jpg,2.8280173410404625,-9.0,-8.0,-1410.0,-1412.0,,估计同步待核验
XY_Y-10-1-01,Y,2.0,280,XY/袁-20250529/Y-10-1-01/Test1/33061_1_23/Img000280.jpg,2.83781310211946,-7.0,-8.0,-1410.0,-1412.0,,估计同步待核验
XY_Y-10-1-01,Y,2.0,281,XY/袁-20250529/Y-10-1-01/Test1/33061_1_23/Img000281.jpg,2.847608863198458,-9.0,-8.0,-1410.0,-1412.0,,估计同步待核验
XY_Y-10-1-01,Y,2.0,282,XY/袁-20250529/Y-10-1-01/Test1/33061_1_23/Img000282.jpg,2.8574046242774567,-8.0,-8.0,-1410.0,-1411.0,,估计同步待核验
XY_Y-10-1-01,Y,2.0,283,XY/袁-20250529/Y-10-1-01/Test1/33061_1_23/Img000283.jpg,2.8672003853564547,-8.0,-8.0,-1410.0,-1411.0,,估计同步待核验
XY_Y-10-1-01,Y,2.0,284,XY/袁-20250529/Y-10-1-01/Test1/33061_1_23/Img000284.jpg,2.8769961464354528,-8.0,-8.0,-1410.0,-1411.0,,估计同步待核验
XY_Y-10-1-01,Y,2.0,285,XY/袁-20250529/Y-10-1-01/Test1/33061_1_23/Img000285.jpg,2.886791907514451,-9.0,-8.0,-1410.0,-1411.0,,估计同步待核验
XY_Y-10-1-01,Y,2.0,286,XY/袁-20250529/Y-10-1-01/Test1/33061_1_23/Img000286.jpg,2.896587668593449,-7.0,-8.0,-1409.0,-1411.0,,估计同步待核验
XY_Y-10-1-01,Y,2.0,287,XY/袁-20250529/Y-10-1-01/Test1/33061_1_23/Img000287.jpg,2.906383429672447,-9.0,-8.0,-1409.0,-1410.0,,估计同步待核验
XY_Y-10-1-01,Y,2.0,288,XY/袁-20250529/Y-10-1-01/Test1/33061_1_23/Img000288.jpg,2.916179190751445,-7.0,-8.0,-1408.0,-1410.0,,估计同步待核验
XY_Y-10-1-01,Y,2.0,289,XY/袁-20250529/Y-10-1-01/Test1/33061_1_23/Img000289.jpg,2.925974951830443,-9.0,-8.0,-1408.0,-1410.0,,估计同步待核验
XY_Y-10-1-01,Y,2.0,290,XY/袁-20250529/Y-10-1-01/Test1/33061_1_23/Img000290.jpg,2.9357707129094415,-7.0,-8.0,-1408.0,-1410.0,,估计同步待核验
XY_Y-10-1-01,Y,2.0,291,XY/袁-20250529/Y-10-1-01/Test1/33061_1_23/Img000291.jpg,2.9455664739884395,-9.0,-7.0,-1408.0,-1410.0,,估计同步待核验
XY_Y-10-1-01,Y,2.0,292,XY/袁-20250529/Y-10-1-01/Test1/33061_1_23/Img000292.jpg,2.9553622350674376,-7.0,-8.0,-1408.0,-1410.0,,估计同步待核验
XY_Y-10-1-01,Y,2.0,293,XY/袁-20250529/Y-10-1-01/Test1/33061_1_23/Img000293.jpg,2.9651579961464356,-7.157996146435694,-8.0,-1408.0,-1409.8420038535644,,估计同步待核验
XY_Y-10-1-01,Y,2.0,294,XY/袁-20250529/Y-10-1-01/Test1/33061_1_23/Img000294.jpg,2.9749537572254336,-8.0,-8.0,-1408.0,-1409.0,,估计同步待核验
XY_Y-10-1-01,Y,2.0,295,XY/袁-20250529/Y-10-1-01/Test1/33061_1_23/Img000295.jpg,2.9847495183044317,-8.0,-8.0,-1408.0,-1409.0,,估计同步待核验
XY_Y-10-1-01,Y,2.0,296,XY/袁-20250529/Y-10-1-01/Test1/33061_1_23/Img000296.jpg,2.9945452793834297,-8.0,-8.0,-1408.0,-1409.0,,估计同步待核验
XY_Y-10-1-01,Y,2.0,297,XY/袁-20250529/Y-10-1-01/Test1/33061_1_23/Img000297.jpg,3.0043410404624273,-9.0,-8.0,-1408.0,-1409.0,,估计同步待核验
XY_Y-10-1-01,Y,2.0,298,XY/袁-20250529/Y-10-1-01/Test1/33061_1_23/Img000298.jpg,3.014136801541426,-7.0,-8.0,-1407.0,-1408.0,,估计同步待核验
XY_Y-10-1-01,Y,2.0,299,XY/袁-20250529/Y-10-1-01/Test1/33061_1_23/Img000299.jpg,3.023932562620424,-9.0,-7.0,-1408.0,-1408.0,,估计同步待核验
XY_Y-10-1-01,Y,2.0,300,XY/袁-20250529/Y-10-1-01/Test1/33061_1_23/Img000300.jpg,3.033728323699422,-7.0,-8.0,-1408.0,-1408.0,,估计同步待核验
XY_Y-10-1-01,Y,2.0,301,XY/袁-20250529/Y-10-1-01/Test1/33061_1_23/Img000301.jpg,3.04352408477842,-9.0,-8.0,-1408.0,-1408.0,,估计同步待核验
XY_Y-10-1-01,Y,2.0,302,XY/袁-20250529/Y-10-1-01/Test1/33061_1_23/Img000302.jpg,3.053319845857418,-8.360308285163796,-8.0,-1407.6801541425818,-1408.0,,估计同步待核验
XY_Y-10-1-01,Y,2.0,303,XY/袁-20250529/Y-10-1-01/Test1/33061_1_23/Img000303.jpg,3.063115606936416,-7.0,-8.0,-1407.0,-1408.0,,估计同步待核验
XY_Y-10-1-01,Y,2.0,304,XY/袁-20250529/Y-10-1-01/Test1/33061_1_23/Img000304.jpg,3.072911368015414,-9.0,-8.0,-1407.0,-1408.0,,估计同步待核验
XY_Y-10-1-01,Y,2.0,305,XY/袁-20250529/Y-10-1-01/Test1/33061_1_23/Img000305.jpg,3.082707129094412,-8.0,-8.0,-1407.0,-1408.0,,估计同步待核验
XY_Y-10-1-01,Y,2.0,306,XY/袁-20250529/Y-10-1-01/Test1/33061_1_23/Img000306.jpg,3.0925028901734106,-8.0,-8.0,-1406.0,-1408.0,,估计同步待核验
XY_Y-10-1-01,Y,2.0,307,XY/袁-20250529/Y-10-1-01/Test1/33061_1_23/Img000307.jpg,3.1022986512524087,-9.0,-7.0,-1407.0,-1408.0,,估计同步待核验
XY_Y-10-1-01,Y,2.0,308,XY/袁-20250529/Y-10-1-01/Test1/33061_1_23/Img000308.jpg,3.1120944123314067,-7.0,-8.0,-1406.0,-1408.0,,估计同步待核验
XY_Y-10-1-01,Y,2.0,309,XY/袁-20250529/Y-10-1-01/Test1/33061_1_23/Img000309.jpg,3.1218901734104048,-9.0,-7.0,-1407.0,-1408.0,,估计同步待核验
XY_Y-10-1-01,Y,2.0,310,XY/袁-20250529/Y-10-1-01/Test1/33061_1_23/Img000310.jpg,3.131685934489403,-7.0,-8.0,-1406.0,-1408.0,,估计同步待核验
XY_Y-10-1-01,Y,2.0,311,XY/袁-20250529/Y-10-1-01/Test1/33061_1_23/Img000311.jpg,3.141481695568401,-7.963391136801768,-8.0,-1406.481695568401,-1408.0,,估计同步待核验
XY_Y-10-1-01,Y,2.0,312,XY/袁-20250529/Y-10-1-01/Test1/33061_1_23/Img000312.jpg,3.151277456647399,-9.0,-8.0,-1407.0,-1408.0,,估计同步待核验
XY_Y-10-1-01,Y,2.0,313,XY/袁-20250529/Y-10-1-01/Test1/33061_1_23/Img000313.jpg,3.161073217726397,-7.0,-8.0,-1406.0,-1408.0,,估计同步待核验
XY_Y-10-1-01,Y,2.0,314,XY/袁-20250529/Y-10-1-01/Test1/33061_1_23/Img000314.jpg,3.170868978805395,-9.0,-8.0,-1407.0,-1408.0,,估计同步待核验
XY_Y-10-1-01,Y,2.0,315,XY/袁-20250529/Y-10-1-01/Test1/33061_1_23/Img000315.jpg,3.180664739884393,-8.0,-8.0,-1407.0,-1408.0,,估计同步待核验
XY_Y-10-1-01,Y,2.0,316,XY/袁-20250529/Y-10-1-01/Test1/33061_1_23/Img000316.jpg,3.190460500963391,-8.0,-8.0,-1406.0,-1408.0,,估计同步待核验
XY_Y-10-1-01,Y,2.0,317,XY/袁-20250529/Y-10-1-01/Test1/33061_1_23/Img000317.jpg,3.200256262042389,-8.0,-8.0,-1407.0,-1408.0,,估计同步待核验
XY_Y-10-1-01,Y,2.0,318,XY/袁-20250529/Y-10-1-01/Test1/33061_1_23/Img000318.jpg,3.210052023121387,-7.0,-8.0,-1406.0,-1408.0,,估计同步待核验
XY_Y-10-1-01,Y,2.0,319,XY/袁-20250529/Y-10-1-01/Test1/33061_1_23/Img000319.jpg,3.219847784200385,-9.0,-8.0,-1407.0,-1408.0,,估计同步待核验
XY_Y-10-1-01,Y,2.0,320,XY/袁-20250529/Y-10-1-01/Test1/33061_1_23/Img000320.jpg,3.2296435452793832,-7.712909441233556,-8.0,-1407.0,-1408.0,,估计同步待核验
XY_Y-10-1-01,Y,2.0,321,XY/袁-20250529/Y-10-1-01/Test1/33061_1_23/Img000321.jpg,3.2394393063583813,-7.0,-8.0,-1407.0,-1408.0,,估计同步待核验
XY_Y-10-1-01,Y,2.0,322,XY/袁-20250529/Y-10-1-01/Test1/33061_1_23/Img000322.jpg,3.2492350674373798,-9.0,-8.0,-1407.0,-1409.0,,估计同步待核验
XY_Y-10-1-01,Y,2.0,323,XY/袁-20250529/Y-10-1-01/Test1/33061_1_23/Img000323.jpg,3.259030828516378,-7.0,-8.0,-1407.0,-1409.0,,估计同步待核验
XY_Y-10-1-01,Y,2.0,324,XY/袁-20250529/Y-10-1-01/Test1/33061_1_23/Img000324.jpg,3.268826589595376,-9.0,-8.0,-1408.0,-1409.0,,估计同步待核验
XY_Y-10-1-01,Y,2.0,325,XY/袁-20250529/Y-10-1-01/Test1/33061_1_23/Img000325.jpg,3.278622350674374,-7.0,-8.0,-1408.0,-1410.0,,估计同步待核验
XY_Y-10-1-01,Y,2.0,326,XY/袁-20250529/Y-10-1-01/Test1/33061_1_23/Img000326.jpg,3.288418111753372,-9.0,-8.0,-1408.0,-1410.0,,估计同步待核验
XY_Y-10-1-01,Y,2.0,327,XY/袁-20250529/Y-10-1-01/Test1/33061_1_23/Img000327.jpg,3.29821387283237,-8.0,-8.0,-1409.0,-1410.0,,估计同步待核验
XY_Y-10-1-01,Y,2.0,328,XY/袁-20250529/Y-10-1-01/Test1/33061_1_23/Img000328.jpg,3.308009633911368,-8.0,-8.0,-1408.0,-1410.0,,估计同步待核验
XY_Y-10-1-01,Y,2.0,329,XY/袁-20250529/Y-10-1-01/Test1/33061_1_23/Img000329.jpg,3.317805394990366,-8.805394990366004,-8.0,-1408.805394990366,-1410.0,,估计同步待核验
XY_Y-10-1-01,Y,2.0,330,XY/袁-20250529/Y-10-1-01/Test1/33061_1_23/Img000330.jpg,3.327601156069364,-9.0,-8.0,-1409.0,-1410.0,,估计同步待核验
XY_Y-10-1-01,Y,2.0,331,XY/袁-20250529/Y-10-1-01/Test1/33061_1_23/Img000331.jpg,3.337396917148362,-7.0,-8.0,-1409.0,-1410.0,,估计同步待核验
XY_Y-10-1-01,Y,2.0,332,XY/袁-20250529/Y-10-1-01/Test1/33061_1_23/Img000332.jpg,3.34719267822736,-9.0,-8.0,-1409.0,-1410.0,,估计同步待核验
XY_Y-10-1-01,Y,2.0,333,XY/袁-20250529/Y-10-1-01/Test1/33061_1_23/Img000333.jpg,3.3569884393063583,-7.0,-8.0,-1409.0,-1410.0,,估计同步待核验
XY_Y-10-1-01,Y,2.0,334,XY/袁-20250529/Y-10-1-01/Test1/33061_1_23/Img000334.jpg,3.3667842003853563,-9.0,-8.0,-1409.0,-1410.0,,估计同步待核验
XY_Y-10-1-01,Y,2.0,335,XY/袁-20250529/Y-10-1-01/Test1/33061_1_23/Img000335.jpg,3.3765799614643544,-7.0,-8.0,-1409.0,-1410.0,,估计同步待核验
XY_Y-10-1-01,Y,2.0,336,XY/袁-20250529/Y-10-1-01/Test1/33061_1_23/Img000336.jpg,3.3863757225433524,-9.0,-8.0,-1410.0,-1411.0,,估计同步待核验
XY_Y-10-1-01,Y,2.0,337,XY/袁-20250529/Y-10-1-01/Test1/33061_1_23/Img000337.jpg,3.3961714836223504,-8.0,-8.0,-1410.0,-1411.0,,估计同步待核验
XY_Y-10-1-01,Y,2.0,338,XY/袁-20250529/Y-10-1-01/Test1/33061_1_23/Img000338.jpg,3.4059672447013485,-8.0,-8.0,-1410.0,-1411.0,,估计同步待核验
XY_Y-10-1-01,Y,2.0,339,XY/袁-20250529/Y-10-1-01/Test1/33061_1_23/Img000339.jpg,3.415763005780347,-8.0,-8.0,-1410.0,-1411.0,,估计同步待核验
XY_Y-10-1-01,Y,2.0,340,XY/袁-20250529/Y-10-1-01/Test1/33061_1_23/Img000340.jpg,3.425558766859345,-8.0,-8.0,-1410.0,-1411.0,,估计同步待核验
XY_Y-10-1-01,Y,2.0,341,XY/袁-20250529/Y-10-1-01/Test1/33061_1_23/Img000341.jpg,3.435354527938343,-7.0,-8.0,-1410.0,-1411.0,,估计同步待核验
XY_Y-10-1-01,Y,2.0,342,XY/袁-20250529/Y-10-1-01/Test1/33061_1_23/Img000342.jpg,3.445150289017341,-9.0,-8.0,-1410.0,-1411.0,,估计同步待核验
XY_Y-10-1-01,Y,2.0,343,XY/袁-20250529/Y-10-1-01/Test1/33061_1_23/Img000343.jpg,3.454946050096339,-7.0,-8.0,-1410.0,-1411.0,,估计同步待核验
XY_Y-10-1-01,Y,2.0,344,XY/袁-20250529/Y-10-1-01/Test1/33061_1_23/Img000344.jpg,3.464741811175337,-9.0,-8.0,-1411.0,-1411.0,,估计同步待核验
XY_Y-10-1-01,Y,2.0,345,XY/袁-20250529/Y-10-1-01/Test1/33061_1_23/Img000345.jpg,3.4745375722543352,-7.0,-8.0,-1410.0,-1412.0,,估计同步待核验
XY_Y-10-1-01,Y,2.0,346,XY/袁-20250529/Y-10-1-01/Test1/33061_1_23/Img000346.jpg,3.4843333333333333,-9.0,-8.0,-1411.0,-1412.0,,估计同步待核验
XY_Y-10-1-01,Y,2.0,347,XY/袁-20250529/Y-10-1-01/Test1/33061_1_23/Img000347.jpg,3.4941290944123313,-8.0,-8.0,-1411.0,-1412.0,,估计同步待核验
XY_Y-10-1-01,Y,2.0,348,XY/袁-20250529/Y-10-1-01/Test1/33061_1_23/Img000348.jpg,3.5039248554913294,-8.0,-8.0,-1411.0,-1412.0,,估计同步待核验
XY_Y-10-1-01,Y,2.0,349,XY/袁-20250529/Y-10-1-01/Test1/33061_1_23/Img000349.jpg,3.5137206165703274,-9.0,-8.0,-1411.0,-1412.0,,估计同步待核验
XY_Y-10-1-01,Y,2.0,350,XY/袁-20250529/Y-10-1-01/Test1/33061_1_23/Img000350.jpg,3.5235163776493255,-8.0,-8.0,-1411.0,-1412.0,,估计同步待核验
XY_Y-10-1-01,Y,2.0,351,XY/袁-20250529/Y-10-1-01/Test1/33061_1_23/Img000351.jpg,3.5333121387283235,-8.0,-8.0,-1411.0,-1412.0,,估计同步待核验
XY_Y-10-1-01,Y,2.0,352,XY/袁-20250529/Y-10-1-01/Test1/33061_1_23/Img000352.jpg,3.5431078998073215,-9.0,-8.0,-1411.0,-1412.0,,估计同步待核验
XY_Y-10-1-01,Y,2.0,353,XY/袁-20250529/Y-10-1-01/Test1/33061_1_23/Img000353.jpg,3.5529036608863196,-7.0,-9.0,-1411.0,-1412.0,,估计同步待核验
XY_Y-10-1-01,Y,2.0,354,XY/袁-20250529/Y-10-1-01/Test1/33061_1_23/Img000354.jpg,3.5626994219653176,-9.0,-8.0,-1411.0,-1412.0,,估计同步待核验
XY_Y-10-1-01,Y,2.0,355,XY/袁-20250529/Y-10-1-01/Test1/33061_1_23/Img000355.jpg,3.572495183044316,-7.0,-8.0,-1410.0,-1412.0,,估计同步待核验
XY_Y-10-1-01,Y,2.0,356,XY/袁-20250529/Y-10-1-01/Test1/33061_1_23/Img000356.jpg,3.582290944123314,-9.0,-8.0,-1410.0,-1412.0,,估计同步待核验
XY_Y-10-1-01,Y,2.0,357,XY/袁-20250529/Y-10-1-01/Test1/33061_1_23/Img000357.jpg,3.592086705202312,-8.826589595375717,-8.0,-1410.0,-1412.0,,估计同步待核验
XY_Y-10-1-01,Y,2.0,358,XY/袁-20250529/Y-10-1-01/Test1/33061_1_23/Img000358.jpg,3.6018824662813103,-7.0,-8.0,-1410.0,-1412.0,,估计同步待核验
XY_Y-10-1-01,Y,2.0,359,XY/袁-20250529/Y-10-1-01/Test1/33061_1_23/Img000359.jpg,3.6116782273603083,-9.0,-8.0,-1411.0,-1412.0,,估计同步待核验
XY_Y-10-1-01,Y,2.0,360,XY/袁-20250529/Y-10-1-01/Test1/33061_1_23/Img000360.jpg,3.6214739884393063,-8.0,-8.0,-1411.0,-1412.0,,估计同步待核验
XY_Y-10-1-01,Y,2.0,361,XY/袁-20250529/Y-10-1-01/Test1/33061_1_23/Img000361.jpg,3.6312697495183044,-8.0,-8.0,-1411.0,-1412.0,,估计同步待核验
XY_Y-10-1-01,Y,2.0,362,XY/袁-20250529/Y-10-1-01/Test1/33061_1_23/Img000362.jpg,3.6410655105973024,-8.0,-8.0,-1411.0,-1412.0,,估计同步待核验
XY_Y-10-1-01,Y,2.0,363,XY/袁-20250529/Y-10-1-01/Test1/33061_1_23/Img000363.jpg,3.650861271676301,-7.0,-8.0,-1410.0,-1412.0,,估计同步待核验
XY_Y-10-1-01,Y,2.0,364,XY/袁-20250529/Y-10-1-01/Test1/33061_1_23/Img000364.jpg,3.6606570327552985,-9.0,-8.0,-1411.0,-1412.0,,估计同步待核验
XY_Y-10-1-01,Y,2.0,365,XY/袁-20250529/Y-10-1-01/Test1/33061_1_23/Img000365.jpg,3.6704527938342966,-7.0,-9.0,-1410.0,-1412.0,,估计同步待核验
XY_Y-10-1-01,Y,2.0,366,XY/袁-20250529/Y-10-1-01/Test1/33061_1_23/Img000366.jpg,3.6802485549132946,-7.497109826588959,-8.751445086705521,-1410.2485549132946,-1412.0,,估计同步待核验
XY_Y-10-1-01,Y,2.0,367,XY/袁-20250529/Y-10-1-01/Test1/33061_1_23/Img000367.jpg,3.6900443159922927,-9.0,-8.0,-1411.0,-1412.0,,估计同步待核验
XY_Y-10-1-01,Y,2.0,368,XY/袁-20250529/Y-10-1-01/Test1/33061_1_23/Img000368.jpg,3.6998400770712907,-7.0,-8.0,-1410.0,-1412.0,,估计同步待核验
XY_Y-10-1-01,Y,2.0,369,XY/袁-20250529/Y-10-1-01/Test1/33061_1_23/Img000369.jpg,3.7096358381502887,-9.0,-8.0,-1411.0,-1412.0,,估计同步待核验
XY_Y-10-1-01,Y,2.0,370,XY/袁-20250529/Y-10-1-01/Test1/33061_1_23/Img000370.jpg,3.719431599229287,-8.0,-8.0,-1410.0,-1411.0,,估计同步待核验
XY_Y-10-1-01,Y,2.0,371,XY/袁-20250529/Y-10-1-01/Test1/33061_1_23/Img000371.jpg,3.7292273603082853,-9.0,-8.0,-1410.0,-1411.0,,估计同步待核验
XY_Y-10-1-01,Y,2.0,372,XY/袁-20250529/Y-10-1-01/Test1/33061_1_23/Img000372.jpg,3.7390231213872833,-8.0,-8.0,-1410.0,-1411.0,,估计同步待核验
XY_Y-10-1-01,Y,2.0,373,XY/袁-20250529/Y-10-1-01/Test1/33061_1_23/Img000373.jpg,3.7488188824662814,-8.0,-8.0,-1409.0,-1411.0,,估计同步待核验
XY_Y-10-1-01,Y,2.0,374,XY/袁-20250529/Y-10-1-01/Test1/33061_1_23/Img000374.jpg,3.7586146435452794,-9.0,-8.0,-1410.0,-1411.0,,估计同步待核验
XY_Y-10-1-01,Y,2.0,375,XY/袁-20250529/Y-10-1-01/Test1/33061_1_23/Img000375.jpg,3.7684104046242775,-8.179190751444953,-8.0,-1409.5895953757224,-1411.0,,估计同步待核验
XY_Y-10-1-01,Y,2.0,376,XY/袁-20250529/Y-10-1-01/Test1/33061_1_23/Img000376.jpg,3.7782061657032755,-7.0,-8.0,-1409.0,-1411.0,,估计同步待核验
XY_Y-10-1-01,Y,2.0,377,XY/袁-20250529/Y-10-1-01/Test1/33061_1_23/Img000377.jpg,3.7880019267822735,-9.0,-7.0,-1410.0,-1412.0,,估计同步待核验
XY_Y-10-1-01,Y,2.0,378,XY/袁-20250529/Y-10-1-01/Test1/33061_1_23/Img000378.jpg,3.7977976878612716,-7.0,-8.0,-1410.0,-1411.0,,估计同步待核验
XY_Y-10-1-01,Y,2.0,379,XY/袁-20250529/Y-10-1-01/Test1/33061_1_23/Img000379.jpg,3.8075934489402696,-9.0,-8.0,-1410.0,-1411.0,,估计同步待核验
XY_Y-10-1-01,Y,2.0,380,XY/袁-20250529/Y-10-1-01/Test1/33061_1_23/Img000380.jpg,3.817389210019268,-7.0,-8.0,-1409.0,-1411.0,,估计同步待核验
XY_Y-10-1-01,Y,2.0,381,XY/袁-20250529/Y-10-1-01/Test1/33061_1_23/Img000381.jpg,3.8271849710982657,-9.0,-8.0,-1409.0,-1411.0,,估计同步待核验
XY_Y-10-1-01,Y,2.0,382,XY/袁-20250529/Y-10-1-01/Test1/33061_1_23/Img000382.jpg,3.8369807321772638,-7.0,-8.0,-1409.0,-1411.0,,估计同步待核验
XY_Y-10-1-01,Y,2.0,383,XY/袁-20250529/Y-10-1-01/Test1/33061_1_23/Img000383.jpg,3.846776493256262,-8.0,-8.0,-1409.0,-1411.0,,估计同步待核验
XY_Y-10-1-01,Y,2.0,384,XY/袁-20250529/Y-10-1-01/Test1/33061_1_23/Img000384.jpg,3.85657225433526,-8.0,-8.0,-1409.5722543352597,-1411.0,,估计同步待核验
XY_Y-10-1-01,Y,2.0,385,XY/袁-20250529/Y-10-1-01/Test1/33061_1_23/Img000385.jpg,3.866368015414258,-8.0,-8.0,-1410.0,-1411.0,,估计同步待核验
XY_Y-10-1-01,Y,2.0,386,XY/袁-20250529/Y-10-1-01/Test1/33061_1_23/Img000386.jpg,3.876163776493256,-7.0,-8.0,-1409.0,-1411.0,,估计同步待核验
XY_Y-10-1-01,Y,2.0,387,XY/袁-20250529/Y-10-1-01/Test1/33061_1_23/Img000387.jpg,3.885959537572254,-9.0,-7.0,-1410.0,-1411.0,,估计同步待核验
XY_Y-10-1-01,Y,2.0,388,XY/袁-20250529/Y-10-1-01/Test1/33061_1_23/Img000388.jpg,3.8957552986512525,-7.0,-8.0,-1409.0,-1411.0,,估计同步待核验
XY_Y-10-1-01,Y,2.0,389,XY/袁-20250529/Y-10-1-01/Test1/33061_1_23/Img000389.jpg,3.9055510597302505,-9.0,-7.0,-1410.0,-1411.0,,估计同步待核验
XY_Y-10-1-01,Y,2.0,390,XY/袁-20250529/Y-10-1-01/Test1/33061_1_23/Img000390.jpg,3.9153468208092486,-7.0,-8.0,-1410.0,-1411.0,,估计同步待核验
XY_Y-10-1-01,Y,2.0,391,XY/袁-20250529/Y-10-1-01/Test1/33061_1_23/Img000391.jpg,3.925142581888246,-9.0,-7.0,-1410.0,-1411.0,,估计同步待核验
XY_Y-10-1-01,Y,2.0,392,XY/袁-20250529/Y-10-1-01/Test1/33061_1_23/Img000392.jpg,3.9349383429672447,-8.0,-8.0,-1410.0,-1411.0,,估计同步待核验
XY_Y-10-1-01,Y,2.0,393,XY/袁-20250529/Y-10-1-01/Test1/33061_1_23/Img000393.jpg,3.944734104046243,-8.73410404624327,-8.0,-1410.0,-1411.0,,估计同步待核验
XY_Y-10-1-01,Y,2.0,394,XY/袁-20250529/Y-10-1-01/Test1/33061_1_23/Img000394.jpg,3.9545298651252407,-9.0,-8.0,-1410.0,-1411.0,,估计同步待核验
XY_Y-10-1-01,Y,2.0,395,XY/袁-20250529/Y-10-1-01/Test1/33061_1_23/Img000395.jpg,3.9643256262042392,-8.0,-7.0,-1410.0,-1411.0,,估计同步待核验
XY_Y-10-1-01,Y,2.0,396,XY/袁-20250529/Y-10-1-01/Test1/33061_1_23/Img000396.jpg,3.974121387283237,-8.0,-8.0,-1410.0,-1412.0,,估计同步待核验
XY_Y-10-1-01,Y,2.0,397,XY/袁-20250529/Y-10-1-01/Test1/33061_1_23/Img000397.jpg,3.9839171483622353,-9.0,-7.0,-1411.0,-1412.0,,估计同步待核验
XY_Y-10-1-01,Y,2.0,398,XY/袁-20250529/Y-10-1-01/Test1/33061_1_23/Img000398.jpg,3.993712909441233,-7.0,-8.0,-1410.0,-1412.0,,估计同步待核验
XY_Y-10-1-01,Y,2.0,399,XY/袁-20250529/Y-10-1-01/Test1/33061_1_23/Img000399.jpg,4.0035086705202305,-9.0,-8.0,-1411.0,-1411.0,,估计同步待核验
XY_Y-10-1-01,Y,2.0,400,XY/袁-20250529/Y-10-1-01/Test1/33061_1_23/Img000400.jpg,4.013304431599229,-6.0,-8.0,-1410.0,-1411.0,,估计同步待核验
XY_Y-10-1-01,Y,2.0,401,XY/袁-20250529/Y-10-1-01/Test1/33061_1_23/Img000401.jpg,4.023100192678227,-9.0,-8.0,-1411.0,-1411.0,,估计同步待核验
XY_Y-10-1-01,Y,2.0,402,XY/袁-20250529/Y-10-1-01/Test1/33061_1_23/Img000402.jpg,4.032895953757225,-7.208092485550468,-8.0,-1411.0,-1411.8959537572248,,估计同步待核验
XY_Y-10-1-01,Y,2.0,403,XY/袁-20250529/Y-10-1-01/Test1/33061_1_23/Img000403.jpg,4.042691714836223,-7.0,-8.0,-1411.0,-1412.0,,估计同步待核验
XY_Y-10-1-01,Y,2.0,404,XY/袁-20250529/Y-10-1-01/Test1/33061_1_23/Img000404.jpg,4.052487475915221,-9.0,-8.0,-1411.0,-1412.0,,估计同步待核验
XY_Y-10-1-01,Y,2.0,405,XY/袁-20250529/Y-10-1-01/Test1/33061_1_23/Img000405.jpg,4.062283236994219,-8.0,-8.0,-1411.0,-1412.0,,估计同步待核验
XY_Y-10-1-01,Y,2.0,406,XY/袁-20250529/Y-10-1-01/Test1/33061_1_23/Img000406.jpg,4.072078998073217,-8.0,-8.0,-1411.0,-1413.0,,估计同步待核验
XY_Y-10-1-01,Y,2.0,407,XY/袁-20250529/Y-10-1-01/Test1/33061_1_23/Img000407.jpg,4.081874759152215,-8.0,-8.0,-1412.0,-1413.0,,估计同步待核验
XY_Y-10-1-01,Y,2.0,408,XY/袁-20250529/Y-10-1-01/Test1/33061_1_23/Img000408.jpg,4.091670520231213,-7.0,-8.0,-1411.0,-1413.0,,估计同步待核验
XY_Y-10-1-01,Y,2.0,409,XY/袁-20250529/Y-10-1-01/Test1/33061_1_23/Img000409.jpg,4.101466281310212,-9.0,-7.0,-1412.0,-1413.0,,估计同步待核验
XY_Y-10-1-01,Y,2.0,410,XY/袁-20250529/Y-10-1-01/Test1/33061_1_23/Img000410.jpg,4.1112620423892094,-7.0,-8.0,-1412.0,-1413.0,,估计同步待核验
XY_Y-10-1-01,Y,2.0,411,XY/袁-20250529/Y-10-1-01/Test1/33061_1_23/Img000411.jpg,4.121057803468208,-9.0,-7.0,-1412.0,-1413.0,,估计同步待核验
XY_Y-10-1-01,Y,2.0,412,XY/袁-20250529/Y-10-1-01/Test1/33061_1_23/Img000412.jpg,4.1308535645472055,-9.0,-7.0,-1412.0,-1413.0,,估计同步待核验
XY_Y-10-1-01,Y,2.0,413,XY/袁-20250529/Y-10-1-01/Test1/33061_1_23/Img000413.jpg,4.140649325626204,-7.0,-8.0,-1412.0,-1413.0,,估计同步待核验
XY_Y-10-1-01,Y,2.0,414,XY/袁-20250529/Y-10-1-01/Test1/33061_1_23/Img000414.jpg,4.150445086705202,-9.0,-8.0,-1413.0,-1414.0,,估计同步待核验
XY_Y-10-1-01,Y,2.0,415,XY/袁-20250529/Y-10-1-01/Test1/33061_1_23/Img000415.jpg,4.1602408477842,-7.0,-8.0,-1413.0,-1414.0,,估计同步待核验
XY_Y-10-1-01,Y,2.0,416,XY/袁-20250529/Y-10-1-01/Test1/33061_1_23/Img000416.jpg,4.170036608863199,-8.0,-8.0,-1413.0,-1414.0,,估计同步待核验
XY_Y-10-1-01,Y,2.0,417,XY/袁-20250529/Y-10-1-01/Test1/33061_1_23/Img000417.jpg,4.179832369942196,-8.0,-8.0,-1413.0,-1414.0,,估计同步待核验
XY_Y-10-1-01,Y,2.0,418,XY/袁-20250529/Y-10-1-01/Test1/33061_1_23/Img000418.jpg,4.189628131021195,-8.0,-8.0,-1413.0,-1415.0,,估计同步待核验
XY_Y-10-1-01,Y,2.0,419,XY/袁-20250529/Y-10-1-01/Test1/33061_1_23/Img000419.jpg,4.199423892100192,-9.0,-8.0,-1414.0,-1415.0,,估计同步待核验
XY_Y-10-1-01,Y,2.0,420,XY/袁-20250529/Y-10-1-01/Test1/33061_1_23/Img000420.jpg,4.209219653179191,-7.0,-8.0,-1414.0,-1415.0,,估计同步待核验
XY_Y-10-1-01,Y,2.0,421,XY/袁-20250529/Y-10-1-01/Test1/33061_1_23/Img000421.jpg,4.219015414258188,-7.030828516376164,-8.0,-1414.015414258188,-1415.0,,估计同步待核验
XY_Y-10-1-01,Y,2.0,422,XY/袁-20250529/Y-10-1-01/Test1/33061_1_23/Img000422.jpg,4.228811175337187,-9.0,-8.0,-1415.0,-1415.0,,估计同步待核验
XY_Y-10-1-01,Y,2.0,423,XY/袁-20250529/Y-10-1-01/Test1/33061_1_23/Img000423.jpg,4.2386069364161845,-7.0,-8.0,-1414.0,-1415.0,,估计同步待核验
XY_Y-10-1-01,Y,2.0,424,XY/袁-20250529/Y-10-1-01/Test1/33061_1_23/Img000424.jpg,4.248402697495182,-9.0,-8.0,-1415.0,-1416.0,,估计同步待核验
XY_Y-10-1-01,Y,2.0,425,XY/袁-20250529/Y-10-1-01/Test1/33061_1_23/Img000425.jpg,4.258198458574181,-7.0,-8.0,-1414.0,-1416.0,,估计同步待核验
XY_Y-10-1-01,Y,2.0,426,XY/袁-20250529/Y-10-1-01/Test1/33061_1_23/Img000426.jpg,4.267994219653178,-9.0,-8.0,-1415.0,-1416.0,,估计同步待核验
XY_Y-10-1-01,Y,2.0,427,XY/袁-20250529/Y-10-1-01/Test1/33061_1_23/Img000427.jpg,4.277789980732177,-8.0,-8.0,-1415.0,-1416.0,,估计同步待核验
XY_Y-10-1-01,Y,2.0,428,XY/袁-20250529/Y-10-1-01/Test1/33061_1_23/Img000428.jpg,4.287585741811174,-8.0,-8.0,-1415.0,-1416.0,,估计同步待核验
XY_Y-10-1-01,Y,2.0,429,XY/袁-20250529/Y-10-1-01/Test1/33061_1_23/Img000429.jpg,4.297381502890173,-9.0,-8.0,-1415.0,-1416.0,,估计同步待核验
XY_Y-10-1-01,Y,2.0,430,XY/袁-20250529/Y-10-1-01/Test1/33061_1_23/Img000430.jpg,4.30717726396917,-8.645472061659904,-8.0,-1415.0,-1416.0,,估计同步待核验
XY_Y-10-1-01,Y,2.0,431,XY/袁-20250529/Y-10-1-01/Test1/33061_1_23/Img000431.jpg,4.316973025048169,-7.0,-8.0,-1415.0,-1416.0,,估计同步待核验
XY_Y-10-1-01,Y,2.0,432,XY/袁-20250529/Y-10-1-01/Test1/33061_1_23/Img000432.jpg,4.326768786127166,-9.0,-8.0,-1416.0,-1417.0,,估计同步待核验
XY_Y-10-1-01,Y,2.0,433,XY/袁-20250529/Y-10-1-01/Test1/33061_1_23/Img000433.jpg,4.336564547206165,-7.0,-8.0,-1416.0,-1417.0,,估计同步待核验
XY_Y-10-1-01,Y,2.0,434,XY/袁-20250529/Y-10-1-01/Test1/33061_1_23/Img000434.jpg,4.346360308285163,-9.0,-8.0,-1416.0,-1417.0,,估计同步待核验
XY_Y-10-1-01,Y,2.0,435,XY/袁-20250529/Y-10-1-01/Test1/33061_1_23/Img000435.jpg,4.356156069364161,-7.0,-8.0,-1416.0,-1417.0,,估计同步待核验
XY_Y-10-1-01,Y,2.0,436,XY/袁-20250529/Y-10-1-01/Test1/33061_1_23/Img000436.jpg,4.3659518304431595,-9.0,-8.0,-1416.0,-1417.0,,估计同步待核验
XY_Y-10-1-01,Y,2.0,437,XY/袁-20250529/Y-10-1-01/Test1/33061_1_23/Img000437.jpg,4.375747591522157,-8.0,-8.0,-1416.0,-1417.0,,估计同步待核验
XY_Y-10-1-01,Y,2.0,438,XY/袁-20250529/Y-10-1-01/Test1/33061_1_23/Img000438.jpg,4.385543352601156,-8.0,-8.0,-1417.0,-1418.0,,估计同步待核验
XY_Y-10-1-01,Y,2.0,439,XY/袁-20250529/Y-10-1-01/Test1/33061_1_23/Img000439.jpg,4.395339113680153,-8.0,-8.0,-1417.0,-1418.0,,估计同步待核验
XY_Y-10-1-01,Y,2.0,440,XY/袁-20250529/Y-10-1-01/Test1/33061_1_23/Img000440.jpg,4.405134874759152,-8.0,-8.0,-1417.0,-1418.0,,估计同步待核验
XY_Y-10-1-01,Y,2.0,441,XY/袁-20250529/Y-10-1-01/Test1/33061_1_23/Img000441.jpg,4.41493063583815,-7.0,-8.0,-1417.0,-1418.0,,估计同步待核验
XY_Y-10-1-01,Y,2.0,442,XY/袁-20250529/Y-10-1-01/Test1/33061_1_23/Img000442.jpg,4.424726396917148,-9.0,-8.0,-1417.0,-1418.0,,估计同步待核验
XY_Y-10-1-01,Y,2.0,443,XY/袁-20250529/Y-10-1-01/Test1/33061_1_23/Img000443.jpg,4.434522157996146,-7.0,-8.0,-1417.0,-1418.0,,估计同步待核验
XY_Y-10-1-01,Y,2.0,444,XY/袁-20250529/Y-10-1-01/Test1/33061_1_23/Img000444.jpg,4.444317919075144,-9.0,-8.0,-1417.0,-1418.0,,估计同步待核验
XY_Y-10-1-01,Y,2.0,445,XY/袁-20250529/Y-10-1-01/Test1/33061_1_23/Img000445.jpg,4.454113680154142,-7.0,-8.0,-1417.0,-1418.0,,估计同步待核验
XY_Y-10-1-01,Y,2.0,446,XY/袁-20250529/Y-10-1-01/Test1/33061_1_23/Img000446.jpg,4.46390944123314,-9.0,-8.0,-1417.0,-1418.0,,估计同步待核验
XY_Y-10-1-01,Y,2.0,447,XY/袁-20250529/Y-10-1-01/Test1/33061_1_23/Img000447.jpg,4.473705202312138,-7.0,-8.0,-1418.0,-1419.0,,估计同步待核验
XY_Y-10-1-01,Y,2.0,448,XY/袁-20250529/Y-10-1-01/Test1/33061_1_23/Img000448.jpg,4.483500963391136,-7.5009633911361995,-8.0,-1418.0,-1419.0,,估计同步待核验
XY_Y-10-1-01,Y,2.0,449,XY/袁-20250529/Y-10-1-01/Test1/33061_1_23/Img000449.jpg,4.4932967244701345,-8.0,-8.0,-1418.0,-1419.0,,估计同步待核验
XY_Y-10-1-01,Y,2.0,450,XY/袁-20250529/Y-10-1-01/Test1/33061_1_23/Img000450.jpg,4.503092485549133,-8.0,-8.0,-1418.0,-1419.0,,估计同步待核验
XY_Y-10-1-01,Y,2.0,451,XY/袁-20250529/Y-10-1-01/Test1/33061_1_23/Img000451.jpg,4.512888246628131,-8.0,-8.0,-1418.0,-1419.0,,估计同步待核验
XY_Y-10-1-01,Y,2.0,452,XY/袁-20250529/Y-10-1-01/Test1/33061_1_23/Img000452.jpg,4.522684007707129,-9.0,-8.0,-1418.0,-1419.0,,估计同步待核验
XY_Y-10-1-01,Y,2.0,453,XY/袁-20250529/Y-10-1-01/Test1/33061_1_23/Img000453.jpg,4.532479768786127,-7.0,-8.0,-1418.0,-1419.0,,估计同步待核验
XY_Y-10-1-01,Y,2.0,454,XY/袁-20250529/Y-10-1-01/Test1/33061_1_23/Img000454.jpg,4.542275529865125,-9.0,-7.0,-1419.0,-1420.0,,估计同步待核验
XY_Y-10-1-01,Y,2.0,455,XY/袁-20250529/Y-10-1-01/Test1/33061_1_23/Img000455.jpg,4.552071290944123,-7.0,-8.0,-1418.0,-1420.0,,估计同步待核验
XY_Y-10-1-01,Y,2.0,456,XY/袁-20250529/Y-10-1-01/Test1/33061_1_23/Img000456.jpg,4.561867052023121,-9.0,-8.0,-1419.0,-1420.0,,估计同步待核验
XY_Y-10-1-01,Y,2.0,457,XY/袁-20250529/Y-10-1-01/Test1/33061_1_23/Img000457.jpg,4.571662813102119,-7.674373795762181,-8.0,-1419.0,-1420.0,,估计同步待核验
XY_Y-10-1-01,Y,2.0,458,XY/袁-20250529/Y-10-1-01/Test1/33061_1_23/Img000458.jpg,4.5814585741811165,-7.0,-8.0,-1419.0,-1420.0,,估计同步待核验
XY_Y-10-1-01,Y,2.0,459,XY/袁-20250529/Y-10-1-01/Test1/33061_1_23/Img000459.jpg,4.591254335260115,-9.0,-8.0,-1419.0,-1420.0,,估计同步待核验
XY_Y-10-1-01,Y,2.0,460,XY/袁-20250529/Y-10-1-01/Test1/33061_1_23/Img000460.jpg,4.6010500963391125,-8.0,-8.0,-1419.0,-1420.0,,估计同步待核验
XY_Y-10-1-01,Y,2.0,461,XY/袁-20250529/Y-10-1-01/Test1/33061_1_23/Img000461.jpg,4.610845857418111,-9.0,-8.0,-1419.0,-1420.0,,估计同步待核验
XY_Y-10-1-01,Y,2.0,462,XY/袁-20250529/Y-10-1-01/Test1/33061_1_23/Img000462.jpg,4.620641618497109,-8.0,-8.0,-1419.0,-1420.0,,估计同步待核验
XY_Y-10-1-01,Y,2.0,463,XY/袁-20250529/Y-10-1-01/Test1/33061_1_23/Img000463.jpg,4.630437379576107,-8.0,-8.0,-1419.0,-1421.0,,估计同步待核验
XY_Y-10-1-01,Y,2.0,464,XY/袁-20250529/Y-10-1-01/Test1/33061_1_23/Img000464.jpg,4.640233140655105,-9.0,-8.0,-1420.0,-1421.0,,估计同步待核验
XY_Y-10-1-01,Y,2.0,465,XY/袁-20250529/Y-10-1-01/Test1/33061_1_23/Img000465.jpg,4.650028901734103,-7.0,-8.0,-1420.0,-1421.0,,估计同步待核验
XY_Y-10-1-01,Y,2.0,466,XY/袁-20250529/Y-10-1-01/Test1/33061_1_23/Img000466.jpg,4.659824662813102,-9.47398843930486,-8.0,-1420.0,-1421.8246628131017,,估计同步待核验
XY_Y-10-1-01,Y,2.0,467,XY/袁-20250529/Y-10-1-01/Test1/33061_1_23/Img000467.jpg,4.669620423892099,-10.0,-8.0,-1420.0,-1422.0,,估计同步待核验
XY_Y-10-1-01,Y,2.0,468,XY/袁-20250529/Y-10-1-01/Test1/33061_1_23/Img000468.jpg,4.679416184971098,-7.0,-8.0,-1420.0,-1422.0,,估计同步待核验
XY_Y-10-1-01,Y,2.0,469,XY/袁-20250529/Y-10-1-01/Test1/33061_1_23/Img000469.jpg,4.689211946050095,-9.0,-8.0,-1421.0,-1422.0,,估计同步待核验
XY_Y-10-1-01,Y,2.0,470,XY/袁-20250529/Y-10-1-01/Test1/33061_1_23/Img000470.jpg,4.699007707129094,-7.0,-8.0,-1421.0,-1422.0,,估计同步待核验
XY_Y-10-1-01,Y,2.0,471,XY/袁-20250529/Y-10-1-01/Test1/33061_1_23/Img000471.jpg,4.7088034682080915,-9.0,-8.0,-1421.0,-1422.0,,估计同步待核验
XY_Y-10-1-01,Y,2.0,472,XY/袁-20250529/Y-10-1-01/Test1/33061_1_23/Img000472.jpg,4.71859922928709,-8.0,-8.0,-1421.0,-1423.0,,估计同步待核验
XY_Y-10-1-01,Y,2.0,473,XY/袁-20250529/Y-10-1-01/Test1/33061_1_23/Img000473.jpg,4.7283949903660885,-8.0,-8.0,-1422.0,-1423.0,,估计同步待核验
XY_Y-10-1-01,Y,2.0,474,XY/袁-20250529/Y-10-1-01/Test1/33061_1_23/Img000474.jpg,4.738190751445086,-9.0,-8.0,-1422.0,-1423.0,,估计同步待核验
XY_Y-10-1-01,Y,2.0,475,XY/袁-20250529/Y-10-1-01/Test1/33061_1_23/Img000475.jpg,4.7479865125240845,-7.02697495183134,-8.0,-1422.0,-1423.0,,估计同步待核验
XY_Y-10-1-01,Y,2.0,476,XY/袁-20250529/Y-10-1-01/Test1/33061_1_23/Img000476.jpg,4.757782273603082,-7.0,-8.0,-1422.0,-1423.0,,估计同步待核验
XY_Y-10-1-01,Y,2.0,477,XY/袁-20250529/Y-10-1-01/Test1/33061_1_23/Img000477.jpg,4.767578034682081,-9.0,-7.0,-1423.0,-1423.0,,估计同步待核验
XY_Y-10-1-01,Y,2.0,478,XY/袁-20250529/Y-10-1-01/Test1/33061_1_23/Img000478.jpg,4.777373795761078,-7.0,-8.0,-1422.0,-1423.0,,估计同步待核验
XY_Y-10-1-01,Y,2.0,479,XY/袁-20250529/Y-10-1-01/Test1/33061_1_23/Img000479.jpg,4.787169556840077,-9.0,-8.0,-1423.0,-1423.0,,估计同步待核验
XY_Y-10-1-01,Y,2.0,480,XY/袁-20250529/Y-10-1-01/Test1/33061_1_23/Img000480.jpg,4.796965317919074,-7.0,-8.0,-1423.0,-1424.0,,估计同步待核验
XY_Y-10-1-01,Y,2.0,481,XY/袁-20250529/Y-10-1-01/Test1/33061_1_23/Img000481.jpg,4.806761078998073,-9.0,-8.0,-1424.0,-1424.0,,估计同步待核验
XY_Y-10-1-01,Y,2.0,482,XY/袁-20250529/Y-10-1-01/Test1/33061_1_23/Img000482.jpg,4.816556840077071,-8.0,-8.0,-1424.0,-1424.0,,估计同步待核验
XY_Y-10-1-01,Y,2.0,483,XY/袁-20250529/Y-10-1-01/Test1/33061_1_23/Img000483.jpg,4.826352601156069,-8.0,-8.0,-1424.0,-1425.0,,估计同步待核验
XY_Y-10-1-01,Y,2.0,484,XY/袁-20250529/Y-10-1-01/Test1/33061_1_23/Img000484.jpg,4.836148362235067,-9.0,-8.0,-1425.0,-1425.0,,估计同步待核验
XY_Y-10-1-01,Y,2.0,485,XY/袁-20250529/Y-10-1-01/Test1/33061_1_23/Img000485.jpg,4.845944123314065,-9.0,-8.0,-1425.0,-1425.0,,估计同步待核验
XY_Y-10-1-01,Y,2.0,486,XY/袁-20250529/Y-10-1-01/Test1/33061_1_23/Img000486.jpg,4.8557398843930635,-7.0,-8.0,-1425.0,-1425.0,,估计同步待核验
XY_Y-10-1-01,Y,2.0,487,XY/袁-20250529/Y-10-1-01/Test1/33061_1_23/Img000487.jpg,4.865535645472061,-9.0,-7.0,-1425.0,-1426.0,,估计同步待核验
XY_Y-10-1-01,Y,2.0,488,XY/袁-20250529/Y-10-1-01/Test1/33061_1_23/Img000488.jpg,4.87533140655106,-7.0,-8.0,-1425.0,-1426.0,,估计同步待核验
XY_Y-10-1-01,Y,2.0,489,XY/袁-20250529/Y-10-1-01/Test1/33061_1_23/Img000489.jpg,4.885127167630057,-9.0,-7.0,-1426.0,-1427.0,,估计同步待核验
XY_Y-10-1-01,Y,2.0,490,XY/袁-20250529/Y-10-1-01/Test1/33061_1_23/Img000490.jpg,4.894922928709056,-7.0,-8.0,-1426.0,-1427.0,,估计同步待核验
XY_Y-10-1-01,Y,2.0,491,XY/袁-20250529/Y-10-1-01/Test1/33061_1_23/Img000491.jpg,4.904718689788053,-9.0,-7.0,-1426.0,-1428.0,,估计同步待核验
XY_Y-10-1-01,Y,2.0,492,XY/袁-20250529/Y-10-1-01/Test1/33061_1_23/Img000492.jpg,4.914514450867051,-7.0,-8.0,-1426.0,-1428.0,,估计同步待核验
XY_Y-10-1-01,Y,2.0,493,XY/袁-20250529/Y-10-1-01/Test1/33061_1_23/Img000493.jpg,4.924310211946049,-8.0,-8.0,-1426.0,-1428.0,,估计同步待核验
XY_Y-10-1-01,Y,2.0,494,XY/袁-20250529/Y-10-1-01/Test1/33061_1_23/Img000494.jpg,4.934105973025047,-8.0,-8.0,-1426.0,-1428.0,,估计同步待核验
XY_Y-10-1-01,Y,2.0,495,XY/袁-20250529/Y-10-1-01/Test1/33061_1_23/Img000495.jpg,4.943901734104045,-8.0,-8.0,-1426.0,-1428.0,,估计同步待核验
XY_Y-10-1-01,Y,2.0,496,XY/袁-20250529/Y-10-1-01/Test1/33061_1_23/Img000496.jpg,4.953697495183043,-8.0,-8.0,-1426.0,-1427.0,,估计同步待核验
XY_Y-10-1-01,Y,2.0,497,XY/袁-20250529/Y-10-1-01/Test1/33061_1_23/Img000497.jpg,4.9634932562620415,-9.0,-8.0,-1427.0,-1428.0,,估计同步待核验
XY_Y-10-1-01,Y,2.0,498,XY/袁-20250529/Y-10-1-01/Test1/33061_1_23/Img000498.jpg,4.97328901734104,-7.0,-8.0,-1427.0,-1428.0,,估计同步待核验
XY_Y-10-1-01,Y,2.0,499,XY/袁-20250529/Y-10-1-01/Test1/33061_1_23/Img000499.jpg,4.983084778420038,-9.0,-7.0,-1427.0,-1428.0,,估计同步待核验
XY_Y-10-1-01,Y,2.0,500,XY/袁-20250529/Y-10-1-01/Test1/33061_1_23/Img000500.jpg,4.992880539499036,-7.0,-8.0,-1427.0,-1429.0,,估计同步待核验
XY_Y-10-1-01,Y,2.0,501,XY/袁-20250529/Y-10-1-01/Test1/33061_1_23/Img000501.jpg,5.002676300578034,-9.0,-7.0,-1427.0,-1429.0,,估计同步待核验
XY_Y-10-1-01,Y,2.0,502,XY/袁-20250529/Y-10-1-01/Test1/33061_1_23/Img000502.jpg,5.012472061657032,-7.0,-8.0,-1427.0,-1429.0,,估计同步待核验
XY_Y-10-1-01,Y,2.0,503,XY/袁-20250529/Y-10-1-01/Test1/33061_1_23/Img000503.jpg,5.02226782273603,-7.535645472059384,-8.0,-1427.2678227360298,-1429.0,,估计同步待核验
XY_Y-10-1-01,Y,2.0,504,XY/袁-20250529/Y-10-1-01/Test1/33061_1_23/Img000504.jpg,5.032063583815028,-9.0,-8.0,-1428.0,-1429.0,,估计同步待核验
XY_Y-10-1-01,Y,2.0,505,XY/袁-20250529/Y-10-1-01/Test1/33061_1_23/Img000505.jpg,5.041859344894026,-8.0,-8.0,-1428.0,-1429.0,,估计同步待核验
XY_Y-10-1-01,Y,2.0,506,XY/袁-20250529/Y-10-1-01/Test1/33061_1_23/Img000506.jpg,5.051655105973024,-8.0,-8.0,-1428.0,-1429.0,,估计同步待核验
XY_Y-10-1-01,Y,2.0,507,XY/袁-20250529/Y-10-1-01/Test1/33061_1_23/Img000507.jpg,5.061450867052023,-8.0,-8.0,-1428.0,-1429.0,,估计同步待核验
XY_Y-10-1-01,Y,2.0,508,XY/袁-20250529/Y-10-1-01/Test1/33061_1_23/Img000508.jpg,5.0712466281310205,-8.0,-8.0,-1428.0,-1430.0,,估计同步待核验
XY_Y-10-1-01,Y,2.0,509,XY/袁-20250529/Y-10-1-01/Test1/33061_1_23/Img000509.jpg,5.081042389210019,-9.0,-8.0,-1429.0,-1430.0,,估计同步待核验
XY_Y-10-1-01,Y,2.0,510,XY/袁-20250529/Y-10-1-01/Test1/33061_1_23/Img000510.jpg,5.0908381502890165,-7.0,-8.0,-1428.0,-1430.0,,估计同步待核验
XY_Y-10-1-01,Y,2.0,511,XY/袁-20250529/Y-10-1-01/Test1/33061_1_23/Img000511.jpg,5.100633911368015,-9.0,-8.0,-1429.0,-1430.0,,估计同步待核验
XY_Y-10-1-01,Y,2.0,512,XY/袁-20250529/Y-10-1-01/Test1/33061_1_23/Img000512.jpg,5.110429672447013,-8.140655105974908,-8.0,-1429.0,-1430.0,,估计同步待核验
XY_Y-10-1-01,Y,2.0,513,XY/袁-20250529/Y-10-1-01/Test1/33061_1_23/Img000513.jpg,5.120225433526011,-7.0,-8.0,-1429.0,-1430.0,,估计同步待核验
XY_Y-10-1-01,Y,2.0,514,XY/袁-20250529/Y-10-1-01/Test1/33061_1_23/Img000514.jpg,5.13002119460501,-9.0,-7.0,-1430.0,-1430.0,,估计同步待核验
XY_Y-10-1-01,Y,2.0,515,XY/袁-20250529/Y-10-1-01/Test1/33061_1_23/Img000515.jpg,5.139816955684007,-7.0,-8.0,-1430.0,-1431.0,,估计同步待核验
XY_Y-10-1-01,Y,2.0,516,XY/袁-20250529/Y-10-1-01/Test1/33061_1_23/Img000516.jpg,5.149612716763006,-9.0,-8.0,-1430.0,-1431.0,,估计同步待核验
XY_Y-10-1-01,Y,2.0,517,XY/袁-20250529/Y-10-1-01/Test1/33061_1_23/Img000517.jpg,5.159408477842003,-8.0,-7.0,-1430.0,-1431.0,,估计同步待核验
XY_Y-10-1-01,Y,2.0,518,XY/袁-20250529/Y-10-1-01/Test1/33061_1_23/Img000518.jpg,5.169204238921002,-8.0,-8.0,-1430.0,-1431.0,,估计同步待核验
XY_Y-10-1-01,Y,2.0,519,XY/袁-20250529/Y-10-1-01/Test1/33061_1_23/Img000519.jpg,5.178999999999999,-9.0,-7.0,-1430.0,-1431.0,,估计同步待核验
XY_Y-10-1-01,Y,2.0,520,XY/袁-20250529/Y-10-1-01/Test1/33061_1_23/Img000520.jpg,5.188795761078998,-7.0,-8.0,-1430.0,-1431.0,,估计同步待核验
XY_Y-10-1-01,Y,2.0,521,XY/袁-20250529/Y-10-1-01/Test1/33061_1_23/Img000521.jpg,5.1985915221579955,-8.1830443159908,-7.4084778420046,-1430.0,-1431.0,,估计同步待核验
XY_Y-10-1-01,Y,2.0,522,XY/袁-20250529/Y-10-1-01/Test1/33061_1_23/Img000522.jpg,5.208387283236994,-9.0,-7.0,-1430.0,-1431.0,,估计同步待核验
XY_Y-10-1-01,Y,2.0,523,XY/袁-20250529/Y-10-1-01/Test1/33061_1_23/Img000523.jpg,5.2181830443159924,-7.0,-8.0,-1430.0,-1431.0,,估计同步待核验
XY_Y-10-1-01,Y,2.0,524,XY/袁-20250529/Y-10-1-01/Test1/33061_1_23/Img000524.jpg,5.22797880539499,-9.0,-8.0,-1430.0,-1431.0,,估计同步待核验
XY_Y-10-1-01,Y,2.0,525,XY/袁-20250529/Y-10-1-01/Test1/33061_1_23/Img000525.jpg,5.237774566473988,-7.0,-8.0,-1430.0,-1431.0,,估计同步待核验
XY_Y-10-1-01,Y,2.0,526,XY/袁-20250529/Y-10-1-01/Test1/33061_1_23/Img000526.jpg,5.247570327552985,-9.0,-8.0,-1431.0,-1432.0,,估计同步待核验
XY_Y-10-1-01,Y,2.0,527,XY/袁-20250529/Y-10-1-01/Test1/33061_1_23/Img000527.jpg,5.257366088631984,-8.0,-8.0,-1431.0,-1432.0,,估计同步待核验
XY_Y-10-1-01,Y,2.0,528,XY/袁-20250529/Y-10-1-01/Test1/33061_1_23/Img000528.jpg,5.267161849710981,-8.0,-8.0,-1431.0,-1432.0,,估计同步待核验
XY_Y-10-1-01,Y,2.0,529,XY/袁-20250529/Y-10-1-01/Test1/33061_1_23/Img000529.jpg,5.27695761078998,-8.0,-8.0,-1431.0,-1432.0,,估计同步待核验
XY_Y-10-1-01,Y,2.0,530,XY/袁-20250529/Y-10-1-01/Test1/33061_1_23/Img000530.jpg,5.286753371868978,-7.246628131021526,-8.0,-1431.0,-1432.7533718689785,,估计同步待核验
XY_Y-10-1-01,Y,2.0,531,XY/袁-20250529/Y-10-1-01/Test1/33061_1_23/Img000531.jpg,5.296549132947976,-7.0,-8.0,-1431.0,-1433.0,,估计同步待核验
XY_Y-10-1-01,Y,2.0,532,XY/袁-20250529/Y-10-1-01/Test1/33061_1_23/Img000532.jpg,5.306344894026974,-9.0,-8.0,-1432.0,-1433.0,,估计同步待核验
XY_Y-10-1-01,Y,2.0,533,XY/袁-20250529/Y-10-1-01/Test1/33061_1_23/Img000533.jpg,5.316140655105972,-7.0,-8.0,-1431.0,-1433.0,,估计同步待核验
XY_Y-10-1-01,Y,2.0,534,XY/袁-20250529/Y-10-1-01/Test1/33061_1_23/Img000534.jpg,5.3259364161849705,-10.0,-8.0,-1432.0,-1433.0,,估计同步待核验
XY_Y-10-1-01,Y,2.0,535,XY/袁-20250529/Y-10-1-01/Test1/33061_1_23/Img000535.jpg,5.335732177263968,-7.0,-8.0,-1432.0,-1433.0,,估计同步待核验
XY_Y-10-1-01,Y,2.0,536,XY/袁-20250529/Y-10-1-01/Test1/33061_1_23/Img000536.jpg,5.345527938342967,-9.0,-8.0,-1432.0,-1433.0,,估计同步待核验
XY_Y-10-1-01,Y,2.0,537,XY/袁-20250529/Y-10-1-01/Test1/33061_1_23/Img000537.jpg,5.355323699421964,-8.0,-8.0,-1432.0,-1434.0,,估计同步待核验
XY_Y-10-1-01,Y,2.0,538,XY/袁-20250529/Y-10-1-01/Test1/33061_1_23/Img000538.jpg,5.365119460500963,-9.0,-8.0,-1432.0,-1434.0,,估计同步待核验
XY_Y-10-1-01,Y,2.0,539,XY/袁-20250529/Y-10-1-01/Test1/33061_1_23/Img000539.jpg,5.374915221579961,-8.084778420038816,-8.0,-1432.915221579961,-1434.915221579961,,估计同步待核验
XY_Y-10-1-01,Y,2.0,540,XY/袁-20250529/Y-10-1-01/Test1/33061_1_23/Img000540.jpg,5.384710982658959,-8.0,-8.0,-1433.0,-1435.0,,估计同步待核验
XY_Y-10-1-01,Y,2.0,541,XY/袁-20250529/Y-10-1-01/Test1/33061_1_23/Img000541.jpg,5.394506743737957,-8.0,-8.0,-1433.0,-1435.0,,估计同步待核验
XY_Y-10-1-01,Y,2.0,542,XY/袁-20250529/Y-10-1-01/Test1/33061_1_23/Img000542.jpg,5.404302504816955,-9.0,-7.0,-1433.0,-1435.0,,估计同步待核验
XY_Y-10-1-01,Y,2.0,543,XY/袁-20250529/Y-10-1-01/Test1/33061_1_23/Img000543.jpg,5.414098265895953,-7.0,-8.0,-1433.0,-1435.0,,估计同步待核验
XY_Y-10-1-01,Y,2.0,544,XY/袁-20250529/Y-10-1-01/Test1/33061_1_23/Img000544.jpg,5.423894026974951,-9.0,-7.0,-1434.0,-1435.0,,估计同步待核验
XY_Y-10-1-01,Y,2.0,545,XY/袁-20250529/Y-10-1-01/Test1/33061_1_23/Img000545.jpg,5.433689788053949,-7.0,-8.0,-1433.0,-1435.0,,估计同步待核验
XY_Y-10-1-01,Y,2.0,546,XY/袁-20250529/Y-10-1-01/Test1/33061_1_23/Img000546.jpg,5.443485549132947,-9.0,-7.0,-1434.0,-1435.0,,估计同步待核验
XY_Y-10-1-01,Y,2.0,547,XY/袁-20250529/Y-10-1-01/Test1/33061_1_23/Img000547.jpg,5.4532813102119455,-7.0,-8.0,-1434.0,-1435.0,,估计同步待核验
XY_Y-10-1-01,Y,2.0,548,XY/袁-20250529/Y-10-1-01/Test1/33061_1_23/Img000548.jpg,5.463077071290944,-9.0,-8.0,-1435.0,-1436.0,,估计同步待核验
XY_Y-10-1-01,Y,2.0,549,XY/袁-20250529/Y-10-1-01/Test1/33061_1_23/Img000549.jpg,5.472872832369942,-9.0,-8.0,-1435.0,-1436.0,,估计同步待核验
XY_Y-10-1-01,Y,2.0,550,XY/袁-20250529/Y-10-1-01/Test1/33061_1_23/Img000550.jpg,5.48266859344894,-8.0,-8.0,-1435.0,-1436.0,,估计同步待核验
XY_Y-10-1-01,Y,2.0,551,XY/袁-20250529/Y-10-1-01/Test1/33061_1_23/Img000551.jpg,5.492464354527938,-8.0,-8.0,-1435.0,-1436.0,,估计同步待核验
XY_Y-10-1-01,Y,2.0,552,XY/袁-20250529/Y-10-1-01/Test1/33061_1_23/Img000552.jpg,5.502260115606936,-9.0,-8.0,-1435.0,-1436.0,,估计同步待核验
XY_Y-10-1-01,Y,2.0,553,XY/袁-20250529/Y-10-1-01/Test1/33061_1_23/Img000553.jpg,5.512055876685934,-7.0,-8.0,-1435.0,-1436.0,,估计同步待核验
XY_Y-10-1-01,Y,2.0,554,XY/袁-20250529/Y-10-1-01/Test1/33061_1_23/Img000554.jpg,5.521851637764932,-9.0,-8.0,-1436.0,-1436.0,,估计同步待核验
XY_Y-10-1-01,Y,2.0,555,XY/袁-20250529/Y-10-1-01/Test1/33061_1_23/Img000555.jpg,5.531647398843931,-7.0,-8.0,-1436.0,-1437.0,,估计同步待核验
XY_Y-10-1-01,Y,2.0,556,XY/袁-20250529/Y-10-1-01/Test1/33061_1_23/Img000556.jpg,5.541443159922928,-9.0,-7.0,-1436.0,-1437.0,,估计同步待核验
XY_Y-10-1-01,Y,2.0,557,XY/袁-20250529/Y-10-1-01/Test1/33061_1_23/Img000557.jpg,5.551238921001927,-7.0,-8.0,-1436.0,-1437.0,,估计同步待核验
XY_Y-10-1-01,Y,2.0,558,XY/袁-20250529/Y-10-1-01/Test1/33061_1_23/Img000558.jpg,5.561034682080924,-7.069364161848972,-8.0,-1436.0,-1437.0346820809245,,估计同步待核验
XY_Y-10-1-01,Y,2.0,559,XY/袁-20250529/Y-10-1-01/Test1/33061_1_23/Img000559.jpg,5.570830443159922,-9.0,-8.0,-1436.0,-1438.0,,估计同步待核验
XY_Y-10-1-01,Y,2.0,560,XY/袁-20250529/Y-10-1-01/Test1/33061_1_23/Img000560.jpg,5.58062620423892,-7.0,-8.0,-1436.0,-1438.0,,估计同步待核验
XY_Y-10-1-01,Y,2.0,561,XY/袁-20250529/Y-10-1-01/Test1/33061_1_23/Img000561.jpg,5.590421965317918,-8.0,-8.0,-1436.0,-1438.0,,估计同步待核验
XY_Y-10-1-01,Y,2.0,562,XY/袁-20250529/Y-10-1-01/Test1/33061_1_23/Img000562.jpg,5.600217726396916,-8.0,-8.0,-1437.0,-1437.0,,估计同步待核验
XY_Y-10-1-01,Y,2.0,563,XY/袁-20250529/Y-10-1-01/Test1/33061_1_23/Img000563.jpg,5.610013487475914,-8.0,-8.0,-1437.0,-1437.0,,估计同步待核验
XY_Y-10-1-01,Y,2.0,564,XY/袁-20250529/Y-10-1-01/Test1/33061_1_23/Img000564.jpg,5.619809248554913,-9.0,-8.0,-1437.0,-1437.0,,估计同步待核验
XY_Y-10-1-01,Y,2.0,565,XY/袁-20250529/Y-10-1-01/Test1/33061_1_23/Img000565.jpg,5.62960500963391,-7.0,-8.0,-1437.0,-1437.0,,估计同步待核验
XY_Y-10-1-01,Y,2.0,566,XY/袁-20250529/Y-10-1-01/Test1/33061_1_23/Img000566.jpg,5.639400770712909,-9.0,-8.0,-1437.0,-1438.0,,估计同步待核验
XY_Y-10-1-01,Y,2.0,567,XY/袁-20250529/Y-10-1-01/Test1/33061_1_23/Img000567.jpg,5.649196531791906,-8.606936416187384,-8.0,-1437.0,-1438.0,,估计同步待核验
XY_Y-10-1-01,Y,2.0,568,XY/袁-20250529/Y-10-1-01/Test1/33061_1_23/Img000568.jpg,5.658992292870905,-7.0,-8.0,-1437.0,-1438.0,,估计同步待核验
XY_Y-10-1-01,Y,2.0,569,XY/袁-20250529/Y-10-1-01/Test1/33061_1_23/Img000569.jpg,5.6687880539499025,-9.0,-8.0,-1437.0,-1439.0,,估计同步待核验
XY_Y-10-1-01,Y,2.0,570,XY/袁-20250529/Y-10-1-01/Test1/33061_1_23/Img000570.jpg,5.678583815028901,-7.0,-8.0,-1437.0,-1439.0,,估计同步待核验
XY_Y-10-1-01,Y,2.0,571,XY/袁-20250529/Y-10-1-01/Test1/33061_1_23/Img000571.jpg,5.6883795761078995,-9.0,-8.0,-1438.0,-1439.0,,估计同步待核验
XY_Y-10-1-01,Y,2.0,572,XY/袁-20250529/Y-10-1-01/Test1/33061_1_23/Img000572.jpg,5.698175337186897,-8.0,-8.0,-1438.0,-1439.0,,估计同步待核验
XY_Y-10-1-01,Y,2.0,573,XY/袁-20250529/Y-10-1-01/Test1/33061_1_23/Img000573.jpg,5.7079710982658955,-8.0,-8.0,-1438.0,-1439.0,,估计同步待核验
XY_Y-10-1-01,Y,2.0,574,XY/袁-20250529/Y-10-1-01/Test1/33061_1_23/Img000574.jpg,5.717766859344893,-9.0,-8.0,-1438.0,-1439.0,,估计同步待核验
XY_Y-10-1-01,Y,2.0,575,XY/袁-20250529/Y-10-1-01/Test1/33061_1_23/Img000575.jpg,5.727562620423892,-7.0,-8.0,-1438.0,-1439.0,,估计同步待核验
XY_Y-10-1-01,Y,2.0,576,XY/袁-20250529/Y-10-1-01/Test1/33061_1_23/Img000576.jpg,5.737358381502889,-7.716763005778036,-7.641618497110982,-1438.358381502889,-1439.358381502889,,估计同步待核验
XY_Y-10-1-01,Y,2.0,577,XY/袁-20250529/Y-10-1-01/Test1/33061_1_23/Img000577.jpg,5.747154142581888,-9.0,-7.0,-1439.0,-1440.0,,估计同步待核验
XY_Y-10-1-01,Y,2.0,578,XY/袁-20250529/Y-10-1-01/Test1/33061_1_23/Img000578.jpg,5.756949903660885,-7.0,-8.0,-1438.0,-1440.0,,估计同步待核验
XY_Y-10-1-01,Y,2.0,579,XY/袁-20250529/Y-10-1-01/Test1/33061_1_23/Img000579.jpg,5.766745664739884,-9.0,-8.0,-1439.0,-1440.0,,估计同步待核验
XY_Y-10-1-01,Y,2.0,580,XY/袁-20250529/Y-10-1-01/Test1/33061_1_23/Img000580.jpg,5.776541425818882,-7.0,-8.0,-1439.0,-1440.0,,估计同步待核验
XY_Y-10-1-01,Y,2.0,581,XY/袁-20250529/Y-10-1-01/Test1/33061_1_23/Img000581.jpg,5.78633718689788,-9.0,-8.0,-1439.0,-1441.0,,估计同步待核验
XY_Y-10-1-01,Y,2.0,582,XY/袁-20250529/Y-10-1-01/Test1/33061_1_23/Img000582.jpg,5.796132947976878,-7.0,-8.0,-1439.0,-1441.0,,估计同步待核验
XY_Y-10-1-01,Y,2.0,583,XY/袁-20250529/Y-10-1-01/Test1/33061_1_23/Img000583.jpg,5.805928709055876,-8.0,-8.0,-1439.0,-1441.0,,估计同步待核验
XY_Y-10-1-01,Y,2.0,584,XY/袁-20250529/Y-10-1-01/Test1/33061_1_23/Img000584.jpg,5.8157244701348745,-8.0,-8.0,-1439.0,-1441.0,,估计同步待核验
XY_Y-10-1-01,Y,2.0,585,XY/袁-20250529/Y-10-1-01/Test1/33061_1_23/Img000585.jpg,5.825520231213872,-7.479768786127809,-8.0,-1439.0,-1441.0,,估计同步待核验
XY_Y-10-1-01,Y,2.0,586,XY/袁-20250529/Y-10-1-01/Test1/33061_1_23/Img000586.jpg,5.835315992292871,-7.0,-8.0,-1439.0,-1441.0,,估计同步待核验
XY_Y-10-1-01,Y,2.0,587,XY/袁-20250529/Y-10-1-01/Test1/33061_1_23/Img000587.jpg,5.845111753371869,-9.0,-8.0,-1439.0,-1441.0,,估计同步待核验
XY_Y-10-1-01,Y,2.0,588,XY/袁-20250529/Y-10-1-01/Test1/33061_1_23/Img000588.jpg,5.854907514450867,-7.0,-8.0,-1439.0,-1441.0,,估计同步待核验
XY_Y-10-1-01,Y,2.0,589,XY/袁-20250529/Y-10-1-01/Test1/33061_1_23/Img000589.jpg,5.864703275529865,-9.0,-7.0,-1440.0,-1441.0,,估计同步待核验
XY_Y-10-1-01,Y,2.0,590,XY/袁-20250529/Y-10-1-01/Test1/33061_1_23/Img000590.jpg,5.874499036608863,-7.0,-8.0,-1439.0,-1441.0,,估计同步待核验
XY_Y-10-1-01,Y,2.0,591,XY/袁-20250529/Y-10-1-01/Test1/33061_1_23/Img000591.jpg,5.884294797687861,-9.0,-8.0,-1440.0,-1441.0,,估计同步待核验
XY_Y-10-1-01,Y,2.0,592,XY/袁-20250529/Y-10-1-01/Test1/33061_1_23/Img000592.jpg,5.894090558766859,-7.0,-8.0,-1440.0,-1441.0,,估计同步待核验
XY_Y-10-1-01,Y,2.0,593,XY/袁-20250529/Y-10-1-01/Test1/33061_1_23/Img000593.jpg,5.903886319845856,-9.0,-8.0,-1440.0,-1441.0,,估计同步待核验
XY_Y-10-1-01,Y,2.0,594,XY/袁-20250529/Y-10-1-01/Test1/33061_1_23/Img000594.jpg,5.913682080924854,-8.317919075145843,-8.0,-1440.0,-1441.0,,估计同步待核验
XY_Y-10-1-01,Y,2.0,595,XY/袁-20250529/Y-10-1-01/Test1/33061_1_23/Img000595.jpg,5.9234778420038525,-8.0,-8.0,-1440.0,-1441.0,,估计同步待核验
XY_Y-10-1-01,Y,2.0,596,XY/袁-20250529/Y-10-1-01/Test1/33061_1_23/Img000596.jpg,5.933273603082851,-8.0,-8.0,-1440.0,-1441.0,,估计同步待核验
XY_Y-10-1-01,Y,2.0,597,XY/袁-20250529/Y-10-1-01/Test1/33061_1_23/Img000597.jpg,5.943069364161849,-9.0,-7.0,-1440.0,-1441.0,,估计同步待核验
XY_Y-10-1-01,Y,2.0,598,XY/袁-20250529/Y-10-1-01/Test1/33061_1_23/Img000598.jpg,5.952865125240847,-7.0,-8.0,-1440.0,-1442.0,,估计同步待核验
XY_Y-10-1-01,Y,2.0,599,XY/袁-20250529/Y-10-1-01/Test1/33061_1_23/Img000599.jpg,5.962660886319845,-9.0,-7.0,-1440.0,-1442.0,,估计同步待核验
XY_Y-10-1-01,Y,2.0,600,XY/袁-20250529/Y-10-1-01/Test1/33061_1_23/Img000600.jpg,5.972456647398843,-7.0,-8.0,-1440.0,-1441.0,,估计同步待核验
XY_Y-10-1-01,Y,2.0,601,XY/袁-20250529/Y-10-1-01/Test1/33061_1_23/Img000601.jpg,5.982252408477841,-9.0,-8.0,-1440.0,-1441.0,,估计同步待核验
XY_Y-10-1-01,Y,2.0,602,XY/袁-20250529/Y-10-1-01/Test1/33061_1_23/Img000602.jpg,5.992048169556839,-7.0,-8.0,-1440.0,-1441.0,,估计同步待核验
XY_Y-10-1-01,Y,2.0,603,XY/袁-20250529/Y-10-1-01/Test1/33061_1_23/Img000603.jpg,6.001843930635837,-8.687861271674022,-8.0,-1440.843930635837,-1441.0,,估计同步待核验
XY_Y-10-1-01,Y,2.0,604,XY/袁-20250529/Y-10-1-01/Test1/33061_1_23/Img000604.jpg,6.011639691714835,-9.0,-8.0,-1441.0,-1441.0,,估计同步待核验
XY_Y-10-1-01,Y,2.0,605,XY/袁-20250529/Y-10-1-01/Test1/33061_1_23/Img000605.jpg,6.021435452793834,-7.0,-8.0,-1441.0,-1442.0,,估计同步待核验
XY_Y-10-1-01,Y,2.0,606,XY/袁-20250529/Y-10-1-01/Test1/33061_1_23/Img000606.jpg,6.0312312138728315,-8.0,-8.0,-1441.0,-1442.0,,估计同步待核验
XY_Y-10-1-01,Y,2.0,607,XY/袁-20250529/Y-10-1-01/Test1/33061_1_23/Img000607.jpg,6.04102697495183,-8.0,-8.0,-1441.0,-1443.0,,估计同步待核验
XY_Y-10-1-01,Y,2.0,608,XY/袁-20250529/Y-10-1-01/Test1/33061_1_23/Img000608.jpg,6.0508227360308275,-8.0,-8.0,-1441.0,-1443.0,,估计同步待核验
XY_Y-10-1-01,Y,2.0,609,XY/袁-20250529/Y-10-1-01/Test1/33061_1_23/Img000609.jpg,6.060618497109826,-9.0,-7.0,-1442.0,-1443.0,,估计同步待核验
XY_Y-10-1-01,Y,2.0,610,XY/袁-20250529/Y-10-1-01/Test1/33061_1_23/Img000610.jpg,6.070414258188824,-7.0,-8.0,-1441.0,-1443.0,,估计同步待核验
XY_Y-10-1-01,Y,2.0,611,XY/袁-20250529/Y-10-1-01/Test1/33061_1_23/Img000611.jpg,6.080210019267822,-9.0,-7.0,-1442.0,-1443.0,,估计同步待核验
XY_Y-10-1-01,Y,2.0,612,XY/袁-20250529/Y-10-1-01/Test1/33061_1_23/Img000612.jpg,6.090005780346821,-7.0,-8.0,-1442.0,-1443.0,,估计同步待核验
XY_Y-10-1-01,Y,2.0,613,XY/袁-20250529/Y-10-1-01/Test1/33061_1_23/Img000613.jpg,6.099801541425818,-7.0,-8.0,-1442.0,-1443.0,,估计同步待核验
XY_Y-10-1-01,Y,2.0,614,XY/袁-20250529/Y-10-1-01/Test1/33061_1_23/Img000614.jpg,6.109597302504817,-9.0,-8.0,-1442.0,-1443.0,,估计同步待核验
XY_Y-10-1-01,Y,2.0,615,XY/袁-20250529/Y-10-1-01/Test1/33061_1_23/Img000615.jpg,6.119393063583814,-7.0,-8.0,-1442.0,-1443.0,,估计同步待核验
XY_Y-10-1-01,Y,2.0,616,XY/袁-20250529/Y-10-1-01/Test1/33061_1_23/Img000616.jpg,6.129188824662813,-9.0,-8.0,-1442.0,-1443.0,,估计同步待核验
XY_Y-10-1-01,Y,2.0,617,XY/袁-20250529/Y-10-1-01/Test1/33061_1_23/Img000617.jpg,6.13898458574181,-8.0,-8.0,-1442.0,-1444.0,,估计同步待核验
XY_Y-10-1-01,Y,2.0,618,XY/袁-20250529/Y-10-1-01/Test1/33061_1_23/Img000618.jpg,6.148780346820809,-8.0,-8.0,-1442.0,-1444.0,,估计同步待核验
XY_Y-10-1-01,Y,2.0,619,XY/袁-20250529/Y-10-1-01/Test1/33061_1_23/Img000619.jpg,6.1585761078998065,-9.0,-8.0,-1443.0,-1444.0,,估计同步待核验
XY_Y-10-1-01,Y,2.0,620,XY/袁-20250529/Y-10-1-01/Test1/33061_1_23/Img000620.jpg,6.168371868978805,-7.0,-8.0,-1442.0,-1444.0,,估计同步待核验
XY_Y-10-1-01,Y,2.0,621,XY/袁-20250529/Y-10-1-01/Test1/33061_1_23/Img000621.jpg,6.1781676300578034,-9.0,-8.0,-1443.0,-1444.0,,估计同步待核验
XY_Y-10-1-01,Y,2.0,622,XY/袁-20250529/Y-10-1-01/Test1/33061_1_23/Img000622.jpg,6.187963391136801,-9.0,-8.0,-1443.0,-1444.0,,估计同步待核验
XY_Y-10-1-01,Y,2.0,623,XY/袁-20250529/Y-10-1-01/Test1/33061_1_23/Img000623.jpg,6.1977591522157995,-7.0,-8.0,-1443.0,-1444.0,,估计同步待核验
XY_Y-10-1-01,Y,2.0,624,XY/袁-20250529/Y-10-1-01/Test1/33061_1_23/Img000624.jpg,6.207554913294797,-9.0,-8.0,-1443.0,-1444.0,,估计同步待核验
XY_Y-10-1-01,Y,2.0,625,XY/袁-20250529/Y-10-1-01/Test1/33061_1_23/Img000625.jpg,6.217350674373796,-7.0,-8.0,-1443.0,-1445.0,,估计同步待核验
XY_Y-10-1-01,Y,2.0,626,XY/袁-20250529/Y-10-1-01/Test1/33061_1_23/Img000626.jpg,6.227146435452793,-9.0,-8.0,-1443.0,-1445.0,,估计同步待核验
XY_Y-10-1-01,Y,2.0,627,XY/袁-20250529/Y-10-1-01/Test1/33061_1_23/Img000627.jpg,6.236942196531791,-8.0,-8.0,-1443.0,-1445.0,,估计同步待核验
XY_Y-10-1-01,Y,2.0,628,XY/袁-20250529/Y-10-1-01/Test1/33061_1_23/Img000628.jpg,6.246737957610789,-8.0,-8.0,-1443.0,-1445.0,,估计同步待核验
XY_Y-10-1-01,Y,2.0,629,XY/袁-20250529/Y-10-1-01/Test1/33061_1_23/Img000629.jpg,6.256533718689787,-9.0,-7.0,-1444.0,-1445.0,,估计同步待核验
XY_Y-10-1-01,Y,2.0,630,XY/袁-20250529/Y-10-1-01/Test1/33061_1_23/Img000630.jpg,6.266329479768785,-8.0,-8.0,-1444.0,-1445.0,,估计同步待核验
XY_Y-10-1-01,Y,2.0,631,XY/袁-20250529/Y-10-1-01/Test1/33061_1_23/Img000631.jpg,6.276125240847783,-8.12524084778316,-7.874759152216838,-1444.0,-1445.0,,估计同步待核验
XY_Y-10-1-01,Y,2.0,632,XY/袁-20250529/Y-10-1-01/Test1/33061_1_23/Img000632.jpg,6.2859210019267815,-9.0,-7.0,-1444.0,-1445.0,,估计同步待核验
XY_Y-10-1-01,Y,2.0,633,XY/袁-20250529/Y-10-1-01/Test1/33061_1_23/Img000633.jpg,6.295716763005779,-7.0,-8.0,-1444.0,-1445.0,,估计同步待核验
XY_Y-10-1-01,Y,2.0,634,XY/袁-20250529/Y-10-1-01/Test1/33061_1_23/Img000634.jpg,6.305512524084778,-9.0,-8.0,-1445.0,-1445.0,,估计同步待核验
XY_Y-10-1-01,Y,2.0,635,XY/袁-20250529/Y-10-1-01/Test1/33061_1_23/Img000635.jpg,6.315308285163775,-7.0,-8.0,-1445.0,-1446.0,,估计同步待核验
XY_Y-10-1-01,Y,2.0,636,XY/袁-20250529/Y-10-1-01/Test1/33061_1_23/Img000636.jpg,6.325104046242774,-9.0,-8.0,-1445.0,-1446.0,,估计同步待核验
XY_Y-10-1-01,Y,2.0,637,XY/袁-20250529/Y-10-1-01/Test1/33061_1_23/Img000637.jpg,6.334899807321772,-7.0,-8.0,-1445.0,-1446.0,,估计同步待核验
XY_Y-10-1-01,Y,2.0,638,XY/袁-20250529/Y-10-1-01/Test1/33061_1_23/Img000638.jpg,6.34469556840077,-8.0,-8.0,-1445.0,-1446.0,,估计同步待核验
XY_Y-10-1-01,Y,2.0,639,XY/袁-20250529/Y-10-1-01/Test1/33061_1_23/Img000639.jpg,6.354491329479768,-8.0,-8.0,-1445.0,-1447.0,,估计同步待核验
XY_Y-10-1-01,Y,2.0,640,XY/袁-20250529/Y-10-1-01/Test1/33061_1_23/Img000640.jpg,6.364287090558766,-8.0,-8.0,-1445.0,-1447.0,,估计同步待核验
XY_Y-10-1-01,Y,2.0,641,XY/袁-20250529/Y-10-1-01/Test1/33061_1_23/Img000641.jpg,6.374082851637764,-8.0,-8.0,-1445.0,-1447.0,,估计同步待核验
XY_Y-10-1-01,Y,2.0,642,XY/袁-20250529/Y-10-1-01/Test1/33061_1_23/Img000642.jpg,6.383878612716762,-9.0,-8.0,-1445.0,-1447.0,,估计同步待核验
XY_Y-10-1-01,Y,2.0,643,XY/袁-20250529/Y-10-1-01/Test1/33061_1_23/Img000643.jpg,6.39367437379576,-7.0,-8.0,-1445.0,-1447.0,,估计同步待核验
XY_Y-10-1-01,Y,2.0,644,XY/袁-20250529/Y-10-1-01/Test1/33061_1_23/Img000644.jpg,6.403470134874759,-9.0,-8.0,-1446.0,-1447.0,,估计同步待核验
XY_Y-10-1-01,Y,2.0,645,XY/袁-20250529/Y-10-1-01/Test1/33061_1_23/Img000645.jpg,6.4132658959537565,-7.0,-8.0,-1446.0,-1447.0,,估计同步待核验
XY_Y-10-1-01,Y,2.0,646,XY/袁-20250529/Y-10-1-01/Test1/33061_1_23/Img000646.jpg,6.423061657032755,-9.0,-8.0,-1447.0,-1447.0,,估计同步待核验
XY_Y-10-1-01,Y,2.0,647,XY/袁-20250529/Y-10-1-01/Test1/33061_1_23/Img000647.jpg,6.432857418111753,-7.0,-8.0,-1446.0,-1447.0,,估计同步待核验
XY_Y-10-1-01,Y,2.0,648,XY/袁-20250529/Y-10-1-01/Test1/33061_1_23/Img000648.jpg,6.442653179190751,-9.0,-8.0,-1447.0,-1448.0,,估计同步待核验
XY_Y-10-1-01,Y,2.0,649,XY/袁-20250529/Y-10-1-01/Test1/33061_1_23/Img000649.jpg,6.452448940269749,-8.551059730251417,-8.0,-1447.0,-1448.0,,估计同步待核验
XY_Y-10-1-01,Y,2.0,650,XY/袁-20250529/Y-10-1-01/Test1/33061_1_23/Img000650.jpg,6.462244701348747,-8.0,-8.0,-1447.0,-1448.0,,估计同步待核验
XY_Y-10-1-01,Y,2.0,651,XY/袁-20250529/Y-10-1-01/Test1/33061_1_23/Img000651.jpg,6.472040462427745,-8.0,-8.0,-1447.0,-1448.0,,估计同步待核验
XY_Y-10-1-01,Y,2.0,652,XY/袁-20250529/Y-10-1-01/Test1/33061_1_23/Img000652.jpg,6.481836223506743,-9.0,-8.0,-1447.0,-1448.0,,估计同步待核验
XY_Y-10-1-01,Y,2.0,653,XY/袁-20250529/Y-10-1-01/Test1/33061_1_23/Img000653.jpg,6.491631984585742,-7.0,-8.0,-1447.0,-1448.0,,估计同步待核验
XY_Y-10-1-01,Y,2.0,654,XY/袁-20250529/Y-10-1-01/Test1/33061_1_23/Img000654.jpg,6.501427745664739,-9.0,-8.0,-1447.0,-1448.0,,估计同步待核验
XY_Y-10-1-01,Y,2.0,655,XY/袁-20250529/Y-10-1-01/Test1/33061_1_23/Img000655.jpg,6.511223506743738,-7.0,-8.0,-1447.0,-1448.0,,估计同步待核验
XY_Y-10-1-01,Y,2.0,656,XY/袁-20250529/Y-10-1-01/Test1/33061_1_23/Img000656.jpg,6.521019267822735,-9.0,-8.0,-1447.0,-1448.0,,估计同步待核验
XY_Y-10-1-01,Y,2.0,657,XY/袁-20250529/Y-10-1-01/Test1/33061_1_23/Img000657.jpg,6.530815028901734,-7.0,-8.0,-1447.0,-1448.0,,估计同步待核验
XY_Y-10-1-01,Y,2.0,658,XY/袁-20250529/Y-10-1-01/Test1/33061_1_23/Img000658.jpg,6.5406107899807315,-8.221579961462584,-8.0,-1447.0,-1448.0,,估计同步待核验
XY_Y-10-1-01,Y,2.0,659,XY/袁-20250529/Y-10-1-01/Test1/33061_1_23/Img000659.jpg,6.55040655105973,-9.0,-8.0,-1447.0,-1448.0,,估计同步待核验
XY_Y-10-1-01,Y,2.0,660,XY/袁-20250529/Y-10-1-01/Test1/33061_1_23/Img000660.jpg,6.560202312138728,-7.0,-8.0,-1447.0,-1448.0,,估计同步待核验
XY_Y-10-1-01,Y,2.0,661,XY/袁-20250529/Y-10-1-01/Test1/33061_1_23/Img000661.jpg,6.569998073217725,-8.0,-8.0,-1447.0,-1448.0,,估计同步待核验
XY_Y-10-1-01,Y,2.0,662,XY/袁-20250529/Y-10-1-01/Test1/33061_1_23/Img000662.jpg,6.579793834296724,-8.0,-8.0,-1447.0,-1448.0,,估计同步待核验
XY_Y-10-1-01,Y,2.0,663,XY/袁-20250529/Y-10-1-01/Test1/33061_1_23/Img000663.jpg,6.589589595375721,-8.0,-8.0,-1447.0,-1449.0,,估计同步待核验
XY_Y-10-1-01,Y,2.0,664,XY/袁-20250529/Y-10-1-01/Test1/33061_1_23/Img000664.jpg,6.59938535645472,-9.0,-8.0,-1448.0,-1449.0,,估计同步待核验
XY_Y-10-1-01,Y,2.0,665,XY/袁-20250529/Y-10-1-01/Test1/33061_1_23/Img000665.jpg,6.609181117533717,-7.0,-8.0,-1448.0,-1449.0,,估计同步待核验
XY_Y-10-1-01,Y,2.0,666,XY/袁-20250529/Y-10-1-01/Test1/33061_1_23/Img000666.jpg,6.618976878612716,-9.0,-8.0,-1448.0,-1449.0,,估计同步待核验
XY_Y-10-1-01,Y,2.0,667,XY/袁-20250529/Y-10-1-01/Test1/33061_1_23/Img000667.jpg,6.6287726396917135,-7.4547206165723985,-8.0,-1448.0,-1449.0,,估计同步待核验
XY_Y-10-1-01,Y,2.0,668,XY/袁-20250529/Y-10-1-01/Test1/33061_1_23/Img000668.jpg,6.638568400770712,-7.0,-8.0,-1448.0,-1449.0,,估计同步待核验
XY_Y-10-1-01,Y,2.0,669,XY/袁-20250529/Y-10-1-01/Test1/33061_1_23/Img000669.jpg,6.6483641618497105,-9.0,-8.0,-1448.0,-1450.0,,估计同步待核验
XY_Y-10-1-01,Y,2.0,670,XY/袁-20250529/Y-10-1-01/Test1/33061_1_23/Img000670.jpg,6.658159922928708,-7.0,-8.0,-1448.0,-1449.0,,估计同步待核验
XY_Y-10-1-01,Y,2.0,671,XY/袁-20250529/Y-10-1-01/Test1/33061_1_23/Img000671.jpg,6.6679556840077066,-9.0,-8.0,-1448.0,-1450.0,,估计同步待核验
XY_Y-10-1-01,Y,2.0,672,XY/袁-20250529/Y-10-1-01/Test1/33061_1_23/Img000672.jpg,6.677751445086704,-8.0,-8.0,-1448.0,-1450.0,,估计同步待核验
XY_Y-10-1-01,Y,2.0,673,XY/袁-20250529/Y-10-1-01/Test1/33061_1_23/Img000673.jpg,6.687547206165703,-8.0,-8.0,-1448.0,-1450.0,,估计同步待核验
XY_Y-10-1-01,Y,2.0,674,XY/袁-20250529/Y-10-1-01/Test1/33061_1_23/Img000674.jpg,6.6973429672447,-8.0,-8.0,-1448.0,-1450.0,,估计同步待核验
XY_Y-10-1-01,Y,2.0,675,XY/袁-20250529/Y-10-1-01/Test1/33061_1_23/Img000675.jpg,6.707138728323699,-7.0,-8.0,-1448.0,-1450.0,,估计同步待核验
XY_Y-10-1-01,Y,2.0,676,XY/袁-20250529/Y-10-1-01/Test1/33061_1_23/Img000676.jpg,6.716934489402696,-8.86897880539331,-8.0,-1448.0,-1450.0,,估计同步待核验
XY_Y-10-1-01,Y,2.0,677,XY/袁-20250529/Y-10-1-01/Test1/33061_1_23/Img000677.jpg,6.726730250481695,-9.0,-8.0,-1448.0,-1450.0,,估计同步待核验
XY_Y-10-1-01,Y,2.0,678,XY/袁-20250529/Y-10-1-01/Test1/33061_1_23/Img000678.jpg,6.736526011560693,-7.0,-8.0,-1448.0,-1450.0,,估计同步待核验
XY_Y-10-1-01,Y,2.0,679,XY/袁-20250529/Y-10-1-01/Test1/33061_1_23/Img000679.jpg,6.746321772639691,-9.0,-8.0,-1449.0,-1450.0,,估计同步待核验
XY_Y-10-1-01,Y,2.0,680,XY/袁-20250529/Y-10-1-01/Test1/33061_1_23/Img000680.jpg,6.756117533718689,-7.0,-8.0,-1449.0,-1450.0,,估计同步待核验
XY_Y-10-1-01,Y,2.0,681,XY/袁-20250529/Y-10-1-01/Test1/33061_1_23/Img000681.jpg,6.765913294797687,-9.0,-8.0,-1449.0,-1450.0,,估计同步待核验
XY_Y-10-1-01,Y,2.0,682,XY/袁-20250529/Y-10-1-01/Test1/33061_1_23/Img000682.jpg,6.7757090558766855,-7.0,-8.0,-1449.0,-1450.0,,估计同步待核验
XY_Y-10-1-01,Y,2.0,683,XY/袁-20250529/Y-10-1-01/Test1/33061_1_23/Img000683.jpg,6.785504816955683,-8.0,-8.0,-1449.0,-1450.0,,估计同步待核验
XY_Y-10-1-01,Y,2.0,684,XY/袁-20250529/Y-10-1-01/Test1/33061_1_23/Img000684.jpg,6.795300578034682,-8.0,-8.0,-1449.0,-1450.0,,估计同步待核验
XY_Y-10-1-01,Y,2.0,685,XY/袁-20250529/Y-10-1-01/Test1/33061_1_23/Img000685.jpg,6.80509633911368,-8.0,-8.0,-1449.0,-1450.0,,估计同步待核验
XY_Y-10-1-01,Y,2.0,686,XY/袁-20250529/Y-10-1-01/Test1/33061_1_23/Img000686.jpg,6.814892100192678,-8.0,-8.0,-1449.0,-1450.0,,估计同步待核验
XY_Y-10-1-01,Y,2.0,687,XY/袁-20250529/Y-10-1-01/Test1/33061_1_23/Img000687.jpg,6.824687861271676,-9.0,-8.0,-1449.0,-1450.0,,估计同步待核验
XY_Y-10-1-01,Y,2.0,688,XY/袁-20250529/Y-10-1-01/Test1/33061_1_23/Img000688.jpg,6.834483622350674,-7.0,-8.0,-1449.0,-1450.0,,估计同步待核验
XY_Y-10-1-01,Y,2.0,689,XY/袁-20250529/Y-10-1-01/Test1/33061_1_23/Img000689.jpg,6.844279383429672,-9.0,-8.0,-1450.0,-1451.0,,估计同步待核验
XY_Y-10-1-01,Y,2.0,690,XY/袁-20250529/Y-10-1-01/Test1/33061_1_23/Img000690.jpg,6.85407514450867,-7.0,-8.0,-1449.0,-1451.0,,估计同步待核验
XY_Y-10-1-01,Y,2.0,691,XY/袁-20250529/Y-10-1-01/Test1/33061_1_23/Img000691.jpg,6.863870905587668,-9.0,-8.0,-1450.0,-1451.0,,估计同步待核验
XY_Y-10-1-01,Y,2.0,692,XY/袁-20250529/Y-10-1-01/Test1/33061_1_23/Img000692.jpg,6.873666666666666,-7.0,-8.0,-1450.0,-1451.0,,估计同步待核验
XY_Y-10-1-01,Y,2.0,693,XY/袁-20250529/Y-10-1-01/Test1/33061_1_23/Img000693.jpg,6.883462427745664,-9.0,-8.0,-1450.0,-1451.0,,估计同步待核验
XY_Y-10-1-01,Y,2.0,694,XY/袁-20250529/Y-10-1-01/Test1/33061_1_23/Img000694.jpg,6.893258188824662,-8.0,-8.0,-1450.0,-1451.0,,估计同步待核验
XY_Y-10-1-01,Y,2.0,695,XY/袁-20250529/Y-10-1-01/Test1/33061_1_23/Img000695.jpg,6.90305394990366,-8.0,-8.0,-1450.0,-1451.05394990366,,估计同步待核验
XY_Y-10-1-01,Y,2.0,696,XY/袁-20250529/Y-10-1-01/Test1/33061_1_23/Img000696.jpg,6.912849710982658,-8.0,-8.0,-1450.0,-1452.0,,估计同步待核验
XY_Y-10-1-01,Y,2.0,697,XY/袁-20250529/Y-10-1-01/Test1/33061_1_23/Img000697.jpg,6.922645472061656,-9.0,-7.0,-1450.0,-1452.0,,估计同步待核验
XY_Y-10-1-01,Y,2.0,698,XY/袁-20250529/Y-10-1-01/Test1/33061_1_23/Img000698.jpg,6.932441233140654,-7.0,-8.0,-1450.0,-1452.0,,估计同步待核验
XY_Y-10-1-01,Y,2.0,699,XY/袁-20250529/Y-10-1-01/Test1/33061_1_23/Img000699.jpg,6.942236994219652,-9.0,-7.0,-1451.0,-1452.0,,估计同步待核验
XY_Y-10-1-01,Y,2.0,700,XY/袁-20250529/Y-10-1-01/Test1/33061_1_23/Img000700.jpg,6.95203275529865,-7.0,-8.0,-1450.0,-1452.0,,估计同步待核验
XY_Y-10-1-01,Y,2.0,701,XY/袁-20250529/Y-10-1-01/Test1/33061_1_23/Img000701.jpg,6.961828516377648,-9.0,-8.0,-1451.0,-1452.0,,估计同步待核验
XY_Y-10-1-01,Y,2.0,702,XY/袁-20250529/Y-10-1-01/Test1/33061_1_23/Img000702.jpg,6.971624277456646,-7.0,-8.0,-1451.0,-1452.0,,估计同步待核验
XY_Y-10-1-01,Y,2.0,703,XY/袁-20250529/Y-10-1-01/Test1/33061_1_23/Img000703.jpg,6.981420038535645,-9.0,-8.0,-1451.0,-1452.0,,估计同步待核验
XY_Y-10-1-01,Y,2.0,704,XY/袁-20250529/Y-10-1-01/Test1/33061_1_23/Img000704.jpg,6.9912157996146425,-8.568400770714549,-8.0,-1451.0,-1452.0,,估计同步待核验
XY_Y-10-1-01,Y,2.0,705,XY/袁-20250529/Y-10-1-01/Test1/33061_1_23/Img000705.jpg,7.001011560693641,-7.0,-8.0,-1451.0,-1452.0,,估计同步待核验
XY_Y-10-1-01,Y,2.0,706,XY/袁-20250529/Y-10-1-01/Test1/33061_1_23/Img000706.jpg,7.0108073217726385,-8.0,-8.0,-1451.0,-1453.0,,估计同步待核验
XY_Y-10-1-01,Y,2.0,707,XY/袁-20250529/Y-10-1-01/Test1/33061_1_23/Img000707.jpg,7.020603082851637,-8.0,-8.0,-1452.0,-1453.0,,估计同步待核验
XY_Y-10-1-01,Y,2.0,708,XY/袁-20250529/Y-10-1-01/Test1/33061_1_23/Img000708.jpg,7.030398843930635,-7.0,-8.0,-1452.0,-1453.0,,估计同步待核验
XY_Y-10-1-01,Y,2.0,709,XY/袁-20250529/Y-10-1-01/Test1/33061_1_23/Img000709.jpg,7.040194605009633,-9.0,-8.0,-1452.0,-1453.0,,估计同步待核验
XY_Y-10-1-01,Y,2.0,710,XY/袁-20250529/Y-10-1-01/Test1/33061_1_23/Img000710.jpg,7.049990366088632,-7.0,-8.0,-1452.0,-1453.0,,估计同步待核验
XY_Y-10-1-01,Y,2.0,711,XY/袁-20250529/Y-10-1-01/Test1/33061_1_23/Img000711.jpg,7.059786127167629,-10.0,-7.0,-1452.0,-1454.0,,估计同步待核验
XY_Y-10-1-01,Y,2.0,712,XY/袁-20250529/Y-10-1-01/Test1/33061_1_23/Img000712.jpg,7.069581888246628,-7.0,-8.0,-1452.0,-1454.0,,估计同步待核验
XY_Y-10-1-01,Y,2.0,713,XY/袁-20250529/Y-10-1-01/Test1/33061_1_23/Img000713.jpg,7.079377649325625,-8.132947976876308,-8.0,-1452.0,-1454.0,,估计同步待核验
XY_Y-10-1-01,Y,2.0,714,XY/袁-20250529/Y-10-1-01/Test1/33061_1_23/Img000714.jpg,7.089173410404624,-10.0,-8.0,-1452.0,-1454.0,,估计同步待核验
XY_Y-10-1-01,Y,2.0,715,XY/袁-20250529/Y-10-1-01/Test1/33061_1_23/Img000715.jpg,7.098969171483621,-7.0,-8.0,-1452.0,-1454.0,,估计同步待核验
XY_Y-10-1-01,Y,2.0,716,XY/袁-20250529/Y-10-1-01/Test1/33061_1_23/Img000716.jpg,7.10876493256262,-9.0,-8.0,-1453.0,-1454.0,,估计同步待核验
XY_Y-10-1-01,Y,2.0,717,XY/袁-20250529/Y-10-1-01/Test1/33061_1_23/Img000717.jpg,7.1185606936416175,-8.0,-8.0,-1453.0,-1454.0,,估计同步待核验
XY_Y-10-1-01,Y,2.0,718,XY/袁-20250529/Y-10-1-01/Test1/33061_1_23/Img000718.jpg,7.128356454720616,-8.0,-8.0,-1453.0,-1454.0,,估计同步待核验
XY_Y-10-1-01,Y,2.0,719,XY/袁-20250529/Y-10-1-01/Test1/33061_1_23/Img000719.jpg,7.1381522157996145,-9.0,-7.0,-1453.0,-1454.0,,估计同步待核验
XY_Y-10-1-01,Y,2.0,720,XY/袁-20250529/Y-10-1-01/Test1/33061_1_23/Img000720.jpg,7.147947976878612,-7.0,-8.0,-1453.0,-1454.0,,估计同步待核验
XY_Y-10-1-01,Y,2.0,721,XY/袁-20250529/Y-10-1-01/Test1/33061_1_23/Img000721.jpg,7.1577437379576105,-9.0,-7.0,-1453.0,-1454.0,,估计同步待核验
XY_Y-10-1-01,Y,2.0,722,XY/袁-20250529/Y-10-1-01/Test1/33061_1_23/Img000722.jpg,7.167539499036608,-7.921001926783708,-7.539499036608146,-1453.0,-1454.0,,估计同步待核验
XY_Y-10-1-01,Y,2.0,723,XY/袁-20250529/Y-10-1-01/Test1/33061_1_23/Img000723.jpg,7.177335260115607,-7.0,-8.0,-1453.0,-1454.0,,估计同步待核验
XY_Y-10-1-01,Y,2.0,724,XY/袁-20250529/Y-10-1-01/Test1/33061_1_23/Img000724.jpg,7.187131021194604,-9.0,-8.0,-1454.0,-1454.0,,估计同步待核验
XY_Y-10-1-01,Y,2.0,725,XY/袁-20250529/Y-10-1-01/Test1/33061_1_23/Img000725.jpg,7.196926782273603,-7.0,-8.0,-1453.0,-1454.0,,估计同步待核验
XY_Y-10-1-01,Y,2.0,726,XY/袁-20250529/Y-10-1-01/Test1/33061_1_23/Img000726.jpg,7.206722543352601,-9.0,-8.0,-1454.0,-1455.0,,估计同步待核验
XY_Y-10-1-01,Y,2.0,727,XY/袁-20250529/Y-10-1-01/Test1/33061_1_23/Img000727.jpg,7.216518304431599,-8.0,-8.0,-1454.0,-1455.0,,估计同步待核验
XY_Y-10-1-01,Y,2.0,728,XY/袁-20250529/Y-10-1-01/Test1/33061_1_23/Img000728.jpg,7.226314065510596,-8.0,-8.0,-1454.0,-1455.0,,估计同步待核验
XY_Y-10-1-01,Y,2.0,729,XY/袁-20250529/Y-10-1-01/Test1/33061_1_23/Img000729.jpg,7.236109826589594,-8.0,-7.0,-1454.0,-1455.0,,估计同步待核验
XY_Y-10-1-01,Y,2.0,730,XY/袁-20250529/Y-10-1-01/Test1/33061_1_23/Img000730.jpg,7.2459055876685925,-8.0,-8.0,-1453.0,-1455.0,,估计同步待核验
XY_Y-10-1-01,Y,2.0,731,XY/袁-20250529/Y-10-1-01/Test1/33061_1_23/Img000731.jpg,7.25570134874759,-8.701348747589968,-8.0,-1453.70134874759,-1455.0,,估计同步待核验
XY_Y-10-1-01,Y,2.0,732,XY/袁-20250529/Y-10-1-01/Test1/33061_1_23/Img000732.jpg,7.265497109826589,-9.0,-8.0,-1454.0,-1455.0,,估计同步待核验
XY_Y-10-1-01,Y,2.0,733,XY/袁-20250529/Y-10-1-01/Test1/33061_1_23/Img000733.jpg,7.275292870905586,-7.0,-8.0,-1454.0,-1455.0,,估计同步待核验
XY_Y-10-1-01,Y,2.0,734,XY/袁-20250529/Y-10-1-01/Test1/33061_1_23/Img000734.jpg,7.285088631984585,-9.0,-8.0,-1454.0,-1455.0,,估计同步待核验
XY_Y-10-1-01,Y,2.0,735,XY/袁-20250529/Y-10-1-01/Test1/33061_1_23/Img000735.jpg,7.294884393063583,-7.0,-8.0,-1454.0,-1455.0,,估计同步待核验
XY_Y-10-1-01,Y,2.0,736,XY/袁-20250529/Y-10-1-01/Test1/33061_1_23/Img000736.jpg,7.304680154142581,-9.0,-8.0,-1454.0,-1455.0,,估计同步待核验
XY_Y-10-1-01,Y,2.0,737,XY/袁-20250529/Y-10-1-01/Test1/33061_1_23/Img000737.jpg,7.314475915221579,-7.0,-8.0,-1454.0,-1455.0,,估计同步待核验
XY_Y-10-1-01,Y,2.0,738,XY/袁-20250529/Y-10-1-01/Test1/33061_1_23/Img000738.jpg,7.324271676300577,-9.0,-8.0,-1454.0,-1455.0,,估计同步待核验
XY_Y-10-1-01,Y,2.0,739,XY/袁-20250529/Y-10-1-01/Test1/33061_1_23/Img000739.jpg,7.334067437379575,-8.0,-8.0,-1454.0,-1455.0,,估计同步待核验
XY_Y-10-1-01,Y,2.0,740,XY/袁-20250529/Y-10-1-01/Test1/33061_1_23/Img000740.jpg,7.343863198458573,-8.0,-8.0,-1454.0,-1455.8631984585727,,估计同步待核验
XY_Y-10-1-01,Y,2.0,741,XY/袁-20250529/Y-10-1-01/Test1/33061_1_23/Img000741.jpg,7.353658959537571,-8.0,-8.0,-1454.0,-1456.0,,估计同步待核验
XY_Y-10-1-01,Y,2.0,742,XY/袁-20250529/Y-10-1-01/Test1/33061_1_23/Img000742.jpg,7.36345472061657,-9.0,-8.0,-1454.0,-1456.0,,估计同步待核验
XY_Y-10-1-01,Y,2.0,743,XY/袁-20250529/Y-10-1-01/Test1/33061_1_23/Img000743.jpg,7.3732504816955675,-7.0,-8.0,-1454.0,-1456.0,,估计同步待核验
XY_Y-10-1-01,Y,2.0,744,XY/袁-20250529/Y-10-1-01/Test1/33061_1_23/Img000744.jpg,7.383046242774566,-9.0,-8.0,-1454.0,-1456.0,,估计同步待核验
XY_Y-10-1-01,Y,2.0,745,XY/袁-20250529/Y-10-1-01/Test1/33061_1_23/Img000745.jpg,7.392842003853564,-7.0,-8.0,-1454.0,-1456.0,,估计同步待核验
XY_Y-10-1-01,Y,2.0,746,XY/袁-20250529/Y-10-1-01/Test1/33061_1_23/Img000746.jpg,7.402637764932562,-10.0,-8.0,-1454.0,-1455.0,,估计同步待核验
XY_Y-10-1-01,Y,2.0,747,XY/袁-20250529/Y-10-1-01/Test1/33061_1_23/Img000747.jpg,7.41243352601156,-7.0,-8.0,-1454.0,-1455.0,,估计同步待核验
XY_Y-10-1-01,Y,2.0,748,XY/袁-20250529/Y-10-1-01/Test1/33061_1_23/Img000748.jpg,7.422229287090558,-9.0,-8.0,-1454.0,-1455.0,,估计同步待核验
XY_Y-10-1-01,Y,2.0,749,XY/袁-20250529/Y-10-1-01/Test1/33061_1_23/Img000749.jpg,7.432025048169556,-8.0,-8.0,-1454.0,-1455.0,,估计同步待核验
XY_Y-10-1-01,Y,2.0,750,XY/袁-20250529/Y-10-1-01/Test1/33061_1_23/Img000750.jpg,7.441820809248554,-8.0,-8.0,-1454.0,-1455.0,,估计同步待核验
XY_Y-10-1-01,Y,2.0,751,XY/袁-20250529/Y-10-1-01/Test1/33061_1_23/Img000751.jpg,7.451616570327553,-8.0,-8.0,-1454.0,-1455.0,,估计同步待核验
XY_Y-10-1-01,Y,2.0,752,XY/袁-20250529/Y-10-1-01/Test1/33061_1_23/Img000752.jpg,7.46141233140655,-8.0,-8.0,-1455.0,-1455.0,,估计同步待核验
XY_Y-10-1-01,Y,2.0,753,XY/袁-20250529/Y-10-1-01/Test1/33061_1_23/Img000753.jpg,7.471208092485549,-7.0,-8.0,-1454.0,-1455.0,,估计同步待核验
XY_Y-10-1-01,Y,2.0,754,XY/袁-20250529/Y-10-1-01/Test1/33061_1_23/Img000754.jpg,7.4810038535645464,-9.0,-7.0,-1455.0,-1455.0,,估计同步待核验
XY_Y-10-1-01,Y,2.0,755,XY/袁-20250529/Y-10-1-01/Test1/33061_1_23/Img000755.jpg,7.490799614643545,-7.0,-8.0,-1454.0,-1455.0,,估计同步待核验
XY_Y-10-1-01,Y,2.0,756,XY/袁-20250529/Y-10-1-01/Test1/33061_1_23/Img000756.jpg,7.5005953757225425,-9.0,-7.0,-1455.0,-1455.0,,估计同步待核验
XY_Y-10-1-01,Y,2.0,757,XY/袁-20250529/Y-10-1-01/Test1/33061_1_23/Img000757.jpg,7.510391136801541,-7.0,-8.0,-1454.0,-1455.0,,估计同步待核验
XY_Y-10-1-01,Y,2.0,758,XY/袁-20250529/Y-10-1-01/Test1/33061_1_23/Img000758.jpg,7.520186897880539,-9.0,-8.0,-1454.0,-1455.0,,估计同步待核验
XY_Y-10-1-01,Y,2.0,759,XY/袁-20250529/Y-10-1-01/Test1/33061_1_23/Img000759.jpg,7.529982658959537,-9.0,-8.0,-1454.0,-1455.0,,估计同步待核验
XY_Y-10-1-01,Y,2.0,760,XY/袁-20250529/Y-10-1-01/Test1/33061_1_23/Img000760.jpg,7.539778420038536,-7.0,-8.0,-1454.0,-1455.0,,估计同步待核验
XY_Y-10-1-01,Y,2.0,761,XY/袁-20250529/Y-10-1-01/Test1/33061_1_23/Img000761.jpg,7.549574181117533,-9.0,-8.0,-1455.0,-1455.0,,估计同步待核验
XY_Y-10-1-01,Y,2.0,762,XY/袁-20250529/Y-10-1-01/Test1/33061_1_23/Img000762.jpg,7.559369942196531,-8.0,-8.0,-1455.0,-1456.0,,估计同步待核验
XY_Y-10-1-01,Y,2.0,763,XY/袁-20250529/Y-10-1-01/Test1/33061_1_23/Img000763.jpg,7.569165703275528,-8.0,-8.0,-1454.0,-1456.0,,估计同步待核验
XY_Y-10-1-01,Y,2.0,764,XY/袁-20250529/Y-10-1-01/Test1/33061_1_23/Img000764.jpg,7.578961464354527,-9.0,-8.0,-1455.0,-1455.0,,估计同步待核验
XY_Y-10-1-01,Y,2.0,765,XY/袁-20250529/Y-10-1-01/Test1/33061_1_23/Img000765.jpg,7.5887572254335245,-7.0,-8.0,-1454.0,-1455.0,,估计同步待核验
XY_Y-10-1-01,Y,2.0,766,XY/袁-20250529/Y-10-1-01/Test1/33061_1_23/Img000766.jpg,7.598552986512523,-9.0,-8.0,-1455.0,-1455.0,,估计同步待核验
XY_Y-10-1-01,Y,2.0,767,XY/袁-20250529/Y-10-1-01/Test1/33061_1_23/Img000767.jpg,7.6083487475915215,-7.0,-9.0,-1454.0,-1455.0,,估计同步待核验
XY_Y-10-1-01,Y,2.0,768,XY/袁-20250529/Y-10-1-01/Test1/33061_1_23/Img000768.jpg,7.618144508670519,-7.289017341037638,-8.85549132948118,-1454.144508670519,-1455.0,,估计同步待核验
XY_Y-10-1-01,Y,2.0,769,XY/袁-20250529/Y-10-1-01/Test1/33061_1_23/Img000769.jpg,7.6279402697495176,-9.0,-8.0,-1455.0,-1455.0,,估计同步待核验
XY_Y-10-1-01,Y,2.0,770,XY/袁-20250529/Y-10-1-01/Test1/33061_1_23/Img000770.jpg,7.637736030828515,-7.0,-8.0,-1454.0,-1455.0,,估计同步待核验
XY_Y-10-1-01,Y,2.0,771,XY/袁-20250529/Y-10-1-01/Test1/33061_1_23/Img000771.jpg,7.647531791907514,-9.0,-8.0,-1454.0,-1455.0,,估计同步待核验
XY_Y-10-1-01,Y,2.0,772,XY/袁-20250529/Y-10-1-01/Test1/33061_1_23/Img000772.jpg,7.657327552986511,-8.0,-8.0,-1454.0,-1455.0,,估计同步待核验
XY_Y-10-1-01,Y,2.0,773,XY/袁-20250529/Y-10-1-01/Test1/33061_1_23/Img000773.jpg,7.66712331406551,-8.0,-8.0,-1455.0,-1456.0,,估计同步待核验
XY_Y-10-1-01,Y,2.0,774,XY/袁-20250529/Y-10-1-01/Test1/33061_1_23/Img000774.jpg,7.676919075144507,-8.0,-8.0,-1455.0,-1456.0,,估计同步待核验
XY_Y-10-1-01,Y,2.0,775,XY/袁-20250529/Y-10-1-01/Test1/33061_1_23/Img000775.jpg,7.686714836223506,-8.0,-8.0,-1455.0,-1456.0,,估计同步待核验
XY_Y-10-1-01,Y,2.0,776,XY/袁-20250529/Y-10-1-01/Test1/33061_1_23/Img000776.jpg,7.696510597302504,-9.0,-7.0,-1455.0,-1456.0,,估计同步待核验
XY_Y-10-1-01,Y,2.0,777,XY/袁-20250529/Y-10-1-01/Test1/33061_1_23/Img000777.jpg,7.706306358381502,-8.387283236996653,-7.306358381501673,-1455.0,-1456.0,,估计同步待核验
XY_Y-10-1-01,Y,2.0,778,XY/袁-20250529/Y-10-1-01/Test1/33061_1_23/Img000778.jpg,7.7161021194605,-7.0,-8.0,-1455.0,-1456.0,,估计同步待核验
XY_Y-10-1-01,Y,2.0,779,XY/袁-20250529/Y-10-1-01/Test1/33061_1_23/Img000779.jpg,7.725897880539499,-9.0,-7.0,-1455.0,-1456.0,,估计同步待核验
XY_Y-10-1-01,Y,2.0,780,XY/袁-20250529/Y-10-1-01/Test1/33061_1_23/Img000780.jpg,7.7356936416184965,-7.0,-8.0,-1455.0,-1456.0,,估计同步待核验
XY_Y-10-1-01,Y,2.0,781,XY/袁-20250529/Y-10-1-01/Test1/33061_1_23/Img000781.jpg,7.745489402697494,-9.0,-8.0,-1455.0,-1456.0,,估计同步待核验
XY_Y-10-1-01,Y,2.0,782,XY/袁-20250529/Y-10-1-01/Test1/33061_1_23/Img000782.jpg,7.755285163776492,-7.0,-8.0,-1455.0,-1456.0,,估计同步待核验
XY_Y-10-1-01,Y,2.0,783,XY/袁-20250529/Y-10-1-01/Test1/33061_1_23/Img000783.jpg,7.765080924855491,-8.0,-8.0,-1455.0,-1456.0,,估计同步待核验
XY_Y-10-1-01,Y,2.0,784,XY/袁-20250529/Y-10-1-01/Test1/33061_1_23/Img000784.jpg,7.774876685934489,-8.0,-8.0,-1455.0,-1456.0,,估计同步待核验
XY_Y-10-1-01,Y,2.0,785,XY/袁-20250529/Y-10-1-01/Test1/33061_1_23/Img000785.jpg,7.784672447013486,-8.0,-8.0,-1455.0,-1456.0,,估计同步待核验
XY_Y-10-1-01,Y,2.0,786,XY/袁-20250529/Y-10-1-01/Test1/33061_1_23/Img000786.jpg,7.794468208092486,-8.468208092485888,-8.0,-1455.4682080924858,-1456.4682080924858,,估计同步待核验
XY_Y-10-1-01,Y,2.0,787,XY/袁-20250529/Y-10-1-01/Test1/33061_1_23/Img000787.jpg,7.804263969171483,-9.0,-8.0,-1456.0,-1457.0,,估计同步待核验
XY_Y-10-1-01,Y,2.0,788,XY/袁-20250529/Y-10-1-01/Test1/33061_1_23/Img000788.jpg,7.814059730250481,-7.0,-8.0,-1455.0,-1457.0,,估计同步待核验
XY_Y-10-1-01,Y,2.0,789,XY/袁-20250529/Y-10-1-01/Test1/33061_1_23/Img000789.jpg,7.823855491329478,-9.0,-8.0,-1456.0,-1458.0,,估计同步待核验
XY_Y-10-1-01,Y,2.0,790,XY/袁-20250529/Y-10-1-01/Test1/33061_1_23/Img000790.jpg,7.833651252408478,-7.0,-8.0,-1456.0,-1458.0,,估计同步待核验
XY_Y-10-1-01,Y,2.0,791,XY/袁-20250529/Y-10-1-01/Test1/33061_1_23/Img000791.jpg,7.843447013487475,-9.0,-7.0,-1456.0,-1458.0,,估计同步待核验
XY_Y-10-1-01,Y,2.0,792,XY/袁-20250529/Y-10-1-01/Test1/33061_1_23/Img000792.jpg,7.853242774566473,-7.0,-8.0,-1456.0,-1458.0,,估计同步待核验
XY_Y-10-1-01,Y,2.0,793,XY/袁-20250529/Y-10-1-01/Test1/33061_1_23/Img000793.jpg,7.863038535645472,-9.0,-7.0,-1456.0,-1458.0,,估计同步待核验
XY_Y-10-1-01,Y,2.0,794,XY/袁-20250529/Y-10-1-01/Test1/33061_1_23/Img000794.jpg,7.87283429672447,-8.0,-8.0,-1456.0,-1458.0,,估计同步待核验
XY_Y-10-1-01,Y,2.0,795,XY/袁-20250529/Y-10-1-01/Test1/33061_1_23/Img000795.jpg,7.882630057803468,-8.0,-8.0,-1456.0,-1458.0,,估计同步待核验
XY_Y-10-1-01,Y,2.0,796,XY/袁-20250529/Y-10-1-01/Test1/33061_1_23/Img000796.jpg,7.892425818882465,-8.0,-8.0,-1456.0,-1458.0,,估计同步待核验
XY_Y-10-1-01,Y,2.0,797,XY/袁-20250529/Y-10-1-01/Test1/33061_1_23/Img000797.jpg,7.902221579961464,-8.0,-8.0,-1457.0,-1458.0,,估计同步待核验
XY_Y-10-1-01,Y,2.0,798,XY/袁-20250529/Y-10-1-01/Test1/33061_1_23/Img000798.jpg,7.912017341040461,-7.0,-8.0,-1456.0,-1458.0,,估计同步待核验
XY_Y-10-1-01,Y,2.0,799,XY/袁-20250529/Y-10-1-01/Test1/33061_1_23/Img000799.jpg,7.921813102119459,-9.0,-7.0,-1457.0,-1458.0,,估计同步待核验
XY_Y-10-1-01,Y,2.0,800,XY/袁-20250529/Y-10-1-01/Test1/33061_1_23/Img000800.jpg,7.931608863198458,-7.0,-8.0,-1456.0,-1458.0,,估计同步待核验
XY_Y-10-1-01,Y,2.0,801,XY/袁-20250529/Y-10-1-01/Test1/33061_1_23/Img000801.jpg,7.941404624277456,-9.0,-8.0,-1457.0,-1458.0,,估计同步待核验
XY_Y-10-1-01,Y,2.0,802,XY/袁-20250529/Y-10-1-01/Test1/33061_1_23/Img000802.jpg,7.9512003853564535,-7.0,-8.0,-1457.0,-1458.0,,估计同步待核验
XY_Y-10-1-01,Y,2.0,803,XY/袁-20250529/Y-10-1-01/Test1/33061_1_23/Img000803.jpg,7.960996146435451,-9.0,-8.0,-1457.0,-1458.0,,估计同步待核验
XY_Y-10-1-01,Y,2.0,804,XY/袁-20250529/Y-10-1-01/Test1/33061_1_23/Img000804.jpg,7.97079190751445,-7.41618497109916,-8.0,-1457.0,-1458.0,,估计同步待核验
XY_Y-10-1-01,Y,2.0,805,XY/袁-20250529/Y-10-1-01/Test1/33061_1_23/Img000805.jpg,7.980587668593448,-7.0,-8.0,-1457.0,-1458.0,,估计同步待核验
XY_Y-10-1-01,Y,2.0,806,XY/袁-20250529/Y-10-1-01/Test1/33061_1_23/Img000806.jpg,7.990383429672446,-8.0,-8.0,-1457.0,-1458.0,,估计同步待核验
XY_Y-10-1-01,Y,2.0,807,XY/袁-20250529/Y-10-1-01/Test1/33061_1_23/Img000807.jpg,8.000179190751444,-8.0,-8.0,-1457.0,-1458.0,,估计同步待核验
XY_Y-10-1-01,Y,2.0,808,XY/袁-20250529/Y-10-1-01/Test1/33061_1_23/Img000808.jpg,8.009974951830444,-8.0,-8.0,-1457.0,-1458.0,,估计同步待核验
XY_Y-10-1-01,Y,2.0,809,XY/袁-20250529/Y-10-1-01/Test1/33061_1_23/Img000809.jpg,8.019770712909441,-9.0,-8.0,-1457.0,-1458.0,,估计同步待核验
XY_Y-10-1-01,Y,2.0,810,XY/袁-20250529/Y-10-1-01/Test1/33061_1_23/Img000810.jpg,8.029566473988439,-7.0,-8.0,-1457.0,-1458.0,,估计同步待核验
XY_Y-10-1-01,Y,2.0,811,XY/袁-20250529/Y-10-1-01/Test1/33061_1_23/Img000811.jpg,8.039362235067438,-9.0,-7.0,-1458.0,-1459.0,,估计同步待核验
XY_Y-10-1-01,Y,2.0,812,XY/袁-20250529/Y-10-1-01/Test1/33061_1_23/Img000812.jpg,8.049157996146436,-7.0,-8.0,-1457.0,-1459.0,,估计同步待核验
XY_Y-10-1-01,Y,2.0,813,XY/袁-20250529/Y-10-1-01/Test1/33061_1_23/Img000813.jpg,8.058953757225433,-8.907514450867955,-8.0,-1457.953757225434,-1459.0,,估计同步待核验
XY_Y-10-1-01,Y,2.0,814,XY/袁-20250529/Y-10-1-01/Test1/33061_1_23/Img000814.jpg,8.06874951830443,-9.0,-8.0,-1458.0,-1459.0,,估计同步待核验
XY_Y-10-1-01,Y,2.0,815,XY/袁-20250529/Y-10-1-01/Test1/33061_1_23/Img000815.jpg,8.07854527938343,-7.0,-8.0,-1458.0,-1459.0,,估计同步待核验
XY_Y-10-1-01,Y,2.0,816,XY/袁-20250529/Y-10-1-01/Test1/33061_1_23/Img000816.jpg,8.088341040462428,-9.0,-8.0,-1458.0,-1459.0,,估计同步待核验
XY_Y-10-1-01,Y,2.0,817,XY/袁-20250529/Y-10-1-01/Test1/33061_1_23/Img000817.jpg,8.098136801541425,-8.0,-8.0,-1458.0,-1459.0,,估计同步待核验
XY_Y-10-1-01,Y,2.0,818,XY/袁-20250529/Y-10-1-01/Test1/33061_1_23/Img000818.jpg,8.107932562620425,-8.0,-8.0,-1458.0,-1459.0,,估计同步待核验
XY_Y-10-1-01,Y,2.0,819,XY/袁-20250529/Y-10-1-01/Test1/33061_1_23/Img000819.jpg,8.117728323699422,-8.0,-8.0,-1458.0,-1459.0,,估计同步待核验
XY_Y-10-1-01,Y,2.0,820,XY/袁-20250529/Y-10-1-01/Test1/33061_1_23/Img000820.jpg,8.12752408477842,-7.0,-8.0,-1457.0,-1459.0,,估计同步待核验
XY_Y-10-1-01,Y,2.0,821,XY/袁-20250529/Y-10-1-01/Test1/33061_1_23/Img000821.jpg,8.137319845857418,-9.0,-7.0,-1458.0,-1459.0,,估计同步待核验
XY_Y-10-1-01,Y,2.0,822,XY/袁-20250529/Y-10-1-01/Test1/33061_1_23/Img000822.jpg,8.147115606936417,-7.0,-8.0,-1457.0,-1459.0,,估计同步待核验
XY_Y-10-1-01,Y,2.0,823,XY/袁-20250529/Y-10-1-01/Test1/33061_1_23/Img000823.jpg,8.156911368015415,-7.0,-8.0,-1457.0,-1459.0,,估计同步待核验
XY_Y-10-1-01,Y,2.0,824,XY/袁-20250529/Y-10-1-01/Test1/33061_1_23/Img000824.jpg,8.166707129094412,-9.0,-8.0,-1458.0,-1459.0,,估计同步待核验
XY_Y-10-1-01,Y,2.0,825,XY/袁-20250529/Y-10-1-01/Test1/33061_1_23/Img000825.jpg,8.176502890173412,-7.0,-8.0,-1458.0,-1459.0,,估计同步待核验
XY_Y-10-1-01,Y,2.0,826,XY/袁-20250529/Y-10-1-01/Test1/33061_1_23/Img000826.jpg,8.18629865125241,-9.0,-8.0,-1458.0,-1459.0,,估计同步待核验
XY_Y-10-1-01,Y,2.0,827,XY/袁-20250529/Y-10-1-01/Test1/33061_1_23/Img000827.jpg,8.196094412331407,-7.0,-8.0,-1458.0,-1459.0,,估计同步待核验
XY_Y-10-1-01,Y,2.0,828,XY/袁-20250529/Y-10-1-01/Test1/33061_1_23/Img000828.jpg,8.205890173410404,-8.0,-8.0,-1458.0,-1459.0,,估计同步待核验
XY_Y-10-1-01,Y,2.0,829,XY/袁-20250529/Y-10-1-01/Test1/33061_1_23/Img000829.jpg,8.215685934489404,-8.0,-8.0,-1458.0,-1459.0,,估计同步待核验
XY_Y-10-1-01,Y,2.0,830,XY/袁-20250529/Y-10-1-01/Test1/33061_1_23/Img000830.jpg,8.225481695568401,-7.0,-8.0,-1458.0,-1459.0,,估计同步待核验
XY_Y-10-1-01,Y,2.0,831,XY/袁-20250529/Y-10-1-01/Test1/33061_1_23/Img000831.jpg,8.235277456647399,-9.0,-8.0,-1458.0,-1459.0,,估计同步待核验
XY_Y-10-1-01,Y,2.0,832,XY/袁-20250529/Y-10-1-01/Test1/33061_1_23/Img000832.jpg,8.245073217726398,-8.853564547201936,-8.0,-1458.0,-1459.0,,估计同步待核验
XY_Y-10-1-01,Y,2.0,833,XY/袁-20250529/Y-10-1-01/Test1/33061_1_23/Img000833.jpg,8.254868978805396,-7.0,-8.0,-1458.0,-1459.0,,估计同步待核验
XY_Y-10-1-01,Y,2.0,834,XY/袁-20250529/Y-10-1-01/Test1/33061_1_23/Img000834.jpg,8.264664739884394,-9.0,-8.0,-1458.0,-1459.0,,估计同步待核验
XY_Y-10-1-01,Y,2.0,835,XY/袁-20250529/Y-10-1-01/Test1/33061_1_23/Img000835.jpg,8.274460500963391,-7.0,-8.0,-1457.0,-1459.0,,估计同步待核验
XY_Y-10-1-01,Y,2.0,836,XY/袁-20250529/Y-10-1-01/Test1/33061_1_23/Img000836.jpg,8.28425626204239,-9.0,-8.0,-1458.0,-1459.0,,估计同步待核验
XY_Y-10-1-01,Y,2.0,837,XY/袁-20250529/Y-10-1-01/Test1/33061_1_23/Img000837.jpg,8.294052023121388,-7.0,-8.0,-1458.0,-1459.0,,估计同步待核验
XY_Y-10-1-01,Y,2.0,838,XY/袁-20250529/Y-10-1-01/Test1/33061_1_23/Img000838.jpg,8.303847784200386,-9.0,-8.0,-1458.0,-1459.0,,估计同步待核验
XY_Y-10-1-01,Y,2.0,839,XY/袁-20250529/Y-10-1-01/Test1/33061_1_23/Img000839.jpg,8.313643545279383,-8.0,-8.0,-1458.0,-1459.0,,估计同步待核验
XY_Y-10-1-01,Y,2.0,840,XY/袁-20250529/Y-10-1-01/Test1/33061_1_23/Img000840.jpg,8.323439306358383,-8.0,-8.0,-1458.0,-1459.0,,估计同步待核验
XY_Y-10-1-01,Y,2.0,841,XY/袁-20250529/Y-10-1-01/Test1/33061_1_23/Img000841.jpg,8.33323506743738,-8.23506743738024,-8.0,-1458.0,-1459.0,,估计同步待核验
XY_Y-10-1-01,Y,2.0,842,XY/袁-20250529/Y-10-1-01/Test1/33061_1_23/Img000842.jpg,8.343030828516378,-9.0,-8.0,-1458.0,-1459.0,,估计同步待核验
XY_Y-10-1-01,Y,2.0,843,XY/袁-20250529/Y-10-1-01/Test1/33061_1_23/Img000843.jpg,8.352826589595377,-7.0,-8.0,-1457.0,-1459.0,,估计同步待核验
XY_Y-10-1-01,Y,2.0,844,XY/袁-20250529/Y-10-1-01/Test1/33061_1_23/Img000844.jpg,8.362622350674375,-9.0,-7.0,-1458.0,-1458.0,,估计同步待核验
XY_Y-10-1-01,Y,2.0,845,XY/袁-20250529/Y-10-1-01/Test1/33061_1_23/Img000845.jpg,8.372418111753372,-7.0,-8.0,-1457.0,-1458.0,,估计同步待核验
XY_Y-10-1-01,Y,2.0,846,XY/袁-20250529/Y-10-1-01/Test1/33061_1_23/Img000846.jpg,8.38221387283237,-9.0,-8.0,-1458.0,-1458.0,,估计同步待核验
XY_Y-10-1-01,Y,2.0,847,XY/袁-20250529/Y-10-1-01/Test1/33061_1_23/Img000847.jpg,8.392009633911368,-7.0,-8.0,-1457.0,-1459.0,,估计同步待核验
XY_Y-10-1-01,Y,2.0,848,XY/袁-20250529/Y-10-1-01/Test1/33061_1_23/Img000848.jpg,8.401805394990365,-9.0,-8.0,-1458.0,-1459.0,,估计同步待核验
XY_Y-10-1-01,Y,2.0,849,XY/袁-20250529/Y-10-1-01/Test1/33061_1_23/Img000849.jpg,8.411601156069363,-7.0,-8.0,-1457.0,-1459.0,,估计同步待核验
XY_Y-10-1-01,Y,2.0,850,XY/袁-20250529/Y-10-1-01/Test1/33061_1_23/Img000850.jpg,8.421396917148362,-7.396917148362389,-8.0,-1457.0,-1459.0,,估计同步待核验
XY_Y-10-1-01,Y,2.0,851,XY/袁-20250529/Y-10-1-01/Test1/33061_1_23/Img000851.jpg,8.43119267822736,-8.0,-8.0,-1457.0,-1459.0,,估计同步待核验
XY_Y-10-1-01,Y,2.0,852,XY/袁-20250529/Y-10-1-01/Test1/33061_1_23/Img000852.jpg,8.440988439306357,-8.0,-8.0,-1458.0,-1459.0,,估计同步待核验
XY_Y-10-1-01,Y,2.0,853,XY/袁-20250529/Y-10-1-01/Test1/33061_1_23/Img000853.jpg,8.450784200385355,-8.0,-8.0,-1457.0,-1459.0,,估计同步待核验
XY_Y-10-1-01,Y,2.0,854,XY/袁-20250529/Y-10-1-01/Test1/33061_1_23/Img000854.jpg,8.460579961464354,-9.0,-7.0,-1458.0,-1459.0,,估计同步待核验
XY_Y-10-1-01,Y,2.0,855,XY/袁-20250529/Y-10-1-01/Test1/33061_1_23/Img000855.jpg,8.470375722543352,-7.0,-8.0,-1457.0,-1459.0,,估计同步待核验
XY_Y-10-1-01,Y,2.0,856,XY/袁-20250529/Y-10-1-01/Test1/33061_1_23/Img000856.jpg,8.48017148362235,-9.0,-7.0,-1457.0,-1459.0,,估计同步待核验
XY_Y-10-1-01,Y,2.0,857,XY/袁-20250529/Y-10-1-01/Test1/33061_1_23/Img000857.jpg,8.489967244701349,-7.0,-8.0,-1457.0,-1459.0,,估计同步待核验
XY_Y-10-1-01,Y,2.0,858,XY/袁-20250529/Y-10-1-01/Test1/33061_1_23/Img000858.jpg,8.499763005780347,-9.0,-8.0,-1457.0,-1459.0,,估计同步待核验
XY_Y-10-1-01,Y,2.0,859,XY/袁-20250529/Y-10-1-01/Test1/33061_1_23/Img000859.jpg,8.509558766859344,-7.882466281311657,-8.0,-1457.0,-1459.0,,估计同步待核验
XY_Y-10-1-01,Y,2.0,860,XY/袁-20250529/Y-10-1-01/Test1/33061_1_23/Img000860.jpg,8.519354527938342,-7.0,-8.0,-1457.0,-1459.0,,估计同步待核验
XY_Y-10-1-01,Y,2.0,861,XY/袁-20250529/Y-10-1-01/Test1/33061_1_23/Img000861.jpg,8.529150289017341,-9.0,-8.0,-1458.0,-1459.0,,估计同步待核验
XY_Y-10-1-01,Y,2.0,862,XY/袁-20250529/Y-10-1-01/Test1/33061_1_23/Img000862.jpg,8.538946050096339,-8.0,-8.0,-1458.0,-1459.0,,估计同步待核验
XY_Y-10-1-01,Y,2.0,863,XY/袁-20250529/Y-10-1-01/Test1/33061_1_23/Img000863.jpg,8.548741811175336,-8.0,-8.0,-1458.0,-1459.0,,估计同步待核验
XY_Y-10-1-01,Y,2.0,864,XY/袁-20250529/Y-10-1-01/Test1/33061_1_23/Img000864.jpg,8.558537572254334,-8.0,-8.0,-1458.0,-1459.0,,估计同步待核验
XY_Y-10-1-01,Y,2.0,865,XY/袁-20250529/Y-10-1-01/Test1/33061_1_23/Img000865.jpg,8.568333333333333,-7.0,-8.0,-1458.0,-1459.0,,估计同步待核验
XY_Y-10-1-01,Y,2.0,866,XY/袁-20250529/Y-10-1-01/Test1/33061_1_23/Img000866.jpg,8.578129094412331,-9.0,-7.0,-1458.0,-1459.0,,估计同步待核验
XY_Y-10-1-01,Y,2.0,867,XY/袁-20250529/Y-10-1-01/Test1/33061_1_23/Img000867.jpg,8.587924855491329,-7.0,-8.0,-1458.0,-1459.0,,估计同步待核验
XY_Y-10-1-01,Y,2.0,868,XY/袁-20250529/Y-10-1-01/Test1/33061_1_23/Img000868.jpg,8.597720616570328,-8.441233140655044,-8.0,-1458.0,-1459.0,,估计同步待核验
XY_Y-10-1-01,Y,2.0,869,XY/袁-20250529/Y-10-1-01/Test1/33061_1_23/Img000869.jpg,8.607516377649326,-9.0,-8.0,-1458.0,-1459.0,,估计同步待核验
XY_Y-10-1-01,Y,2.0,870,XY/袁-20250529/Y-10-1-01/Test1/33061_1_23/Img000870.jpg,8.617312138728323,-7.0,-8.0,-1458.0,-1459.0,,估计同步待核验
XY_Y-10-1-01,Y,2.0,871,XY/袁-20250529/Y-10-1-01/Test1/33061_1_23/Img000871.jpg,8.62710789980732,-9.0,-8.0,-1458.0,-1459.0,,估计同步待核验
XY_Y-10-1-01,Y,2.0,872,XY/袁-20250529/Y-10-1-01/Test1/33061_1_23/Img000872.jpg,8.63690366088632,-7.0,-8.0,-1458.0,-1459.0,,估计同步待核验
XY_Y-10-1-01,Y,2.0,873,XY/袁-20250529/Y-10-1-01/Test1/33061_1_23/Img000873.jpg,8.646699421965318,-8.0,-8.0,-1458.0,-1459.0,,估计同步待核验
XY_Y-10-1-01,Y,2.0,874,XY/袁-20250529/Y-10-1-01/Test1/33061_1_23/Img000874.jpg,8.656495183044315,-8.0,-8.0,-1458.0,-1459.0,,估计同步待核验
XY_Y-10-1-01,Y,2.0,875,XY/袁-20250529/Y-10-1-01/Test1/33061_1_23/Img000875.jpg,8.666290944123315,-8.0,-8.0,-1458.0,-1459.0,,估计同步待核验
XY_Y-10-1-01,Y,2.0,876,XY/袁-20250529/Y-10-1-01/Test1/33061_1_23/Img000876.jpg,8.676086705202312,-9.0,-8.0,-1458.0,-1459.0,,估计同步待核验
XY_Y-10-1-01,Y,2.0,877,XY/袁-20250529/Y-10-1-01/Test1/33061_1_23/Img000877.jpg,8.68588246628131,-7.23506743738024,-8.0,-1457.11753371869,-1459.0,,估计同步待核验
XY_Y-10-1-01,Y,2.0,878,XY/袁-20250529/Y-10-1-01/Test1/33061_1_23/Img000878.jpg,8.695678227360307,-7.0,-8.0,-1457.0,-1459.0,,估计同步待核验
XY_Y-10-1-01,Y,2.0,879,XY/袁-20250529/Y-10-1-01/Test1/33061_1_23/Img000879.jpg,8.705473988439307,-9.0,-8.0,-1458.0,-1459.0,,估计同步待核验
XY_Y-10-1-01,Y,2.0,880,XY/袁-20250529/Y-10-1-01/Test1/33061_1_23/Img000880.jpg,8.715269749518304,-7.0,-8.0,-1458.0,-1459.0,,估计同步待核验
XY_Y-10-1-01,Y,2.0,881,XY/袁-20250529/Y-10-1-01/Test1/33061_1_23/Img000881.jpg,8.725065510597302,-9.0,-8.0,-1458.0,-1459.0,,估计同步待核验
XY_Y-10-1-01,Y,2.0,882,XY/袁-20250529/Y-10-1-01/Test1/33061_1_23/Img000882.jpg,8.734861271676301,-7.0,-8.0,-1458.0,-1459.0,,估计同步待核验
XY_Y-10-1-01,Y,2.0,883,XY/袁-20250529/Y-10-1-01/Test1/33061_1_23/Img000883.jpg,8.744657032755299,-9.0,-8.0,-1458.0,-1459.0,,估计同步待核验
XY_Y-10-1-01,Y,2.0,884,XY/袁-20250529/Y-10-1-01/Test1/33061_1_23/Img000884.jpg,8.754452793834297,-8.0,-8.0,-1458.0,-1459.0,,估计同步待核验
XY_Y-10-1-01,Y,2.0,885,XY/袁-20250529/Y-10-1-01/Test1/33061_1_23/Img000885.jpg,8.764248554913294,-8.0,-8.0,-1458.0,-1459.0,,估计同步待核验
XY_Y-10-1-01,Y,2.0,886,XY/袁-20250529/Y-10-1-01/Test1/33061_1_23/Img000886.jpg,8.774044315992294,-8.0,-7.0,-1458.0,-1459.0,,估计同步待核验
XY_Y-10-1-01,Y,2.0,887,XY/袁-20250529/Y-10-1-01/Test1/33061_1_23/Img000887.jpg,8.783840077071291,-8.0,-7.0,-1458.0,-1459.0,,估计同步待核验
XY_Y-10-1-01,Y,2.0,888,XY/袁-20250529/Y-10-1-01/Test1/33061_1_23/Img000888.jpg,8.793635838150289,-7.0,-8.0,-1458.0,-1459.0,力峰值,估计同步待核验
XY_Y-10-1-01,Y,2.0,889,XY/袁-20250529/Y-10-1-01/Test1/33061_1_23/Img000889.jpg,8.803431599229288,-9.0,-7.0,-1459.0,-1460.0,,估计同步待核验
XY_Y-10-1-01,Y,2.0,890,XY/袁-20250529/Y-10-1-01/Test1/33061_1_23/Img000890.jpg,8.813227360308286,-7.0,-8.0,-1459.0,-1460.0,,估计同步待核验
XY_Y-10-1-01,Y,2.0,891,XY/袁-20250529/Y-10-1-01/Test1/33061_1_23/Img000891.jpg,8.823023121387283,-9.0,-8.0,-1459.0,-1460.0,,估计同步待核验
XY_Y-10-1-01,Y,2.0,892,XY/袁-20250529/Y-10-1-01/Test1/33061_1_23/Img000892.jpg,8.832818882466281,-7.0,-8.0,-1459.0,-1460.0,,估计同步待核验
XY_Y-10-1-01,Y,2.0,893,XY/袁-20250529/Y-10-1-01/Test1/33061_1_23/Img000893.jpg,8.84261464354528,-9.0,-8.0,-1459.0,-1460.0,,估计同步待核验
XY_Y-10-1-01,Y,2.0,894,XY/袁-20250529/Y-10-1-01/Test1/33061_1_23/Img000894.jpg,8.852410404624278,-7.0,-8.0,-1459.0,-1460.0,,估计同步待核验
XY_Y-10-1-01,Y,2.0,895,XY/袁-20250529/Y-10-1-01/Test1/33061_1_23/Img000895.jpg,8.862206165703276,-8.0,-8.0,-1459.0,-1460.0,,估计同步待核验
XY_Y-10-1-01,Y,2.0,896,XY/袁-20250529/Y-10-1-01/Test1/33061_1_23/Img000896.jpg,8.872001926782273,-8.0,-8.0,-1459.0,-1460.0,,估计同步待核验
XY_Y-10-1-01,Y,2.0,897,XY/袁-20250529/Y-10-1-01/Test1/33061_1_23/Img000897.jpg,8.881797687861273,-8.0,-8.0,-1459.0,-1460.0,,估计同步待核验
XY_Y-10-1-01,Y,2.0,898,XY/袁-20250529/Y-10-1-01/Test1/33061_1_23/Img000898.jpg,8.89159344894027,-7.0,-8.0,-1458.0,-1460.0,,估计同步待核验
XY_Y-10-1-01,Y,2.0,899,XY/袁-20250529/Y-10-1-01/Test1/33061_1_23/Img000899.jpg,8.901389210019268,-9.0,-7.0,-1458.0,-1460.0,,估计同步待核验
XY_Y-10-1-01,Y,2.0,900,XY/袁-20250529/Y-10-1-01/Test1/33061_1_23/Img000900.jpg,8.911184971098267,-7.0,-8.0,-1458.0,-1460.0,,估计同步待核验
XY_Y-10-1-01,Y,2.0,901,XY/袁-20250529/Y-10-1-01/Test1/33061_1_23/Img000901.jpg,8.920980732177265,-9.0,-8.0,-1458.0,-1460.0,,估计同步待核验
XY_Y-10-1-01,Y,2.0,902,XY/袁-20250529/Y-10-1-01/Test1/33061_1_23/Img000902.jpg,8.930776493256262,-7.0,-8.0,-1458.0,-1460.0,,估计同步待核验
XY_Y-10-1-01,Y,2.0,903,XY/袁-20250529/Y-10-1-01/Test1/33061_1_23/Img000903.jpg,8.94057225433526,-9.0,-8.0,-1459.0,-1460.0,,估计同步待核验
XY_Y-10-1-01,Y,2.0,904,XY/袁-20250529/Y-10-1-01/Test1/33061_1_23/Img000904.jpg,8.95036801541426,-7.0,-8.0,-1459.0,-1460.0,,估计同步待核验
XY_Y-10-1-01,Y,2.0,905,XY/袁-20250529/Y-10-1-01/Test1/33061_1_23/Img000905.jpg,8.960163776493257,-7.163776493256142,-8.0,-1459.0,-1460.0,,估计同步待核验
XY_Y-10-1-01,Y,2.0,906,XY/袁-20250529/Y-10-1-01/Test1/33061_1_23/Img000906.jpg,8.969959537572255,-8.0,-8.0,-1459.0,-1460.0,,估计同步待核验
XY_Y-10-1-01,Y,2.0,907,XY/袁-20250529/Y-10-1-01/Test1/33061_1_23/Img000907.jpg,8.979755298651254,-8.0,-8.0,-1459.0,-1460.0,,估计同步待核验
XY_Y-10-1-01,Y,2.0,908,XY/袁-20250529/Y-10-1-01/Test1/33061_1_23/Img000908.jpg,8.989551059730251,-8.0,-8.0,-1459.0,-1460.0,,估计同步待核验
XY_Y-10-1-01,Y,2.0,909,XY/袁-20250529/Y-10-1-01/Test1/33061_1_23/Img000909.jpg,8.999346820809249,-8.0,-8.0,-1459.0,-1460.0,,估计同步待核验
XY_Y-10-1-01,Y,2.0,910,XY/袁-20250529/Y-10-1-01/Test1/33061_1_23/Img000910.jpg,9.009142581888247,-7.0,-9.0,-1458.0,-1460.0,,估计同步待核验
XY_Y-10-1-01,Y,2.0,911,XY/袁-20250529/Y-10-1-01/Test1/33061_1_23/Img000911.jpg,9.018938342967246,-9.0,-8.0,-1459.0,-1460.0,,估计同步待核验
XY_Y-10-1-01,Y,2.0,912,XY/袁-20250529/Y-10-1-01/Test1/33061_1_23/Img000912.jpg,9.028734104046244,-7.0,-8.0,-1458.0,-1460.0,,估计同步待核验
XY_Y-10-1-01,Y,2.0,913,XY/袁-20250529/Y-10-1-01/Test1/33061_1_23/Img000913.jpg,9.038529865125241,-9.0,-8.0,-1459.0,-1460.0,,估计同步待核验
XY_Y-10-1-01,Y,2.0,914,XY/袁-20250529/Y-10-1-01/Test1/33061_1_23/Img000914.jpg,9.048325626204239,-8.348747591522008,-8.0,-1459.0,-1460.0,,估计同步待核验
XY_Y-10-1-01,Y,2.0,915,XY/袁-20250529/Y-10-1-01/Test1/33061_1_23/Img000915.jpg,9.058121387283236,-7.0,-8.0,-1459.0,-1460.0,,估计同步待核验
XY_Y-10-1-01,Y,2.0,916,XY/袁-20250529/Y-10-1-01/Test1/33061_1_23/Img000916.jpg,9.067917148362234,-9.0,-8.0,-1459.0,-1460.0,,估计同步待核验
XY_Y-10-1-01,Y,2.0,917,XY/袁-20250529/Y-10-1-01/Test1/33061_1_23/Img000917.jpg,9.077712909441232,-8.0,-8.0,-1459.0,-1460.0,,估计同步待核验
XY_Y-10-1-01,Y,2.0,918,XY/袁-20250529/Y-10-1-01/Test1/33061_1_23/Img000918.jpg,9.087508670520231,-8.0,-8.0,-1459.0,-1460.0,,估计同步待核验
XY_Y-10-1-01,Y,2.0,919,XY/袁-20250529/Y-10-1-01/Test1/33061_1_23/Img000919.jpg,9.097304431599229,-8.0,-8.0,-1459.0,-1460.0,,估计同步待核验
XY_Y-10-1-01,Y,2.0,920,XY/袁-20250529/Y-10-1-01/Test1/33061_1_23/Img000920.jpg,9.107100192678226,-7.0,-8.0,-1458.0,-1460.0,,估计同步待核验
XY_Y-10-1-01,Y,2.0,921,XY/袁-20250529/Y-10-1-01/Test1/33061_1_23/Img000921.jpg,9.116895953757224,-9.0,-7.0,-1459.0,-1459.0,,估计同步待核验
XY_Y-10-1-01,Y,2.0,922,XY/袁-20250529/Y-10-1-01/Test1/33061_1_23/Img000922.jpg,9.126691714836223,-7.0,-8.0,-1458.0,-1459.0,,估计同步待核验
XY_Y-10-1-01,Y,2.0,923,XY/袁-20250529/Y-10-1-01/Test1/33061_1_23/Img000923.jpg,9.13648747591522,-7.974951830441968,-8.0,-1458.0,-1459.0,,估计同步待核验
XY_Y-10-1-01,Y,2.0,924,XY/袁-20250529/Y-10-1-01/Test1/33061_1_23/Img000924.jpg,9.146283236994218,-9.0,-8.0,-1458.0,-1459.0,,估计同步待核验
XY_Y-10-1-01,Y,2.0,925,XY/袁-20250529/Y-10-1-01/Test1/33061_1_23/Img000925.jpg,9.156078998073218,-7.0,-8.0,-1458.0,-1460.0,,估计同步待核验
XY_Y-10-1-01,Y,2.0,926,XY/袁-20250529/Y-10-1-01/Test1/33061_1_23/Img000926.jpg,9.165874759152215,-9.0,-8.0,-1458.0,-1460.0,,估计同步待核验
XY_Y-10-1-01,Y,2.0,927,XY/袁-20250529/Y-10-1-01/Test1/33061_1_23/Img000927.jpg,9.175670520231213,-7.0,-8.0,-1458.0,-1460.0,,估计同步待核验
XY_Y-10-1-01,Y,2.0,928,XY/袁-20250529/Y-10-1-01/Test1/33061_1_23/Img000928.jpg,9.18546628131021,-8.0,-8.0,-1458.0,-1460.0,,估计同步待核验
XY_Y-10-1-01,Y,2.0,929,XY/袁-20250529/Y-10-1-01/Test1/33061_1_23/Img000929.jpg,9.19526204238921,-8.0,-8.0,-1458.0,-1460.0,,估计同步待核验
XY_Y-10-1-01,Y,2.0,930,XY/袁-20250529/Y-10-1-01/Test1/33061_1_23/Img000930.jpg,9.205057803468208,-8.0,-8.0,-1458.0,-1460.0,,估计同步待核验
XY_Y-10-1-01,Y,2.0,931,XY/袁-20250529/Y-10-1-01/Test1/33061_1_23/Img000931.jpg,9.214853564547205,-9.0,-8.0,-1458.0,-1460.0,,估计同步待核验
XY_Y-10-1-01,Y,2.0,932,XY/袁-20250529/Y-10-1-01/Test1/33061_1_23/Img000932.jpg,9.224649325626205,-7.7013487475905915,-8.0,-1458.0,-1460.0,,估计同步待核验
XY_Y-10-1-01,Y,2.0,933,XY/袁-20250529/Y-10-1-01/Test1/33061_1_23/Img000933.jpg,9.234445086705202,-7.0,-8.0,-1458.0,-1460.0,,估计同步待核验
XY_Y-10-1-01,Y,2.0,934,XY/袁-20250529/Y-10-1-01/Test1/33061_1_23/Img000934.jpg,9.2442408477842,-9.0,-8.0,-1458.0,-1460.0,,估计同步待核验
XY_Y-10-1-01,Y,2.0,935,XY/袁-20250529/Y-10-1-01/Test1/33061_1_23/Img000935.jpg,9.254036608863197,-7.0,-8.0,-1458.0,-1460.0,,估计同步待核验
XY_Y-10-1-01,Y,2.0,936,XY/袁-20250529/Y-10-1-01/Test1/33061_1_23/Img000936.jpg,9.263832369942197,-9.0,-8.0,-1458.0,-1460.0,,估计同步待核验
XY_Y-10-1-01,Y,2.0,937,XY/袁-20250529/Y-10-1-01/Test1/33061_1_23/Img000937.jpg,9.273628131021194,-7.0,-8.0,-1458.0,-1459.0,,估计同步待核验
XY_Y-10-1-01,Y,2.0,938,XY/袁-20250529/Y-10-1-01/Test1/33061_1_23/Img000938.jpg,9.283423892100192,-9.0,-8.0,-1458.0,-1459.0,,估计同步待核验
XY_Y-10-1-01,Y,2.0,939,XY/袁-20250529/Y-10-1-01/Test1/33061_1_23/Img000939.jpg,9.293219653179191,-7.0,-8.0,-1458.0,-1459.0,,估计同步待核验
XY_Y-10-1-01,Y,2.0,940,XY/袁-20250529/Y-10-1-01/Test1/33061_1_23/Img000940.jpg,9.303015414258189,-8.0,-8.0,-1458.0,-1459.0,,估计同步待核验
XY_Y-10-1-01,Y,2.0,941,XY/袁-20250529/Y-10-1-01/Test1/33061_1_23/Img000941.jpg,9.312811175337186,-8.0,-8.0,-1458.0,-1459.0,,估计同步待核验
XY_Y-10-1-01,Y,2.0,942,XY/袁-20250529/Y-10-1-01/Test1/33061_1_23/Img000942.jpg,9.322606936416184,-8.0,-8.0,-1458.0,-1459.0,,估计同步待核验
XY_Y-10-1-01,Y,2.0,943,XY/袁-20250529/Y-10-1-01/Test1/33061_1_23/Img000943.jpg,9.332402697495183,-7.0,-8.0,-1457.0,-1459.0,,估计同步待核验
XY_Y-10-1-01,Y,2.0,944,XY/袁-20250529/Y-10-1-01/Test1/33061_1_23/Img000944.jpg,9.342198458574181,-9.0,-7.0,-1458.0,-1459.0,,估计同步待核验
XY_Y-10-1-01,Y,2.0,945,XY/袁-20250529/Y-10-1-01/Test1/33061_1_23/Img000945.jpg,9.351994219653179,-7.0,-8.0,-1457.0,-1459.0,,估计同步待核验
XY_Y-10-1-01,Y,2.0,946,XY/袁-20250529/Y-10-1-01/Test1/33061_1_23/Img000946.jpg,9.361789980732178,-9.0,-7.0,-1457.0,-1459.0,,估计同步待核验
XY_Y-10-1-01,Y,2.0,947,XY/袁-20250529/Y-10-1-01/Test1/33061_1_23/Img000947.jpg,9.371585741811176,-7.0,-8.0,-1457.0,-1459.0,,估计同步待核验
XY_Y-10-1-01,Y,2.0,948,XY/袁-20250529/Y-10-1-01/Test1/33061_1_23/Img000948.jpg,9.381381502890173,-9.0,-8.0,-1457.0,-1459.0,,估计同步待核验
XY_Y-10-1-01,Y,2.0,949,XY/袁-20250529/Y-10-1-01/Test1/33061_1_23/Img000949.jpg,9.39117726396917,-7.0,-8.0,-1457.0,-1459.0,,估计同步待核验
XY_Y-10-1-01,Y,2.0,950,XY/袁-20250529/Y-10-1-01/Test1/33061_1_23/Img000950.jpg,9.40097302504817,-7.973025048170412,-8.0,-1457.0,-1459.0,,估计同步待核验
XY_Y-10-1-01,Y,2.0,951,XY/袁-20250529/Y-10-1-01/Test1/33061_1_23/Img000951.jpg,9.410768786127168,-8.0,-8.0,-1457.0,-1459.0,,估计同步待核验
XY_Y-10-1-01,Y,2.0,952,XY/袁-20250529/Y-10-1-01/Test1/33061_1_23/Img000952.jpg,9.420564547206165,-8.0,-8.0,-1458.0,-1459.0,,估计同步待核验
XY_Y-10-1-01,Y,2.0,953,XY/袁-20250529/Y-10-1-01/Test1/33061_1_23/Img000953.jpg,9.430360308285163,-8.0,-8.0,-1457.0,-1459.0,,估计同步待核验
XY_Y-10-1-01,Y,2.0,954,XY/袁-20250529/Y-10-1-01/Test1/33061_1_23/Img000954.jpg,9.440156069364162,-9.0,-8.0,-1457.0,-1459.0,,估计同步待核验
XY_Y-10-1-01,Y,2.0,955,XY/袁-20250529/Y-10-1-01/Test1/33061_1_23/Img000955.jpg,9.44995183044316,-7.0,-8.0,-1457.0,-1459.0,,估计同步待核验
XY_Y-10-1-01,Y,2.0,956,XY/袁-20250529/Y-10-1-01/Test1/33061_1_23/Img000956.jpg,9.459747591522158,-9.0,-7.0,-1457.0,-1459.0,,估计同步待核验
XY_Y-10-1-01,Y,2.0,957,XY/袁-20250529/Y-10-1-01/Test1/33061_1_23/Img000957.jpg,9.469543352601157,-7.0,-8.0,-1457.0,-1459.0,,估计同步待核验
XY_Y-10-1-01,Y,2.0,958,XY/袁-20250529/Y-10-1-01/Test1/33061_1_23/Img000958.jpg,9.479339113680155,-9.0,-7.0,-1457.0,-1459.0,,估计同步待核验
XY_Y-10-1-01,Y,2.0,959,XY/袁-20250529/Y-10-1-01/Test1/33061_1_23/Img000959.jpg,9.489134874759152,-7.0,-8.0,-1457.0,-1459.0,,估计同步待核验
XY_Y-10-1-01,Y,2.0,960,XY/袁-20250529/Y-10-1-01/Test1/33061_1_23/Img000960.jpg,9.49893063583815,-7.0,-8.0,-1457.0,-1459.0,,估计同步待核验
XY_Y-10-1-01,Y,2.0,961,XY/袁-20250529/Y-10-1-01/Test1/33061_1_23/Img000961.jpg,9.50872639691715,-9.0,-8.0,-1457.0,-1459.0,,估计同步待核验
XY_Y-10-1-01,Y,2.0,962,XY/袁-20250529/Y-10-1-01/Test1/33061_1_23/Img000962.jpg,9.518522157996147,-8.0,-8.0,-1457.0,-1459.0,,估计同步待核验
XY_Y-10-1-01,Y,2.0,963,XY/袁-20250529/Y-10-1-01/Test1/33061_1_23/Img000963.jpg,9.528317919075144,-8.0,-8.0,-1457.0,-1459.0,,估计同步待核验
XY_Y-10-1-01,Y,2.0,964,XY/袁-20250529/Y-10-1-01/Test1/33061_1_23/Img000964.jpg,9.538113680154144,-8.0,-8.0,-1457.0,-1459.0,,估计同步待核验
XY_Y-10-1-01,Y,2.0,965,XY/袁-20250529/Y-10-1-01/Test1/33061_1_23/Img000965.jpg,9.547909441233141,-7.0,-8.0,-1457.0,-1459.0,,估计同步待核验
XY_Y-10-1-01,Y,2.0,966,XY/袁-20250529/Y-10-1-01/Test1/33061_1_23/Img000966.jpg,9.557705202312139,-9.0,-8.0,-1457.0,-1459.0,,估计同步待核验
XY_Y-10-1-01,Y,2.0,967,XY/袁-20250529/Y-10-1-01/Test1/33061_1_23/Img000967.jpg,9.567500963391137,-7.0,-8.0,-1457.0,-1459.0,,估计同步待核验
XY_Y-10-1-01,Y,2.0,968,XY/袁-20250529/Y-10-1-01/Test1/33061_1_23/Img000968.jpg,9.577296724470136,-9.0,-8.0,-1457.0,-1459.0,,估计同步待核验
XY_Y-10-1-01,Y,2.0,969,XY/袁-20250529/Y-10-1-01/Test1/33061_1_23/Img000969.jpg,9.587092485549134,-8.815028901732358,-8.0,-1457.0,-1459.0,,估计同步待核验
XY_Y-10-1-01,Y,2.0,970,XY/袁-20250529/Y-10-1-01/Test1/33061_1_23/Img000970.jpg,9.596888246628131,-7.0,-8.0,-1457.0,-1459.0,,估计同步待核验
XY_Y-10-1-01,Y,2.0,971,XY/袁-20250529/Y-10-1-01/Test1/33061_1_23/Img000971.jpg,9.60668400770713,-9.0,-8.0,-1458.0,-1459.0,,估计同步待核验
XY_Y-10-1-01,Y,2.0,972,XY/袁-20250529/Y-10-1-01/Test1/33061_1_23/Img000972.jpg,9.616479768786128,-7.0,-8.0,-1457.0,-1458.0,,估计同步待核验
XY_Y-10-1-01,Y,2.0,973,XY/袁-20250529/Y-10-1-01/Test1/33061_1_23/Img000973.jpg,9.626275529865126,-8.0,-8.0,-1457.0,-1458.0,,估计同步待核验
XY_Y-10-1-01,Y,2.0,974,XY/袁-20250529/Y-10-1-01/Test1/33061_1_23/Img000974.jpg,9.636071290944123,-8.0,-8.0,-1457.0,-1458.0,,估计同步待核验
XY_Y-10-1-01,Y,2.0,975,XY/袁-20250529/Y-10-1-01/Test1/33061_1_23/Img000975.jpg,9.645867052023123,-8.0,-8.0,-1457.0,-1458.0,,估计同步待核验
XY_Y-10-1-01,Y,2.0,976,XY/袁-20250529/Y-10-1-01/Test1/33061_1_23/Img000976.jpg,9.65566281310212,-9.0,-7.0,-1457.0,-1458.0,,估计同步待核验
XY_Y-10-1-01,Y,2.0,977,XY/袁-20250529/Y-10-1-01/Test1/33061_1_23/Img000977.jpg,9.665458574181118,-7.0,-8.0,-1456.0,-1458.0,,估计同步待核验
XY_Y-10-1-01,Y,2.0,978,XY/袁-20250529/Y-10-1-01/Test1/33061_1_23/Img000978.jpg,9.675254335260115,-7.5086705202297965,-8.0,-1456.2543352601149,-1458.0,,估计同步待核验
XY_Y-10-1-01,Y,2.0,979,XY/袁-20250529/Y-10-1-01/Test1/33061_1_23/Img000979.jpg,9.685050096339115,-9.0,-8.0,-1457.0,-1458.0,,估计同步待核验
XY_Y-10-1-01,Y,2.0,980,XY/袁-20250529/Y-10-1-01/Test1/33061_1_23/Img000980.jpg,9.694845857418112,-7.0,-8.0,-1456.0,-1458.0,,估计同步待核验
XY_Y-10-1-01,Y,2.0,981,XY/袁-20250529/Y-10-1-01/Test1/33061_1_23/Img000981.jpg,9.70464161849711,-9.0,-8.0,-1457.0,-1458.0,,估计同步待核验
XY_Y-10-1-01,Y,2.0,982,XY/袁-20250529/Y-10-1-01/Test1/33061_1_23/Img000982.jpg,9.714437379576108,-7.0,-8.0,-1456.0,-1458.0,,估计同步待核验
XY_Y-10-1-01,Y,2.0,983,XY/袁-20250529/Y-10-1-01/Test1/33061_1_23/Img000983.jpg,9.724233140655105,-9.0,-8.0,-1456.0,-1458.0,,估计同步待核验
XY_Y-10-1-01,Y,2.0,984,XY/袁-20250529/Y-10-1-01/Test1/33061_1_23/Img000984.jpg,9.734028901734103,-8.0,-8.0,-1456.0,-1458.0,,估计同步待核验
XY_Y-10-1-01,Y,2.0,985,XY/袁-20250529/Y-10-1-01/Test1/33061_1_23/Img000985.jpg,9.7438246628131,-8.0,-8.0,-1456.0,-1458.0,,估计同步待核验
XY_Y-10-1-01,Y,2.0,986,XY/袁-20250529/Y-10-1-01/Test1/33061_1_23/Img000986.jpg,9.7536204238921,-9.0,-8.0,-1456.0,-1458.0,,估计同步待核验
XY_Y-10-1-01,Y,2.0,987,XY/袁-20250529/Y-10-1-01/Test1/33061_1_23/Img000987.jpg,9.763416184971097,-8.167630057804494,-8.0,-1456.0,-1458.0,,估计同步待核验
XY_Y-10-1-01,Y,2.0,988,XY/袁-20250529/Y-10-1-01/Test1/33061_1_23/Img000988.jpg,9.773211946050095,-7.0,-8.0,-1456.0,-1458.0,,估计同步待核验
XY_Y-10-1-01,Y,2.0,989,XY/袁-20250529/Y-10-1-01/Test1/33061_1_23/Img000989.jpg,9.783007707129094,-9.0,-7.0,-1456.0,-1458.0,,估计同步待核验
XY_Y-10-1-01,Y,2.0,990,XY/袁-20250529/Y-10-1-01/Test1/33061_1_23/Img000990.jpg,9.792803468208092,-7.0,-8.0,-1456.0,-1458.0,,估计同步待核验
XY_Y-10-1-01,Y,2.0,991,XY/袁-20250529/Y-10-1-01/Test1/33061_1_23/Img000991.jpg,9.80259922928709,-9.0,-7.0,-1456.0,-1458.0,,估计同步待核验
XY_Y-10-1-01,Y,2.0,992,XY/袁-20250529/Y-10-1-01/Test1/33061_1_23/Img000992.jpg,9.812394990366087,-7.0,-8.0,-1456.0,-1457.0,,估计同步待核验
XY_Y-10-1-01,Y,2.0,993,XY/袁-20250529/Y-10-1-01/Test1/33061_1_23/Img000993.jpg,9.822190751445087,-9.0,-7.0,-1456.0,-1457.0,,估计同步待核验
XY_Y-10-1-01,Y,2.0,994,XY/袁-20250529/Y-10-1-01/Test1/33061_1_23/Img000994.jpg,9.831986512524084,-8.0,-8.0,-1456.0,-1457.0,,估计同步待核验
XY_Y-10-1-01,Y,2.0,995,XY/袁-20250529/Y-10-1-01/Test1/33061_1_23/Img000995.jpg,9.841782273603082,-9.0,-8.0,-1455.0,-1457.0,,估计同步待核验
XY_Y-10-1-01,Y,2.0,996,XY/袁-20250529/Y-10-1-01/Test1/33061_1_23/Img000996.jpg,9.851578034682081,-8.421965317919394,-8.0,-1455.5780346820807,-1457.0,,估计同步待核验
XY_Y-10-1-01,Y,2.0,997,XY/袁-20250529/Y-10-1-01/Test1/33061_1_23/Img000997.jpg,9.861373795761079,-8.0,-8.0,-1456.0,-1457.0,,估计同步待核验
XY_Y-10-1-01,Y,2.0,998,XY/袁-20250529/Y-10-1-01/Test1/33061_1_23/Img000998.jpg,9.871169556840076,-8.0,-8.0,-1455.0,-1457.0,,估计同步待核验
XY_Y-10-1-01,Y,2.0,999,XY/袁-20250529/Y-10-1-01/Test1/33061_1_23/Img000999.jpg,9.880965317919074,-9.0,-8.0,-1456.0,-1457.0,,估计同步待核验
XY_Y-10-1-01,Y,2.0,1000,XY/袁-20250529/Y-10-1-01/Test1/33061_1_23/Img001000.jpg,9.890761078998073,-7.0,-8.0,-1455.0,-1456.0,,估计同步待核验
XY_Y-10-1-01,Y,2.0,1001,XY/袁-20250529/Y-10-1-01/Test1/33061_1_23/Img001001.jpg,9.900556840077071,-9.0,-8.0,-1456.0,-1456.0,,估计同步待核验
XY_Y-10-1-01,Y,2.0,1002,XY/袁-20250529/Y-10-1-01/Test1/33061_1_23/Img001002.jpg,9.910352601156069,-7.0,-8.0,-1455.0,-1456.0,,估计同步待核验
XY_Y-10-1-01,Y,2.0,1003,XY/袁-20250529/Y-10-1-01/Test1/33061_1_23/Img001003.jpg,9.920148362235068,-9.0,-7.0,-1455.0,-1457.0,,估计同步待核验
XY_Y-10-1-01,Y,2.0,1004,XY/袁-20250529/Y-10-1-01/Test1/33061_1_23/Img001004.jpg,9.929944123314066,-7.0,-8.0,-1455.0,-1457.0,,估计同步待核验
XY_Y-10-1-01,Y,2.0,1005,XY/袁-20250529/Y-10-1-01/Test1/33061_1_23/Img001005.jpg,9.939739884393063,-8.479768786126922,-8.0,-1455.0,-1456.2601156069366,,估计同步待核验
XY_Y-10-1-01,Y,2.0,1006,XY/袁-20250529/Y-10-1-01/Test1/33061_1_23/Img001006.jpg,9.94953564547206,-9.0,-8.0,-1455.0,-1456.0,,估计同步待核验
XY_Y-10-1-01,Y,2.0,1007,XY/袁-20250529/Y-10-1-01/Test1/33061_1_23/Img001007.jpg,9.95933140655106,-8.0,-8.0,-1455.0,-1456.0,,估计同步待核验
XY_Y-10-1-01,Y,2.0,1008,XY/袁-20250529/Y-10-1-01/Test1/33061_1_23/Img001008.jpg,9.969127167630058,-8.0,-8.0,-1454.0,-1456.0,,估计同步待核验
XY_Y-10-1-01,Y,2.0,1009,XY/袁-20250529/Y-10-1-01/Test1/33061_1_23/Img001009.jpg,9.978922928709055,-8.0,-8.0,-1455.0,-1456.0,,估计同步待核验
XY_Y-10-1-01,Y,2.0,1010,XY/袁-20250529/Y-10-1-01/Test1/33061_1_23/Img001010.jpg,9.988718689788053,-7.0,-8.0,-1454.0,-1456.0,,估计同步待核验
XY_Y-10-1-01,Y,2.0,1011,XY/袁-20250529/Y-10-1-01/Test1/33061_1_23/Img001011.jpg,9.998514450867052,-9.0,-8.0,-1455.0,-1456.0,,估计同步待核验
XY_Y-10-1-01,Y,2.0,1012,XY/袁-20250529/Y-10-1-01/Test1/33061_1_23/Img001012.jpg,10.00831021194605,-7.0,-8.0,-1454.0,-1456.0,,估计同步待核验
XY_Y-10-1-01,Y,2.0,1013,XY/袁-20250529/Y-10-1-01/Test1/33061_1_23/Img001013.jpg,10.018105973025047,-9.0,-8.0,-1455.0,-1456.0,,估计同步待核验
XY_Y-10-1-01,Y,2.0,1014,XY/袁-20250529/Y-10-1-01/Test1/33061_1_23/Img001014.jpg,10.027901734104047,-7.196531791907022,-8.0,-1454.0982658959535,-1456.0,,估计同步待核验
XY_Y-10-1-01,Y,2.0,1015,XY/袁-20250529/Y-10-1-01/Test1/33061_1_23/Img001015.jpg,10.037697495183044,-7.0,-8.0,-1454.0,-1456.0,,估计同步待核验
XY_Y-10-1-01,Y,2.0,1016,XY/袁-20250529/Y-10-1-01/Test1/33061_1_23/Img001016.jpg,10.047493256262042,-9.0,-8.0,-1454.0,-1456.0,,估计同步待核验
XY_Y-10-1-01,Y,2.0,1017,XY/袁-20250529/Y-10-1-01/Test1/33061_1_23/Img001017.jpg,10.05728901734104,-7.0,-8.0,-1454.0,-1456.0,,估计同步待核验
XY_Y-10-1-01,Y,2.0,1018,XY/袁-20250529/Y-10-1-01/Test1/33061_1_23/Img001018.jpg,10.067084778420039,-8.0,-8.0,-1454.0,-1455.0,,估计同步待核验
XY_Y-10-1-01,Y,2.0,1019,XY/袁-20250529/Y-10-1-01/Test1/33061_1_23/Img001019.jpg,10.076880539499037,-9.0,-8.0,-1454.0,-1455.0,,估计同步待核验
XY_Y-10-1-01,Y,2.0,1020,XY/袁-20250529/Y-10-1-01/Test1/33061_1_23/Img001020.jpg,10.086676300578034,-8.0,-8.0,-1453.0,-1455.0,,估计同步待核验
XY_Y-10-1-01,Y,2.0,1021,XY/袁-20250529/Y-10-1-01/Test1/33061_1_23/Img001021.jpg,10.096472061657034,-9.0,-7.0,-1454.0,-1455.0,,估计同步待核验
XY_Y-10-1-01,Y,2.0,1022,XY/袁-20250529/Y-10-1-01/Test1/33061_1_23/Img001022.jpg,10.106267822736031,-7.0,-8.0,-1453.0,-1455.0,,估计同步待核验
XY_Y-10-1-01,Y,2.0,1023,XY/袁-20250529/Y-10-1-01/Test1/33061_1_23/Img001023.jpg,10.116063583815029,-9.0,-7.0,-1454.0,-1455.0,,估计同步待核验
XY_Y-10-1-01,Y,2.0,1024,XY/袁-20250529/Y-10-1-01/Test1/33061_1_23/Img001024.jpg,10.125859344894026,-9.0,-7.0,-1454.0,-1455.0,,估计同步待核验
XY_Y-10-1-01,Y,2.0,1025,XY/袁-20250529/Y-10-1-01/Test1/33061_1_23/Img001025.jpg,10.135655105973026,-7.0,-8.0,-1453.0,-1455.0,,估计同步待核验
XY_Y-10-1-01,Y,2.0,1026,XY/袁-20250529/Y-10-1-01/Test1/33061_1_23/Img001026.jpg,10.145450867052023,-9.0,-8.0,-1454.0,-1455.0,,估计同步待核验
XY_Y-10-1-01,Y,2.0,1027,XY/袁-20250529/Y-10-1-01/Test1/33061_1_23/Img001027.jpg,10.155246628131021,-8.0,-8.0,-1453.0,-1455.0,,估计同步待核验
XY_Y-10-1-01,Y,2.0,1028,XY/袁-20250529/Y-10-1-01/Test1/33061_1_23/Img001028.jpg,10.16504238921002,-9.0,-8.0,-1453.0,-1455.0,,估计同步待核验
XY_Y-10-1-01,Y,2.0,1029,XY/袁-20250529/Y-10-1-01/Test1/33061_1_23/Img001029.jpg,10.174838150289018,-8.0,-8.0,-1453.0,-1455.0,,估计同步待核验
XY_Y-10-1-01,Y,2.0,1030,XY/袁-20250529/Y-10-1-01/Test1/33061_1_23/Img001030.jpg,10.184633911368016,-8.0,-8.0,-1453.0,-1455.0,,估计同步待核验
XY_Y-10-1-01,Y,2.0,1031,XY/袁-20250529/Y-10-1-01/Test1/33061_1_23/Img001031.jpg,10.194429672447013,-9.0,-8.0,-1453.0,-1455.0,,估计同步待核验
XY_Y-10-1-01,Y,2.0,1032,XY/袁-20250529/Y-10-1-01/Test1/33061_1_23/Img001032.jpg,10.204225433526013,-7.0,-8.0,-1453.0,-1454.0,,估计同步待核验
XY_Y-10-1-01,Y,2.0,1033,XY/袁-20250529/Y-10-1-01/Test1/33061_1_23/Img001033.jpg,10.21402119460501,-7.042389210019445,-7.978805394990277,-1453.0,-1454.0,,估计同步待核验
XY_Y-10-1-01,Y,2.0,1034,XY/袁-20250529/Y-10-1-01/Test1/33061_1_23/Img001034.jpg,10.223816955684008,-9.0,-7.0,-1453.0,-1454.0,,估计同步待核验
XY_Y-10-1-01,Y,2.0,1035,XY/袁-20250529/Y-10-1-01/Test1/33061_1_23/Img001035.jpg,10.233612716763005,-7.0,-8.0,-1453.0,-1454.0,,估计同步待核验
XY_Y-10-1-01,Y,2.0,1036,XY/袁-20250529/Y-10-1-01/Test1/33061_1_23/Img001036.jpg,10.243408477842005,-9.0,-8.0,-1453.0,-1454.0,,估计同步待核验
XY_Y-10-1-01,Y,2.0,1037,XY/袁-20250529/Y-10-1-01/Test1/33061_1_23/Img001037.jpg,10.253204238921002,-7.0,-8.0,-1453.0,-1454.0,,估计同步待核验
XY_Y-10-1-01,Y,2.0,1038,XY/袁-20250529/Y-10-1-01/Test1/33061_1_23/Img001038.jpg,10.263,-9.0,-7.0,-1453.0,-1454.0,,估计同步待核验
XY_Y-10-1-01,Y,2.0,1039,XY/袁-20250529/Y-10-1-01/Test1/33061_1_23/Img001039.jpg,10.272795761079,-8.0,-7.0,-1453.0,-1454.0,,估计同步待核验
XY_Y-10-1-01,Y,2.0,1040,XY/袁-20250529/Y-10-1-01/Test1/33061_1_23/Img001040.jpg,10.282591522157997,-8.0,-8.0,-1453.0,-1454.0,,估计同步待核验
XY_Y-10-1-01,Y,2.0,1041,XY/袁-20250529/Y-10-1-01/Test1/33061_1_23/Img001041.jpg,10.292387283236994,-8.0,-7.0,-1453.0,-1454.0,,估计同步待核验
XY_Y-10-1-01,Y,2.0,1042,XY/袁-20250529/Y-10-1-01/Test1/33061_1_23/Img001042.jpg,10.302183044315992,-7.816955684007748,-7.183044315992252,-1453.0,-1454.0,,估计同步待核验
XY_Y-10-1-01,Y,2.0,1043,XY/袁-20250529/Y-10-1-01/Test1/33061_1_23/Img001043.jpg,10.311978805394991,-7.0,-8.0,-1453.0,-1454.0,,估计同步待核验
XY_Y-10-1-01,Y,2.0,1044,XY/袁-20250529/Y-10-1-01/Test1/33061_1_23/Img001044.jpg,10.321774566473989,-9.0,-8.0,-1453.0,-1454.0,,估计同步待核验
XY_Y-10-1-01,Y,2.0,1045,XY/袁-20250529/Y-10-1-01/Test1/33061_1_23/Img001045.jpg,10.331570327552987,-7.0,-8.0,-1452.0,-1454.0,,估计同步待核验
XY_Y-10-1-01,Y,2.0,1046,XY/袁-20250529/Y-10-1-01/Test1/33061_1_23/Img001046.jpg,10.341366088631986,-9.0,-8.0,-1453.0,-1454.0,,估计同步待核验
XY_Y-10-1-01,Y,2.0,1047,XY/袁-20250529/Y-10-1-01/Test1/33061_1_23/Img001047.jpg,10.351161849710984,-7.0,-8.0,-1452.0,-1454.0,,估计同步待核验
XY_Y-10-1-01,Y,2.0,1048,XY/袁-20250529/Y-10-1-01/Test1/33061_1_23/Img001048.jpg,10.360957610789981,-9.0,-8.0,-1452.0,-1454.0,,估计同步待核验
XY_Y-10-1-01,Y,2.0,1049,XY/袁-20250529/Y-10-1-01/Test1/33061_1_23/Img001049.jpg,10.370753371868979,-7.0,-8.0,-1452.0,-1454.0,,估计同步待核验
XY_Y-10-1-01,Y,2.0,1050,XY/袁-20250529/Y-10-1-01/Test1/33061_1_23/Img001050.jpg,10.380549132947976,-8.0,-8.0,-1452.0,-1454.0,,估计同步待核验
XY_Y-10-1-01,Y,2.0,1051,XY/袁-20250529/Y-10-1-01/Test1/33061_1_23/Img001051.jpg,10.390344894026974,-8.0,-8.0,-1452.0,-1454.0,,估计同步待核验
XY_Y-10-1-01,Y,2.0,1052,XY/袁-20250529/Y-10-1-01/Test1/33061_1_23/Img001052.jpg,10.400140655105972,-8.0,-8.0,-1452.0,-1454.0,,估计同步待核验
XY_Y-10-1-01,Y,2.0,1053,XY/袁-20250529/Y-10-1-01/Test1/33061_1_23/Img001053.jpg,10.409936416184971,-8.0,-8.0,-1452.0,-1454.0,,估计同步待核验
XY_Y-10-1-01,Y,2.0,1054,XY/袁-20250529/Y-10-1-01/Test1/33061_1_23/Img001054.jpg,10.419732177263969,-9.0,-8.0,-1452.0,-1454.0,,估计同步待核验
XY_Y-10-1-01,Y,2.0,1055,XY/袁-20250529/Y-10-1-01/Test1/33061_1_23/Img001055.jpg,10.429527938342966,-7.0,-8.0,-1452.0,-1454.0,,估计同步待核验
XY_Y-10-1-01,Y,2.0,1056,XY/袁-20250529/Y-10-1-01/Test1/33061_1_23/Img001056.jpg,10.439323699421964,-9.0,-8.0,-1452.0,-1454.0,,估计同步待核验
XY_Y-10-1-01,Y,2.0,1057,XY/袁-20250529/Y-10-1-01/Test1/33061_1_23/Img001057.jpg,10.449119460500963,-7.0,-8.0,-1452.0,-1454.0,,估计同步待核验
XY_Y-10-1-01,Y,2.0,1058,XY/袁-20250529/Y-10-1-01/Test1/33061_1_23/Img001058.jpg,10.45891522157996,-9.0,-8.0,-1452.0,-1454.0,,估计同步待核验
XY_Y-10-1-01,Y,2.0,1059,XY/袁-20250529/Y-10-1-01/Test1/33061_1_23/Img001059.jpg,10.468710982658958,-7.0,-8.0,-1452.0,-1454.0,,估计同步待核验
XY_Y-10-1-01,Y,2.0,1060,XY/袁-20250529/Y-10-1-01/Test1/33061_1_23/Img001060.jpg,10.478506743737958,-8.01348747591657,-8.0,-1452.0,-1454.0,,估计同步待核验
XY_Y-10-1-01,Y,2.0,1061,XY/袁-20250529/Y-10-1-01/Test1/33061_1_23/Img001061.jpg,10.488302504816955,-9.0,-8.0,-1452.0,-1454.0,,估计同步待核验
XY_Y-10-1-01,Y,2.0,1062,XY/袁-20250529/Y-10-1-01/Test1/33061_1_23/Img001062.jpg,10.498098265895953,-8.0,-8.0,-1452.0,-1453.0,,估计同步待核验
XY_Y-10-1-01,Y,2.0,1063,XY/袁-20250529/Y-10-1-01/Test1/33061_1_23/Img001063.jpg,10.50789402697495,-8.0,-8.0,-1452.0,-1453.0,,估计同步待核验
XY_Y-10-1-01,Y,2.0,1064,XY/袁-20250529/Y-10-1-01/Test1/33061_1_23/Img001064.jpg,10.51768978805395,-8.0,-8.0,-1452.0,-1453.0,,估计同步待核验
XY_Y-10-1-01,Y,2.0,1065,XY/袁-20250529/Y-10-1-01/Test1/33061_1_23/Img001065.jpg,10.527485549132948,-7.0,-9.0,-1452.0,-1453.0,,估计同步待核验
XY_Y-10-1-01,Y,2.0,1066,XY/袁-20250529/Y-10-1-01/Test1/33061_1_23/Img001066.jpg,10.537281310211945,-9.0,-8.0,-1452.0,-1453.0,,估计同步待核验
XY_Y-10-1-01,Y,2.0,1067,XY/袁-20250529/Y-10-1-01/Test1/33061_1_23/Img001067.jpg,10.547077071290943,-7.0,-8.0,-1451.0,-1453.0,,估计同步待核验
XY_Y-10-1-01,Y,2.0,1068,XY/袁-20250529/Y-10-1-01/Test1/33061_1_23/Img001068.jpg,10.556872832369942,-9.0,-8.0,-1452.0,-1453.0,,估计同步待核验
XY_Y-10-1-01,Y,2.0,1069,XY/袁-20250529/Y-10-1-01/Test1/33061_1_23/Img001069.jpg,10.56666859344894,-7.662813102121275,-8.0,-1451.3314065510606,-1453.0,,估计同步待核验
XY_Y-10-1-01,Y,2.0,1070,XY/袁-20250529/Y-10-1-01/Test1/33061_1_23/Img001070.jpg,10.576464354527937,-7.0,-8.0,-1451.0,-1453.0,,估计同步待核验
XY_Y-10-1-01,Y,2.0,1071,XY/袁-20250529/Y-10-1-01/Test1/33061_1_23/Img001071.jpg,10.586260115606937,-9.0,-8.0,-1452.0,-1453.0,,估计同步待核验
XY_Y-10-1-01,Y,2.0,1072,XY/袁-20250529/Y-10-1-01/Test1/33061_1_23/Img001072.jpg,10.596055876685934,-7.0,-8.0,-1451.0,-1453.0,,估计同步待核验
XY_Y-10-1-01,Y,2.0,1073,XY/袁-20250529/Y-10-1-01/Test1/33061_1_23/Img001073.jpg,10.605851637764932,-8.0,-8.0,-1452.0,-1453.0,,估计同步待核验
XY_Y-10-1-01,Y,2.0,1074,XY/袁-20250529/Y-10-1-01/Test1/33061_1_23/Img001074.jpg,10.61564739884393,-8.0,-8.0,-1451.0,-1453.0,,估计同步待核验
XY_Y-10-1-01,Y,2.0,1075,XY/袁-20250529/Y-10-1-01/Test1/33061_1_23/Img001075.jpg,10.625443159922929,-8.0,-8.0,-1451.0,-1453.0,,估计同步待核验
XY_Y-10-1-01,Y,2.0,1076,XY/袁-20250529/Y-10-1-01/Test1/33061_1_23/Img001076.jpg,10.635238921001926,-9.0,-7.0,-1451.0,-1453.0,,估计同步待核验
XY_Y-10-1-01,Y,2.0,1077,XY/袁-20250529/Y-10-1-01/Test1/33061_1_23/Img001077.jpg,10.645034682080924,-7.0,-8.0,-1451.0,-1452.0,,估计同步待核验
XY_Y-10-1-01,Y,2.0,1078,XY/袁-20250529/Y-10-1-01/Test1/33061_1_23/Img001078.jpg,10.654830443159923,-8.660886319847986,-7.169556840076007,-1451.0,-1452.0,,估计同步待核验
XY_Y-10-1-01,Y,2.0,1079,XY/袁-20250529/Y-10-1-01/Test1/33061_1_23/Img001079.jpg,10.664626204238921,-9.0,-7.0,-1451.0,-1452.0,,估计同步待核验
XY_Y-10-1-01,Y,2.0,1080,XY/袁-20250529/Y-10-1-01/Test1/33061_1_23/Img001080.jpg,10.674421965317919,-7.0,-8.0,-1450.0,-1452.0,,估计同步待核验
XY_Y-10-1-01,Y,2.0,1081,XY/袁-20250529/Y-10-1-01/Test1/33061_1_23/Img001081.jpg,10.684217726396916,-9.0,-7.0,-1451.0,-1452.0,,估计同步待核验
XY_Y-10-1-01,Y,2.0,1082,XY/袁-20250529/Y-10-1-01/Test1/33061_1_23/Img001082.jpg,10.694013487475916,-7.0,-8.0,-1450.0,-1452.0,,估计同步待核验
XY_Y-10-1-01,Y,2.0,1083,XY/袁-20250529/Y-10-1-01/Test1/33061_1_23/Img001083.jpg,10.703809248554913,-9.0,-8.0,-1451.0,-1452.0,,估计同步待核验
XY_Y-10-1-01,Y,2.0,1084,XY/袁-20250529/Y-10-1-01/Test1/33061_1_23/Img001084.jpg,10.71360500963391,-8.0,-8.0,-1450.0,-1452.0,,估计同步待核验
XY_Y-10-1-01,Y,2.0,1085,XY/袁-20250529/Y-10-1-01/Test1/33061_1_23/Img001085.jpg,10.72340077071291,-8.0,-8.0,-1450.0,-1452.0,,估计同步待核验
XY_Y-10-1-01,Y,2.0,1086,XY/袁-20250529/Y-10-1-01/Test1/33061_1_23/Img001086.jpg,10.733196531791908,-9.0,-7.0,-1450.0,-1452.0,,估计同步待核验
XY_Y-10-1-01,Y,2.0,1087,XY/袁-20250529/Y-10-1-01/Test1/33061_1_23/Img001087.jpg,10.742992292870905,-8.007707129094928,-7.992292870905071,-1450.0,-1451.007707129095,,估计同步待核验
XY_Y-10-1-01,Y,2.0,1088,XY/袁-20250529/Y-10-1-01/Test1/33061_1_23/Img001088.jpg,10.752788053949903,-8.0,-8.0,-1450.0,-1451.0,,估计同步待核验
XY_Y-10-1-01,Y,2.0,1089,XY/袁-20250529/Y-10-1-01/Test1/33061_1_23/Img001089.jpg,10.762583815028902,-9.0,-7.0,-1450.0,-1451.0,,估计同步待核验
XY_Y-10-1-01,Y,2.0,1090,XY/袁-20250529/Y-10-1-01/Test1/33061_1_23/Img001090.jpg,10.7723795761079,-7.0,-8.0,-1450.0,-1451.0,,估计同步待核验
XY_Y-10-1-01,Y,2.0,1091,XY/袁-20250529/Y-10-1-01/Test1/33061_1_23/Img001091.jpg,10.782175337186898,-10.0,-7.0,-1450.0,-1451.0,,估计同步待核验
XY_Y-10-1-01,Y,2.0,1092,XY/袁-20250529/Y-10-1-01/Test1/33061_1_23/Img001092.jpg,10.791971098265895,-7.0,-8.0,-1450.0,-1451.0,,估计同步待核验
XY_Y-10-1-01,Y,2.0,1093,XY/袁-20250529/Y-10-1-01/Test1/33061_1_23/Img001093.jpg,10.801766859344895,-9.0,-8.0,-1450.0,-1451.0,,估计同步待核验
XY_Y-10-1-01,Y,2.0,1094,XY/袁-20250529/Y-10-1-01/Test1/33061_1_23/Img001094.jpg,10.811562620423892,-8.0,-8.0,-1449.0,-1451.0,,估计同步待核验
XY_Y-10-1-01,Y,2.0,1095,XY/袁-20250529/Y-10-1-01/Test1/33061_1_23/Img001095.jpg,10.82135838150289,-9.0,-8.0,-1449.0,-1451.0,,估计同步待核验
XY_Y-10-1-01,Y,2.0,1096,XY/袁-20250529/Y-10-1-01/Test1/33061_1_23/Img001096.jpg,10.83115414258189,-8.0,-8.0,-1449.0,-1450.0,,估计同步待核验
XY_Y-10-1-01,Y,2.0,1097,XY/袁-20250529/Y-10-1-01/Test1/33061_1_23/Img001097.jpg,10.840949903660887,-8.0,-8.0,-1449.0,-1450.0,,估计同步待核验
XY_Y-10-1-01,Y,2.0,1098,XY/袁-20250529/Y-10-1-01/Test1/33061_1_23/Img001098.jpg,10.850745664739884,-8.0,-8.0,-1449.0,-1450.0,,估计同步待核验
XY_Y-10-1-01,Y,2.0,1099,XY/袁-20250529/Y-10-1-01/Test1/33061_1_23/Img001099.jpg,10.860541425818882,-9.0,-7.0,-1449.0,-1450.0,,估计同步待核验
XY_Y-10-1-01,Y,2.0,1100,XY/袁-20250529/Y-10-1-01/Test1/33061_1_23/Img001100.jpg,10.870337186897881,-7.0,-8.0,-1448.0,-1450.0,,估计同步待核验
XY_Y-10-1-01,Y,2.0,1101,XY/袁-20250529/Y-10-1-01/Test1/33061_1_23/Img001101.jpg,10.880132947976879,-9.0,-8.0,-1449.0,-1450.0,,估计同步待核验
XY_Y-10-1-01,Y,2.0,1102,XY/袁-20250529/Y-10-1-01/Test1/33061_1_23/Img001102.jpg,10.889928709055877,-7.0,-8.0,-1448.0,-1450.0,,估计同步待核验
XY_Y-10-1-01,Y,2.0,1103,XY/袁-20250529/Y-10-1-01/Test1/33061_1_23/Img001103.jpg,10.899724470134876,-9.0,-8.0,-1448.0,-1449.0,,估计同步待核验
XY_Y-10-1-01,Y,2.0,1104,XY/袁-20250529/Y-10-1-01/Test1/33061_1_23/Img001104.jpg,10.909520231213873,-7.0,-8.0,-1448.0,-1449.0,,估计同步待核验
XY_Y-10-1-01,Y,2.0,1105,XY/袁-20250529/Y-10-1-01/Test1/33061_1_23/Img001105.jpg,10.919315992292871,-9.0,-8.0,-1448.0,-1449.0,,估计同步待核验
XY_Y-10-1-01,Y,2.0,1106,XY/袁-20250529/Y-10-1-01/Test1/33061_1_23/Img001106.jpg,10.929111753371869,-8.88824662813152,-8.0,-1448.0,-1449.0,,估计同步待核验
XY_Y-10-1-01,Y,2.0,1107,XY/袁-20250529/Y-10-1-01/Test1/33061_1_23/Img001107.jpg,10.938907514450868,-8.0,-8.0,-1448.0,-1449.0,,估计同步待核验
XY_Y-10-1-01,Y,2.0,1108,XY/袁-20250529/Y-10-1-01/Test1/33061_1_23/Img001108.jpg,10.948703275529866,-8.0,-8.0,-1448.0,-1449.0,,估计同步待核验
XY_Y-10-1-01,Y,2.0,1109,XY/袁-20250529/Y-10-1-01/Test1/33061_1_23/Img001109.jpg,10.958499036608863,-9.0,-8.0,-1448.0,-1449.0,,估计同步待核验
XY_Y-10-1-01,Y,2.0,1110,XY/袁-20250529/Y-10-1-01/Test1/33061_1_23/Img001110.jpg,10.968294797687863,-7.0,-8.0,-1447.0,-1449.0,,估计同步待核验
XY_Y-10-1-01,Y,2.0,1111,XY/袁-20250529/Y-10-1-01/Test1/33061_1_23/Img001111.jpg,10.97809055876686,-9.0,-8.0,-1448.0,-1449.0,,估计同步待核验
XY_Y-10-1-01,Y,2.0,1112,XY/袁-20250529/Y-10-1-01/Test1/33061_1_23/Img001112.jpg,10.987886319845858,-7.0,-8.0,-1448.0,-1449.0,,估计同步待核验
XY_Y-10-1-01,Y,2.0,1113,XY/袁-20250529/Y-10-1-01/Test1/33061_1_23/Img001113.jpg,10.997682080924855,-9.0,-8.0,-1448.0,-1449.0,,估计同步待核验
XY_Y-10-1-01,Y,2.0,1114,XY/袁-20250529/Y-10-1-01/Test1/33061_1_23/Img001114.jpg,11.007477842003855,-7.0,-8.0,-1448.0,-1449.0,,估计同步待核验
XY_Y-10-1-01,Y,2.0,1115,XY/袁-20250529/Y-10-1-01/Test1/33061_1_23/Img001115.jpg,11.017273603082852,-7.547206165705247,-8.0,-1448.0,-1449.0,,估计同步待核验
XY_Y-10-1-01,Y,2.0,1116,XY/袁-20250529/Y-10-1-01/Test1/33061_1_23/Img001116.jpg,11.02706936416185,-9.0,-8.0,-1448.0,-1449.0,,估计同步待核验
XY_Y-10-1-01,Y,2.0,1117,XY/袁-20250529/Y-10-1-01/Test1/33061_1_23/Img001117.jpg,11.036865125240848,-7.0,-8.0,-1448.0,-1449.0,,估计同步待核验
XY_Y-10-1-01,Y,2.0,1118,XY/袁-20250529/Y-10-1-01/Test1/33061_1_23/Img001118.jpg,11.046660886319845,-8.0,-8.0,-1447.0,-1449.0,,估计同步待核验
XY_Y-10-1-01,Y,2.0,1119,XY/袁-20250529/Y-10-1-01/Test1/33061_1_23/Img001119.jpg,11.056456647398843,-8.0,-8.0,-1447.0,-1448.0,,估计同步待核验
XY_Y-10-1-01,Y,2.0,1120,XY/袁-20250529/Y-10-1-01/Test1/33061_1_23/Img001120.jpg,11.06625240847784,-7.0,-8.0,-1447.0,-1448.0,,估计同步待核验
XY_Y-10-1-01,Y,2.0,1121,XY/袁-20250529/Y-10-1-01/Test1/33061_1_23/Img001121.jpg,11.07604816955684,-9.0,-7.0,-1447.0,-1448.0,,估计同步待核验
XY_Y-10-1-01,Y,2.0,1122,XY/袁-20250529/Y-10-1-01/Test1/33061_1_23/Img001122.jpg,11.085843930635837,-7.0,-8.0,-1447.0,-1448.0,,估计同步待核验
XY_Y-10-1-01,Y,2.0,1123,XY/袁-20250529/Y-10-1-01/Test1/33061_1_23/Img001123.jpg,11.095639691714835,-9.0,-8.0,-1447.0,-1448.0,,估计同步待核验
XY_Y-10-1-01,Y,2.0,1124,XY/袁-20250529/Y-10-1-01/Test1/33061_1_23/Img001124.jpg,11.105435452793833,-8.129094412335178,-8.0,-1447.0,-1448.0,,估计同步待核验
XY_Y-10-1-01,Y,2.0,1125,XY/袁-20250529/Y-10-1-01/Test1/33061_1_23/Img001125.jpg,11.115231213872832,-7.0,-8.0,-1447.0,-1448.0,,估计同步待核验
XY_Y-10-1-01,Y,2.0,1126,XY/袁-20250529/Y-10-1-01/Test1/33061_1_23/Img001126.jpg,11.12502697495183,-9.0,-8.0,-1447.0,-1448.0,,估计同步待核验
XY_Y-10-1-01,Y,2.0,1127,XY/袁-20250529/Y-10-1-01/Test1/33061_1_23/Img001127.jpg,11.134822736030827,-7.0,-8.0,-1446.0,-1448.0,,估计同步待核验
XY_Y-10-1-01,Y,2.0,1128,XY/袁-20250529/Y-10-1-01/Test1/33061_1_23/Img001128.jpg,11.144618497109827,-8.0,-8.0,-1446.0,-1448.0,,估计同步待核验
XY_Y-10-1-01,Y,2.0,1129,XY/袁-20250529/Y-10-1-01/Test1/33061_1_23/Img001129.jpg,11.154414258188824,-8.0,-8.0,-1446.0,-1448.0,,估计同步待核验
XY_Y-10-1-01,Y,2.0,1130,XY/袁-20250529/Y-10-1-01/Test1/33061_1_23/Img001130.jpg,11.164210019267822,-8.0,-8.0,-1446.0,-1448.0,,估计同步待核验
XY_Y-10-1-01,Y,2.0,1131,XY/袁-20250529/Y-10-1-01/Test1/33061_1_23/Img001131.jpg,11.17400578034682,-9.0,-8.0,-1446.0,-1447.0,,估计同步待核验
XY_Y-10-1-01,Y,2.0,1132,XY/袁-20250529/Y-10-1-01/Test1/33061_1_23/Img001132.jpg,11.183801541425819,-7.0,-8.0,-1445.0,-1447.0,,估计同步待核验
XY_Y-10-1-01,Y,2.0,1133,XY/袁-20250529/Y-10-1-01/Test1/33061_1_23/Img001133.jpg,11.193597302504816,-8.19460500963196,-7.40269749518402,-1445.597302504816,-1447.0,,估计同步待核验
XY_Y-10-1-01,Y,2.0,1134,XY/袁-20250529/Y-10-1-01/Test1/33061_1_23/Img001134.jpg,11.203393063583814,-9.0,-7.0,-1446.0,-1447.0,,估计同步待核验
XY_Y-10-1-01,Y,2.0,1135,XY/袁-20250529/Y-10-1-01/Test1/33061_1_23/Img001135.jpg,11.213188824662813,-7.0,-8.0,-1445.0,-1447.0,,估计同步待核验
XY_Y-10-1-01,Y,2.0,1136,XY/袁-20250529/Y-10-1-01/Test1/33061_1_23/Img001136.jpg,11.222984585741811,-9.0,-8.0,-1445.0,-1447.0,,估计同步待核验
XY_Y-10-1-01,Y,2.0,1137,XY/袁-20250529/Y-10-1-01/Test1/33061_1_23/Img001137.jpg,11.232780346820809,-7.0,-8.0,-1445.0,-1447.0,,估计同步待核验
XY_Y-10-1-01,Y,2.0,1138,XY/袁-20250529/Y-10-1-01/Test1/33061_1_23/Img001138.jpg,11.242576107899806,-9.0,-8.0,-1445.0,-1446.0,,估计同步待核验
XY_Y-10-1-01,Y,2.0,1139,XY/袁-20250529/Y-10-1-01/Test1/33061_1_23/Img001139.jpg,11.252371868978805,-8.0,-8.0,-1445.0,-1446.0,,估计同步待核验
XY_Y-10-1-01,Y,2.0,1140,XY/袁-20250529/Y-10-1-01/Test1/33061_1_23/Img001140.jpg,11.262167630057803,-8.0,-8.0,-1445.0,-1446.0,,估计同步待核验
XY_Y-10-1-01,Y,2.0,1141,XY/袁-20250529/Y-10-1-01/Test1/33061_1_23/Img001141.jpg,11.2719633911368,-8.0,-8.0,-1445.0,-1446.0,,估计同步待核验
XY_Y-10-1-01,Y,2.0,1142,XY/袁-20250529/Y-10-1-01/Test1/33061_1_23/Img001142.jpg,11.2817591522158,-7.240847784200104,-8.0,-1445.0,-1446.0,,估计同步待核验
XY_Y-10-1-01,Y,2.0,1143,XY/袁-20250529/Y-10-1-01/Test1/33061_1_23/Img001143.jpg,11.291554913294798,-7.0,-8.0,-1445.0,-1446.0,,估计同步待核验
XY_Y-10-1-01,Y,2.0,1144,XY/袁-20250529/Y-10-1-01/Test1/33061_1_23/Img001144.jpg,11.301350674373795,-9.0,-8.0,-1445.0,-1446.0,,估计同步待核验
XY_Y-10-1-01,Y,2.0,1145,XY/袁-20250529/Y-10-1-01/Test1/33061_1_23/Img001145.jpg,11.311146435452793,-7.0,-8.0,-1445.0,-1446.0,,估计同步待核验
XY_Y-10-1-01,Y,2.0,1146,XY/袁-20250529/Y-10-1-01/Test1/33061_1_23/Img001146.jpg,11.320942196531792,-9.0,-8.0,-1445.0,-1446.0,,估计同步待核验
XY_Y-10-1-01,Y,2.0,1147,XY/袁-20250529/Y-10-1-01/Test1/33061_1_23/Img001147.jpg,11.33073795761079,-7.0,-8.0,-1445.0,-1446.0,,估计同步待核验
XY_Y-10-1-01,Y,2.0,1148,XY/袁-20250529/Y-10-1-01/Test1/33061_1_23/Img001148.jpg,11.340533718689787,-10.0,-8.0,-1445.0,-1445.0,,估计同步待核验
XY_Y-10-1-01,Y,2.0,1149,XY/袁-20250529/Y-10-1-01/Test1/33061_1_23/Img001149.jpg,11.350329479768785,-8.0,-8.0,-1444.0,-1445.0,,估计同步待核验
XY_Y-10-1-01,Y,2.0,1150,XY/袁-20250529/Y-10-1-01/Test1/33061_1_23/Img001150.jpg,11.360125240847784,-9.0,-8.0,-1444.0,-1445.0,,估计同步待核验
XY_Y-10-1-01,Y,2.0,1151,XY/袁-20250529/Y-10-1-01/Test1/33061_1_23/Img001151.jpg,11.369921001926782,-8.078998073217251,-8.0,-1444.0,-1445.0,,估计同步待核验
XY_Y-10-1-01,Y,2.0,1152,XY/袁-20250529/Y-10-1-01/Test1/33061_1_23/Img001152.jpg,11.37971676300578,-8.0,-8.0,-1444.0,-1445.0,,估计同步待核验
XY_Y-10-1-01,Y,2.0,1153,XY/袁-20250529/Y-10-1-01/Test1/33061_1_23/Img001153.jpg,11.389512524084779,-8.0,-8.0,-1443.0,-1445.0,,估计同步待核验
XY_Y-10-1-01,Y,2.0,1154,XY/袁-20250529/Y-10-1-01/Test1/33061_1_23/Img001154.jpg,11.399308285163777,-9.0,-8.0,-1443.0,-1445.0,,估计同步待核验
XY_Y-10-1-01,Y,2.0,1155,XY/袁-20250529/Y-10-1-01/Test1/33061_1_23/Img001155.jpg,11.409104046242774,-7.0,-8.0,-1443.0,-1445.0,,估计同步待核验
XY_Y-10-1-01,Y,2.0,1156,XY/袁-20250529/Y-10-1-01/Test1/33061_1_23/Img001156.jpg,11.418899807321772,-9.0,-8.0,-1443.0,-1444.0,,估计同步待核验
XY_Y-10-1-01,Y,2.0,1157,XY/袁-20250529/Y-10-1-01/Test1/33061_1_23/Img001157.jpg,11.428695568400771,-7.0,-8.0,-1443.0,-1444.0,,估计同步待核验
XY_Y-10-1-01,Y,2.0,1158,XY/袁-20250529/Y-10-1-01/Test1/33061_1_23/Img001158.jpg,11.438491329479769,-9.0,-8.0,-1443.0,-1444.0,,估计同步待核验
XY_Y-10-1-01,Y,2.0,1159,XY/袁-20250529/Y-10-1-01/Test1/33061_1_23/Img001159.jpg,11.448287090558766,-7.0,-8.0,-1443.0,-1444.0,,估计同步待核验
XY_Y-10-1-01,Y,2.0,1160,XY/袁-20250529/Y-10-1-01/Test1/33061_1_23/Img001160.jpg,11.458082851637766,-9.0,-8.0,-1443.0,-1444.0,,估计同步待核验
XY_Y-10-1-01,Y,2.0,1161,XY/袁-20250529/Y-10-1-01/Test1/33061_1_23/Img001161.jpg,11.467878612716763,-9.0,-8.0,-1443.0,-1444.0,,估计同步待核验
XY_Y-10-1-01,Y,2.0,1162,XY/袁-20250529/Y-10-1-01/Test1/33061_1_23/Img001162.jpg,11.477674373795761,-7.0,-8.0,-1442.0,-1444.0,,估计同步待核验
XY_Y-10-1-01,Y,2.0,1163,XY/袁-20250529/Y-10-1-01/Test1/33061_1_23/Img001163.jpg,11.487470134874759,-8.0,-8.0,-1442.0,-1444.0,,估计同步待核验
XY_Y-10-1-01,Y,2.0,1164,XY/袁-20250529/Y-10-1-01/Test1/33061_1_23/Img001164.jpg,11.497265895953758,-9.0,-8.0,-1442.0,-1444.0,,估计同步待核验
XY_Y-10-1-01,Y,2.0,1165,XY/袁-20250529/Y-10-1-01/Test1/33061_1_23/Img001165.jpg,11.507061657032756,-8.0,-8.0,-1442.0,-1444.0,,估计同步待核验
XY_Y-10-1-01,Y,2.0,1166,XY/袁-20250529/Y-10-1-01/Test1/33061_1_23/Img001166.jpg,11.516857418111753,-9.0,-8.0,-1442.0,-1443.0,,估计同步待核验
XY_Y-10-1-01,Y,2.0,1167,XY/袁-20250529/Y-10-1-01/Test1/33061_1_23/Img001167.jpg,11.526653179190752,-7.0,-8.0,-1441.0,-1443.0,,估计同步待核验
XY_Y-10-1-01,Y,2.0,1168,XY/袁-20250529/Y-10-1-01/Test1/33061_1_23/Img001168.jpg,11.53644894026975,-9.0,-8.0,-1442.0,-1443.0,,估计同步待核验
XY_Y-10-1-01,Y,2.0,1169,XY/袁-20250529/Y-10-1-01/Test1/33061_1_23/Img001169.jpg,11.546244701348748,-7.0,-8.0,-1441.0,-1443.0,,估计同步待核验
XY_Y-10-1-01,Y,2.0,1170,XY/袁-20250529/Y-10-1-01/Test1/33061_1_23/Img001170.jpg,11.556040462427745,-7.080924855492172,-8.0,-1441.0,-1442.959537572254,,估计同步待核验
XY_Y-10-1-01,Y,2.0,1171,XY/袁-20250529/Y-10-1-01/Test1/33061_1_23/Img001171.jpg,11.565836223506745,-9.0,-8.0,-1441.0,-1442.0,,估计同步待核验
XY_Y-10-1-01,Y,2.0,1172,XY/袁-20250529/Y-10-1-01/Test1/33061_1_23/Img001172.jpg,11.575631984585742,-7.0,-8.0,-1441.0,-1442.0,,估计同步待核验
XY_Y-10-1-01,Y,2.0,1173,XY/袁-20250529/Y-10-1-01/Test1/33061_1_23/Img001173.jpg,11.58542774566474,-9.0,-8.0,-1440.0,-1442.0,,估计同步待核验
XY_Y-10-1-01,Y,2.0,1174,XY/袁-20250529/Y-10-1-01/Test1/33061_1_23/Img001174.jpg,11.59522350674374,-8.0,-8.0,-1440.0,-1442.0,,估计同步待核验
XY_Y-10-1-01,Y,2.0,1175,XY/袁-20250529/Y-10-1-01/Test1/33061_1_23/Img001175.jpg,11.605019267822737,-8.0,-8.0,-1440.0,-1442.0,,估计同步待核验
XY_Y-10-1-01,Y,2.0,1176,XY/袁-20250529/Y-10-1-01/Test1/33061_1_23/Img001176.jpg,11.614815028901734,-9.0,-7.0,-1440.0,-1442.0,,估计同步待核验
XY_Y-10-1-01,Y,2.0,1177,XY/袁-20250529/Y-10-1-01/Test1/33061_1_23/Img001177.jpg,11.624610789980732,-7.0,-8.0,-1440.0,-1442.0,,估计同步待核验
XY_Y-10-1-01,Y,2.0,1178,XY/袁-20250529/Y-10-1-01/Test1/33061_1_23/Img001178.jpg,11.634406551059731,-9.0,-7.0,-1440.0,-1442.0,,估计同步待核验
XY_Y-10-1-01,Y,2.0,1179,XY/袁-20250529/Y-10-1-01/Test1/33061_1_23/Img001179.jpg,11.644202312138729,-8.595375722541977,-7.202312138729011,-1440.0,-1442.0,,估计同步待核验
XY_Y-10-1-01,Y,2.0,1180,XY/袁-20250529/Y-10-1-01/Test1/33061_1_23/Img001180.jpg,11.653998073217727,-7.0,-8.0,-1440.0,-1442.0,,估计同步待核验
XY_Y-10-1-01,Y,2.0,1181,XY/袁-20250529/Y-10-1-01/Test1/33061_1_23/Img001181.jpg,11.663793834296724,-9.0,-8.0,-1440.0,-1442.0,,估计同步待核验
XY_Y-10-1-01,Y,2.0,1182,XY/袁-20250529/Y-10-1-01/Test1/33061_1_23/Img001182.jpg,11.673589595375724,-7.0,-8.0,-1439.0,-1441.0,,估计同步待核验
XY_Y-10-1-01,Y,2.0,1183,XY/袁-20250529/Y-10-1-01/Test1/33061_1_23/Img001183.jpg,11.683385356454721,-9.0,-8.0,-1439.0,-1441.0,,估计同步待核验
XY_Y-10-1-01,Y,2.0,1184,XY/袁-20250529/Y-10-1-01/Test1/33061_1_23/Img001184.jpg,11.693181117533719,-8.0,-8.0,-1439.0,-1441.0,,估计同步待核验
XY_Y-10-1-01,Y,2.0,1185,XY/袁-20250529/Y-10-1-01/Test1/33061_1_23/Img001185.jpg,11.702976878612716,-8.0,-8.0,-1439.0,-1441.0,,估计同步待核验
XY_Y-10-1-01,Y,2.0,1186,XY/袁-20250529/Y-10-1-01/Test1/33061_1_23/Img001186.jpg,11.712772639691714,-8.0,-8.0,-1439.0,-1441.0,,估计同步待核验
XY_Y-10-1-01,Y,2.0,1187,XY/袁-20250529/Y-10-1-01/Test1/33061_1_23/Img001187.jpg,11.722568400770712,-8.0,-8.0,-1438.0,-1440.0,,估计同步待核验
XY_Y-10-1-01,Y,2.0,1188,XY/袁-20250529/Y-10-1-01/Test1/33061_1_23/Img001188.jpg,11.73236416184971,-8.364161849709442,-7.6358381502905575,-1438.0,-1440.0,,估计同步待核验
XY_Y-10-1-01,Y,2.0,1189,XY/袁-20250529/Y-10-1-01/Test1/33061_1_23/Img001189.jpg,11.742159922928709,-9.0,-7.0,-1438.0,-1440.0,,估计同步待核验
XY_Y-10-1-01,Y,2.0,1190,XY/袁-20250529/Y-10-1-01/Test1/33061_1_23/Img001190.jpg,11.751955684007706,-7.0,-8.0,-1438.0,-1439.0,,估计同步待核验
XY_Y-10-1-01,Y,2.0,1191,XY/袁-20250529/Y-10-1-01/Test1/33061_1_23/Img001191.jpg,11.761751445086704,-9.0,-7.0,-1438.0,-1439.0,,估计同步待核验
XY_Y-10-1-01,Y,2.0,1192,XY/袁-20250529/Y-10-1-01/Test1/33061_1_23/Img001192.jpg,11.771547206165703,-7.0,-8.0,-1438.0,-1439.0,,估计同步待核验
XY_Y-10-1-01,Y,2.0,1193,XY/袁-20250529/Y-10-1-01/Test1/33061_1_23/Img001193.jpg,11.7813429672447,-9.0,-8.0,-1438.0,-1439.0,,估计同步待核验
XY_Y-10-1-01,Y,2.0,1194,XY/袁-20250529/Y-10-1-01/Test1/33061_1_23/Img001194.jpg,11.791138728323698,-7.0,-8.0,-1438.0,-1439.0,,估计同步待核验
XY_Y-10-1-01,Y,2.0,1195,XY/袁-20250529/Y-10-1-01/Test1/33061_1_23/Img001195.jpg,11.800934489402696,-9.0,-8.0,-1438.0,-1439.0,,估计同步待核验
XY_Y-10-1-01,Y,2.0,1196,XY/袁-20250529/Y-10-1-01/Test1/33061_1_23/Img001196.jpg,11.810730250481695,-8.0,-8.0,-1438.0,-1439.0,,估计同步待核验
XY_Y-10-1-01,Y,2.0,1197,XY/袁-20250529/Y-10-1-01/Test1/33061_1_23/Img001197.jpg,11.820526011560693,-8.0,-8.0,-1437.473988439307,-1439.0,,估计同步待核验
XY_Y-10-1-01,Y,2.0,1198,XY/袁-20250529/Y-10-1-01/Test1/33061_1_23/Img001198.jpg,11.83032177263969,-8.0,-8.0,-1437.0,-1439.0,,估计同步待核验
XY_Y-10-1-01,Y,2.0,1199,XY/袁-20250529/Y-10-1-01/Test1/33061_1_23/Img001199.jpg,11.84011753371869,-9.0,-8.0,-1437.0,-1439.0,,估计同步待核验
XY_Y-10-1-01,Y,2.0,1200,XY/袁-20250529/Y-10-1-01/Test1/33061_1_23/Img001200.jpg,11.849913294797688,-7.0,-8.0,-1437.0,-1438.0,,估计同步待核验
XY_Y-10-1-01,Y,2.0,1201,XY/袁-20250529/Y-10-1-01/Test1/33061_1_23/Img001201.jpg,11.859709055876685,-9.0,-8.0,-1437.0,-1438.0,,估计同步待核验
XY_Y-10-1-01,Y,2.0,1202,XY/袁-20250529/Y-10-1-01/Test1/33061_1_23/Img001202.jpg,11.869504816955683,-7.0,-8.0,-1436.0,-1438.0,,估计同步待核验
XY_Y-10-1-01,Y,2.0,1203,XY/袁-20250529/Y-10-1-01/Test1/33061_1_23/Img001203.jpg,11.879300578034682,-9.0,-8.0,-1437.0,-1438.0,,估计同步待核验
XY_Y-10-1-01,Y,2.0,1204,XY/袁-20250529/Y-10-1-01/Test1/33061_1_23/Img001204.jpg,11.88909633911368,-7.0,-8.0,-1436.0,-1438.0,,估计同步待核验
XY_Y-10-1-01,Y,2.0,1205,XY/袁-20250529/Y-10-1-01/Test1/33061_1_23/Img001205.jpg,11.898892100192677,-9.0,-8.0,-1436.0,-1438.0,,估计同步待核验
XY_Y-10-1-01,Y,2.0,1206,XY/袁-20250529/Y-10-1-01/Test1/33061_1_23/Img001206.jpg,11.908687861271675,-8.312138728325424,-8.0,-1436.0,-1438.0,,估计同步待核验
XY_Y-10-1-01,Y,2.0,1207,XY/袁-20250529/Y-10-1-01/Test1/33061_1_23/Img001207.jpg,11.918483622350674,-8.0,-8.0,-1436.0,-1438.0,,估计同步待核验
XY_Y-10-1-01,Y,2.0,1208,XY/袁-20250529/Y-10-1-01/Test1/33061_1_23/Img001208.jpg,11.928279383429672,-8.0,-8.0,-1436.0,-1437.0,,估计同步待核验
XY_Y-10-1-01,Y,2.0,1209,XY/袁-20250529/Y-10-1-01/Test1/33061_1_23/Img001209.jpg,11.93807514450867,-8.0,-8.0,-1436.0,-1437.0,,估计同步待核验
XY_Y-10-1-01,Y,2.0,1210,XY/袁-20250529/Y-10-1-01/Test1/33061_1_23/Img001210.jpg,11.947870905587669,-7.0,-8.0,-1436.0,-1437.0,,估计同步待核验
XY_Y-10-1-01,Y,2.0,1211,XY/袁-20250529/Y-10-1-01/Test1/33061_1_23/Img001211.jpg,11.957666666666666,-9.0,-8.0,-1436.0,-1437.0,,估计同步待核验
XY_Y-10-1-01,Y,2.0,1212,XY/袁-20250529/Y-10-1-01/Test1/33061_1_23/Img001212.jpg,11.967462427745664,-7.0,-8.0,-1435.0,-1437.0,,估计同步待核验
XY_Y-10-1-01,Y,2.0,1213,XY/袁-20250529/Y-10-1-01/Test1/33061_1_23/Img001213.jpg,11.977258188824662,-10.0,-8.0,-1435.0,-1437.0,,估计同步待核验
XY_Y-10-1-01,Y,2.0,1214,XY/袁-20250529/Y-10-1-01/Test1/33061_1_23/Img001214.jpg,11.987053949903661,-7.0,-8.0,-1435.0,-1437.0,,估计同步待核验
XY_Y-10-1-01,Y,2.0,1215,XY/袁-20250529/Y-10-1-01/Test1/33061_1_23/Img001215.jpg,11.996849710982659,-8.699421965317303,-8.0,-1435.0,-1436.1502890173413,,估计同步待核验
XY_Y-10-1-01,Y,2.0,1216,XY/袁-20250529/Y-10-1-01/Test1/33061_1_23/Img001216.jpg,12.006645472061656,-9.0,-8.0,-1435.0,-1436.0,,估计同步待核验
XY_Y-10-1-01,Y,2.0,1217,XY/袁-20250529/Y-10-1-01/Test1/33061_1_23/Img001217.jpg,12.016441233140656,-7.0,-8.0,-1435.0,-1436.0,,估计同步待核验
XY_Y-10-1-01,Y,2.0,1218,XY/袁-20250529/Y-10-1-01/Test1/33061_1_23/Img001218.jpg,12.026236994219653,-9.0,-8.0,-1434.0,-1436.0,,估计同步待核验
XY_Y-10-1-01,Y,2.0,1219,XY/袁-20250529/Y-10-1-01/Test1/33061_1_23/Img001219.jpg,12.03603275529865,-8.0,-8.0,-1435.0,-1436.0,,估计同步待核验
XY_Y-10-1-01,Y,2.0,1220,XY/袁-20250529/Y-10-1-01/Test1/33061_1_23/Img001220.jpg,12.045828516377648,-8.0,-8.0,-1434.0,-1436.0,,估计同步待核验
XY_Y-10-1-01,Y,2.0,1221,XY/袁-20250529/Y-10-1-01/Test1/33061_1_23/Img001221.jpg,12.055624277456648,-9.0,-8.0,-1435.0,-1436.0,,估计同步待核验
XY_Y-10-1-01,Y,2.0,1222,XY/袁-20250529/Y-10-1-01/Test1/33061_1_23/Img001222.jpg,12.065420038535645,-7.0,-8.0,-1434.0,-1436.0,,估计同步待核验
XY_Y-10-1-01,Y,2.0,1223,XY/袁-20250529/Y-10-1-01/Test1/33061_1_23/Img001223.jpg,12.075215799614643,-9.0,-8.0,-1434.0,-1436.0,,估计同步待核验
XY_Y-10-1-01,Y,2.0,1224,XY/袁-20250529/Y-10-1-01/Test1/33061_1_23/Img001224.jpg,12.085011560693642,-7.0,-8.0,-1433.0,-1435.0,,估计同步待核验
XY_Y-10-1-01,Y,2.0,1225,XY/袁-20250529/Y-10-1-01/Test1/33061_1_23/Img001225.jpg,12.09480732177264,-7.0,-8.0,-1433.0,-1435.0,,估计同步待核验
XY_Y-10-1-01,Y,2.0,1226,XY/袁-20250529/Y-10-1-01/Test1/33061_1_23/Img001226.jpg,12.104603082851638,-9.0,-8.0,-1433.0,-1435.0,,估计同步待核验
XY_Y-10-1-01,Y,2.0,1227,XY/袁-20250529/Y-10-1-01/Test1/33061_1_23/Img001227.jpg,12.114398843930635,-7.0,-8.0,-1433.0,-1435.0,,估计同步待核验
XY_Y-10-1-01,Y,2.0,1228,XY/袁-20250529/Y-10-1-01/Test1/33061_1_23/Img001228.jpg,12.124194605009635,-9.0,-8.0,-1433.0,-1435.0,,估计同步待核验
XY_Y-10-1-01,Y,2.0,1229,XY/袁-20250529/Y-10-1-01/Test1/33061_1_23/Img001229.jpg,12.133990366088632,-8.0,-8.0,-1432.0,-1434.0,,估计同步待核验
XY_Y-10-1-01,Y,2.0,1230,XY/袁-20250529/Y-10-1-01/Test1/33061_1_23/Img001230.jpg,12.14378612716763,-8.0,-8.0,-1432.0,-1434.0,,估计同步待核验
XY_Y-10-1-01,Y,2.0,1231,XY/袁-20250529/Y-10-1-01/Test1/33061_1_23/Img001231.jpg,12.153581888246629,-8.0,-8.0,-1433.0,-1434.0,,估计同步待核验
XY_Y-10-1-01,Y,2.0,1232,XY/袁-20250529/Y-10-1-01/Test1/33061_1_23/Img001232.jpg,12.163377649325627,-7.0,-8.0,-1432.0,-1434.0,,估计同步待核验
XY_Y-10-1-01,Y,2.0,1233,XY/袁-20250529/Y-10-1-01/Test1/33061_1_23/Img001233.jpg,12.173173410404624,-9.0,-7.0,-1433.0,-1434.0,,估计同步待核验
XY_Y-10-1-01,Y,2.0,1234,XY/袁-20250529/Y-10-1-01/Test1/33061_1_23/Img001234.jpg,12.182969171483622,-9.0,-7.0,-1433.0,-1434.0,,估计同步待核验
XY_Y-10-1-01,Y,2.0,1235,XY/袁-20250529/Y-10-1-01/Test1/33061_1_23/Img001235.jpg,12.192764932562621,-7.0,-8.0,-1432.0,-1434.0,,估计同步待核验
XY_Y-10-1-01,Y,2.0,1236,XY/袁-20250529/Y-10-1-01/Test1/33061_1_23/Img001236.jpg,12.202560693641619,-9.0,-7.0,-1432.0,-1433.0,,估计同步待核验
XY_Y-10-1-01,Y,2.0,1237,XY/袁-20250529/Y-10-1-01/Test1/33061_1_23/Img001237.jpg,12.212356454720616,-7.0,-8.0,-1431.0,-1433.0,,估计同步待核验
XY_Y-10-1-01,Y,2.0,1238,XY/袁-20250529/Y-10-1-01/Test1/33061_1_23/Img001238.jpg,12.222152215799614,-9.0,-8.0,-1431.0,-1433.0,,估计同步待核验
XY_Y-10-1-01,Y,2.0,1239,XY/袁-20250529/Y-10-1-01/Test1/33061_1_23/Img001239.jpg,12.231947976878613,-7.0,-8.0,-1431.0,-1432.0,,估计同步待核验
XY_Y-10-1-01,Y,2.0,1240,XY/袁-20250529/Y-10-1-01/Test1/33061_1_23/Img001240.jpg,12.241743737957611,-8.0,-8.0,-1430.0,-1432.0,,估计同步待核验
XY_Y-10-1-01,Y,2.0,1241,XY/袁-20250529/Y-10-1-01/Test1/33061_1_23/Img001241.jpg,12.251539499036609,-8.0,-8.0,-1430.0,-1432.0,,估计同步待核验
XY_Y-10-1-01,Y,2.0,1242,XY/袁-20250529/Y-10-1-01/Test1/33061_1_23/Img001242.jpg,12.261335260115608,-7.0,-8.0,-1430.0,-1432.0,,估计同步待核验
XY_Y-10-1-01,Y,2.0,1243,XY/袁-20250529/Y-10-1-01/Test1/33061_1_23/Img001243.jpg,12.271131021194606,-7.131021194604914,-8.0,-1430.0,-1431.868978805395,,估计同步待核验
XY_Y-10-1-01,Y,2.0,1244,XY/袁-20250529/Y-10-1-01/Test1/33061_1_23/Img001244.jpg,12.280926782273603,-8.0,-8.0,-1430.0,-1431.0,,估计同步待核验
XY_Y-10-1-01,Y,2.0,1245,XY/袁-20250529/Y-10-1-01/Test1/33061_1_23/Img001245.jpg,12.2907225433526,-7.0,-8.0,-1429.0,-1431.0,,估计同步待核验
XY_Y-10-1-01,Y,2.0,1246,XY/袁-20250529/Y-10-1-01/Test1/33061_1_23/Img001246.jpg,12.3005183044316,-9.0,-8.0,-1430.0,-1431.0,,估计同步待核验
XY_Y-10-1-01,Y,2.0,1247,XY/袁-20250529/Y-10-1-01/Test1/33061_1_23/Img001247.jpg,12.310314065510598,-7.0,-8.0,-1429.0,-1431.0,,估计同步待核验
XY_Y-10-1-01,Y,2.0,1248,XY/袁-20250529/Y-10-1-01/Test1/33061_1_23/Img001248.jpg,12.320109826589595,-9.0,-8.0,-1429.0,-1431.0,,估计同步待核验
XY_Y-10-1-01,Y,2.0,1249,XY/袁-20250529/Y-10-1-01/Test1/33061_1_23/Img001249.jpg,12.329905587668595,-7.0,-8.0,-1429.0,-1430.0,,估计同步待核验
XY_Y-10-1-01,Y,2.0,1250,XY/袁-20250529/Y-10-1-01/Test1/33061_1_23/Img001250.jpg,12.339701348747592,-9.0,-8.0,-1429.0,-1430.0,,估计同步待核验
XY_Y-10-1-01,Y,2.0,1251,XY/袁-20250529/Y-10-1-01/Test1/33061_1_23/Img001251.jpg,12.34949710982659,-8.0,-8.0,-1428.0,-1430.0,,估计同步待核验
XY_Y-10-1-01,Y,2.0,1252,XY/袁-20250529/Y-10-1-01/Test1/33061_1_23/Img001252.jpg,12.359292870905588,-8.0,-8.0,-1428.0,-1429.7071290944123,,估计同步待核验
XY_Y-10-1-01,Y,2.0,1253,XY/袁-20250529/Y-10-1-01/Test1/33061_1_23/Img001253.jpg,12.369088631984585,-8.0,-8.0,-1428.0,-1429.0,,估计同步待核验
XY_Y-10-1-01,Y,2.0,1254,XY/袁-20250529/Y-10-1-01/Test1/33061_1_23/Img001254.jpg,12.378884393063583,-9.0,-7.0,-1428.0,-1429.0,,估计同步待核验
XY_Y-10-1-01,Y,2.0,1255,XY/袁-20250529/Y-10-1-01/Test1/33061_1_23/Img001255.jpg,12.38868015414258,-7.0,-8.0,-1427.0,-1429.0,,估计同步待核验
XY_Y-10-1-01,Y,2.0,1256,XY/袁-20250529/Y-10-1-01/Test1/33061_1_23/Img001256.jpg,12.39847591522158,-9.0,-8.0,-1428.0,-1429.0,,估计同步待核验
XY_Y-10-1-01,Y,2.0,1257,XY/袁-20250529/Y-10-1-01/Test1/33061_1_23/Img001257.jpg,12.408271676300577,-7.0,-8.0,-1427.0,-1429.0,,估计同步待核验
XY_Y-10-1-01,Y,2.0,1258,XY/袁-20250529/Y-10-1-01/Test1/33061_1_23/Img001258.jpg,12.418067437379575,-9.0,-8.0,-1427.0,-1428.0,,估计同步待核验
XY_Y-10-1-01,Y,2.0,1259,XY/袁-20250529/Y-10-1-01/Test1/33061_1_23/Img001259.jpg,12.427863198458573,-7.0,-8.0,-1426.0,-1428.0,,估计同步待核验
XY_Y-10-1-01,Y,2.0,1260,XY/袁-20250529/Y-10-1-01/Test1/33061_1_23/Img001260.jpg,12.437658959537572,-9.0,-8.0,-1426.0,-1428.0,,估计同步待核验
XY_Y-10-1-01,Y,2.0,1261,XY/袁-20250529/Y-10-1-01/Test1/33061_1_23/Img001261.jpg,12.44745472061657,-8.545279383430186,-8.0,-1426.0,-1428.0,,估计同步待核验
XY_Y-10-1-01,Y,2.0,1262,XY/袁-20250529/Y-10-1-01/Test1/33061_1_23/Img001262.jpg,12.457250481695567,-8.0,-8.0,-1426.0,-1428.0,,估计同步待核验
XY_Y-10-1-01,Y,2.0,1263,XY/袁-20250529/Y-10-1-01/Test1/33061_1_23/Img001263.jpg,12.467046242774565,-9.0,-8.0,-1426.0,-1428.0,,估计同步待核验
XY_Y-10-1-01,Y,2.0,1264,XY/袁-20250529/Y-10-1-01/Test1/33061_1_23/Img001264.jpg,12.476842003853564,-8.0,-7.0,-1426.0,-1428.0,,估计同步待核验
XY_Y-10-1-01,Y,2.0,1265,XY/袁-20250529/Y-10-1-01/Test1/33061_1_23/Img001265.jpg,12.486637764932562,-8.0,-8.0,-1425.0,-1427.0,,估计同步待核验
XY_Y-10-1-01,Y,2.0,1266,XY/袁-20250529/Y-10-1-01/Test1/33061_1_23/Img001266.jpg,12.49643352601156,-9.0,-7.0,-1425.0,-1427.0,,估计同步待核验
XY_Y-10-1-01,Y,2.0,1267,XY/袁-20250529/Y-10-1-01/Test1/33061_1_23/Img001267.jpg,12.506229287090559,-7.0,-8.0,-1425.0,-1427.0,,估计同步待核验
XY_Y-10-1-01,Y,2.0,1268,XY/袁-20250529/Y-10-1-01/Test1/33061_1_23/Img001268.jpg,12.516025048169556,-9.0,-7.0,-1425.0,-1427.0,,估计同步待核验
XY_Y-10-1-01,Y,2.0,1269,XY/袁-20250529/Y-10-1-01/Test1/33061_1_23/Img001269.jpg,12.525820809248554,-7.0,-8.0,-1425.0,-1426.0,,估计同步待核验
XY_Y-10-1-01,Y,2.0,1270,XY/袁-20250529/Y-10-1-01/Test1/33061_1_23/Img001270.jpg,12.535616570327551,-8.849710982655099,-8.0,-1425.0,-1426.0,,估计同步待核验
XY_Y-10-1-01,Y,2.0,1271,XY/袁-20250529/Y-10-1-01/Test1/33061_1_23/Img001271.jpg,12.54541233140655,-10.0,-8.0,-1425.0,-1426.0,,估计同步待核验
XY_Y-10-1-01,Y,2.0,1272,XY/袁-20250529/Y-10-1-01/Test1/33061_1_23/Img001272.jpg,12.555208092485548,-7.0,-8.0,-1424.0,-1426.0,,估计同步待核验
XY_Y-10-1-01,Y,2.0,1273,XY/袁-20250529/Y-10-1-01/Test1/33061_1_23/Img001273.jpg,12.565003853564546,-9.0,-8.0,-1424.0,-1426.0,,估计同步待核验
XY_Y-10-1-01,Y,2.0,1274,XY/袁-20250529/Y-10-1-01/Test1/33061_1_23/Img001274.jpg,12.574799614643545,-8.0,-8.0,-1424.0,-1426.0,,估计同步待核验
XY_Y-10-1-01,Y,2.0,1275,XY/袁-20250529/Y-10-1-01/Test1/33061_1_23/Img001275.jpg,12.584595375722543,-8.0,-8.0,-1424.0,-1426.0,,估计同步待核验
XY_Y-10-1-01,Y,2.0,1276,XY/袁-20250529/Y-10-1-01/Test1/33061_1_23/Img001276.jpg,12.59439113680154,-9.0,-8.0,-1424.0,-1425.0,,估计同步待核验
XY_Y-10-1-01,Y,2.0,1277,XY/袁-20250529/Y-10-1-01/Test1/33061_1_23/Img001277.jpg,12.604186897880538,-7.0,-8.0,-1423.0,-1425.0,,估计同步待核验
XY_Y-10-1-01,Y,2.0,1278,XY/袁-20250529/Y-10-1-01/Test1/33061_1_23/Img001278.jpg,12.613982658959538,-9.0,-8.0,-1423.0,-1425.0,,估计同步待核验
XY_Y-10-1-01,Y,2.0,1279,XY/袁-20250529/Y-10-1-01/Test1/33061_1_23/Img001279.jpg,12.623778420038535,-7.443159922930105,-8.0,-1422.221579961465,-1424.221579961465,,估计同步待核验
XY_Y-10-1-01,Y,2.0,1280,XY/袁-20250529/Y-10-1-01/Test1/33061_1_23/Img001280.jpg,12.633574181117533,-7.0,-8.0,-1422.0,-1424.0,,估计同步待核验
XY_Y-10-1-01,Y,2.0,1281,XY/袁-20250529/Y-10-1-01/Test1/33061_1_23/Img001281.jpg,12.643369942196532,-9.0,-8.0,-1422.0,-1424.0,,估计同步待核验
XY_Y-10-1-01,Y,2.0,1282,XY/袁-20250529/Y-10-1-01/Test1/33061_1_23/Img001282.jpg,12.65316570327553,-7.0,-8.0,-1422.0,-1424.0,,估计同步待核验
XY_Y-10-1-01,Y,2.0,1283,XY/袁-20250529/Y-10-1-01/Test1/33061_1_23/Img001283.jpg,12.662961464354527,-9.0,-8.0,-1422.0,-1424.0,,估计同步待核验
XY_Y-10-1-01,Y,2.0,1284,XY/袁-20250529/Y-10-1-01/Test1/33061_1_23/Img001284.jpg,12.672757225433525,-8.0,-8.0,-1422.0,-1423.0,,估计同步待核验
XY_Y-10-1-01,Y,2.0,1285,XY/袁-20250529/Y-10-1-01/Test1/33061_1_23/Img001285.jpg,12.682552986512524,-8.0,-8.0,-1421.0,-1423.0,,估计同步待核验
XY_Y-10-1-01,Y,2.0,1286,XY/袁-20250529/Y-10-1-01/Test1/33061_1_23/Img001286.jpg,12.692348747591522,-8.0,-8.0,-1421.0,-1423.0,,估计同步待核验
XY_Y-10-1-01,Y,2.0,1287,XY/袁-20250529/Y-10-1-01/Test1/33061_1_23/Img001287.jpg,12.70214450867052,-8.0,-8.0,-1421.0,-1423.0,,估计同步待核验
XY_Y-10-1-01,Y,2.0,1288,XY/袁-20250529/Y-10-1-01/Test1/33061_1_23/Img001288.jpg,12.711940269749519,-8.940269749519183,-7.059730250480816,-1421.0,-1423.0,,估计同步待核验
XY_Y-10-1-01,Y,2.0,1289,XY/袁-20250529/Y-10-1-01/Test1/33061_1_23/Img001289.jpg,12.721736030828517,-9.0,-7.0,-1421.0,-1423.0,,估计同步待核验
XY_Y-10-1-01,Y,2.0,1290,XY/袁-20250529/Y-10-1-01/Test1/33061_1_23/Img001290.jpg,12.731531791907514,-7.0,-8.0,-1420.0,-1423.0,,估计同步待核验
XY_Y-10-1-01,Y,2.0,1291,XY/袁-20250529/Y-10-1-01/Test1/33061_1_23/Img001291.jpg,12.741327552986512,-9.0,-7.0,-1421.0,-1423.0,,估计同步待核验
XY_Y-10-1-01,Y,2.0,1292,XY/袁-20250529/Y-10-1-01/Test1/33061_1_23/Img001292.jpg,12.751123314065511,-7.0,-8.0,-1420.0,-1422.0,,估计同步待核验
XY_Y-10-1-01,Y,2.0,1293,XY/袁-20250529/Y-10-1-01/Test1/33061_1_23/Img001293.jpg,12.760919075144509,-9.0,-7.0,-1420.0,-1422.0,,估计同步待核验
XY_Y-10-1-01,Y,2.0,1294,XY/袁-20250529/Y-10-1-01/Test1/33061_1_23/Img001294.jpg,12.770714836223506,-7.0,-8.0,-1420.0,-1422.0,,估计同步待核验
XY_Y-10-1-01,Y,2.0,1295,XY/袁-20250529/Y-10-1-01/Test1/33061_1_23/Img001295.jpg,12.780510597302504,-8.0,-8.0,-1420.0,-1422.0,,估计同步待核验
XY_Y-10-1-01,Y,2.0,1296,XY/袁-20250529/Y-10-1-01/Test1/33061_1_23/Img001296.jpg,12.790306358381503,-8.0,-8.0,-1419.0,-1421.0,,估计同步待核验
XY_Y-10-1-01,Y,2.0,1297,XY/袁-20250529/Y-10-1-01/Test1/33061_1_23/Img001297.jpg,12.800102119460501,-7.0,-8.0,-1419.0,-1421.0,,估计同步待核验
XY_Y-10-1-01,Y,2.0,1298,XY/袁-20250529/Y-10-1-01/Test1/33061_1_23/Img001298.jpg,12.809897880539499,-8.795761078996286,-8.0,-1419.0,-1420.1021194605019,,估计同步待核验
XY_Y-10-1-01,Y,2.0,1299,XY/袁-20250529/Y-10-1-01/Test1/33061_1_23/Img001299.jpg,12.819693641618498,-9.0,-8.0,-1419.0,-1420.0,,估计同步待核验
XY_Y-10-1-01,Y,2.0,1300,XY/袁-20250529/Y-10-1-01/Test1/33061_1_23/Img001300.jpg,12.829489402697495,-7.0,-8.0,-1418.0,-1420.0,,估计同步待核验
XY_Y-10-1-01,Y,2.0,1301,XY/袁-20250529/Y-10-1-01/Test1/33061_1_23/Img001301.jpg,12.839285163776493,-9.0,-8.0,-1418.0,-1420.0,,估计同步待核验
XY_Y-10-1-01,Y,2.0,1302,XY/袁-20250529/Y-10-1-01/Test1/33061_1_23/Img001302.jpg,12.84908092485549,-7.0,-8.0,-1418.0,-1420.0,,估计同步待核验
XY_Y-10-1-01,Y,2.0,1303,XY/袁-20250529/Y-10-1-01/Test1/33061_1_23/Img001303.jpg,12.85887668593449,-9.0,-8.0,-1418.0,-1420.0,,估计同步待核验
XY_Y-10-1-01,Y,2.0,1304,XY/袁-20250529/Y-10-1-01/Test1/33061_1_23/Img001304.jpg,12.868672447013488,-7.0,-8.0,-1418.0,-1420.0,,估计同步待核验
XY_Y-10-1-01,Y,2.0,1305,XY/袁-20250529/Y-10-1-01/Test1/33061_1_23/Img001305.jpg,12.878468208092485,-9.0,-8.0,-1418.0,-1420.0,,估计同步待核验
XY_Y-10-1-01,Y,2.0,1306,XY/袁-20250529/Y-10-1-01/Test1/33061_1_23/Img001306.jpg,12.888263969171485,-7.0,-8.0,-1417.0,-1419.0,,估计同步待核验
XY_Y-10-1-01,Y,2.0,1307,XY/袁-20250529/Y-10-1-01/Test1/33061_1_23/Img001307.jpg,12.898059730250482,-8.0,-8.0,-1417.0,-1419.0,,估计同步待核验
XY_Y-10-1-01,Y,2.0,1308,XY/袁-20250529/Y-10-1-01/Test1/33061_1_23/Img001308.jpg,12.90785549132948,-8.0,-8.0,-1417.0,-1419.0,,估计同步待核验
XY_Y-10-1-01,Y,2.0,1309,XY/袁-20250529/Y-10-1-01/Test1/33061_1_23/Img001309.jpg,12.917651252408477,-8.0,-8.0,-1417.0,-1419.0,,估计同步待核验
XY_Y-10-1-01,Y,2.0,1310,XY/袁-20250529/Y-10-1-01/Test1/33061_1_23/Img001310.jpg,12.927447013487477,-7.0,-8.0,-1416.0,-1418.0,,估计同步待核验
XY_Y-10-1-01,Y,2.0,1311,XY/袁-20250529/Y-10-1-01/Test1/33061_1_23/Img001311.jpg,12.937242774566474,-9.0,-8.0,-1416.0,-1418.0,,估计同步待核验
XY_Y-10-1-01,Y,2.0,1312,XY/袁-20250529/Y-10-1-01/Test1/33061_1_23/Img001312.jpg,12.947038535645472,-7.0,-8.0,-1415.0,-1417.0,,估计同步待核验
XY_Y-10-1-01,Y,2.0,1313,XY/袁-20250529/Y-10-1-01/Test1/33061_1_23/Img001313.jpg,12.956834296724471,-9.0,-8.0,-1415.0,-1417.0,,估计同步待核验
XY_Y-10-1-01,Y,2.0,1314,XY/袁-20250529/Y-10-1-01/Test1/33061_1_23/Img001314.jpg,12.966630057803469,-7.0,-8.0,-1415.0,-1417.0,,估计同步待核验
XY_Y-10-1-01,Y,2.0,1315,XY/袁-20250529/Y-10-1-01/Test1/33061_1_23/Img001315.jpg,12.976425818882467,-9.0,-8.0,-1415.0,-1416.0,,估计同步待核验
XY_Y-10-1-01,Y,2.0,1316,XY/袁-20250529/Y-10-1-01/Test1/33061_1_23/Img001316.jpg,12.986221579961464,-8.55684007707266,-8.0,-1414.7784200385363,-1416.0,,估计同步待核验
XY_Y-10-1-01,Y,2.0,1317,XY/袁-20250529/Y-10-1-01/Test1/33061_1_23/Img001317.jpg,12.996017341040464,-7.0,-8.0,-1414.0,-1416.0,,估计同步待核验
XY_Y-10-1-01,Y,2.0,1318,XY/袁-20250529/Y-10-1-01/Test1/33061_1_23/Img001318.jpg,13.005813102119461,-9.0,-8.0,-1414.0,-1416.0,,估计同步待核验
XY_Y-10-1-01,Y,2.0,1319,XY/袁-20250529/Y-10-1-01/Test1/33061_1_23/Img001319.jpg,13.015608863198459,-8.0,-8.0,-1414.0,-1416.0,,估计同步待核验
XY_Y-10-1-01,Y,2.0,1320,XY/袁-20250529/Y-10-1-01/Test1/33061_1_23/Img001320.jpg,13.025404624277456,-8.0,-8.0,-1414.0,-1416.0,,估计同步待核验
XY_Y-10-1-01,Y,2.0,1321,XY/袁-20250529/Y-10-1-01/Test1/33061_1_23/Img001321.jpg,13.035200385356454,-9.0,-8.0,-1413.0,-1416.0,,估计同步待核验
XY_Y-10-1-01,Y,2.0,1322,XY/袁-20250529/Y-10-1-01/Test1/33061_1_23/Img001322.jpg,13.044996146435452,-7.0,-8.0,-1413.0,-1415.0,,估计同步待核验
XY_Y-10-1-01,Y,2.0,1323,XY/袁-20250529/Y-10-1-01/Test1/33061_1_23/Img001323.jpg,13.05479190751445,-9.0,-8.0,-1413.0,-1415.0,,估计同步待核验
XY_Y-10-1-01,Y,2.0,1324,XY/袁-20250529/Y-10-1-01/Test1/33061_1_23/Img001324.jpg,13.064587668593449,-7.0,-8.0,-1412.0,-1415.0,,估计同步待核验
XY_Y-10-1-01,Y,2.0,1325,XY/袁-20250529/Y-10-1-01/Test1/33061_1_23/Img001325.jpg,13.074383429672446,-7.766859344893048,-7.616570327553476,-1412.0,-1414.6165703275535,,估计同步待核验
XY_Y-10-1-01,Y,2.0,1326,XY/袁-20250529/Y-10-1-01/Test1/33061_1_23/Img001326.jpg,13.084179190751444,-9.0,-7.0,-1412.0,-1414.0,,估计同步待核验
XY_Y-10-1-01,Y,2.0,1327,XY/袁-20250529/Y-10-1-01/Test1/33061_1_23/Img001327.jpg,13.093974951830441,-7.0,-8.0,-1412.0,-1414.0,,估计同步待核验
XY_Y-10-1-01,Y,2.0,1328,XY/袁-20250529/Y-10-1-01/Test1/33061_1_23/Img001328.jpg,13.10377071290944,-9.0,-8.0,-1412.0,-1413.0,,估计同步待核验
XY_Y-10-1-01,Y,2.0,1329,XY/袁-20250529/Y-10-1-01/Test1/33061_1_23/Img001329.jpg,13.113566473988438,-8.0,-8.0,-1411.0,-1413.0,,估计同步待核验
XY_Y-10-1-01,Y,2.0,1330,XY/袁-20250529/Y-10-1-01/Test1/33061_1_23/Img001330.jpg,13.123362235067436,-8.0,-8.0,-1411.0,-1412.0,,估计同步待核验
XY_Y-10-1-01,Y,2.0,1331,XY/袁-20250529/Y-10-1-01/Test1/33061_1_23/Img001331.jpg,13.133157996146435,-8.0,-8.0,-1411.0,-1412.0,,估计同步待核验
XY_Y-10-1-01,Y,2.0,1332,XY/袁-20250529/Y-10-1-01/Test1/33061_1_23/Img001332.jpg,13.142953757225433,-7.0,-8.0,-1410.0,-1412.0,,估计同步待核验
XY_Y-10-1-01,Y,2.0,1333,XY/袁-20250529/Y-10-1-01/Test1/33061_1_23/Img001333.jpg,13.15274951830443,-9.0,-8.0,-1410.0,-1412.0,,估计同步待核验
XY_Y-10-1-01,Y,2.0,1334,XY/袁-20250529/Y-10-1-01/Test1/33061_1_23/Img001334.jpg,13.162545279383428,-7.0,-8.0,-1409.0,-1411.0,,估计同步待核验
XY_Y-10-1-01,Y,2.0,1335,XY/袁-20250529/Y-10-1-01/Test1/33061_1_23/Img001335.jpg,13.172341040462427,-7.682080924854157,-8.0,-1409.0,-1411.0,,估计同步待核验
XY_Y-10-1-01,Y,2.0,1336,XY/袁-20250529/Y-10-1-01/Test1/33061_1_23/Img001336.jpg,13.182136801541425,-9.0,-8.0,-1409.0,-1411.0,,估计同步待核验
XY_Y-10-1-01,Y,2.0,1337,XY/袁-20250529/Y-10-1-01/Test1/33061_1_23/Img001337.jpg,13.191932562620423,-7.0,-8.0,-1408.0,-1410.0,,估计同步待核验
XY_Y-10-1-01,Y,2.0,1338,XY/袁-20250529/Y-10-1-01/Test1/33061_1_23/Img001338.jpg,13.201728323699422,-9.0,-8.0,-1408.0,-1410.0,,估计同步待核验
XY_Y-10-1-01,Y,2.0,1339,XY/袁-20250529/Y-10-1-01/Test1/33061_1_23/Img001339.jpg,13.21152408477842,-8.0,-8.0,-1407.0,-1409.0,,估计同步待核验
XY_Y-10-1-01,Y,2.0,1340,XY/袁-20250529/Y-10-1-01/Test1/33061_1_23/Img001340.jpg,13.221319845857417,-9.0,-8.0,-1407.0,-1409.0,,估计同步待核验
XY_Y-10-1-01,Y,2.0,1341,XY/袁-20250529/Y-10-1-01/Test1/33061_1_23/Img001341.jpg,13.231115606936415,-8.0,-8.0,-1407.0,-1409.0,,估计同步待核验
XY_Y-10-1-01,Y,2.0,1342,XY/袁-20250529/Y-10-1-01/Test1/33061_1_23/Img001342.jpg,13.240911368015414,-8.0,-8.0,-1406.0,-1409.0,,估计同步待核验
XY_Y-10-1-01,Y,2.0,1343,XY/袁-20250529/Y-10-1-01/Test1/33061_1_23/Img001343.jpg,13.250707129094412,-8.707129094412233,-8.0,-1406.0,-1408.2928709055877,,估计同步待核验
XY_Y-10-1-01,Y,2.0,1344,XY/袁-20250529/Y-10-1-01/Test1/33061_1_23/Img001344.jpg,13.26050289017341,-7.994219653180135,-8.0,-1405.49710982659,-1408.0,,估计同步待核验
XY_Y-10-1-01,Y,2.0,1345,XY/袁-20250529/Y-10-1-01/Test1/33061_1_23/Img001345.jpg,13.270298651252407,-7.0,-8.0,-1405.0,-1408.0,,估计同步待核验
XY_Y-10-1-01,Y,2.0,1346,XY/袁-20250529/Y-10-1-01/Test1/33061_1_23/Img001346.jpg,13.280094412331406,-9.0,-8.0,-1405.0,-1407.0,,估计同步待核验
XY_Y-10-1-01,Y,2.0,1347,XY/袁-20250529/Y-10-1-01/Test1/33061_1_23/Img001347.jpg,13.289890173410404,-7.0,-8.0,-1404.0,-1407.0,,估计同步待核验
XY_Y-10-1-01,Y,2.0,1348,XY/袁-20250529/Y-10-1-01/Test1/33061_1_23/Img001348.jpg,13.299685934489402,-9.0,-8.0,-1404.0,-1406.0,,估计同步待核验
XY_Y-10-1-01,Y,2.0,1349,XY/袁-20250529/Y-10-1-01/Test1/33061_1_23/Img001349.jpg,13.309481695568401,-7.0,-8.0,-1404.0,-1406.0,,估计同步待核验
XY_Y-10-1-01,Y,2.0,1350,XY/袁-20250529/Y-10-1-01/Test1/33061_1_23/Img001350.jpg,13.319277456647399,-9.0,-8.0,-1403.0,-1406.0,,估计同步待核验
XY_Y-10-1-01,Y,2.0,1351,XY/袁-20250529/Y-10-1-01/Test1/33061_1_23/Img001351.jpg,13.329073217726396,-7.0,-8.0,-1403.0,-1405.0,,估计同步待核验
XY_Y-10-1-01,Y,2.0,1352,XY/袁-20250529/Y-10-1-01/Test1/33061_1_23/Img001352.jpg,13.338868978805394,-8.0,-8.0,-1402.0,-1405.0,,估计同步待核验
XY_Y-10-1-01,Y,2.0,1353,XY/袁-20250529/Y-10-1-01/Test1/33061_1_23/Img001353.jpg,13.348664739884393,-8.0,-8.0,-1402.0,-1404.3352601156073,,估计同步待核验
XY_Y-10-1-01,Y,2.0,1354,XY/袁-20250529/Y-10-1-01/Test1/33061_1_23/Img001354.jpg,13.35846050096339,-8.0,-8.0,-1402.0,-1404.0,,估计同步待核验
XY_Y-10-1-01,Y,2.0,1355,XY/袁-20250529/Y-10-1-01/Test1/33061_1_23/Img001355.jpg,13.368256262042388,-7.0,-8.0,-1401.0,-1404.0,,估计同步待核验
XY_Y-10-1-01,Y,2.0,1356,XY/袁-20250529/Y-10-1-01/Test1/33061_1_23/Img001356.jpg,13.378052023121388,-9.0,-8.0,-1401.0,-1403.0,,估计同步待核验
XY_Y-10-1-01,Y,2.0,1357,XY/袁-20250529/Y-10-1-01/Test1/33061_1_23/Img001357.jpg,13.387847784200385,-7.0,-8.0,-1401.0,-1403.0,,估计同步待核验
XY_Y-10-1-01,Y,2.0,1358,XY/袁-20250529/Y-10-1-01/Test1/33061_1_23/Img001358.jpg,13.397643545279383,-9.0,-8.0,-1401.0,-1403.0,,估计同步待核验
XY_Y-10-1-01,Y,2.0,1359,XY/袁-20250529/Y-10-1-01/Test1/33061_1_23/Img001359.jpg,13.40743930635838,-7.0,-8.0,-1400.0,-1402.0,,估计同步待核验
XY_Y-10-1-01,Y,2.0,1360,XY/袁-20250529/Y-10-1-01/Test1/33061_1_23/Img001360.jpg,13.41723506743738,-9.0,-8.0,-1400.0,-1402.0,,估计同步待核验
XY_Y-10-1-01,Y,2.0,1361,XY/袁-20250529/Y-10-1-01/Test1/33061_1_23/Img001361.jpg,13.427030828516378,-7.0,-8.0,-1399.0,-1401.0,,估计同步待核验
XY_Y-10-1-01,Y,2.0,1362,XY/袁-20250529/Y-10-1-01/Test1/33061_1_23/Img001362.jpg,13.436826589595375,-8.653179190751281,-8.0,-1398.1734104046243,-1401.0,,估计同步待核验
XY_Y-10-1-01,Y,2.0,1363,XY/袁-20250529/Y-10-1-01/Test1/33061_1_23/Img001363.jpg,13.446622350674375,-9.0,-8.0,-1398.0,-1401.0,,估计同步待核验
XY_Y-10-1-01,Y,2.0,1364,XY/袁-20250529/Y-10-1-01/Test1/33061_1_23/Img001364.jpg,13.456418111753372,-9.0,-7.0,-1398.0,-1400.0,,估计同步待核验
XY_Y-10-1-01,Y,2.0,1365,XY/袁-20250529/Y-10-1-01/Test1/33061_1_23/Img001365.jpg,13.46621387283237,-8.0,-8.0,-1397.0,-1400.0,,估计同步待核验
XY_Y-10-1-01,Y,2.0,1366,XY/袁-20250529/Y-10-1-01/Test1/33061_1_23/Img001366.jpg,13.476009633911367,-9.0,-7.0,-1397.0,-1399.0,,估计同步待核验
XY_Y-10-1-01,Y,2.0,1367,XY/袁-20250529/Y-10-1-01/Test1/33061_1_23/Img001367.jpg,13.485805394990367,-7.0,-8.0,-1397.0,-1399.0,,估计同步待核验
XY_Y-10-1-01,Y,2.0,1368,XY/袁-20250529/Y-10-1-01/Test1/33061_1_23/Img001368.jpg,13.495601156069364,-9.0,-8.0,-1397.0,-1399.0,,估计同步待核验
XY_Y-10-1-01,Y,2.0,1369,XY/袁-20250529/Y-10-1-01/Test1/33061_1_23/Img001369.jpg,13.505396917148362,-7.0,-8.0,-1396.0,-1398.0,,估计同步待核验
XY_Y-10-1-01,Y,2.0,1370,XY/袁-20250529/Y-10-1-01/Test1/33061_1_23/Img001370.jpg,13.515192678227361,-9.0,-8.0,-1395.0,-1398.0,,估计同步待核验
XY_Y-10-1-01,Y,2.0,1371,XY/袁-20250529/Y-10-1-01/Test1/33061_1_23/Img001371.jpg,13.524988439306359,-9.0,-8.0,-1395.0,-1398.0,,估计同步待核验
XY_Y-10-1-01,Y,2.0,1372,XY/袁-20250529/Y-10-1-01/Test1/33061_1_23/Img001372.jpg,13.534784200385356,-7.0,-8.0,-1395.0,-1397.0,,估计同步待核验
XY_Y-10-1-01,Y,2.0,1373,XY/袁-20250529/Y-10-1-01/Test1/33061_1_23/Img001373.jpg,13.544579961464354,-9.0,-8.0,-1394.0,-1397.0,,估计同步待核验
XY_Y-10-1-01,Y,2.0,1374,XY/袁-20250529/Y-10-1-01/Test1/33061_1_23/Img001374.jpg,13.554375722543353,-8.0,-8.0,-1394.0,-1396.0,,估计同步待核验
XY_Y-10-1-01,Y,2.0,1375,XY/袁-20250529/Y-10-1-01/Test1/33061_1_23/Img001375.jpg,13.564171483622351,-8.0,-8.0,-1393.0,-1396.0,,估计同步待核验
XY_Y-10-1-01,Y,2.0,1376,XY/袁-20250529/Y-10-1-01/Test1/33061_1_23/Img001376.jpg,13.573967244701349,-9.0,-7.0,-1393.0,-1395.0,,估计同步待核验
XY_Y-10-1-01,Y,2.0,1377,XY/袁-20250529/Y-10-1-01/Test1/33061_1_23/Img001377.jpg,13.583763005780346,-7.0,-8.0,-1392.0,-1395.0,,估计同步待核验
XY_Y-10-1-01,Y,2.0,1378,XY/袁-20250529/Y-10-1-01/Test1/33061_1_23/Img001378.jpg,13.593558766859346,-9.0,-7.0,-1392.0,-1394.0,,估计同步待核验
XY_Y-10-1-01,Y,2.0,1379,XY/袁-20250529/Y-10-1-01/Test1/33061_1_23/Img001379.jpg,13.603354527938343,-7.0,-8.0,-1391.0,-1393.0,,估计同步待核验
XY_Y-10-1-01,Y,2.0,1380,XY/袁-20250529/Y-10-1-01/Test1/33061_1_23/Img001380.jpg,13.61315028901734,-10.0,-8.0,-1391.0,-1393.0,,估计同步待核验
XY_Y-10-1-01,Y,2.0,1381,XY/袁-20250529/Y-10-1-01/Test1/33061_1_23/Img001381.jpg,13.62294605009634,-10.0,-8.0,-1391.0,-1393.0,,估计同步待核验
XY_Y-10-1-01,Y,2.0,1382,XY/袁-20250529/Y-10-1-01/Test1/33061_1_23/Img001382.jpg,13.632741811175338,-7.0,-8.0,-1390.0,-1392.0,,估计同步待核验
XY_Y-10-1-01,Y,2.0,1383,XY/袁-20250529/Y-10-1-01/Test1/33061_1_23/Img001383.jpg,13.642537572254335,-9.0,-8.0,-1390.0,-1392.0,,估计同步待核验
XY_Y-10-1-01,Y,2.0,1384,XY/袁-20250529/Y-10-1-01/Test1/33061_1_23/Img001384.jpg,13.652333333333333,-8.0,-8.0,-1389.0,-1391.0,,估计同步待核验
XY_Y-10-1-01,Y,2.0,1385,XY/袁-20250529/Y-10-1-01/Test1/33061_1_23/Img001385.jpg,13.662129094412332,-8.0,-8.0,-1388.0,-1391.0,,估计同步待核验
XY_Y-10-1-01,Y,2.0,1386,XY/袁-20250529/Y-10-1-01/Test1/33061_1_23/Img001386.jpg,13.67192485549133,-9.0,-8.0,-1388.0,-1390.0,,估计同步待核验
XY_Y-10-1-01,Y,2.0,1387,XY/袁-20250529/Y-10-1-01/Test1/33061_1_23/Img001387.jpg,13.681720616570328,-8.0,-8.0,-1387.0,-1389.0,,估计同步待核验
XY_Y-10-1-01,Y,2.0,1388,XY/袁-20250529/Y-10-1-01/Test1/33061_1_23/Img001388.jpg,13.691516377649325,-9.0,-8.0,-1387.0,-1389.0,,估计同步待核验
XY_Y-10-1-01,Y,2.0,1389,XY/袁-20250529/Y-10-1-01/Test1/33061_1_23/Img001389.jpg,13.701312138728323,-7.0,-8.0,-1386.0,-1388.0,,估计同步待核验
XY_Y-10-1-01,Y,2.0,1390,XY/袁-20250529/Y-10-1-01/Test1/33061_1_23/Img001390.jpg,13.71110789980732,-7.215799614640253,-8.0,-1386.0,-1388.0,,估计同步待核验
XY_Y-10-1-01,Y,2.0,1391,XY/袁-20250529/Y-10-1-01/Test1/33061_1_23/Img001391.jpg,13.720903660886318,-9.0,-8.0,-1386.0,-1388.0,,估计同步待核验
XY_Y-10-1-01,Y,2.0,1392,XY/袁-20250529/Y-10-1-01/Test1/33061_1_23/Img001392.jpg,13.730699421965317,-7.0,-8.0,-1385.0,-1387.0,,估计同步待核验
XY_Y-10-1-01,Y,2.0,1393,XY/袁-20250529/Y-10-1-01/Test1/33061_1_23/Img001393.jpg,13.740495183044315,-9.0,-8.0,-1384.0,-1387.0,,估计同步待核验
XY_Y-10-1-01,Y,2.0,1394,XY/袁-20250529/Y-10-1-01/Test1/33061_1_23/Img001394.jpg,13.750290944123313,-7.0,-8.0,-1383.0,-1386.0,,估计同步待核验
XY_Y-10-1-01,Y,2.0,1395,XY/袁-20250529/Y-10-1-01/Test1/33061_1_23/Img001395.jpg,13.760086705202312,-9.0,-8.0,-1383.0,-1385.0,,估计同步待核验
XY_Y-10-1-01,Y,2.0,1396,XY/袁-20250529/Y-10-1-01/Test1/33061_1_23/Img001396.jpg,13.76988246628131,-8.0,-8.0,-1382.0,-1384.0,,估计同步待核验
XY_Y-10-1-01,Y,2.0,1397,XY/袁-20250529/Y-10-1-01/Test1/33061_1_23/Img001397.jpg,13.779678227360307,-8.0,-8.0,-1381.0,-1383.0,,估计同步待核验
XY_Y-10-1-01,Y,2.0,1398,XY/袁-20250529/Y-10-1-01/Test1/33061_1_23/Img001398.jpg,13.789473988439305,-9.0,-8.0,-1381.0,-1383.0,,估计同步待核验
XY_Y-10-1-01,Y,2.0,1399,XY/袁-20250529/Y-10-1-01/Test1/33061_1_23/Img001399.jpg,13.799269749518304,-8.460500963391445,-8.0,-1380.7302504816957,-1382.7302504816957,,估计同步待核验
XY_Y-10-1-01,Y,2.0,1400,XY/袁-20250529/Y-10-1-01/Test1/33061_1_23/Img001400.jpg,13.809065510597302,-7.0,-8.0,-1380.0,-1382.0,,估计同步待核验
XY_Y-10-1-01,Y,2.0,1401,XY/袁-20250529/Y-10-1-01/Test1/33061_1_23/Img001401.jpg,13.8188612716763,-9.0,-8.0,-1380.0,-1382.0,,估计同步待核验
XY_Y-10-1-01,Y,2.0,1402,XY/袁-20250529/Y-10-1-01/Test1/33061_1_23/Img001402.jpg,13.828657032755297,-7.0,-8.0,-1379.0,-1381.0,,估计同步待核验
XY_Y-10-1-01,Y,2.0,1403,XY/袁-20250529/Y-10-1-01/Test1/33061_1_23/Img001403.jpg,13.838452793834296,-10.0,-8.0,-1378.0,-1380.0,,估计同步待核验
XY_Y-10-1-01,Y,2.0,1404,XY/袁-20250529/Y-10-1-01/Test1/33061_1_23/Img001404.jpg,13.848248554913294,-7.0,-8.0,-1377.0,-1379.0,,估计同步待核验
XY_Y-10-1-01,Y,2.0,1405,XY/袁-20250529/Y-10-1-01/Test1/33061_1_23/Img001405.jpg,13.858044315992291,-9.0,-8.0,-1377.0,-1378.0,,估计同步待核验
XY_Y-10-1-01,Y,2.0,1406,XY/袁-20250529/Y-10-1-01/Test1/33061_1_23/Img001406.jpg,13.86784007707129,-7.0,-8.0,-1376.0,-1377.0,,估计同步待核验
XY_Y-10-1-01,Y,2.0,1407,XY/袁-20250529/Y-10-1-01/Test1/33061_1_23/Img001407.jpg,13.877635838150288,-8.0,-8.0,-1375.0,-1377.0,,估计同步待核验
XY_Y-10-1-01,Y,2.0,1408,XY/袁-20250529/Y-10-1-01/Test1/33061_1_23/Img001408.jpg,13.887431599229286,-8.0,-8.0,-1375.0,-1376.568400770714,,估计同步待核验
XY_Y-10-1-01,Y,2.0,1409,XY/袁-20250529/Y-10-1-01/Test1/33061_1_23/Img001409.jpg,13.897227360308284,-8.0,-8.0,-1375.0,-1376.0,,估计同步待核验
XY_Y-10-1-01,Y,2.0,1410,XY/袁-20250529/Y-10-1-01/Test1/33061_1_23/Img001410.jpg,13.907023121387283,-7.0,-8.0,-1374.0,-1376.0,,估计同步待核验
XY_Y-10-1-01,Y,2.0,1411,XY/袁-20250529/Y-10-1-01/Test1/33061_1_23/Img001411.jpg,13.91681888246628,-9.0,-8.0,-1373.0,-1376.0,,估计同步待核验
XY_Y-10-1-01,Y,2.0,1412,XY/袁-20250529/Y-10-1-01/Test1/33061_1_23/Img001412.jpg,13.926614643545278,-7.0,-8.0,-1372.0,-1375.0,,估计同步待核验
XY_Y-10-1-01,Y,2.0,1413,XY/袁-20250529/Y-10-1-01/Test1/33061_1_23/Img001413.jpg,13.936410404624278,-9.0,-8.0,-1372.0,-1375.0,,估计同步待核验
XY_Y-10-1-01,Y,2.0,1414,XY/袁-20250529/Y-10-1-01/Test1/33061_1_23/Img001414.jpg,13.946206165703275,-6.0,-8.0,-1371.0,-1374.0,,估计同步待核验
XY_Y-10-1-01,Y,2.0,1415,XY/袁-20250529/Y-10-1-01/Test1/33061_1_23/Img001415.jpg,13.956001926782273,-9.0,-8.0,-1370.0,-1373.0,,估计同步待核验
XY_Y-10-1-01,Y,2.0,1416,XY/袁-20250529/Y-10-1-01/Test1/33061_1_23/Img001416.jpg,13.96579768786127,-7.0,-8.0,-1369.0,-1372.0,,估计同步待核验
XY_Y-10-1-01,Y,2.0,1417,XY/袁-20250529/Y-10-1-01/Test1/33061_1_23/Img001417.jpg,13.97559344894027,-8.18689788053882,-8.0,-1369.0,-1371.4065510597306,,估计同步待核验
XY_Y-10-1-01,Y,2.0,1418,XY/袁-20250529/Y-10-1-01/Test1/33061_1_23/Img001418.jpg,13.985389210019267,-9.0,-8.0,-1369.0,-1371.0,,估计同步待核验
XY_Y-10-1-01,Y,2.0,1419,XY/袁-20250529/Y-10-1-01/Test1/33061_1_23/Img001419.jpg,13.995184971098265,-8.0,-8.0,-1368.0,-1370.0,,估计同步待核验
XY_Y-10-1-01,Y,2.0,1420,XY/袁-20250529/Y-10-1-01/Test1/33061_1_23/Img001420.jpg,14.004980732177264,-8.0,-8.0,-1367.0,-1370.0,,估计同步待核验
XY_Y-10-1-01,Y,2.0,1421,XY/袁-20250529/Y-10-1-01/Test1/33061_1_23/Img001421.jpg,14.014776493256262,-9.0,-8.0,-1366.0,-1369.0,,估计同步待核验
XY_Y-10-1-01,Y,2.0,1422,XY/袁-20250529/Y-10-1-01/Test1/33061_1_23/Img001422.jpg,14.02457225433526,-7.0,-8.0,-1365.0,-1368.0,,估计同步待核验
XY_Y-10-1-01,Y,2.0,1423,XY/袁-20250529/Y-10-1-01/Test1/33061_1_23/Img001423.jpg,14.034368015414257,-9.0,-8.0,-1365.0,-1367.0,,估计同步待核验
XY_Y-10-1-01,Y,2.0,1424,XY/袁-20250529/Y-10-1-01/Test1/33061_1_23/Img001424.jpg,14.044163776493257,-7.0,-8.0,-1363.0,-1366.0,,估计同步待核验
XY_Y-10-1-01,Y,2.0,1425,XY/袁-20250529/Y-10-1-01/Test1/33061_1_23/Img001425.jpg,14.053959537572254,-10.0,-8.0,-1363.0,-1366.0,,估计同步待核验
XY_Y-10-1-01,Y,2.0,1426,XY/袁-20250529/Y-10-1-01/Test1/33061_1_23/Img001426.jpg,14.063755298651252,-7.734104046245372,-8.0,-1362.2447013487485,-1365.2447013487485,,估计同步待核验
XY_Y-10-1-01,Y,2.0,1427,XY/袁-20250529/Y-10-1-01/Test1/33061_1_23/Img001427.jpg,14.073551059730251,-7.0,-8.0,-1362.0,-1365.0,,估计同步待核验
XY_Y-10-1-01,Y,2.0,1428,XY/袁-20250529/Y-10-1-01/Test1/33061_1_23/Img001428.jpg,14.083346820809249,-9.0,-8.0,-1362.0,-1364.0,,估计同步待核验
XY_Y-10-1-01,Y,2.0,1429,XY/袁-20250529/Y-10-1-01/Test1/33061_1_23/Img001429.jpg,14.093142581888246,-8.0,-8.0,-1361.0,-1363.0,,估计同步待核验
XY_Y-10-1-01,Y,2.0,1430,XY/袁-20250529/Y-10-1-01/Test1/33061_1_23/Img001430.jpg,14.102938342967244,-8.0,-8.0,-1360.0,-1362.0,,估计同步待核验
XY_Y-10-1-01,Y,2.0,1431,XY/袁-20250529/Y-10-1-01/Test1/33061_1_23/Img001431.jpg,14.112734104046243,-8.0,-7.0,-1359.0,-1361.0,,估计同步待核验
XY_Y-10-1-01,Y,2.0,1432,XY/袁-20250529/Y-10-1-01/Test1/33061_1_23/Img001432.jpg,14.122529865125241,-7.0,-8.0,-1358.0,-1360.0,,估计同步待核验
XY_Y-10-1-01,Y,2.0,1433,XY/袁-20250529/Y-10-1-01/Test1/33061_1_23/Img001433.jpg,14.132325626204238,-9.0,-7.0,-1357.0,-1360.0,,估计同步待核验
XY_Y-10-1-01,Y,2.0,1434,XY/袁-20250529/Y-10-1-01/Test1/33061_1_23/Img001434.jpg,14.142121387283236,-7.0,-8.0,-1356.0,-1359.0,,估计同步待核验
XY_Y-10-1-01,Y,2.0,1435,XY/袁-20250529/Y-10-1-01/Test1/33061_1_23/Img001435.jpg,14.151917148362235,-7.0,-8.0,-1356.0,-1359.0,,估计同步待核验
XY_Y-10-1-01,Y,2.0,1436,XY/袁-20250529/Y-10-1-01/Test1/33061_1_23/Img001436.jpg,14.161712909441233,-9.0,-8.0,-1356.0,-1358.0,,估计同步待核验
XY_Y-10-1-01,Y,2.0,1437,XY/袁-20250529/Y-10-1-01/Test1/33061_1_23/Img001437.jpg,14.17150867052023,-7.0,-8.0,-1354.0,-1357.0,,估计同步待核验
XY_Y-10-1-01,Y,2.0,1438,XY/袁-20250529/Y-10-1-01/Test1/33061_1_23/Img001438.jpg,14.18130443159923,-9.0,-8.0,-1354.0,-1356.0,,估计同步待核验
XY_Y-10-1-01,Y,2.0,1439,XY/袁-20250529/Y-10-1-01/Test1/33061_1_23/Img001439.jpg,14.191100192678228,-7.0,-8.0,-1353.0,-1355.0,,估计同步待核验
XY_Y-10-1-01,Y,2.0,1440,XY/袁-20250529/Y-10-1-01/Test1/33061_1_23/Img001440.jpg,14.200895953757225,-9.0,-8.0,-1352.0,-1355.0,,估计同步待核验
XY_Y-10-1-01,Y,2.0,1441,XY/袁-20250529/Y-10-1-01/Test1/33061_1_23/Img001441.jpg,14.210691714836223,-8.0,-8.0,-1352.0,-1354.0,,估计同步待核验
XY_Y-10-1-01,Y,2.0,1442,XY/袁-20250529/Y-10-1-01/Test1/33061_1_23/Img001442.jpg,14.220487475915222,-8.0,-8.0,-1351.0,-1353.0,,估计同步待核验
XY_Y-10-1-01,Y,2.0,1443,XY/袁-20250529/Y-10-1-01/Test1/33061_1_23/Img001443.jpg,14.23028323699422,-9.0,-8.0,-1350.0,-1353.0,,估计同步待核验
XY_Y-10-1-01,Y,2.0,1444,XY/袁-20250529/Y-10-1-01/Test1/33061_1_23/Img001444.jpg,14.240078998073217,-7.0,-8.0,-1349.0,-1352.0,,估计同步待核验
XY_Y-10-1-01,Y,2.0,1445,XY/袁-20250529/Y-10-1-01/Test1/33061_1_23/Img001445.jpg,14.249874759152217,-7.0,-8.0,-1349.0,-1352.0,,估计同步待核验
XY_Y-10-1-01,Y,2.0,1446,XY/袁-20250529/Y-10-1-01/Test1/33061_1_23/Img001446.jpg,14.259670520231214,-9.0,-8.0,-1348.0,-1351.0,,估计同步待核验
XY_Y-10-1-01,Y,2.0,1447,XY/袁-20250529/Y-10-1-01/Test1/33061_1_23/Img001447.jpg,14.269466281310212,-6.0,-8.0,-1347.0,-1350.0,,估计同步待核验
XY_Y-10-1-01,Y,2.0,1448,XY/袁-20250529/Y-10-1-01/Test1/33061_1_23/Img001448.jpg,14.27926204238921,-9.0,-8.0,-1346.0,-1348.0,,估计同步待核验
XY_Y-10-1-01,Y,2.0,1449,XY/袁-20250529/Y-10-1-01/Test1/33061_1_23/Img001449.jpg,14.289057803468209,-7.0,-8.0,-1345.0,-1347.0,,估计同步待核验
XY_Y-10-1-01,Y,2.0,1450,XY/袁-20250529/Y-10-1-01/Test1/33061_1_23/Img001450.jpg,14.298853564547207,-9.0,-8.0,-1344.0,-1346.0,,估计同步待核验
XY_Y-10-1-01,Y,2.0,1451,XY/袁-20250529/Y-10-1-01/Test1/33061_1_23/Img001451.jpg,14.308649325626204,-8.0,-8.0,-1343.0,-1345.0,,估计同步待核验
XY_Y-10-1-01,Y,2.0,1452,XY/袁-20250529/Y-10-1-01/Test1/33061_1_23/Img001452.jpg,14.318445086705204,-8.0,-8.0,-1342.0,-1345.0,,估计同步待核验
XY_Y-10-1-01,Y,2.0,1453,XY/袁-20250529/Y-10-1-01/Test1/33061_1_23/Img001453.jpg,14.328240847784201,-8.0,-8.0,-1342.0,-1344.0,,估计同步待核验
XY_Y-10-1-01,Y,2.0,1454,XY/袁-20250529/Y-10-1-01/Test1/33061_1_23/Img001454.jpg,14.338036608863199,-7.9633911368004835,-8.0,-1341.9633911368005,-1343.9633911368005,,估计同步待核验
XY_Y-10-1-01,Y,2.0,1455,XY/袁-20250529/Y-10-1-01/Test1/33061_1_23/Img001455.jpg,14.347832369942196,-7.0,-8.0,-1341.0,-1343.0,,估计同步待核验
XY_Y-10-1-01,Y,2.0,1456,XY/袁-20250529/Y-10-1-01/Test1/33061_1_23/Img001456.jpg,14.357628131021194,-9.0,-8.0,-1340.0,-1342.0,,估计同步待核验
XY_Y-10-1-01,Y,2.0,1457,XY/袁-20250529/Y-10-1-01/Test1/33061_1_23/Img001457.jpg,14.367423892100192,-7.0,-8.0,-1339.0,-1341.0,,估计同步待核验
XY_Y-10-1-01,Y,2.0,1458,XY/袁-20250529/Y-10-1-01/Test1/33061_1_23/Img001458.jpg,14.37721965317919,-9.0,-8.0,-1338.0,-1340.0,,估计同步待核验
XY_Y-10-1-01,Y,2.0,1459,XY/袁-20250529/Y-10-1-01/Test1/33061_1_23/Img001459.jpg,14.387015414258187,-7.0,-8.0,-1337.0,-1339.0,,估计同步待核验
XY_Y-10-1-01,Y,2.0,1460,XY/袁-20250529/Y-10-1-01/Test1/33061_1_23/Img001460.jpg,14.396811175337186,-9.0,-8.0,-1336.0,-1338.0,,估计同步待核验
XY_Y-10-1-01,Y,2.0,1461,XY/袁-20250529/Y-10-1-01/Test1/33061_1_23/Img001461.jpg,14.406606936416184,-7.0,-8.0,-1335.0,-1337.0,,估计同步待核验
XY_Y-10-1-01,Y,2.0,1462,XY/袁-20250529/Y-10-1-01/Test1/33061_1_23/Img001462.jpg,14.416402697495181,-9.0,-8.0,-1334.0,-1336.0,,估计同步待核验
XY_Y-10-1-01,Y,2.0,1463,XY/袁-20250529/Y-10-1-01/Test1/33061_1_23/Img001463.jpg,14.42619845857418,-8.801541425819341,-8.0,-1333.8015414258193,-1335.8015414258193,,估计同步待核验
XY_Y-10-1-01,Y,2.0,1464,XY/袁-20250529/Y-10-1-01/Test1/33061_1_23/Img001464.jpg,14.435994219653178,-8.0,-8.0,-1333.0,-1335.0,,估计同步待核验
XY_Y-10-1-01,Y,2.0,1465,XY/袁-20250529/Y-10-1-01/Test1/33061_1_23/Img001465.jpg,14.445789980732176,-8.0,-8.0,-1332.0,-1334.0,,估计同步待核验
XY_Y-10-1-01,Y,2.0,1466,XY/袁-20250529/Y-10-1-01/Test1/33061_1_23/Img001466.jpg,14.455585741811174,-9.0,-7.0,-1331.0,-1333.0,,估计同步待核验
XY_Y-10-1-01,Y,2.0,1467,XY/袁-20250529/Y-10-1-01/Test1/33061_1_23/Img001467.jpg,14.465381502890173,-7.0,-8.0,-1329.0,-1332.0,,估计同步待核验
XY_Y-10-1-01,Y,2.0,1468,XY/袁-20250529/Y-10-1-01/Test1/33061_1_23/Img001468.jpg,14.47517726396917,-9.0,-7.0,-1328.0,-1330.0,,估计同步待核验
XY_Y-10-1-01,Y,2.0,1469,XY/袁-20250529/Y-10-1-01/Test1/33061_1_23/Img001469.jpg,14.484973025048168,-7.0,-8.0,-1327.0,-1329.0,,估计同步待核验
XY_Y-10-1-01,Y,2.0,1470,XY/袁-20250529/Y-10-1-01/Test1/33061_1_23/Img001470.jpg,14.494768786127167,-9.0,-7.0,-1326.0,-1329.0,,估计同步待核验
XY_Y-10-1-01,Y,2.0,1471,XY/袁-20250529/Y-10-1-01/Test1/33061_1_23/Img001471.jpg,14.504564547206165,-7.0,-8.0,-1325.0,-1328.0,,估计同步待核验
XY_Y-10-1-01,Y,2.0,1472,XY/袁-20250529/Y-10-1-01/Test1/33061_1_23/Img001472.jpg,14.514360308285163,-7.720616570325745,-8.0,-1324.6396917148372,-1327.6396917148372,,估计同步待核验
XY_Y-10-1-01,Y,2.0,1473,XY/袁-20250529/Y-10-1-01/Test1/33061_1_23/Img001473.jpg,14.52415606936416,-9.0,-8.0,-1324.0,-1327.0,,估计同步待核验
XY_Y-10-1-01,Y,2.0,1474,XY/袁-20250529/Y-10-1-01/Test1/33061_1_23/Img001474.jpg,14.53395183044316,-8.0,-8.0,-1323.0,-1325.0,,估计同步待核验
XY_Y-10-1-01,Y,2.0,1475,XY/袁-20250529/Y-10-1-01/Test1/33061_1_23/Img001475.jpg,14.543747591522157,-8.0,-8.0,-1322.0,-1324.0,,估计同步待核验
XY_Y-10-1-01,Y,2.0,1476,XY/袁-20250529/Y-10-1-01/Test1/33061_1_23/Img001476.jpg,14.553543352601155,-8.0,-8.0,-1321.0,-1323.0,,估计同步待核验
XY_Y-10-1-01,Y,2.0,1477,XY/袁-20250529/Y-10-1-01/Test1/33061_1_23/Img001477.jpg,14.563339113680154,-7.0,-8.0,-1319.0,-1322.0,,估计同步待核验
XY_Y-10-1-01,Y,2.0,1478,XY/袁-20250529/Y-10-1-01/Test1/33061_1_23/Img001478.jpg,14.573134874759152,-9.0,-8.0,-1319.0,-1321.0,,估计同步待核验
XY_Y-10-1-01,Y,2.0,1479,XY/袁-20250529/Y-10-1-01/Test1/33061_1_23/Img001479.jpg,14.58293063583815,-7.0,-8.0,-1317.0,-1320.0,,估计同步待核验
XY_Y-10-1-01,Y,2.0,1480,XY/袁-20250529/Y-10-1-01/Test1/33061_1_23/Img001480.jpg,14.592726396917147,-10.0,-8.0,-1316.0,-1319.0,,估计同步待核验
XY_Y-10-1-01,Y,2.0,1481,XY/袁-20250529/Y-10-1-01/Test1/33061_1_23/Img001481.jpg,14.602522157996146,-8.433526011560899,-8.0,-1315.4778420038535,-1317.9556840077073,,估计同步待核验
XY_Y-10-1-01,Y,2.0,1482,XY/袁-20250529/Y-10-1-01/Test1/33061_1_23/Img001482.jpg,14.612317919075144,-7.0,-8.0,-1315.0,-1317.0,,估计同步待核验
XY_Y-10-1-01,Y,2.0,1483,XY/袁-20250529/Y-10-1-01/Test1/33061_1_23/Img001483.jpg,14.622113680154142,-9.0,-8.0,-1314.0,-1316.0,,估计同步待核验
XY_Y-10-1-01,Y,2.0,1484,XY/袁-20250529/Y-10-1-01/Test1/33061_1_23/Img001484.jpg,14.631909441233141,-7.0,-8.0,-1313.0,-1315.0,,估计同步待核验
XY_Y-10-1-01,Y,2.0,1485,XY/袁-20250529/Y-10-1-01/Test1/33061_1_23/Img001485.jpg,14.641705202312139,-9.0,-8.0,-1311.0,-1313.0,,估计同步待核验
XY_Y-10-1-01,Y,2.0,1486,XY/袁-20250529/Y-10-1-01/Test1/33061_1_23/Img001486.jpg,14.651500963391136,-8.0,-8.0,-1310.0,-1312.0,,估计同步待核验
XY_Y-10-1-01,Y,2.0,1487,XY/袁-20250529/Y-10-1-01/Test1/33061_1_23/Img001487.jpg,14.661296724470134,-8.0,-8.0,-1309.0,-1311.0,,估计同步待核验
XY_Y-10-1-01,Y,2.0,1488,XY/袁-20250529/Y-10-1-01/Test1/33061_1_23/Img001488.jpg,14.671092485549133,-9.0,-8.0,-1308.0,-1309.0,,估计同步待核验
XY_Y-10-1-01,Y,2.0,1489,XY/袁-20250529/Y-10-1-01/Test1/33061_1_23/Img001489.jpg,14.68088824662813,-7.0,-8.0,-1306.0,-1308.0,,估计同步待核验
XY_Y-10-1-01,Y,2.0,1490,XY/袁-20250529/Y-10-1-01/Test1/33061_1_23/Img001490.jpg,14.690684007707128,-9.052023121384018,-8.0,-1306.0,-1307.315992292872,,估计同步待核验
XY_Y-10-1-01,Y,2.0,1491,XY/袁-20250529/Y-10-1-01/Test1/33061_1_23/Img001491.jpg,14.700479768786126,-10.0,-8.0,-1306.0,-1307.0,,估计同步待核验
XY_Y-10-1-01,Y,2.0,1492,XY/袁-20250529/Y-10-1-01/Test1/33061_1_23/Img001492.jpg,14.710275529865125,-7.0,-8.0,-1304.0,-1306.0,,估计同步待核验
XY_Y-10-1-01,Y,2.0,1493,XY/袁-20250529/Y-10-1-01/Test1/33061_1_23/Img001493.jpg,14.720071290944123,-9.0,-8.0,-1303.0,-1305.0,,估计同步待核验
XY_Y-10-1-01,Y,2.0,1494,XY/袁-20250529/Y-10-1-01/Test1/33061_1_23/Img001494.jpg,14.72986705202312,-7.0,-8.0,-1302.0,-1304.0,,估计同步待核验
XY_Y-10-1-01,Y,2.0,1495,XY/袁-20250529/Y-10-1-01/Test1/33061_1_23/Img001495.jpg,14.73966281310212,-9.0,-8.0,-1301.0,-1303.0,,估计同步待核验
XY_Y-10-1-01,Y,2.0,1496,XY/袁-20250529/Y-10-1-01/Test1/33061_1_23/Img001496.jpg,14.749458574181117,-8.0,-8.0,-1300.0,-1302.0,,估计同步待核验
XY_Y-10-1-01,Y,2.0,1497,XY/袁-20250529/Y-10-1-01/Test1/33061_1_23/Img001497.jpg,14.759254335260115,-8.0,-8.0,-1299.0,-1301.0,,估计同步待核验
XY_Y-10-1-01,Y,2.0,1498,XY/袁-20250529/Y-10-1-01/Test1/33061_1_23/Img001498.jpg,14.769050096339113,-8.0,-8.0,-1298.0,-1300.0,,估计同步待核验
XY_Y-10-1-01,Y,2.0,1499,XY/袁-20250529/Y-10-1-01/Test1/33061_1_23/Img001499.jpg,14.778845857418112,-8.0,-8.0,-1298.0,-1300.0,,估计同步待核验
XY_Y-10-1-01,Y,2.0,1500,XY/袁-20250529/Y-10-1-01/Test1/33061_1_23/Img001500.jpg,14.78864161849711,-7.0,-8.0,-1296.0,-1299.0,,估计同步待核验
XY_Y-10-1-01,Y,2.0,1501,XY/袁-20250529/Y-10-1-01/Test1/33061_1_23/Img001501.jpg,14.798437379576107,-9.0,-8.0,-1295.0,-1298.0,,估计同步待核验
XY_Y-10-1-01,Y,2.0,1502,XY/袁-20250529/Y-10-1-01/Test1/33061_1_23/Img001502.jpg,14.808233140655107,-7.0,-8.0,-1294.0,-1296.0,,估计同步待核验
XY_Y-10-1-01,Y,2.0,1503,XY/袁-20250529/Y-10-1-01/Test1/33061_1_23/Img001503.jpg,14.818028901734104,-9.0,-8.0,-1293.0,-1295.0,,估计同步待核验
XY_Y-10-1-01,Y,2.0,1504,XY/袁-20250529/Y-10-1-01/Test1/33061_1_23/Img001504.jpg,14.827824662813102,-7.0,-8.0,-1291.0,-1293.0,,估计同步待核验
XY_Y-10-1-01,Y,2.0,1505,XY/袁-20250529/Y-10-1-01/Test1/33061_1_23/Img001505.jpg,14.8376204238921,-9.0,-8.0,-1291.0,-1292.0,,估计同步待核验
XY_Y-10-1-01,Y,2.0,1506,XY/袁-20250529/Y-10-1-01/Test1/33061_1_23/Img001506.jpg,14.847416184971099,-7.0,-8.0,-1290.0,-1291.0,,估计同步待核验
XY_Y-10-1-01,Y,2.0,1507,XY/袁-20250529/Y-10-1-01/Test1/33061_1_23/Img001507.jpg,14.857211946050096,-8.0,-8.0,-1289.0,-1290.0,,估计同步待核验
XY_Y-10-1-01,Y,2.0,1508,XY/袁-20250529/Y-10-1-01/Test1/33061_1_23/Img001508.jpg,14.867007707129094,-8.0,-8.0,-1288.0,-1289.0,,估计同步待核验
XY_Y-10-1-01,Y,2.0,1509,XY/袁-20250529/Y-10-1-01/Test1/33061_1_23/Img001509.jpg,14.876803468208093,-8.0,-8.0,-1288.0,-1289.0,,估计同步待核验
XY_Y-10-1-01,Y,2.0,1510,XY/袁-20250529/Y-10-1-01/Test1/33061_1_23/Img001510.jpg,14.886599229287091,-8.0,-8.0,-1286.0,-1288.0,,估计同步待核验
XY_Y-10-1-01,Y,2.0,1511,XY/袁-20250529/Y-10-1-01/Test1/33061_1_23/Img001511.jpg,14.896394990366089,-9.0,-8.0,-1285.0,-1287.0,,估计同步待核验
XY_Y-10-1-01,Y,2.0,1512,XY/袁-20250529/Y-10-1-01/Test1/33061_1_23/Img001512.jpg,14.906190751445086,-7.0,-8.0,-1284.0,-1286.0,,估计同步待核验
XY_Y-10-1-01,Y,2.0,1513,XY/袁-20250529/Y-10-1-01/Test1/33061_1_23/Img001513.jpg,14.915986512524086,-9.0,-8.0,-1283.0,-1285.0,,估计同步待核验
XY_Y-10-1-01,Y,2.0,1514,XY/袁-20250529/Y-10-1-01/Test1/33061_1_23/Img001514.jpg,14.925782273603083,-7.0,-8.0,-1282.0,-1284.0,,估计同步待核验
XY_Y-10-1-01,Y,2.0,1515,XY/袁-20250529/Y-10-1-01/Test1/33061_1_23/Img001515.jpg,14.93557803468208,-9.0,-8.0,-1281.0,-1284.0,,估计同步待核验
XY_Y-10-1-01,Y,2.0,1516,XY/袁-20250529/Y-10-1-01/Test1/33061_1_23/Img001516.jpg,14.945373795761078,-7.0,-8.0,-1280.0,-1282.0,,估计同步待核验
XY_Y-10-1-01,Y,2.0,1517,XY/袁-20250529/Y-10-1-01/Test1/33061_1_23/Img001517.jpg,14.955169556840078,-9.0,-8.0,-1279.0,-1281.0,,估计同步待核验
XY_Y-10-1-01,Y,2.0,1518,XY/袁-20250529/Y-10-1-01/Test1/33061_1_23/Img001518.jpg,14.964965317919075,-9.0,-8.0,-1279.0,-1281.0,,估计同步待核验
XY_Y-10-1-01,Y,2.0,1519,XY/袁-20250529/Y-10-1-01/Test1/33061_1_23/Img001519.jpg,14.974761078998073,-8.0,-8.0,-1278.0,-1280.0,,估计同步待核验
XY_Y-10-1-01,Y,2.0,1520,XY/袁-20250529/Y-10-1-01/Test1/33061_1_23/Img001520.jpg,14.984556840077072,-8.0,-8.0,-1277.0,-1279.0,,估计同步待核验
XY_Y-10-1-01,Y,2.0,1521,XY/袁-20250529/Y-10-1-01/Test1/33061_1_23/Img001521.jpg,14.99435260115607,-9.0,-8.0,-1276.0,-1278.0,,估计同步待核验
XY_Y-10-1-01,Y,2.0,1522,XY/袁-20250529/Y-10-1-01/Test1/33061_1_23/Img001522.jpg,15.004148362235068,-7.0,-8.0,-1275.0,-1277.0,,估计同步待核验
XY_Y-10-1-01,Y,2.0,1523,XY/袁-20250529/Y-10-1-01/Test1/33061_1_23/Img001523.jpg,15.013944123314065,-9.0,-8.0,-1274.0,-1276.0,,估计同步待核验
XY_Y-10-1-01,Y,2.0,1524,XY/袁-20250529/Y-10-1-01/Test1/33061_1_23/Img001524.jpg,15.023739884393063,-7.0,-8.0,-1272.0,-1275.0,,估计同步待核验
XY_Y-10-1-01,Y,2.0,1525,XY/袁-20250529/Y-10-1-01/Test1/33061_1_23/Img001525.jpg,15.03353564547206,-9.0,-8.0,-1272.0,-1274.0,,估计同步待核验
XY_Y-10-1-01,Y,2.0,1526,XY/袁-20250529/Y-10-1-01/Test1/33061_1_23/Img001526.jpg,15.043331406551058,-7.0,-8.0,-1270.0,-1272.0,,估计同步待核验
XY_Y-10-1-01,Y,2.0,1527,XY/袁-20250529/Y-10-1-01/Test1/33061_1_23/Img001527.jpg,15.053127167630057,-7.254335260113122,-8.0,-1269.8728323699434,-1272.0,,估计同步待核验
XY_Y-10-1-01,Y,2.0,1528,XY/袁-20250529/Y-10-1-01/Test1/33061_1_23/Img001528.jpg,15.062922928709055,-9.0,-8.0,-1269.0,-1272.0,,估计同步待核验
XY_Y-10-1-01,Y,2.0,1529,XY/袁-20250529/Y-10-1-01/Test1/33061_1_23/Img001529.jpg,15.072718689788053,-7.0,-8.0,-1268.0,-1270.0,,估计同步待核验
XY_Y-10-1-01,Y,2.0,1530,XY/袁-20250529/Y-10-1-01/Test1/33061_1_23/Img001530.jpg,15.08251445086705,-8.0,-8.0,-1267.0,-1269.0,,估计同步待核验
XY_Y-10-1-01,Y,2.0,1531,XY/袁-20250529/Y-10-1-01/Test1/33061_1_23/Img001531.jpg,15.09231021194605,-8.0,-8.0,-1266.0,-1268.0,,估计同步待核验
XY_Y-10-1-01,Y,2.0,1532,XY/袁-20250529/Y-10-1-01/Test1/33061_1_23/Img001532.jpg,15.102105973025047,-8.0,-8.0,-1265.0,-1268.0,,估计同步待核验
XY_Y-10-1-01,Y,2.0,1533,XY/袁-20250529/Y-10-1-01/Test1/33061_1_23/Img001533.jpg,15.111901734104045,-9.0,-8.0,-1264.0,-1267.0,,估计同步待核验
XY_Y-10-1-01,Y,2.0,1534,XY/袁-20250529/Y-10-1-01/Test1/33061_1_23/Img001534.jpg,15.121697495183044,-7.0,-8.0,-1263.0,-1265.0,,估计同步待核验
XY_Y-10-1-01,Y,2.0,1535,XY/袁-20250529/Y-10-1-01/Test1/33061_1_23/Img001535.jpg,15.131493256262042,-9.0,-8.0,-1262.0,-1264.0,,估计同步待核验
XY_Y-10-1-01,Y,2.0,1536,XY/袁-20250529/Y-10-1-01/Test1/33061_1_23/Img001536.jpg,15.14128901734104,-8.42196531792117,-8.0,-1261.4219653179211,-1264.0,,估计同步待核验
XY_Y-10-1-01,Y,2.0,1537,XY/袁-20250529/Y-10-1-01/Test1/33061_1_23/Img001537.jpg,15.151084778420037,-7.0,-8.0,-1260.0,-1264.0,,估计同步待核验
XY_Y-10-1-01,Y,2.0,1538,XY/袁-20250529/Y-10-1-01/Test1/33061_1_23/Img001538.jpg,15.160880539499036,-9.0,-8.0,-1260.0,-1263.0,,估计同步待核验
XY_Y-10-1-01,Y,2.0,1539,XY/袁-20250529/Y-10-1-01/Test1/33061_1_23/Img001539.jpg,15.170676300578034,-7.0,-8.0,-1259.0,-1262.0,,估计同步待核验
XY_Y-10-1-01,Y,2.0,1540,XY/袁-20250529/Y-10-1-01/Test1/33061_1_23/Img001540.jpg,15.180472061657031,-9.0,-8.0,-1258.0,-1261.0,,估计同步待核验
XY_Y-10-1-01,Y,2.0,1541,XY/袁-20250529/Y-10-1-01/Test1/33061_1_23/Img001541.jpg,15.19026782273603,-8.0,-8.0,-1257.0,-1260.0,,估计同步待核验
XY_Y-10-1-01,Y,2.0,1542,XY/袁-20250529/Y-10-1-01/Test1/33061_1_23/Img001542.jpg,15.200063583815028,-8.0,-8.0,-1256.0,-1258.0,,估计同步待核验
XY_Y-10-1-01,Y,2.0,1543,XY/袁-20250529/Y-10-1-01/Test1/33061_1_23/Img001543.jpg,15.209859344894026,-9.0,-7.0,-1255.0,-1257.0,,估计同步待核验
XY_Y-10-1-01,Y,2.0,1544,XY/袁-20250529/Y-10-1-01/Test1/33061_1_23/Img001544.jpg,15.219655105973024,-7.0,-8.0,-1254.0,-1256.0,,估计同步待核验
XY_Y-10-1-01,Y,2.0,1545,XY/袁-20250529/Y-10-1-01/Test1/33061_1_23/Img001545.jpg,15.229450867052023,-7.901734104046489,-7.549132947976755,-1253.5491329479767,-1255.5491329479767,,估计同步待核验
XY_Y-10-1-01,Y,2.0,1546,XY/袁-20250529/Y-10-1-01/Test1/33061_1_23/Img001546.jpg,15.23924662813102,-9.0,-7.0,-1253.0,-1255.0,,估计同步待核验
XY_Y-10-1-01,Y,2.0,1547,XY/袁-20250529/Y-10-1-01/Test1/33061_1_23/Img001547.jpg,15.249042389210018,-7.0,-8.0,-1252.0,-1254.0,,估计同步待核验
XY_Y-10-1-01,Y,2.0,1548,XY/袁-20250529/Y-10-1-01/Test1/33061_1_23/Img001548.jpg,15.258838150289016,-10.0,-7.0,-1251.0,-1254.0,,估计同步待核验
XY_Y-10-1-01,Y,2.0,1549,XY/袁-20250529/Y-10-1-01/Test1/33061_1_23/Img001549.jpg,15.268633911368015,-7.0,-8.0,-1250.0,-1253.0,,估计同步待核验
XY_Y-10-1-01,Y,2.0,1550,XY/袁-20250529/Y-10-1-01/Test1/33061_1_23/Img001550.jpg,15.278429672447013,-9.0,-7.0,-1249.0,-1252.0,,估计同步待核验
XY_Y-10-1-01,Y,2.0,1551,XY/袁-20250529/Y-10-1-01/Test1/33061_1_23/Img001551.jpg,15.28822543352601,-8.0,-8.0,-1248.0,-1251.0,,估计同步待核验
XY_Y-10-1-01,Y,2.0,1552,XY/袁-20250529/Y-10-1-01/Test1/33061_1_23/Img001552.jpg,15.29802119460501,-8.0,-8.0,-1247.0,-1249.0,,估计同步待核验
XY_Y-10-1-01,Y,2.0,1553,XY/袁-20250529/Y-10-1-01/Test1/33061_1_23/Img001553.jpg,15.307816955684007,-8.0,-7.0,-1246.0,-1248.0,,估计同步待核验
XY_Y-10-1-01,Y,2.0,1554,XY/袁-20250529/Y-10-1-01/Test1/33061_1_23/Img001554.jpg,15.317612716763005,-8.0,-7.612716763005123,-1245.3872832369948,-1247.3872832369948,,估计同步待核验
XY_Y-10-1-01,Y,2.0,1555,XY/袁-20250529/Y-10-1-01/Test1/33061_1_23/Img001555.jpg,15.327408477842003,-8.0,-8.0,-1245.0,-1247.0,,估计同步待核验
XY_Y-10-1-01,Y,2.0,1556,XY/袁-20250529/Y-10-1-01/Test1/33061_1_23/Img001556.jpg,15.337204238921002,-9.0,-7.0,-1244.0,-1246.0,,估计同步待核验
XY_Y-10-1-01,Y,2.0,1557,XY/袁-20250529/Y-10-1-01/Test1/33061_1_23/Img001557.jpg,15.347,-7.0,-8.0,-1243.0,-1245.0,文件末帧,估计同步待核验
