试样编号,照片帧号,估计时间_s,Fx1力_N,Fx2力_N,Fx平均力_N,Fy1力_N,Fy2力_N,Fy平均力_N,加载类型,事件标签,同步状态
XY_Y-10-1-01,0,0.095,7.0,8.0,7.5,31.0,29.0,30.0,拉伸,加载起点,估计同步待核验
XY_Y-10-1-01,1,0.10479576107899807,7.0,8.0,7.5,31.0,29.0,30.0,拉伸,,估计同步待核验
XY_Y-10-1-01,2,0.11459152215799615,9.0,7.0,8.0,42.0,40.0,41.0,拉伸,,估计同步待核验
XY_Y-10-1-01,3,0.12438728323699422,8.0,7.0,7.5,53.0,51.0,52.0,拉伸,,估计同步待核验
XY_Y-10-1-01,4,0.1341830443159923,9.0,7.0,8.0,64.0,62.0,63.0,拉伸,,估计同步待核验
XY_Y-10-1-01,5,0.14397880539499036,8.0,7.0,7.5,75.0,74.0,74.5,拉伸,,估计同步待核验
XY_Y-10-1-01,6,0.15377456647398843,8.0,8.0,8.0,86.0,84.0,85.0,拉伸,,估计同步待核验
XY_Y-10-1-01,7,0.1635703275529865,9.0,7.0,8.0,97.0,96.0,96.5,拉伸,,估计同步待核验
XY_Y-10-1-01,8,0.17336608863198458,7.0,8.0,7.5,108.0,107.0,107.5,拉伸,,估计同步待核验
XY_Y-10-1-01,9,0.18316184971098265,10.0,7.0,8.5,120.0,119.0,119.5,拉伸,,估计同步待核验
XY_Y-10-1-01,10,0.19295761078998072,10.0,7.0,8.5,120.0,119.0,119.5,拉伸,,估计同步待核验
XY_Y-10-1-01,11,0.2027533718689788,7.0,8.0,7.5,130.0,130.0,130.0,拉伸,,估计同步待核验
XY_Y-10-1-01,12,0.21254913294797687,9.0,7.0,8.0,142.0,142.0,142.0,拉伸,,估计同步待核验
XY_Y-10-1-01,13,0.22234489402697497,7.0,8.0,7.5,154.0,153.0,153.5,拉伸,,估计同步待核验
XY_Y-10-1-01,14,0.232140655105973,8.0,8.0,8.0,165.0,165.0,165.0,拉伸,,估计同步待核验
XY_Y-10-1-01,15,0.24193641618497108,8.0,8.0,8.0,178.0,176.0,177.0,拉伸,,估计同步待核验
XY_Y-10-1-01,16,0.2517321772639691,8.0,8.0,8.0,189.0,188.0,188.5,拉伸,,估计同步待核验
XY_Y-10-1-01,17,0.2615279383429672,9.0,8.0,8.5,202.0,200.0,201.0,拉伸,,估计同步待核验
XY_Y-10-1-01,18,0.2713236994219653,7.0,8.0,7.5,213.0,212.0,212.5,拉伸,,估计同步待核验
XY_Y-10-1-01,19,0.28111946050096337,7.238921001926697,8.0,7.619460500963349,214.4335260115602,213.31406551059683,213.8737957610785,拉伸,,估计同步待核验
XY_Y-10-1-01,20,0.2909152215799614,9.0,8.0,8.5,225.0,223.0,224.0,拉伸,,估计同步待核验
XY_Y-10-1-01,21,0.3007109826589595,7.0,8.0,7.5,236.0,235.0,235.5,拉伸,,估计同步待核验
XY_Y-10-1-01,22,0.3105067437379576,9.0,8.0,8.5,248.0,247.0,247.5,拉伸,,估计同步待核验
XY_Y-10-1-01,23,0.32030250481695566,7.0,8.0,7.5,259.0,259.0,259.0,拉伸,,估计同步待核验
XY_Y-10-1-01,24,0.3300982658959537,9.0,8.0,8.5,270.0,270.0,270.0,拉伸,,估计同步待核验
XY_Y-10-1-01,25,0.33989402697495186,8.0,8.0,8.0,282.0,282.0,282.0,拉伸,,估计同步待核验
XY_Y-10-1-01,26,0.3496897880539499,8.0,8.0,8.0,294.0,293.0,293.5,拉伸,,估计同步待核验
XY_Y-10-1-01,27,0.35948554913294795,8.0,7.0,7.5,306.0,305.0,305.5,拉伸,,估计同步待核验
XY_Y-10-1-01,28,0.369281310211946,7.718689788054005,7.281310211945995,7.5,309.3757225433519,308.3757225433519,308.8757225433519,拉伸,,估计同步待核验
XY_Y-10-1-01,29,0.37907707129094403,7.0,8.0,7.5,318.0,317.0,317.5,拉伸,,估计同步待核验
XY_Y-10-1-01,30,0.3888728323699422,9.0,7.0,8.0,330.0,329.0,329.5,拉伸,,估计同步待核验
XY_Y-10-1-01,31,0.39866859344894023,7.0,8.0,7.5,341.0,341.0,341.0,拉伸,,估计同步待核验
XY_Y-10-1-01,32,0.4084643545279383,9.0,7.0,8.0,354.0,352.0,353.0,拉伸,,估计同步待核验
XY_Y-10-1-01,33,0.4182601156069363,7.0,8.0,7.5,365.0,364.0,364.5,拉伸,,估计同步待核验
XY_Y-10-1-01,34,0.4280558766859345,9.0,8.0,8.5,377.0,376.0,376.5,拉伸,,估计同步待核验
XY_Y-10-1-01,35,0.4378516377649325,7.0,8.0,7.5,389.0,388.0,388.5,拉伸,,估计同步待核验
XY_Y-10-1-01,36,0.44764739884393057,8.0,8.0,8.0,400.0,400.0,400.0,拉伸,,估计同步待核验
XY_Y-10-1-01,37,0.4574431599229287,8.0,8.0,8.0,405.31791907514446,404.87475915221574,405.0963391136801,拉伸,,估计同步待核验
XY_Y-10-1-01,38,0.46723892100192677,8.0,8.0,8.0,412.0,411.0,411.5,拉伸,,估计同步待核验
XY_Y-10-1-01,39,0.4770346820809248,8.0,8.0,8.0,424.0,423.0,423.5,拉伸,,估计同步待核验
XY_Y-10-1-01,40,0.48683044315992285,9.0,7.0,8.0,436.0,435.0,435.5,拉伸,,估计同步待核验
XY_Y-10-1-01,41,0.496626204238921,8.0,8.0,8.0,447.0,447.0,447.0,拉伸,,估计同步待核验
XY_Y-10-1-01,42,0.506421965317919,9.0,8.0,8.5,460.0,458.0,459.0,拉伸,,估计同步待核验
XY_Y-10-1-01,43,0.5162177263969171,7.0,8.0,7.5,470.0,470.0,470.0,拉伸,,估计同步待核验
XY_Y-10-1-01,44,0.5260134874759151,9.0,7.0,8.0,482.0,482.0,482.0,拉伸,,估计同步待核验
XY_Y-10-1-01,45,0.5358092485549133,7.0,8.0,7.5,493.0,493.0,493.0,拉伸,,估计同步待核验
XY_Y-10-1-01,46,0.5456050096339113,8.210019267822602,8.0,8.105009633911301,500.26011560693564,500.26011560693564,500.26011560693564,拉伸,,估计同步待核验
XY_Y-10-1-01,47,0.5554007707129094,9.0,8.0,8.5,505.0,505.0,505.0,拉伸,,估计同步待核验
XY_Y-10-1-01,48,0.5651965317919074,7.0,8.0,7.5,517.0,517.0,517.0,拉伸,,估计同步待核验
XY_Y-10-1-01,49,0.5749922928709056,8.0,8.0,8.0,528.0,528.0,528.0,拉伸,,估计同步待核验
XY_Y-10-1-01,50,0.5847880539499036,9.0,8.0,8.5,540.0,540.0,540.0,拉伸,,估计同步待核验
XY_Y-10-1-01,51,0.5945838150289017,8.0,8.0,8.0,550.0,551.0,550.5,拉伸,,估计同步待核验
XY_Y-10-1-01,52,0.6043795761078998,9.0,7.0,8.0,562.0,562.0,562.0,拉伸,,估计同步待核验
XY_Y-10-1-01,53,0.6141753371868978,7.0,8.0,7.5,573.0,573.0,573.0,拉伸,,估计同步待核验
XY_Y-10-1-01,54,0.6239710982658958,9.0,8.0,8.5,585.0,585.0,585.0,拉伸,,估计同步待核验
XY_Y-10-1-01,55,0.633766859344894,7.466281310212091,8.0,7.7331406551060455,593.4354527938335,593.4354527938335,593.4354527938335,拉伸,,估计同步待核验
XY_Y-10-1-01,56,0.643562620423892,7.0,8.0,7.5,596.0,596.0,596.0,拉伸,,估计同步待核验
XY_Y-10-1-01,57,0.6533583815028902,9.0,8.0,8.5,608.0,608.0,608.0,拉伸,,估计同步待核验
XY_Y-10-1-01,58,0.6631541425818881,7.0,8.0,7.5,619.0,619.0,619.0,拉伸,,估计同步待核验
XY_Y-10-1-01,59,0.6729499036608863,8.0,8.0,8.0,630.0,630.0,630.0,拉伸,,估计同步待核验
XY_Y-10-1-01,60,0.6827456647398843,8.0,8.0,8.0,641.0,641.0,641.0,拉伸,,估计同步待核验
XY_Y-10-1-01,61,0.6925414258188825,8.0,8.0,8.0,652.0,652.0,652.0,拉伸,,估计同步待核验
XY_Y-10-1-01,62,0.7023371868978804,9.0,8.0,8.5,663.0,663.0,663.0,拉伸,,估计同步待核验
XY_Y-10-1-01,63,0.7121329479768785,7.0,8.0,7.5,673.0,674.0,673.5,拉伸,,估计同步待核验
XY_Y-10-1-01,64,0.7219287090558766,8.857418111753216,8.0,8.428709055876608,683.2157996146427,683.2870905587661,683.2514450867044,拉伸,,估计同步待核验
XY_Y-10-1-01,65,0.7317244701348747,9.0,8.0,8.5,684.0,684.0,684.0,拉伸,,估计同步待核验
XY_Y-10-1-01,66,0.7415202312138727,7.0,8.0,7.5,694.0,695.0,694.5,拉伸,,估计同步待核验
XY_Y-10-1-01,67,0.7513159922928708,10.0,8.0,9.0,706.0,705.0,705.5,拉伸,,估计同步待核验
XY_Y-10-1-01,68,0.7611117533718689,7.0,8.0,7.5,715.0,716.0,715.5,拉伸,,估计同步待核验
XY_Y-10-1-01,69,0.770907514450867,9.0,8.0,8.5,726.0,726.0,726.0,拉伸,,估计同步待核验
XY_Y-10-1-01,70,0.780703275529865,8.0,8.0,8.0,736.0,737.0,736.5,拉伸,,估计同步待核验
XY_Y-10-1-01,71,0.7904990366088631,8.0,8.0,8.0,747.0,747.0,747.0,拉伸,,估计同步待核验
XY_Y-10-1-01,72,0.8002947976878612,9.0,7.0,8.0,758.0,758.0,758.0,拉伸,,估计同步待核验
XY_Y-10-1-01,73,0.8100905587668593,7.0,8.0,7.5,768.0,768.0,768.0,拉伸,,估计同步待核验
XY_Y-10-1-01,74,0.8198863198458574,7.0,8.0,7.5,768.0,768.0,768.0,拉伸,,估计同步待核验
XY_Y-10-1-01,75,0.8296820809248554,9.0,7.0,8.0,779.0,778.0,778.5,拉伸,,估计同步待核验
XY_Y-10-1-01,76,0.8394778420038534,7.0,8.0,7.5,788.0,788.0,788.0,拉伸,,估计同步待核验
XY_Y-10-1-01,77,0.8492736030828516,9.0,8.0,8.5,799.0,799.0,799.0,拉伸,,估计同步待核验
XY_Y-10-1-01,78,0.8590693641618496,7.0,8.0,7.5,809.0,809.0,809.0,拉伸,,估计同步待核验
XY_Y-10-1-01,79,0.8688651252408477,10.0,8.0,9.0,819.0,819.0,819.0,拉伸,,估计同步待核验
XY_Y-10-1-01,80,0.8786608863198457,8.0,8.0,8.0,829.0,829.0,829.0,拉伸,,估计同步待核验
XY_Y-10-1-01,81,0.8884566473988439,9.0,8.0,8.5,839.0,839.0,839.0,拉伸,,估计同步待核验
XY_Y-10-1-01,82,0.8982524084778419,8.0,7.0,7.5,849.0,849.0,849.0,拉伸,,估计同步待核验
XY_Y-10-1-01,83,0.90804816955684,8.0,7.04816955683995,7.524084778419975,849.4335260115596,849.4816955683995,849.4576107899795,拉伸,,估计同步待核验
XY_Y-10-1-01,84,0.917843930635838,8.0,8.0,8.0,858.0,859.0,858.5,拉伸,,估计同步待核验
XY_Y-10-1-01,85,0.9276396917148362,9.0,7.0,8.0,868.0,869.0,868.5,拉伸,,估计同步待核验
XY_Y-10-1-01,86,0.9374354527938342,7.0,8.0,7.5,877.0,878.0,877.5,拉伸,,估计同步待核验
XY_Y-10-1-01,87,0.9472312138728323,9.0,7.0,8.0,888.0,888.0,888.0,拉伸,,估计同步待核验
XY_Y-10-1-01,88,0.9570269749518303,7.0,8.0,7.5,897.0,898.0,897.5,拉伸,,估计同步待核验
XY_Y-10-1-01,89,0.9668227360308285,10.0,7.0,8.5,907.0,907.0,907.0,拉伸,,估计同步待核验
XY_Y-10-1-01,90,0.9766184971098265,7.0,8.0,7.5,916.0,917.0,916.5,拉伸,,估计同步待核验
XY_Y-10-1-01,91,0.9864142581888246,9.0,8.0,8.5,926.0,926.0,926.0,拉伸,,估计同步待核验
XY_Y-10-1-01,92,0.9962100192678226,8.789980732177398,8.0,8.394990366088699,927.8901734104035,928.100192678226,927.9951830443147,拉伸,,估计同步待核验
XY_Y-10-1-01,93,1.0060057803468208,8.0,8.0,8.0,935.0,936.0,935.5,拉伸,,估计同步待核验
XY_Y-10-1-01,94,1.0158015414258188,8.0,8.0,8.0,945.0,945.0,945.0,拉伸,,估计同步待核验
XY_Y-10-1-01,95,1.025597302504817,9.0,8.0,8.5,954.0,955.0,954.5,拉伸,,估计同步待核验
XY_Y-10-1-01,96,1.0353930635838149,7.0,8.0,7.5,964.0,964.0,964.0,拉伸,,估计同步待核验
XY_Y-10-1-01,97,1.0451888246628132,9.0,7.0,8.0,973.0,974.0,973.5,拉伸,,估计同步待核验
XY_Y-10-1-01,98,1.0549845857418112,7.0,8.0,7.5,982.0,983.0,982.5,拉伸,,估计同步待核验
XY_Y-10-1-01,99,1.0647803468208092,9.0,7.0,8.0,992.0,992.0,992.0,拉伸,,估计同步待核验
XY_Y-10-1-01,100,1.0745761078998073,7.0,8.0,7.5,1001.0,1001.0,1001.0,拉伸,,估计同步待核验
XY_Y-10-1-01,101,1.0843718689788053,7.743737957610595,8.0,7.871868978805297,1004.3468208092477,1004.3468208092477,1004.3468208092477,拉伸,,估计同步待核验
XY_Y-10-1-01,102,1.0941676300578034,9.0,8.0,8.5,1010.0,1010.0,1010.0,拉伸,,估计同步待核验
XY_Y-10-1-01,103,1.1039633911368014,8.0,8.0,8.0,1019.0,1019.0,1019.0,拉伸,,估计同步待核验
XY_Y-10-1-01,104,1.1137591522157997,9.0,8.0,8.5,1028.0,1028.0,1028.0,拉伸,,估计同步待核验
XY_Y-10-1-01,105,1.1235549132947977,8.0,8.0,8.0,1037.0,1037.0,1037.0,拉伸,,估计同步待核验
XY_Y-10-1-01,106,1.1333506743737956,8.0,8.0,8.0,1045.0,1046.0,1045.5,拉伸,,估计同步待核验
XY_Y-10-1-01,107,1.1431464354527936,9.0,7.0,8.0,1054.0,1055.0,1054.5,拉伸,,估计同步待核验
XY_Y-10-1-01,108,1.1529421965317916,7.0,8.0,7.5,1062.0,1064.0,1063.0,拉伸,,估计同步待核验
XY_Y-10-1-01,109,1.16273795761079,9.0,7.0,8.0,1071.0,1072.0,1071.5,拉伸,,估计同步待核验
XY_Y-10-1-01,110,1.172533718689788,7.932562620424077,7.533718689787961,7.73314065510602,1075.2697495183038,1076.8034682080915,1076.0366088631977,拉伸,,估计同步待核验
XY_Y-10-1-01,111,1.182329479768786,7.0,8.0,7.5,1079.0,1081.0,1080.0,拉伸,,估计同步待核验
XY_Y-10-1-01,112,1.192125240847784,9.0,8.0,8.5,1088.0,1089.0,1088.5,拉伸,,估计同步待核验
XY_Y-10-1-01,113,1.2019210019267823,7.0,8.0,7.5,1096.0,1098.0,1097.0,拉伸,,估计同步待核验
XY_Y-10-1-01,114,1.2117167630057804,9.0,8.0,8.5,1105.0,1106.0,1105.5,拉伸,,估计同步待核验
XY_Y-10-1-01,115,1.2215125240847782,8.0,8.0,8.0,1113.0,1115.0,1114.0,拉伸,,估计同步待核验
XY_Y-10-1-01,116,1.2313082851637762,8.0,8.0,8.0,1122.0,1123.0,1122.5,拉伸,,估计同步待核验
XY_Y-10-1-01,117,1.2411040462427745,9.0,8.0,8.5,1130.0,1131.0,1130.5,拉伸,,估计同步待核验
XY_Y-10-1-01,118,1.2508998073217725,7.0,8.0,7.5,1138.0,1139.0,1138.5,拉伸,,估计同步待核验
XY_Y-10-1-01,119,1.2606955684007706,8.391136801541279,8.0,8.19556840077064,1143.5645472061651,1144.5645472061651,1144.0645472061651,拉伸,,估计同步待核验
XY_Y-10-1-01,120,1.2704913294797686,9.0,8.0,8.5,1146.0,1147.0,1146.5,拉伸,,估计同步待核验
XY_Y-10-1-01,121,1.2802870905587669,7.0,8.0,7.5,1154.0,1154.0,1154.0,拉伸,,估计同步待核验
XY_Y-10-1-01,122,1.290082851637765,10.0,8.0,9.0,1162.0,1162.0,1162.0,拉伸,,估计同步待核验
XY_Y-10-1-01,123,1.2998786127167627,7.0,8.0,7.5,1169.0,1169.0,1169.0,拉伸,,估计同步待核验
XY_Y-10-1-01,124,1.3096743737957608,9.0,8.0,8.5,1177.0,1177.0,1177.0,拉伸,,估计同步待核验
XY_Y-10-1-01,125,1.319470134874759,7.0,8.0,7.5,1184.0,1184.0,1184.0,拉伸,,估计同步待核验
XY_Y-10-1-01,126,1.329265895953757,8.0,8.0,8.0,1191.0,1192.0,1191.5,拉伸,,估计同步待核验
XY_Y-10-1-01,127,1.3390616570327551,8.0,8.0,8.0,1199.0,1199.0,1199.0,拉伸,,估计同步待核验
XY_Y-10-1-01,128,1.3488574181117532,8.0,8.0,8.0,1205.0019267822724,1205.8593448940255,1205.430635838149,拉伸,,估计同步待核验
XY_Y-10-1-01,129,1.3586531791907515,8.0,8.0,8.0,1206.0,1207.0,1206.5,拉伸,,估计同步待核验
XY_Y-10-1-01,130,1.3684489402697495,9.0,7.0,8.0,1213.0,1214.0,1213.5,拉伸,,估计同步待核验
XY_Y-10-1-01,131,1.3782447013487475,7.0,8.0,7.5,1220.0,1221.0,1220.5,拉伸,,估计同步待核验
XY_Y-10-1-01,132,1.3880404624277454,9.0,7.0,8.0,1227.0,1228.0,1227.5,拉伸,,估计同步待核验
XY_Y-10-1-01,133,1.3978362235067436,7.0,8.0,7.5,1233.0,1234.0,1233.5,拉伸,,估计同步待核验
XY_Y-10-1-01,134,1.4076319845857417,9.0,7.0,8.0,1240.0,1241.0,1240.5,拉伸,,估计同步待核验
XY_Y-10-1-01,135,1.4174277456647397,7.0,8.0,7.5,1246.0,1248.0,1247.0,拉伸,,估计同步待核验
XY_Y-10-1-01,136,1.4272235067437378,9.0,8.0,8.5,1253.0,1254.0,1253.5,拉伸,,估计同步待核验
XY_Y-10-1-01,137,1.437019267822736,8.0,8.0,8.0,1259.0,1260.0,1259.5,拉伸,,估计同步待核验
XY_Y-10-1-01,138,1.446815028901734,8.0,8.0,8.0,1259.0,1260.0,1259.5,拉伸,,估计同步待核验
XY_Y-10-1-01,139,1.4566107899807321,8.0,8.0,8.0,1265.0,1266.0,1265.5,拉伸,,估计同步待核验
XY_Y-10-1-01,140,1.46640655105973,9.0,8.0,8.5,1272.0,1273.0,1272.5,拉伸,,估计同步待核验
XY_Y-10-1-01,141,1.4762023121387282,7.0,8.0,7.5,1277.0,1278.0,1277.5,拉伸,,估计同步待核验
XY_Y-10-1-01,142,1.4859980732177263,9.0,8.0,8.5,1284.0,1284.0,1284.0,拉伸,,估计同步待核验
XY_Y-10-1-01,143,1.4957938342967243,7.0,8.0,7.5,1289.0,1290.0,1289.5,拉伸,,估计同步待核验
XY_Y-10-1-01,144,1.5055895953757223,9.0,8.0,8.5,1295.0,1296.0,1295.5,拉伸,,估计同步待核验
XY_Y-10-1-01,145,1.5153853564547206,7.0,8.0,7.5,1300.0,1301.0,1300.5,拉伸,,估计同步待核验
XY_Y-10-1-01,146,1.5251811175337187,9.0,8.0,8.5,1306.0,1307.0,1306.5,拉伸,,估计同步待核验
XY_Y-10-1-01,147,1.5349768786127167,9.0,8.0,8.5,1306.0,1307.0,1306.5,拉伸,,估计同步待核验
XY_Y-10-1-01,148,1.5447726396917147,7.0,8.0,7.5,1311.0,1312.0,1311.5,拉伸,,估计同步待核验
XY_Y-10-1-01,149,1.5545684007707128,8.0,8.0,8.0,1316.0,1318.0,1317.0,拉伸,,估计同步待核验
XY_Y-10-1-01,150,1.5643641618497108,8.0,8.0,8.0,1321.0,1322.0,1321.5,拉伸,,估计同步待核验
XY_Y-10-1-01,151,1.5741599229287089,7.0,8.0,7.5,1325.0,1327.0,1326.0,拉伸,,估计同步待核验
XY_Y-10-1-01,152,1.583955684007707,9.0,8.0,8.5,1330.0,1331.0,1330.5,拉伸,,估计同步待核验
XY_Y-10-1-01,153,1.5937514450867052,7.0,9.0,8.0,1335.0,1336.0,1335.5,拉伸,,估计同步待核验
XY_Y-10-1-01,154,1.6035472061657032,9.0,8.0,8.5,1339.0,1340.0,1339.5,拉伸,,估计同步待核验
XY_Y-10-1-01,155,1.6133429672447013,7.0,8.0,7.5,1343.0,1345.0,1344.0,拉伸,,估计同步待核验
XY_Y-10-1-01,156,1.6231387283236993,7.277456647398613,8.0,7.638728323699306,1343.6936416184965,1345.5549132947972,1344.6242774566467,拉伸,,估计同步待核验
XY_Y-10-1-01,157,1.6329344894026974,9.0,8.0,8.5,1348.0,1349.0,1348.5,拉伸,,估计同步待核验
XY_Y-10-1-01,158,1.6427302504816954,7.0,8.0,7.5,1352.0,1353.0,1352.5,拉伸,,估计同步待核验
XY_Y-10-1-01,159,1.6525260115606935,8.0,8.0,8.0,1356.0,1357.0,1356.5,拉伸,,估计同步待核验
XY_Y-10-1-01,160,1.6623217726396915,8.0,8.0,8.0,1360.0,1361.0,1360.5,拉伸,,估计同步待核验
XY_Y-10-1-01,161,1.6721175337186898,8.0,8.0,8.0,1364.0,1365.0,1364.5,拉伸,,估计同步待核验
XY_Y-10-1-01,162,1.6819132947976878,9.0,8.0,8.5,1367.0,1369.0,1368.0,拉伸,,估计同步待核验
XY_Y-10-1-01,163,1.6917090558766859,7.0,8.0,7.5,1371.0,1372.0,1371.5,拉伸,,估计同步待核验
XY_Y-10-1-01,164,1.701504816955684,9.0,8.0,8.5,1374.0,1375.0,1374.5,拉伸,,估计同步待核验
XY_Y-10-1-01,165,1.711300578034682,8.098265895954308,8.0,8.049132947977153,1374.9017341040458,1375.9017341040458,1375.4017341040458,拉伸,,估计同步待核验
XY_Y-10-1-01,166,1.72109633911368,6.0,8.0,7.0,1377.0,1378.0,1377.5,拉伸,,估计同步待核验
XY_Y-10-1-01,167,1.730892100192678,9.0,8.0,8.5,1380.0,1382.0,1381.0,拉伸,,估计同步待核验
XY_Y-10-1-01,168,1.740687861271676,6.0,8.0,7.0,1382.0,1384.0,1383.0,拉伸,,估计同步待核验
XY_Y-10-1-01,169,1.7504836223506741,9.0,8.0,8.5,1385.0,1387.0,1386.0,拉伸,,估计同步待核验
XY_Y-10-1-01,170,1.7602793834296724,7.0,8.0,7.5,1388.0,1390.0,1389.0,拉伸,,估计同步待核验
XY_Y-10-1-01,171,1.7700751445086704,8.0,8.0,8.0,1391.0,1393.0,1392.0,拉伸,,估计同步待核验
XY_Y-10-1-01,172,1.7798709055876685,8.0,8.0,8.0,1393.0,1395.0,1394.0,拉伸,,估计同步待核验
XY_Y-10-1-01,173,1.7896666666666665,8.0,8.0,8.0,1395.0,1397.0,1396.0,拉伸,,估计同步待核验
XY_Y-10-1-01,174,1.7994624277456646,8.462427745664577,8.0,8.231213872832289,1395.9248554913293,1397.9248554913293,1396.9248554913293,拉伸,,估计同步待核验
XY_Y-10-1-01,175,1.8092581888246626,9.0,8.0,8.5,1397.0,1399.0,1398.0,拉伸,,估计同步待核验
XY_Y-10-1-01,176,1.8190539499036606,7.0,8.0,7.5,1399.0,1401.0,1400.0,拉伸,,估计同步待核验
XY_Y-10-1-01,177,1.8288497109826587,9.0,8.0,8.5,1402.0,1403.0,1402.5,拉伸,,估计同步待核验
XY_Y-10-1-01,178,1.838645472061657,7.0,8.0,7.5,1404.0,1405.0,1404.5,拉伸,,估计同步待核验
XY_Y-10-1-01,179,1.848441233140655,9.0,8.0,8.5,1406.0,1407.0,1406.5,拉伸,,估计同步待核验
XY_Y-10-1-01,180,1.858236994219653,7.0,8.0,7.5,1407.0,1408.0,1407.5,拉伸,,估计同步待核验
XY_Y-10-1-01,181,1.868032755298651,9.0,8.0,8.5,1409.0,1410.0,1409.5,拉伸,,估计同步待核验
XY_Y-10-1-01,182,1.8778285163776491,8.0,8.0,8.0,1410.0,1411.0,1410.5,拉伸,,估计同步待核验
XY_Y-10-1-01,183,1.8876242774566472,8.0,8.0,8.0,1410.6242774566472,1411.6242774566472,1411.1242774566472,拉伸,,估计同步待核验
XY_Y-10-1-01,184,1.8974200385356452,8.0,8.0,8.0,1411.0,1412.0,1411.5,拉伸,,估计同步待核验
XY_Y-10-1-01,185,1.9072157996146433,9.0,8.0,8.5,1412.0,1414.0,1413.0,拉伸,,估计同步待核验
XY_Y-10-1-01,186,1.9170115606936415,7.0,8.0,7.5,1413.0,1415.0,1414.0,拉伸,,估计同步待核验
XY_Y-10-1-01,187,1.9268073217726396,9.0,8.0,8.5,1415.0,1416.0,1415.5,拉伸,,估计同步待核验
XY_Y-10-1-01,188,1.9366030828516376,7.0,8.0,7.5,1416.0,1417.0,1416.5,拉伸,,估计同步待核验
XY_Y-10-1-01,189,1.9463988439306357,9.0,8.0,8.5,1417.0,1418.0,1417.5,拉伸,,估计同步待核验
XY_Y-10-1-01,190,1.956194605009634,7.0,8.0,7.5,1417.0,1419.0,1418.0,拉伸,,估计同步待核验
XY_Y-10-1-01,191,1.9659903660886318,9.0,8.0,8.5,1418.0,1420.0,1419.0,拉伸,,估计同步待核验
XY_Y-10-1-01,192,1.9757861271676298,8.2138728323702,8.0,8.1069364161851,1418.7861271676297,1420.0,1419.3930635838149,拉伸,,估计同步待核验
XY_Y-10-1-01,193,1.9855818882466278,8.0,8.0,8.0,1419.0,1420.0,1419.5,拉伸,,估计同步待核验
XY_Y-10-1-01,194,1.9953776493256261,8.0,8.0,8.0,1419.0,1421.0,1420.0,拉伸,,估计同步待核验
XY_Y-10-1-01,195,2.005173410404624,9.0,8.0,8.5,1420.0,1421.0,1420.5,拉伸,,估计同步待核验
XY_Y-10-1-01,196,2.014969171483622,7.0,8.0,7.5,1420.0,1422.0,1421.0,拉伸,,估计同步待核验
XY_Y-10-1-01,197,2.0247649325626202,9.0,8.0,8.5,1421.0,1422.0,1421.5,拉伸,,估计同步待核验
XY_Y-10-1-01,198,2.0345606936416183,7.0,8.0,7.5,1421.0,1423.0,1422.0,拉伸,,估计同步待核验
XY_Y-10-1-01,199,2.0443564547206163,9.0,8.0,8.5,1422.0,1423.0,1422.5,拉伸,,估计同步待核验
XY_Y-10-1-01,200,2.054152215799615,7.0,8.0,7.5,1422.0,1424.0,1423.0,拉伸,,估计同步待核验
XY_Y-10-1-01,201,2.063947976878613,8.895953757225609,8.0,8.447976878612804,1422.0,1424.0,1423.0,拉伸,,估计同步待核验
XY_Y-10-1-01,202,2.073743737957611,9.0,8.0,8.5,1422.0,1424.0,1423.0,拉伸,,估计同步待核验
XY_Y-10-1-01,203,2.083539499036609,7.0,8.0,7.5,1422.0,1423.0,1422.5,拉伸,,估计同步待核验
XY_Y-10-1-01,204,2.093335260115607,9.0,8.0,8.5,1422.0,1423.0,1422.5,拉伸,,估计同步待核验
XY_Y-10-1-01,205,2.103131021194605,8.0,8.0,8.0,1422.0,1423.0,1422.5,拉伸,,估计同步待核验
XY_Y-10-1-01,206,2.112926782273603,8.0,8.0,8.0,1422.0,1423.0,1422.5,拉伸,,估计同步待核验
XY_Y-10-1-01,207,2.122722543352601,9.0,8.0,8.5,1422.0,1423.0,1422.5,拉伸,,估计同步待核验
XY_Y-10-1-01,208,2.1325183044315996,7.0,8.0,7.5,1422.0,1423.0,1422.5,拉伸,,估计同步待核验
XY_Y-10-1-01,209,2.1423140655105977,9.0,7.0,8.0,1422.0,1423.0,1422.5,拉伸,,估计同步待核验
XY_Y-10-1-01,210,2.1521098265895957,7.0,8.0,7.5,1421.0,1423.0,1422.0,拉伸,,估计同步待核验
XY_Y-10-1-01,211,2.1619055876685938,7.0,8.0,7.5,1421.0,1423.0,1422.0,拉伸,,估计同步待核验
XY_Y-10-1-01,212,2.1717013487475914,9.0,7.0,8.0,1422.0,1423.0,1422.5,拉伸,,估计同步待核验
XY_Y-10-1-01,213,2.1814971098265894,7.0,8.0,7.5,1421.0,1423.0,1422.0,拉伸,,估计同步待核验
XY_Y-10-1-01,214,2.1912928709055874,9.0,7.0,8.0,1421.0,1423.0,1422.0,拉伸,,估计同步待核验
XY_Y-10-1-01,215,2.2010886319845855,8.0,8.0,8.0,1421.0,1422.0,1421.5,拉伸,,估计同步待核验
XY_Y-10-1-01,216,2.2108843930635835,8.0,8.0,8.0,1421.0,1422.0,1421.5,拉伸,,估计同步待核验
XY_Y-10-1-01,217,2.220680154142582,9.0,8.0,8.5,1421.0,1422.0,1421.5,拉伸,,估计同步待核验
XY_Y-10-1-01,218,2.23047591522158,8.0,8.0,8.0,1420.0,1422.0,1421.0,拉伸,,估计同步待核验
XY_Y-10-1-01,219,2.240271676300578,9.0,8.0,8.5,1420.0,1422.0,1421.0,拉伸,,估计同步待核验
XY_Y-10-1-01,220,2.250067437379576,8.865125240847682,8.0,8.432562620423841,1420.0,1421.9325626204238,1420.9662813102118,拉伸,,估计同步待核验
XY_Y-10-1-01,221,2.259863198458574,7.0,8.0,7.5,1420.0,1421.0,1420.5,拉伸,,估计同步待核验
XY_Y-10-1-01,222,2.2696589595375722,10.0,8.0,9.0,1420.0,1421.0,1420.5,拉伸,,估计同步待核验
XY_Y-10-1-01,223,2.2794547206165703,7.0,8.0,7.5,1419.0,1420.0,1419.5,拉伸,,估计同步待核验
XY_Y-10-1-01,224,2.2892504816955683,9.0,8.0,8.5,1419.0,1420.0,1419.5,拉伸,,估计同步待核验
XY_Y-10-1-01,225,2.299046242774567,7.0,8.0,7.5,1418.0,1419.0,1418.5,拉伸,,估计同步待核验
XY_Y-10-1-01,226,2.308842003853565,9.0,8.0,8.5,1418.0,1419.0,1418.5,拉伸,,估计同步待核验
XY_Y-10-1-01,227,2.318637764932563,8.0,8.0,8.0,1418.0,1418.0,1418.0,拉伸,,估计同步待核验
XY_Y-10-1-01,228,2.328433526011561,8.0,8.0,8.0,1417.0,1418.0,1417.5,拉伸,,估计同步待核验
XY_Y-10-1-01,229,2.3382292870905586,8.229287090558497,8.0,8.114643545279248,1417.0,1418.0,1417.5,拉伸,,估计同步待核验
XY_Y-10-1-01,230,2.3480250481695566,9.0,8.0,8.5,1417.0,1418.0,1417.5,拉伸,,估计同步待核验
XY_Y-10-1-01,231,2.3578208092485546,7.0,8.0,7.5,1416.0,1418.0,1417.0,拉伸,,估计同步待核验
XY_Y-10-1-01,232,2.3676165703275527,9.0,8.0,8.5,1417.0,1418.0,1417.5,拉伸,,估计同步待核验
XY_Y-10-1-01,233,2.377412331406551,7.0,8.0,7.5,1416.0,1418.0,1417.0,拉伸,,估计同步待核验
XY_Y-10-1-01,234,2.387208092485549,9.0,8.0,8.5,1416.0,1418.0,1417.0,拉伸,,估计同步待核验
XY_Y-10-1-01,235,2.3970038535645473,7.0,8.0,7.5,1416.0,1417.0,1416.5,拉伸,,估计同步待核验
XY_Y-10-1-01,236,2.4067996146435453,9.0,8.0,8.5,1416.0,1417.0,1416.5,拉伸,,估计同步待核验
XY_Y-10-1-01,237,2.4165953757225433,8.0,8.0,8.0,1416.0,1416.0,1416.0,拉伸,,估计同步待核验
XY_Y-10-1-01,238,2.4263911368015414,8.0,8.0,8.0,1415.6088631984587,1416.0,1415.8044315992292,拉伸,,估计同步待核验
XY_Y-10-1-01,239,2.4361868978805394,8.0,8.0,8.0,1415.0,1416.0,1415.5,拉伸,,估计同步待核验
XY_Y-10-1-01,240,2.4459826589595375,8.0,8.0,8.0,1415.0,1416.0,1415.5,拉伸,,估计同步待核验
XY_Y-10-1-01,241,2.455778420038536,7.0,8.0,7.5,1415.0,1416.0,1415.5,拉伸,,估计同步待核验
XY_Y-10-1-01,242,2.465574181117534,9.0,7.0,8.0,1415.0,1416.0,1415.5,拉伸,,估计同步待核验
XY_Y-10-1-01,243,2.475369942196532,7.0,8.0,7.5,1414.0,1415.0,1414.5,拉伸,,估计同步待核验
XY_Y-10-1-01,244,2.48516570327553,9.0,7.0,8.0,1414.0,1415.0,1414.5,拉伸,,估计同步待核验
XY_Y-10-1-01,245,2.494961464354528,7.0,8.0,7.5,1414.0,1415.0,1414.5,拉伸,,估计同步待核验
XY_Y-10-1-01,246,2.5047572254335257,9.0,7.0,8.0,1414.0,1415.0,1414.5,拉伸,,估计同步待核验
XY_Y-10-1-01,247,2.514552986512524,8.447013487476184,7.552986512523816,8.0,1414.0,1415.0,1414.5,拉伸,,估计同步待核验
XY_Y-10-1-01,248,2.524348747591522,8.0,8.0,8.0,1414.0,1415.0,1414.5,拉伸,,估计同步待核验
XY_Y-10-1-01,249,2.5341445086705203,9.0,8.0,8.5,1414.0,1415.0,1414.5,拉伸,,估计同步待核验
XY_Y-10-1-01,250,2.5439402697495184,8.0,8.0,8.0,1414.0,1415.0,1414.5,拉伸,,估计同步待核验
XY_Y-10-1-01,251,2.5537360308285164,8.0,8.0,8.0,1414.0,1415.0,1414.5,拉伸,,估计同步待核验
XY_Y-10-1-01,252,2.5635317919075145,9.0,8.0,8.5,1414.0,1415.0,1414.5,拉伸,,估计同步待核验
XY_Y-10-1-01,253,2.5733275529865125,7.0,8.0,7.5,1413.0,1415.0,1414.0,拉伸,,估计同步待核验
XY_Y-10-1-01,254,2.5831233140655105,9.0,8.0,8.5,1414.0,1415.0,1414.5,拉伸,,估计同步待核验
XY_Y-10-1-01,255,2.5929190751445086,7.0,8.0,7.5,1413.0,1414.0,1413.5,拉伸,,估计同步待核验
XY_Y-10-1-01,256,2.6027148362235066,8.429672447013052,8.0,8.214836223506527,1413.0,1414.7148362235066,1413.8574181117533,拉伸,,估计同步待核验
XY_Y-10-1-01,257,2.612510597302505,9.0,8.0,8.5,1413.0,1415.0,1414.0,拉伸,,估计同步待核验
XY_Y-10-1-01,258,2.622306358381503,7.0,8.0,7.5,1413.0,1414.0,1413.5,拉伸,,估计同步待核验
XY_Y-10-1-01,259,2.632102119460501,9.0,8.0,8.5,1413.0,1414.0,1413.5,拉伸,,估计同步待核验
XY_Y-10-1-01,260,2.6418978805394993,8.0,8.0,8.0,1412.0,1414.0,1413.0,拉伸,,估计同步待核验
XY_Y-10-1-01,261,2.6516936416184973,8.0,8.0,8.0,1412.0,1414.0,1413.0,拉伸,,估计同步待核验
XY_Y-10-1-01,262,2.6614894026974953,8.0,8.0,8.0,1412.0,1414.0,1413.0,拉伸,,估计同步待核验
XY_Y-10-1-01,263,2.671285163776493,7.0,8.0,7.5,1412.0,1414.0,1413.0,拉伸,,估计同步待核验
XY_Y-10-1-01,264,2.681080924855491,9.0,7.0,8.0,1412.0,1414.0,1413.0,拉伸,,估计同步待核验
XY_Y-10-1-01,265,2.6908766859344895,7.246628131020747,7.876685934489626,7.561657032755187,1412.0,1414.0,1413.0,拉伸,,估计同步待核验
XY_Y-10-1-01,266,2.7006724470134875,7.0,8.0,7.5,1412.0,1414.0,1413.0,拉伸,,估计同步待核验
XY_Y-10-1-01,267,2.7104682080924856,10.0,8.0,9.0,1412.0,1414.0,1413.0,拉伸,,估计同步待核验
XY_Y-10-1-01,268,2.7202639691714836,7.0,8.0,7.5,1412.0,1413.0,1412.5,拉伸,,估计同步待核验
XY_Y-10-1-01,269,2.7300597302504817,9.0,8.0,8.5,1412.0,1413.0,1412.5,拉伸,,估计同步待核验
XY_Y-10-1-01,270,2.7398554913294797,7.0,8.0,7.5,1412.0,1413.0,1412.5,拉伸,,估计同步待核验
XY_Y-10-1-01,271,2.7496512524084777,8.0,8.0,8.0,1412.0,1413.0,1412.5,拉伸,,估计同步待核验
XY_Y-10-1-01,272,2.759447013487476,9.0,8.0,8.5,1411.0,1413.0,1412.0,拉伸,,估计同步待核验
XY_Y-10-1-01,273,2.769242774566474,8.0,8.0,8.0,1411.0,1413.0,1412.0,拉伸,,估计同步待核验
XY_Y-10-1-01,274,2.7790385356454723,9.0,8.0,8.5,1411.0,1413.0,1412.0,拉伸,,估计同步待核验
XY_Y-10-1-01,275,2.7888342967244704,9.0,8.0,8.5,1411.0,1413.0,1412.0,拉伸,,估计同步待核验
XY_Y-10-1-01,276,2.7986300578034684,7.0,8.0,7.5,1410.0,1413.0,1411.5,拉伸,,估计同步待核验
XY_Y-10-1-01,277,2.8084258188824665,9.0,8.0,8.5,1411.0,1413.0,1412.0,拉伸,,估计同步待核验
XY_Y-10-1-01,278,2.8182215799614645,7.0,8.0,7.5,1410.0,1412.0,1411.0,拉伸,,估计同步待核验
XY_Y-10-1-01,279,2.8280173410404625,9.0,8.0,8.5,1410.0,1412.0,1411.0,拉伸,,估计同步待核验
XY_Y-10-1-01,280,2.83781310211946,7.0,8.0,7.5,1410.0,1412.0,1411.0,拉伸,,估计同步待核验
XY_Y-10-1-01,281,2.847608863198458,9.0,8.0,8.5,1410.0,1412.0,1411.0,拉伸,,估计同步待核验
XY_Y-10-1-01,282,2.8574046242774567,8.0,8.0,8.0,1410.0,1411.0,1410.5,拉伸,,估计同步待核验
XY_Y-10-1-01,283,2.8672003853564547,8.0,8.0,8.0,1410.0,1411.0,1410.5,拉伸,,估计同步待核验
XY_Y-10-1-01,284,2.8769961464354528,8.0,8.0,8.0,1410.0,1411.0,1410.5,拉伸,,估计同步待核验
XY_Y-10-1-01,285,2.886791907514451,9.0,8.0,8.5,1410.0,1411.0,1410.5,拉伸,,估计同步待核验
XY_Y-10-1-01,286,2.896587668593449,7.0,8.0,7.5,1409.0,1411.0,1410.0,拉伸,,估计同步待核验
XY_Y-10-1-01,287,2.906383429672447,9.0,8.0,8.5,1409.0,1410.0,1409.5,拉伸,,估计同步待核验
XY_Y-10-1-01,288,2.916179190751445,7.0,8.0,7.5,1408.0,1410.0,1409.0,拉伸,,估计同步待核验
XY_Y-10-1-01,289,2.925974951830443,9.0,8.0,8.5,1408.0,1410.0,1409.0,拉伸,,估计同步待核验
XY_Y-10-1-01,290,2.9357707129094415,7.0,8.0,7.5,1408.0,1410.0,1409.0,拉伸,,估计同步待核验
XY_Y-10-1-01,291,2.9455664739884395,9.0,7.0,8.0,1408.0,1410.0,1409.0,拉伸,,估计同步待核验
XY_Y-10-1-01,292,2.9553622350674376,7.0,8.0,7.5,1408.0,1410.0,1409.0,拉伸,,估计同步待核验
XY_Y-10-1-01,293,2.9651579961464356,7.157996146435694,8.0,7.578998073217846,1408.0,1409.8420038535644,1408.921001926782,拉伸,,估计同步待核验
XY_Y-10-1-01,294,2.9749537572254336,8.0,8.0,8.0,1408.0,1409.0,1408.5,拉伸,,估计同步待核验
XY_Y-10-1-01,295,2.9847495183044317,8.0,8.0,8.0,1408.0,1409.0,1408.5,拉伸,,估计同步待核验
XY_Y-10-1-01,296,2.9945452793834297,8.0,8.0,8.0,1408.0,1409.0,1408.5,拉伸,,估计同步待核验
XY_Y-10-1-01,297,3.0043410404624273,9.0,8.0,8.5,1408.0,1409.0,1408.5,拉伸,,估计同步待核验
XY_Y-10-1-01,298,3.014136801541426,7.0,8.0,7.5,1407.0,1408.0,1407.5,拉伸,,估计同步待核验
XY_Y-10-1-01,299,3.023932562620424,9.0,7.0,8.0,1408.0,1408.0,1408.0,拉伸,,估计同步待核验
XY_Y-10-1-01,300,3.033728323699422,7.0,8.0,7.5,1408.0,1408.0,1408.0,拉伸,,估计同步待核验
XY_Y-10-1-01,301,3.04352408477842,9.0,8.0,8.5,1408.0,1408.0,1408.0,拉伸,,估计同步待核验
XY_Y-10-1-01,302,3.053319845857418,8.360308285163796,8.0,8.180154142581898,1407.6801541425818,1408.0,1407.840077071291,拉伸,,估计同步待核验
XY_Y-10-1-01,303,3.063115606936416,7.0,8.0,7.5,1407.0,1408.0,1407.5,拉伸,,估计同步待核验
XY_Y-10-1-01,304,3.072911368015414,9.0,8.0,8.5,1407.0,1408.0,1407.5,拉伸,,估计同步待核验
XY_Y-10-1-01,305,3.082707129094412,8.0,8.0,8.0,1407.0,1408.0,1407.5,拉伸,,估计同步待核验
XY_Y-10-1-01,306,3.0925028901734106,8.0,8.0,8.0,1406.0,1408.0,1407.0,拉伸,,估计同步待核验
XY_Y-10-1-01,307,3.1022986512524087,9.0,7.0,8.0,1407.0,1408.0,1407.5,拉伸,,估计同步待核验
XY_Y-10-1-01,308,3.1120944123314067,7.0,8.0,7.5,1406.0,1408.0,1407.0,拉伸,,估计同步待核验
XY_Y-10-1-01,309,3.1218901734104048,9.0,7.0,8.0,1407.0,1408.0,1407.5,拉伸,,估计同步待核验
XY_Y-10-1-01,310,3.131685934489403,7.0,8.0,7.5,1406.0,1408.0,1407.0,拉伸,,估计同步待核验
XY_Y-10-1-01,311,3.141481695568401,7.963391136801768,8.0,7.981695568400884,1406.481695568401,1408.0,1407.2408477842005,拉伸,,估计同步待核验
XY_Y-10-1-01,312,3.151277456647399,9.0,8.0,8.5,1407.0,1408.0,1407.5,拉伸,,估计同步待核验
XY_Y-10-1-01,313,3.161073217726397,7.0,8.0,7.5,1406.0,1408.0,1407.0,拉伸,,估计同步待核验
XY_Y-10-1-01,314,3.170868978805395,9.0,8.0,8.5,1407.0,1408.0,1407.5,拉伸,,估计同步待核验
XY_Y-10-1-01,315,3.180664739884393,8.0,8.0,8.0,1407.0,1408.0,1407.5,拉伸,,估计同步待核验
XY_Y-10-1-01,316,3.190460500963391,8.0,8.0,8.0,1406.0,1408.0,1407.0,拉伸,,估计同步待核验
XY_Y-10-1-01,317,3.200256262042389,8.0,8.0,8.0,1407.0,1408.0,1407.5,拉伸,,估计同步待核验
XY_Y-10-1-01,318,3.210052023121387,7.0,8.0,7.5,1406.0,1408.0,1407.0,拉伸,,估计同步待核验
XY_Y-10-1-01,319,3.219847784200385,9.0,8.0,8.5,1407.0,1408.0,1407.5,拉伸,,估计同步待核验
XY_Y-10-1-01,320,3.2296435452793832,7.712909441233556,8.0,7.856454720616778,1407.0,1408.0,1407.5,拉伸,,估计同步待核验
XY_Y-10-1-01,321,3.2394393063583813,7.0,8.0,7.5,1407.0,1408.0,1407.5,拉伸,,估计同步待核验
XY_Y-10-1-01,322,3.2492350674373798,9.0,8.0,8.5,1407.0,1409.0,1408.0,拉伸,,估计同步待核验
XY_Y-10-1-01,323,3.259030828516378,7.0,8.0,7.5,1407.0,1409.0,1408.0,拉伸,,估计同步待核验
XY_Y-10-1-01,324,3.268826589595376,9.0,8.0,8.5,1408.0,1409.0,1408.5,拉伸,,估计同步待核验
XY_Y-10-1-01,325,3.278622350674374,7.0,8.0,7.5,1408.0,1410.0,1409.0,拉伸,,估计同步待核验
XY_Y-10-1-01,326,3.288418111753372,9.0,8.0,8.5,1408.0,1410.0,1409.0,拉伸,,估计同步待核验
XY_Y-10-1-01,327,3.29821387283237,8.0,8.0,8.0,1409.0,1410.0,1409.5,拉伸,,估计同步待核验
XY_Y-10-1-01,328,3.308009633911368,8.0,8.0,8.0,1408.0,1410.0,1409.0,拉伸,,估计同步待核验
XY_Y-10-1-01,329,3.317805394990366,8.805394990366004,8.0,8.402697495183002,1408.805394990366,1410.0,1409.402697495183,拉伸,,估计同步待核验
XY_Y-10-1-01,330,3.327601156069364,9.0,8.0,8.5,1409.0,1410.0,1409.5,拉伸,,估计同步待核验
XY_Y-10-1-01,331,3.337396917148362,7.0,8.0,7.5,1409.0,1410.0,1409.5,拉伸,,估计同步待核验
XY_Y-10-1-01,332,3.34719267822736,9.0,8.0,8.5,1409.0,1410.0,1409.5,拉伸,,估计同步待核验
XY_Y-10-1-01,333,3.3569884393063583,7.0,8.0,7.5,1409.0,1410.0,1409.5,拉伸,,估计同步待核验
XY_Y-10-1-01,334,3.3667842003853563,9.0,8.0,8.5,1409.0,1410.0,1409.5,拉伸,,估计同步待核验
XY_Y-10-1-01,335,3.3765799614643544,7.0,8.0,7.5,1409.0,1410.0,1409.5,拉伸,,估计同步待核验
XY_Y-10-1-01,336,3.3863757225433524,9.0,8.0,8.5,1410.0,1411.0,1410.5,拉伸,,估计同步待核验
XY_Y-10-1-01,337,3.3961714836223504,8.0,8.0,8.0,1410.0,1411.0,1410.5,拉伸,,估计同步待核验
XY_Y-10-1-01,338,3.4059672447013485,8.0,8.0,8.0,1410.0,1411.0,1410.5,拉伸,,估计同步待核验
XY_Y-10-1-01,339,3.415763005780347,8.0,8.0,8.0,1410.0,1411.0,1410.5,拉伸,,估计同步待核验
XY_Y-10-1-01,340,3.425558766859345,8.0,8.0,8.0,1410.0,1411.0,1410.5,拉伸,,估计同步待核验
XY_Y-10-1-01,341,3.435354527938343,7.0,8.0,7.5,1410.0,1411.0,1410.5,拉伸,,估计同步待核验
XY_Y-10-1-01,342,3.445150289017341,9.0,8.0,8.5,1410.0,1411.0,1410.5,拉伸,,估计同步待核验
XY_Y-10-1-01,343,3.454946050096339,7.0,8.0,7.5,1410.0,1411.0,1410.5,拉伸,,估计同步待核验
XY_Y-10-1-01,344,3.464741811175337,9.0,8.0,8.5,1411.0,1411.0,1411.0,拉伸,,估计同步待核验
XY_Y-10-1-01,345,3.4745375722543352,7.0,8.0,7.5,1410.0,1412.0,1411.0,拉伸,,估计同步待核验
XY_Y-10-1-01,346,3.4843333333333333,9.0,8.0,8.5,1411.0,1412.0,1411.5,拉伸,,估计同步待核验
XY_Y-10-1-01,347,3.4941290944123313,8.0,8.0,8.0,1411.0,1412.0,1411.5,拉伸,,估计同步待核验
XY_Y-10-1-01,348,3.5039248554913294,8.0,8.0,8.0,1411.0,1412.0,1411.5,拉伸,,估计同步待核验
XY_Y-10-1-01,349,3.5137206165703274,9.0,8.0,8.5,1411.0,1412.0,1411.5,拉伸,,估计同步待核验
XY_Y-10-1-01,350,3.5235163776493255,8.0,8.0,8.0,1411.0,1412.0,1411.5,拉伸,,估计同步待核验
XY_Y-10-1-01,351,3.5333121387283235,8.0,8.0,8.0,1411.0,1412.0,1411.5,拉伸,,估计同步待核验
XY_Y-10-1-01,352,3.5431078998073215,9.0,8.0,8.5,1411.0,1412.0,1411.5,拉伸,,估计同步待核验
XY_Y-10-1-01,353,3.5529036608863196,7.0,9.0,8.0,1411.0,1412.0,1411.5,拉伸,,估计同步待核验
XY_Y-10-1-01,354,3.5626994219653176,9.0,8.0,8.5,1411.0,1412.0,1411.5,拉伸,,估计同步待核验
XY_Y-10-1-01,355,3.572495183044316,7.0,8.0,7.5,1410.0,1412.0,1411.0,拉伸,,估计同步待核验
XY_Y-10-1-01,356,3.582290944123314,9.0,8.0,8.5,1410.0,1412.0,1411.0,拉伸,,估计同步待核验
XY_Y-10-1-01,357,3.592086705202312,8.826589595375717,8.0,8.413294797687858,1410.0,1412.0,1411.0,拉伸,,估计同步待核验
XY_Y-10-1-01,358,3.6018824662813103,7.0,8.0,7.5,1410.0,1412.0,1411.0,拉伸,,估计同步待核验
XY_Y-10-1-01,359,3.6116782273603083,9.0,8.0,8.5,1411.0,1412.0,1411.5,拉伸,,估计同步待核验
XY_Y-10-1-01,360,3.6214739884393063,8.0,8.0,8.0,1411.0,1412.0,1411.5,拉伸,,估计同步待核验
XY_Y-10-1-01,361,3.6312697495183044,8.0,8.0,8.0,1411.0,1412.0,1411.5,拉伸,,估计同步待核验
XY_Y-10-1-01,362,3.6410655105973024,8.0,8.0,8.0,1411.0,1412.0,1411.5,拉伸,,估计同步待核验
XY_Y-10-1-01,363,3.650861271676301,7.0,8.0,7.5,1410.0,1412.0,1411.0,拉伸,,估计同步待核验
XY_Y-10-1-01,364,3.6606570327552985,9.0,8.0,8.5,1411.0,1412.0,1411.5,拉伸,,估计同步待核验
XY_Y-10-1-01,365,3.6704527938342966,7.0,9.0,8.0,1410.0,1412.0,1411.0,拉伸,,估计同步待核验
XY_Y-10-1-01,366,3.6802485549132946,7.497109826588959,8.751445086705521,8.12427745664724,1410.2485549132946,1412.0,1411.1242774566472,拉伸,,估计同步待核验
XY_Y-10-1-01,367,3.6900443159922927,9.0,8.0,8.5,1411.0,1412.0,1411.5,拉伸,,估计同步待核验
XY_Y-10-1-01,368,3.6998400770712907,7.0,8.0,7.5,1410.0,1412.0,1411.0,拉伸,,估计同步待核验
XY_Y-10-1-01,369,3.7096358381502887,9.0,8.0,8.5,1411.0,1412.0,1411.5,拉伸,,估计同步待核验
XY_Y-10-1-01,370,3.719431599229287,8.0,8.0,8.0,1410.0,1411.0,1410.5,拉伸,,估计同步待核验
XY_Y-10-1-01,371,3.7292273603082853,9.0,8.0,8.5,1410.0,1411.0,1410.5,拉伸,,估计同步待核验
XY_Y-10-1-01,372,3.7390231213872833,8.0,8.0,8.0,1410.0,1411.0,1410.5,拉伸,,估计同步待核验
XY_Y-10-1-01,373,3.7488188824662814,8.0,8.0,8.0,1409.0,1411.0,1410.0,拉伸,,估计同步待核验
XY_Y-10-1-01,374,3.7586146435452794,9.0,8.0,8.5,1410.0,1411.0,1410.5,拉伸,,估计同步待核验
XY_Y-10-1-01,375,3.7684104046242775,8.179190751444953,8.0,8.089595375722476,1409.5895953757224,1411.0,1410.2947976878613,拉伸,,估计同步待核验
XY_Y-10-1-01,376,3.7782061657032755,7.0,8.0,7.5,1409.0,1411.0,1410.0,拉伸,,估计同步待核验
XY_Y-10-1-01,377,3.7880019267822735,9.0,7.0,8.0,1410.0,1412.0,1411.0,拉伸,,估计同步待核验
XY_Y-10-1-01,378,3.7977976878612716,7.0,8.0,7.5,1410.0,1411.0,1410.5,拉伸,,估计同步待核验
XY_Y-10-1-01,379,3.8075934489402696,9.0,8.0,8.5,1410.0,1411.0,1410.5,拉伸,,估计同步待核验
XY_Y-10-1-01,380,3.817389210019268,7.0,8.0,7.5,1409.0,1411.0,1410.0,拉伸,,估计同步待核验
XY_Y-10-1-01,381,3.8271849710982657,9.0,8.0,8.5,1409.0,1411.0,1410.0,拉伸,,估计同步待核验
XY_Y-10-1-01,382,3.8369807321772638,7.0,8.0,7.5,1409.0,1411.0,1410.0,拉伸,,估计同步待核验
XY_Y-10-1-01,383,3.846776493256262,8.0,8.0,8.0,1409.0,1411.0,1410.0,拉伸,,估计同步待核验
XY_Y-10-1-01,384,3.85657225433526,8.0,8.0,8.0,1409.5722543352597,1411.0,1410.2861271676297,拉伸,,估计同步待核验
XY_Y-10-1-01,385,3.866368015414258,8.0,8.0,8.0,1410.0,1411.0,1410.5,拉伸,,估计同步待核验
XY_Y-10-1-01,386,3.876163776493256,7.0,8.0,7.5,1409.0,1411.0,1410.0,拉伸,,估计同步待核验
XY_Y-10-1-01,387,3.885959537572254,9.0,7.0,8.0,1410.0,1411.0,1410.5,拉伸,,估计同步待核验
XY_Y-10-1-01,388,3.8957552986512525,7.0,8.0,7.5,1409.0,1411.0,1410.0,拉伸,,估计同步待核验
XY_Y-10-1-01,389,3.9055510597302505,9.0,7.0,8.0,1410.0,1411.0,1410.5,拉伸,,估计同步待核验
XY_Y-10-1-01,390,3.9153468208092486,7.0,8.0,7.5,1410.0,1411.0,1410.5,拉伸,,估计同步待核验
XY_Y-10-1-01,391,3.925142581888246,9.0,7.0,8.0,1410.0,1411.0,1410.5,拉伸,,估计同步待核验
XY_Y-10-1-01,392,3.9349383429672447,8.0,8.0,8.0,1410.0,1411.0,1410.5,拉伸,,估计同步待核验
XY_Y-10-1-01,393,3.944734104046243,8.73410404624327,8.0,8.367052023121635,1410.0,1411.0,1410.5,拉伸,,估计同步待核验
XY_Y-10-1-01,394,3.9545298651252407,9.0,8.0,8.5,1410.0,1411.0,1410.5,拉伸,,估计同步待核验
XY_Y-10-1-01,395,3.9643256262042392,8.0,7.0,7.5,1410.0,1411.0,1410.5,拉伸,,估计同步待核验
XY_Y-10-1-01,396,3.974121387283237,8.0,8.0,8.0,1410.0,1412.0,1411.0,拉伸,,估计同步待核验
XY_Y-10-1-01,397,3.9839171483622353,9.0,7.0,8.0,1411.0,1412.0,1411.5,拉伸,,估计同步待核验
XY_Y-10-1-01,398,3.993712909441233,7.0,8.0,7.5,1410.0,1412.0,1411.0,拉伸,,估计同步待核验
XY_Y-10-1-01,399,4.0035086705202305,9.0,8.0,8.5,1411.0,1411.0,1411.0,拉伸,,估计同步待核验
XY_Y-10-1-01,400,4.013304431599229,6.0,8.0,7.0,1410.0,1411.0,1410.5,拉伸,,估计同步待核验
XY_Y-10-1-01,401,4.023100192678227,9.0,8.0,8.5,1411.0,1411.0,1411.0,拉伸,,估计同步待核验
XY_Y-10-1-01,402,4.032895953757225,7.208092485550468,8.0,7.604046242775234,1411.0,1411.8959537572248,1411.4479768786123,拉伸,,估计同步待核验
XY_Y-10-1-01,403,4.042691714836223,7.0,8.0,7.5,1411.0,1412.0,1411.5,拉伸,,估计同步待核验
XY_Y-10-1-01,404,4.052487475915221,9.0,8.0,8.5,1411.0,1412.0,1411.5,拉伸,,估计同步待核验
XY_Y-10-1-01,405,4.062283236994219,8.0,8.0,8.0,1411.0,1412.0,1411.5,拉伸,,估计同步待核验
XY_Y-10-1-01,406,4.072078998073217,8.0,8.0,8.0,1411.0,1413.0,1412.0,拉伸,,估计同步待核验
XY_Y-10-1-01,407,4.081874759152215,8.0,8.0,8.0,1412.0,1413.0,1412.5,拉伸,,估计同步待核验
XY_Y-10-1-01,408,4.091670520231213,7.0,8.0,7.5,1411.0,1413.0,1412.0,拉伸,,估计同步待核验
XY_Y-10-1-01,409,4.101466281310212,9.0,7.0,8.0,1412.0,1413.0,1412.5,拉伸,,估计同步待核验
XY_Y-10-1-01,410,4.1112620423892094,7.0,8.0,7.5,1412.0,1413.0,1412.5,拉伸,,估计同步待核验
XY_Y-10-1-01,411,4.121057803468208,9.0,7.0,8.0,1412.0,1413.0,1412.5,拉伸,,估计同步待核验
XY_Y-10-1-01,412,4.1308535645472055,9.0,7.0,8.0,1412.0,1413.0,1412.5,拉伸,,估计同步待核验
XY_Y-10-1-01,413,4.140649325626204,7.0,8.0,7.5,1412.0,1413.0,1412.5,拉伸,,估计同步待核验
XY_Y-10-1-01,414,4.150445086705202,9.0,8.0,8.5,1413.0,1414.0,1413.5,拉伸,,估计同步待核验
XY_Y-10-1-01,415,4.1602408477842,7.0,8.0,7.5,1413.0,1414.0,1413.5,拉伸,,估计同步待核验
XY_Y-10-1-01,416,4.170036608863199,8.0,8.0,8.0,1413.0,1414.0,1413.5,拉伸,,估计同步待核验
XY_Y-10-1-01,417,4.179832369942196,8.0,8.0,8.0,1413.0,1414.0,1413.5,拉伸,,估计同步待核验
XY_Y-10-1-01,418,4.189628131021195,8.0,8.0,8.0,1413.0,1415.0,1414.0,拉伸,,估计同步待核验
XY_Y-10-1-01,419,4.199423892100192,9.0,8.0,8.5,1414.0,1415.0,1414.5,拉伸,,估计同步待核验
XY_Y-10-1-01,420,4.209219653179191,7.0,8.0,7.5,1414.0,1415.0,1414.5,拉伸,,估计同步待核验
XY_Y-10-1-01,421,4.219015414258188,7.030828516376164,8.0,7.515414258188082,1414.015414258188,1415.0,1414.507707129094,拉伸,,估计同步待核验
XY_Y-10-1-01,422,4.228811175337187,9.0,8.0,8.5,1415.0,1415.0,1415.0,拉伸,,估计同步待核验
XY_Y-10-1-01,423,4.2386069364161845,7.0,8.0,7.5,1414.0,1415.0,1414.5,拉伸,,估计同步待核验
XY_Y-10-1-01,424,4.248402697495182,9.0,8.0,8.5,1415.0,1416.0,1415.5,拉伸,,估计同步待核验
XY_Y-10-1-01,425,4.258198458574181,7.0,8.0,7.5,1414.0,1416.0,1415.0,拉伸,,估计同步待核验
XY_Y-10-1-01,426,4.267994219653178,9.0,8.0,8.5,1415.0,1416.0,1415.5,拉伸,,估计同步待核验
XY_Y-10-1-01,427,4.277789980732177,8.0,8.0,8.0,1415.0,1416.0,1415.5,拉伸,,估计同步待核验
XY_Y-10-1-01,428,4.287585741811174,8.0,8.0,8.0,1415.0,1416.0,1415.5,拉伸,,估计同步待核验
XY_Y-10-1-01,429,4.297381502890173,9.0,8.0,8.5,1415.0,1416.0,1415.5,拉伸,,估计同步待核验
XY_Y-10-1-01,430,4.30717726396917,8.645472061659904,8.0,8.322736030829951,1415.0,1416.0,1415.5,拉伸,,估计同步待核验
XY_Y-10-1-01,431,4.316973025048169,7.0,8.0,7.5,1415.0,1416.0,1415.5,拉伸,,估计同步待核验
XY_Y-10-1-01,432,4.326768786127166,9.0,8.0,8.5,1416.0,1417.0,1416.5,拉伸,,估计同步待核验
XY_Y-10-1-01,433,4.336564547206165,7.0,8.0,7.5,1416.0,1417.0,1416.5,拉伸,,估计同步待核验
XY_Y-10-1-01,434,4.346360308285163,9.0,8.0,8.5,1416.0,1417.0,1416.5,拉伸,,估计同步待核验
XY_Y-10-1-01,435,4.356156069364161,7.0,8.0,7.5,1416.0,1417.0,1416.5,拉伸,,估计同步待核验
XY_Y-10-1-01,436,4.3659518304431595,9.0,8.0,8.5,1416.0,1417.0,1416.5,拉伸,,估计同步待核验
XY_Y-10-1-01,437,4.375747591522157,8.0,8.0,8.0,1416.0,1417.0,1416.5,拉伸,,估计同步待核验
XY_Y-10-1-01,438,4.385543352601156,8.0,8.0,8.0,1417.0,1418.0,1417.5,拉伸,,估计同步待核验
XY_Y-10-1-01,439,4.395339113680153,8.0,8.0,8.0,1417.0,1418.0,1417.5,拉伸,,估计同步待核验
XY_Y-10-1-01,440,4.405134874759152,8.0,8.0,8.0,1417.0,1418.0,1417.5,拉伸,,估计同步待核验
XY_Y-10-1-01,441,4.41493063583815,7.0,8.0,7.5,1417.0,1418.0,1417.5,拉伸,,估计同步待核验
XY_Y-10-1-01,442,4.424726396917148,9.0,8.0,8.5,1417.0,1418.0,1417.5,拉伸,,估计同步待核验
XY_Y-10-1-01,443,4.434522157996146,7.0,8.0,7.5,1417.0,1418.0,1417.5,拉伸,,估计同步待核验
XY_Y-10-1-01,444,4.444317919075144,9.0,8.0,8.5,1417.0,1418.0,1417.5,拉伸,,估计同步待核验
XY_Y-10-1-01,445,4.454113680154142,7.0,8.0,7.5,1417.0,1418.0,1417.5,拉伸,,估计同步待核验
XY_Y-10-1-01,446,4.46390944123314,9.0,8.0,8.5,1417.0,1418.0,1417.5,拉伸,,估计同步待核验
XY_Y-10-1-01,447,4.473705202312138,7.0,8.0,7.5,1418.0,1419.0,1418.5,拉伸,,估计同步待核验
XY_Y-10-1-01,448,4.483500963391136,7.5009633911361995,8.0,7.7504816955681,1418.0,1419.0,1418.5,拉伸,,估计同步待核验
XY_Y-10-1-01,449,4.4932967244701345,8.0,8.0,8.0,1418.0,1419.0,1418.5,拉伸,,估计同步待核验
XY_Y-10-1-01,450,4.503092485549133,8.0,8.0,8.0,1418.0,1419.0,1418.5,拉伸,,估计同步待核验
XY_Y-10-1-01,451,4.512888246628131,8.0,8.0,8.0,1418.0,1419.0,1418.5,拉伸,,估计同步待核验
XY_Y-10-1-01,452,4.522684007707129,9.0,8.0,8.5,1418.0,1419.0,1418.5,拉伸,,估计同步待核验
XY_Y-10-1-01,453,4.532479768786127,7.0,8.0,7.5,1418.0,1419.0,1418.5,拉伸,,估计同步待核验
XY_Y-10-1-01,454,4.542275529865125,9.0,7.0,8.0,1419.0,1420.0,1419.5,拉伸,,估计同步待核验
XY_Y-10-1-01,455,4.552071290944123,7.0,8.0,7.5,1418.0,1420.0,1419.0,拉伸,,估计同步待核验
XY_Y-10-1-01,456,4.561867052023121,9.0,8.0,8.5,1419.0,1420.0,1419.5,拉伸,,估计同步待核验
XY_Y-10-1-01,457,4.571662813102119,7.674373795762181,8.0,7.83718689788109,1419.0,1420.0,1419.5,拉伸,,估计同步待核验
XY_Y-10-1-01,458,4.5814585741811165,7.0,8.0,7.5,1419.0,1420.0,1419.5,拉伸,,估计同步待核验
XY_Y-10-1-01,459,4.591254335260115,9.0,8.0,8.5,1419.0,1420.0,1419.5,拉伸,,估计同步待核验
XY_Y-10-1-01,460,4.6010500963391125,8.0,8.0,8.0,1419.0,1420.0,1419.5,拉伸,,估计同步待核验
XY_Y-10-1-01,461,4.610845857418111,9.0,8.0,8.5,1419.0,1420.0,1419.5,拉伸,,估计同步待核验
XY_Y-10-1-01,462,4.620641618497109,8.0,8.0,8.0,1419.0,1420.0,1419.5,拉伸,,估计同步待核验
XY_Y-10-1-01,463,4.630437379576107,8.0,8.0,8.0,1419.0,1421.0,1420.0,拉伸,,估计同步待核验
XY_Y-10-1-01,464,4.640233140655105,9.0,8.0,8.5,1420.0,1421.0,1420.5,拉伸,,估计同步待核验
XY_Y-10-1-01,465,4.650028901734103,7.0,8.0,7.5,1420.0,1421.0,1420.5,拉伸,,估计同步待核验
XY_Y-10-1-01,466,4.659824662813102,9.47398843930486,8.0,8.73699421965243,1420.0,1421.8246628131017,1420.912331406551,拉伸,,估计同步待核验
XY_Y-10-1-01,467,4.669620423892099,10.0,8.0,9.0,1420.0,1422.0,1421.0,拉伸,,估计同步待核验
XY_Y-10-1-01,468,4.679416184971098,7.0,8.0,7.5,1420.0,1422.0,1421.0,拉伸,,估计同步待核验
XY_Y-10-1-01,469,4.689211946050095,9.0,8.0,8.5,1421.0,1422.0,1421.5,拉伸,,估计同步待核验
XY_Y-10-1-01,470,4.699007707129094,7.0,8.0,7.5,1421.0,1422.0,1421.5,拉伸,,估计同步待核验
XY_Y-10-1-01,471,4.7088034682080915,9.0,8.0,8.5,1421.0,1422.0,1421.5,拉伸,,估计同步待核验
XY_Y-10-1-01,472,4.71859922928709,8.0,8.0,8.0,1421.0,1423.0,1422.0,拉伸,,估计同步待核验
XY_Y-10-1-01,473,4.7283949903660885,8.0,8.0,8.0,1422.0,1423.0,1422.5,拉伸,,估计同步待核验
XY_Y-10-1-01,474,4.738190751445086,9.0,8.0,8.5,1422.0,1423.0,1422.5,拉伸,,估计同步待核验
XY_Y-10-1-01,475,4.7479865125240845,7.02697495183134,8.0,7.51348747591567,1422.0,1423.0,1422.5,拉伸,,估计同步待核验
XY_Y-10-1-01,476,4.757782273603082,7.0,8.0,7.5,1422.0,1423.0,1422.5,拉伸,,估计同步待核验
XY_Y-10-1-01,477,4.767578034682081,9.0,7.0,8.0,1423.0,1423.0,1423.0,拉伸,,估计同步待核验
XY_Y-10-1-01,478,4.777373795761078,7.0,8.0,7.5,1422.0,1423.0,1422.5,拉伸,,估计同步待核验
XY_Y-10-1-01,479,4.787169556840077,9.0,8.0,8.5,1423.0,1423.0,1423.0,拉伸,,估计同步待核验
XY_Y-10-1-01,480,4.796965317919074,7.0,8.0,7.5,1423.0,1424.0,1423.5,拉伸,,估计同步待核验
XY_Y-10-1-01,481,4.806761078998073,9.0,8.0,8.5,1424.0,1424.0,1424.0,拉伸,,估计同步待核验
XY_Y-10-1-01,482,4.816556840077071,8.0,8.0,8.0,1424.0,1424.0,1424.0,拉伸,,估计同步待核验
XY_Y-10-1-01,483,4.826352601156069,8.0,8.0,8.0,1424.0,1425.0,1424.5,拉伸,,估计同步待核验
XY_Y-10-1-01,484,4.836148362235067,9.0,8.0,8.5,1425.0,1425.0,1425.0,拉伸,,估计同步待核验
XY_Y-10-1-01,485,4.845944123314065,9.0,8.0,8.5,1425.0,1425.0,1425.0,拉伸,,估计同步待核验
XY_Y-10-1-01,486,4.8557398843930635,7.0,8.0,7.5,1425.0,1425.0,1425.0,拉伸,,估计同步待核验
XY_Y-10-1-01,487,4.865535645472061,9.0,7.0,8.0,1425.0,1426.0,1425.5,拉伸,,估计同步待核验
XY_Y-10-1-01,488,4.87533140655106,7.0,8.0,7.5,1425.0,1426.0,1425.5,拉伸,,估计同步待核验
XY_Y-10-1-01,489,4.885127167630057,9.0,7.0,8.0,1426.0,1427.0,1426.5,拉伸,,估计同步待核验
XY_Y-10-1-01,490,4.894922928709056,7.0,8.0,7.5,1426.0,1427.0,1426.5,拉伸,,估计同步待核验
XY_Y-10-1-01,491,4.904718689788053,9.0,7.0,8.0,1426.0,1428.0,1427.0,拉伸,,估计同步待核验
XY_Y-10-1-01,492,4.914514450867051,7.0,8.0,7.5,1426.0,1428.0,1427.0,拉伸,,估计同步待核验
XY_Y-10-1-01,493,4.924310211946049,8.0,8.0,8.0,1426.0,1428.0,1427.0,拉伸,,估计同步待核验
XY_Y-10-1-01,494,4.934105973025047,8.0,8.0,8.0,1426.0,1428.0,1427.0,拉伸,,估计同步待核验
XY_Y-10-1-01,495,4.943901734104045,8.0,8.0,8.0,1426.0,1428.0,1427.0,拉伸,,估计同步待核验
XY_Y-10-1-01,496,4.953697495183043,8.0,8.0,8.0,1426.0,1427.0,1426.5,拉伸,,估计同步待核验
XY_Y-10-1-01,497,4.9634932562620415,9.0,8.0,8.5,1427.0,1428.0,1427.5,拉伸,,估计同步待核验
XY_Y-10-1-01,498,4.97328901734104,7.0,8.0,7.5,1427.0,1428.0,1427.5,拉伸,,估计同步待核验
XY_Y-10-1-01,499,4.983084778420038,9.0,7.0,8.0,1427.0,1428.0,1427.5,拉伸,,估计同步待核验
XY_Y-10-1-01,500,4.992880539499036,7.0,8.0,7.5,1427.0,1429.0,1428.0,拉伸,,估计同步待核验
XY_Y-10-1-01,501,5.002676300578034,9.0,7.0,8.0,1427.0,1429.0,1428.0,拉伸,,估计同步待核验
XY_Y-10-1-01,502,5.012472061657032,7.0,8.0,7.5,1427.0,1429.0,1428.0,拉伸,,估计同步待核验
XY_Y-10-1-01,503,5.02226782273603,7.535645472059384,8.0,7.767822736029692,1427.2678227360298,1429.0,1428.1339113680149,拉伸,,估计同步待核验
XY_Y-10-1-01,504,5.032063583815028,9.0,8.0,8.5,1428.0,1429.0,1428.5,拉伸,,估计同步待核验
XY_Y-10-1-01,505,5.041859344894026,8.0,8.0,8.0,1428.0,1429.0,1428.5,拉伸,,估计同步待核验
XY_Y-10-1-01,506,5.051655105973024,8.0,8.0,8.0,1428.0,1429.0,1428.5,拉伸,,估计同步待核验
XY_Y-10-1-01,507,5.061450867052023,8.0,8.0,8.0,1428.0,1429.0,1428.5,拉伸,,估计同步待核验
XY_Y-10-1-01,508,5.0712466281310205,8.0,8.0,8.0,1428.0,1430.0,1429.0,拉伸,,估计同步待核验
XY_Y-10-1-01,509,5.081042389210019,9.0,8.0,8.5,1429.0,1430.0,1429.5,拉伸,,估计同步待核验
XY_Y-10-1-01,510,5.0908381502890165,7.0,8.0,7.5,1428.0,1430.0,1429.0,拉伸,,估计同步待核验
XY_Y-10-1-01,511,5.100633911368015,9.0,8.0,8.5,1429.0,1430.0,1429.5,拉伸,,估计同步待核验
XY_Y-10-1-01,512,5.110429672447013,8.140655105974908,8.0,8.070327552987454,1429.0,1430.0,1429.5,拉伸,,估计同步待核验
XY_Y-10-1-01,513,5.120225433526011,7.0,8.0,7.5,1429.0,1430.0,1429.5,拉伸,,估计同步待核验
XY_Y-10-1-01,514,5.13002119460501,9.0,7.0,8.0,1430.0,1430.0,1430.0,拉伸,,估计同步待核验
XY_Y-10-1-01,515,5.139816955684007,7.0,8.0,7.5,1430.0,1431.0,1430.5,拉伸,,估计同步待核验
XY_Y-10-1-01,516,5.149612716763006,9.0,8.0,8.5,1430.0,1431.0,1430.5,拉伸,,估计同步待核验
XY_Y-10-1-01,517,5.159408477842003,8.0,7.0,7.5,1430.0,1431.0,1430.5,拉伸,,估计同步待核验
XY_Y-10-1-01,518,5.169204238921002,8.0,8.0,8.0,1430.0,1431.0,1430.5,拉伸,,估计同步待核验
XY_Y-10-1-01,519,5.178999999999999,9.0,7.0,8.0,1430.0,1431.0,1430.5,拉伸,,估计同步待核验
XY_Y-10-1-01,520,5.188795761078998,7.0,8.0,7.5,1430.0,1431.0,1430.5,拉伸,,估计同步待核验
XY_Y-10-1-01,521,5.1985915221579955,8.1830443159908,7.4084778420046,7.7957610789977,1430.0,1431.0,1430.5,拉伸,,估计同步待核验
XY_Y-10-1-01,522,5.208387283236994,9.0,7.0,8.0,1430.0,1431.0,1430.5,拉伸,,估计同步待核验
XY_Y-10-1-01,523,5.2181830443159924,7.0,8.0,7.5,1430.0,1431.0,1430.5,拉伸,,估计同步待核验
XY_Y-10-1-01,524,5.22797880539499,9.0,8.0,8.5,1430.0,1431.0,1430.5,拉伸,,估计同步待核验
XY_Y-10-1-01,525,5.237774566473988,7.0,8.0,7.5,1430.0,1431.0,1430.5,拉伸,,估计同步待核验
XY_Y-10-1-01,526,5.247570327552985,9.0,8.0,8.5,1431.0,1432.0,1431.5,拉伸,,估计同步待核验
XY_Y-10-1-01,527,5.257366088631984,8.0,8.0,8.0,1431.0,1432.0,1431.5,拉伸,,估计同步待核验
XY_Y-10-1-01,528,5.267161849710981,8.0,8.0,8.0,1431.0,1432.0,1431.5,拉伸,,估计同步待核验
XY_Y-10-1-01,529,5.27695761078998,8.0,8.0,8.0,1431.0,1432.0,1431.5,拉伸,,估计同步待核验
XY_Y-10-1-01,530,5.286753371868978,7.246628131021526,8.0,7.623314065510764,1431.0,1432.7533718689785,1431.8766859344892,拉伸,,估计同步待核验
XY_Y-10-1-01,531,5.296549132947976,7.0,8.0,7.5,1431.0,1433.0,1432.0,拉伸,,估计同步待核验
XY_Y-10-1-01,532,5.306344894026974,9.0,8.0,8.5,1432.0,1433.0,1432.5,拉伸,,估计同步待核验
XY_Y-10-1-01,533,5.316140655105972,7.0,8.0,7.5,1431.0,1433.0,1432.0,拉伸,,估计同步待核验
XY_Y-10-1-01,534,5.3259364161849705,10.0,8.0,9.0,1432.0,1433.0,1432.5,拉伸,,估计同步待核验
XY_Y-10-1-01,535,5.335732177263968,7.0,8.0,7.5,1432.0,1433.0,1432.5,拉伸,,估计同步待核验
XY_Y-10-1-01,536,5.345527938342967,9.0,8.0,8.5,1432.0,1433.0,1432.5,拉伸,,估计同步待核验
XY_Y-10-1-01,537,5.355323699421964,8.0,8.0,8.0,1432.0,1434.0,1433.0,拉伸,,估计同步待核验
XY_Y-10-1-01,538,5.365119460500963,9.0,8.0,8.5,1432.0,1434.0,1433.0,拉伸,,估计同步待核验
XY_Y-10-1-01,539,5.374915221579961,8.084778420038816,8.0,8.042389210019408,1432.915221579961,1434.915221579961,1433.915221579961,拉伸,,估计同步待核验
XY_Y-10-1-01,540,5.384710982658959,8.0,8.0,8.0,1433.0,1435.0,1434.0,拉伸,,估计同步待核验
XY_Y-10-1-01,541,5.394506743737957,8.0,8.0,8.0,1433.0,1435.0,1434.0,拉伸,,估计同步待核验
XY_Y-10-1-01,542,5.404302504816955,9.0,7.0,8.0,1433.0,1435.0,1434.0,拉伸,,估计同步待核验
XY_Y-10-1-01,543,5.414098265895953,7.0,8.0,7.5,1433.0,1435.0,1434.0,拉伸,,估计同步待核验
XY_Y-10-1-01,544,5.423894026974951,9.0,7.0,8.0,1434.0,1435.0,1434.5,拉伸,,估计同步待核验
XY_Y-10-1-01,545,5.433689788053949,7.0,8.0,7.5,1433.0,1435.0,1434.0,拉伸,,估计同步待核验
XY_Y-10-1-01,546,5.443485549132947,9.0,7.0,8.0,1434.0,1435.0,1434.5,拉伸,,估计同步待核验
XY_Y-10-1-01,547,5.4532813102119455,7.0,8.0,7.5,1434.0,1435.0,1434.5,拉伸,,估计同步待核验
XY_Y-10-1-01,548,5.463077071290944,9.0,8.0,8.5,1435.0,1436.0,1435.5,拉伸,,估计同步待核验
XY_Y-10-1-01,549,5.472872832369942,9.0,8.0,8.5,1435.0,1436.0,1435.5,拉伸,,估计同步待核验
XY_Y-10-1-01,550,5.48266859344894,8.0,8.0,8.0,1435.0,1436.0,1435.5,拉伸,,估计同步待核验
XY_Y-10-1-01,551,5.492464354527938,8.0,8.0,8.0,1435.0,1436.0,1435.5,拉伸,,估计同步待核验
XY_Y-10-1-01,552,5.502260115606936,9.0,8.0,8.5,1435.0,1436.0,1435.5,拉伸,,估计同步待核验
XY_Y-10-1-01,553,5.512055876685934,7.0,8.0,7.5,1435.0,1436.0,1435.5,拉伸,,估计同步待核验
XY_Y-10-1-01,554,5.521851637764932,9.0,8.0,8.5,1436.0,1436.0,1436.0,拉伸,,估计同步待核验
XY_Y-10-1-01,555,5.531647398843931,7.0,8.0,7.5,1436.0,1437.0,1436.5,拉伸,,估计同步待核验
XY_Y-10-1-01,556,5.541443159922928,9.0,7.0,8.0,1436.0,1437.0,1436.5,拉伸,,估计同步待核验
XY_Y-10-1-01,557,5.551238921001927,7.0,8.0,7.5,1436.0,1437.0,1436.5,拉伸,,估计同步待核验
XY_Y-10-1-01,558,5.561034682080924,7.069364161848972,8.0,7.534682080924486,1436.0,1437.0346820809245,1436.5173410404623,拉伸,,估计同步待核验
XY_Y-10-1-01,559,5.570830443159922,9.0,8.0,8.5,1436.0,1438.0,1437.0,拉伸,,估计同步待核验
XY_Y-10-1-01,560,5.58062620423892,7.0,8.0,7.5,1436.0,1438.0,1437.0,拉伸,,估计同步待核验
XY_Y-10-1-01,561,5.590421965317918,8.0,8.0,8.0,1436.0,1438.0,1437.0,拉伸,,估计同步待核验
XY_Y-10-1-01,562,5.600217726396916,8.0,8.0,8.0,1437.0,1437.0,1437.0,拉伸,,估计同步待核验
XY_Y-10-1-01,563,5.610013487475914,8.0,8.0,8.0,1437.0,1437.0,1437.0,拉伸,,估计同步待核验
XY_Y-10-1-01,564,5.619809248554913,9.0,8.0,8.5,1437.0,1437.0,1437.0,拉伸,,估计同步待核验
XY_Y-10-1-01,565,5.62960500963391,7.0,8.0,7.5,1437.0,1437.0,1437.0,拉伸,,估计同步待核验
XY_Y-10-1-01,566,5.639400770712909,9.0,8.0,8.5,1437.0,1438.0,1437.5,拉伸,,估计同步待核验
XY_Y-10-1-01,567,5.649196531791906,8.606936416187384,8.0,8.303468208093692,1437.0,1438.0,1437.5,拉伸,,估计同步待核验
XY_Y-10-1-01,568,5.658992292870905,7.0,8.0,7.5,1437.0,1438.0,1437.5,拉伸,,估计同步待核验
XY_Y-10-1-01,569,5.6687880539499025,9.0,8.0,8.5,1437.0,1439.0,1438.0,拉伸,,估计同步待核验
XY_Y-10-1-01,570,5.678583815028901,7.0,8.0,7.5,1437.0,1439.0,1438.0,拉伸,,估计同步待核验
XY_Y-10-1-01,571,5.6883795761078995,9.0,8.0,8.5,1438.0,1439.0,1438.5,拉伸,,估计同步待核验
XY_Y-10-1-01,572,5.698175337186897,8.0,8.0,8.0,1438.0,1439.0,1438.5,拉伸,,估计同步待核验
XY_Y-10-1-01,573,5.7079710982658955,8.0,8.0,8.0,1438.0,1439.0,1438.5,拉伸,,估计同步待核验
XY_Y-10-1-01,574,5.717766859344893,9.0,8.0,8.5,1438.0,1439.0,1438.5,拉伸,,估计同步待核验
XY_Y-10-1-01,575,5.727562620423892,7.0,8.0,7.5,1438.0,1439.0,1438.5,拉伸,,估计同步待核验
XY_Y-10-1-01,576,5.737358381502889,7.716763005778036,7.641618497110982,7.679190751444509,1438.358381502889,1439.358381502889,1438.858381502889,拉伸,,估计同步待核验
XY_Y-10-1-01,577,5.747154142581888,9.0,7.0,8.0,1439.0,1440.0,1439.5,拉伸,,估计同步待核验
XY_Y-10-1-01,578,5.756949903660885,7.0,8.0,7.5,1438.0,1440.0,1439.0,拉伸,,估计同步待核验
XY_Y-10-1-01,579,5.766745664739884,9.0,8.0,8.5,1439.0,1440.0,1439.5,拉伸,,估计同步待核验
XY_Y-10-1-01,580,5.776541425818882,7.0,8.0,7.5,1439.0,1440.0,1439.5,拉伸,,估计同步待核验
XY_Y-10-1-01,581,5.78633718689788,9.0,8.0,8.5,1439.0,1441.0,1440.0,拉伸,,估计同步待核验
XY_Y-10-1-01,582,5.796132947976878,7.0,8.0,7.5,1439.0,1441.0,1440.0,拉伸,,估计同步待核验
XY_Y-10-1-01,583,5.805928709055876,8.0,8.0,8.0,1439.0,1441.0,1440.0,拉伸,,估计同步待核验
XY_Y-10-1-01,584,5.8157244701348745,8.0,8.0,8.0,1439.0,1441.0,1440.0,拉伸,,估计同步待核验
XY_Y-10-1-01,585,5.825520231213872,7.479768786127809,8.0,7.739884393063905,1439.0,1441.0,1440.0,拉伸,,估计同步待核验
XY_Y-10-1-01,586,5.835315992292871,7.0,8.0,7.5,1439.0,1441.0,1440.0,拉伸,,估计同步待核验
XY_Y-10-1-01,587,5.845111753371869,9.0,8.0,8.5,1439.0,1441.0,1440.0,拉伸,,估计同步待核验
XY_Y-10-1-01,588,5.854907514450867,7.0,8.0,7.5,1439.0,1441.0,1440.0,拉伸,,估计同步待核验
XY_Y-10-1-01,589,5.864703275529865,9.0,7.0,8.0,1440.0,1441.0,1440.5,拉伸,,估计同步待核验
XY_Y-10-1-01,590,5.874499036608863,7.0,8.0,7.5,1439.0,1441.0,1440.0,拉伸,,估计同步待核验
XY_Y-10-1-01,591,5.884294797687861,9.0,8.0,8.5,1440.0,1441.0,1440.5,拉伸,,估计同步待核验
XY_Y-10-1-01,592,5.894090558766859,7.0,8.0,7.5,1440.0,1441.0,1440.5,拉伸,,估计同步待核验
XY_Y-10-1-01,593,5.903886319845856,9.0,8.0,8.5,1440.0,1441.0,1440.5,拉伸,,估计同步待核验
XY_Y-10-1-01,594,5.913682080924854,8.317919075145843,8.0,8.158959537572922,1440.0,1441.0,1440.5,拉伸,,估计同步待核验
XY_Y-10-1-01,595,5.9234778420038525,8.0,8.0,8.0,1440.0,1441.0,1440.5,拉伸,,估计同步待核验
XY_Y-10-1-01,596,5.933273603082851,8.0,8.0,8.0,1440.0,1441.0,1440.5,拉伸,,估计同步待核验
XY_Y-10-1-01,597,5.943069364161849,9.0,7.0,8.0,1440.0,1441.0,1440.5,拉伸,,估计同步待核验
XY_Y-10-1-01,598,5.952865125240847,7.0,8.0,7.5,1440.0,1442.0,1441.0,拉伸,,估计同步待核验
XY_Y-10-1-01,599,5.962660886319845,9.0,7.0,8.0,1440.0,1442.0,1441.0,拉伸,,估计同步待核验
XY_Y-10-1-01,600,5.972456647398843,7.0,8.0,7.5,1440.0,1441.0,1440.5,拉伸,,估计同步待核验
XY_Y-10-1-01,601,5.982252408477841,9.0,8.0,8.5,1440.0,1441.0,1440.5,拉伸,,估计同步待核验
XY_Y-10-1-01,602,5.992048169556839,7.0,8.0,7.5,1440.0,1441.0,1440.5,拉伸,,估计同步待核验
XY_Y-10-1-01,603,6.001843930635837,8.687861271674022,8.0,8.343930635837012,1440.843930635837,1441.0,1440.9219653179184,拉伸,,估计同步待核验
XY_Y-10-1-01,604,6.011639691714835,9.0,8.0,8.5,1441.0,1441.0,1441.0,拉伸,,估计同步待核验
XY_Y-10-1-01,605,6.021435452793834,7.0,8.0,7.5,1441.0,1442.0,1441.5,拉伸,,估计同步待核验
XY_Y-10-1-01,606,6.0312312138728315,8.0,8.0,8.0,1441.0,1442.0,1441.5,拉伸,,估计同步待核验
XY_Y-10-1-01,607,6.04102697495183,8.0,8.0,8.0,1441.0,1443.0,1442.0,拉伸,,估计同步待核验
XY_Y-10-1-01,608,6.0508227360308275,8.0,8.0,8.0,1441.0,1443.0,1442.0,拉伸,,估计同步待核验
XY_Y-10-1-01,609,6.060618497109826,9.0,7.0,8.0,1442.0,1443.0,1442.5,拉伸,,估计同步待核验
XY_Y-10-1-01,610,6.070414258188824,7.0,8.0,7.5,1441.0,1443.0,1442.0,拉伸,,估计同步待核验
XY_Y-10-1-01,611,6.080210019267822,9.0,7.0,8.0,1442.0,1443.0,1442.5,拉伸,,估计同步待核验
XY_Y-10-1-01,612,6.090005780346821,7.0,8.0,7.5,1442.0,1443.0,1442.5,拉伸,,估计同步待核验
XY_Y-10-1-01,613,6.099801541425818,7.0,8.0,7.5,1442.0,1443.0,1442.5,拉伸,,估计同步待核验
XY_Y-10-1-01,614,6.109597302504817,9.0,8.0,8.5,1442.0,1443.0,1442.5,拉伸,,估计同步待核验
XY_Y-10-1-01,615,6.119393063583814,7.0,8.0,7.5,1442.0,1443.0,1442.5,拉伸,,估计同步待核验
XY_Y-10-1-01,616,6.129188824662813,9.0,8.0,8.5,1442.0,1443.0,1442.5,拉伸,,估计同步待核验
XY_Y-10-1-01,617,6.13898458574181,8.0,8.0,8.0,1442.0,1444.0,1443.0,拉伸,,估计同步待核验
XY_Y-10-1-01,618,6.148780346820809,8.0,8.0,8.0,1442.0,1444.0,1443.0,拉伸,,估计同步待核验
XY_Y-10-1-01,619,6.1585761078998065,9.0,8.0,8.5,1443.0,1444.0,1443.5,拉伸,,估计同步待核验
XY_Y-10-1-01,620,6.168371868978805,7.0,8.0,7.5,1442.0,1444.0,1443.0,拉伸,,估计同步待核验
XY_Y-10-1-01,621,6.1781676300578034,9.0,8.0,8.5,1443.0,1444.0,1443.5,拉伸,,估计同步待核验
XY_Y-10-1-01,622,6.187963391136801,9.0,8.0,8.5,1443.0,1444.0,1443.5,拉伸,,估计同步待核验
XY_Y-10-1-01,623,6.1977591522157995,7.0,8.0,7.5,1443.0,1444.0,1443.5,拉伸,,估计同步待核验
XY_Y-10-1-01,624,6.207554913294797,9.0,8.0,8.5,1443.0,1444.0,1443.5,拉伸,,估计同步待核验
XY_Y-10-1-01,625,6.217350674373796,7.0,8.0,7.5,1443.0,1445.0,1444.0,拉伸,,估计同步待核验
XY_Y-10-1-01,626,6.227146435452793,9.0,8.0,8.5,1443.0,1445.0,1444.0,拉伸,,估计同步待核验
XY_Y-10-1-01,627,6.236942196531791,8.0,8.0,8.0,1443.0,1445.0,1444.0,拉伸,,估计同步待核验
XY_Y-10-1-01,628,6.246737957610789,8.0,8.0,8.0,1443.0,1445.0,1444.0,拉伸,,估计同步待核验
XY_Y-10-1-01,629,6.256533718689787,9.0,7.0,8.0,1444.0,1445.0,1444.5,拉伸,,估计同步待核验
XY_Y-10-1-01,630,6.266329479768785,8.0,8.0,8.0,1444.0,1445.0,1444.5,拉伸,,估计同步待核验
XY_Y-10-1-01,631,6.276125240847783,8.12524084778316,7.874759152216838,8.0,1444.0,1445.0,1444.5,拉伸,,估计同步待核验
XY_Y-10-1-01,632,6.2859210019267815,9.0,7.0,8.0,1444.0,1445.0,1444.5,拉伸,,估计同步待核验
XY_Y-10-1-01,633,6.295716763005779,7.0,8.0,7.5,1444.0,1445.0,1444.5,拉伸,,估计同步待核验
XY_Y-10-1-01,634,6.305512524084778,9.0,8.0,8.5,1445.0,1445.0,1445.0,拉伸,,估计同步待核验
XY_Y-10-1-01,635,6.315308285163775,7.0,8.0,7.5,1445.0,1446.0,1445.5,拉伸,,估计同步待核验
XY_Y-10-1-01,636,6.325104046242774,9.0,8.0,8.5,1445.0,1446.0,1445.5,拉伸,,估计同步待核验
XY_Y-10-1-01,637,6.334899807321772,7.0,8.0,7.5,1445.0,1446.0,1445.5,拉伸,,估计同步待核验
XY_Y-10-1-01,638,6.34469556840077,8.0,8.0,8.0,1445.0,1446.0,1445.5,拉伸,,估计同步待核验
XY_Y-10-1-01,639,6.354491329479768,8.0,8.0,8.0,1445.0,1447.0,1446.0,拉伸,,估计同步待核验
XY_Y-10-1-01,640,6.364287090558766,8.0,8.0,8.0,1445.0,1447.0,1446.0,拉伸,,估计同步待核验
XY_Y-10-1-01,641,6.374082851637764,8.0,8.0,8.0,1445.0,1447.0,1446.0,拉伸,,估计同步待核验
XY_Y-10-1-01,642,6.383878612716762,9.0,8.0,8.5,1445.0,1447.0,1446.0,拉伸,,估计同步待核验
XY_Y-10-1-01,643,6.39367437379576,7.0,8.0,7.5,1445.0,1447.0,1446.0,拉伸,,估计同步待核验
XY_Y-10-1-01,644,6.403470134874759,9.0,8.0,8.5,1446.0,1447.0,1446.5,拉伸,,估计同步待核验
XY_Y-10-1-01,645,6.4132658959537565,7.0,8.0,7.5,1446.0,1447.0,1446.5,拉伸,,估计同步待核验
XY_Y-10-1-01,646,6.423061657032755,9.0,8.0,8.5,1447.0,1447.0,1447.0,拉伸,,估计同步待核验
XY_Y-10-1-01,647,6.432857418111753,7.0,8.0,7.5,1446.0,1447.0,1446.5,拉伸,,估计同步待核验
XY_Y-10-1-01,648,6.442653179190751,9.0,8.0,8.5,1447.0,1448.0,1447.5,拉伸,,估计同步待核验
XY_Y-10-1-01,649,6.452448940269749,8.551059730251417,8.0,8.275529865125709,1447.0,1448.0,1447.5,拉伸,,估计同步待核验
XY_Y-10-1-01,650,6.462244701348747,8.0,8.0,8.0,1447.0,1448.0,1447.5,拉伸,,估计同步待核验
XY_Y-10-1-01,651,6.472040462427745,8.0,8.0,8.0,1447.0,1448.0,1447.5,拉伸,,估计同步待核验
XY_Y-10-1-01,652,6.481836223506743,9.0,8.0,8.5,1447.0,1448.0,1447.5,拉伸,,估计同步待核验
XY_Y-10-1-01,653,6.491631984585742,7.0,8.0,7.5,1447.0,1448.0,1447.5,拉伸,,估计同步待核验
XY_Y-10-1-01,654,6.501427745664739,9.0,8.0,8.5,1447.0,1448.0,1447.5,拉伸,,估计同步待核验
XY_Y-10-1-01,655,6.511223506743738,7.0,8.0,7.5,1447.0,1448.0,1447.5,拉伸,,估计同步待核验
XY_Y-10-1-01,656,6.521019267822735,9.0,8.0,8.5,1447.0,1448.0,1447.5,拉伸,,估计同步待核验
XY_Y-10-1-01,657,6.530815028901734,7.0,8.0,7.5,1447.0,1448.0,1447.5,拉伸,,估计同步待核验
XY_Y-10-1-01,658,6.5406107899807315,8.221579961462584,8.0,8.110789980731292,1447.0,1448.0,1447.5,拉伸,,估计同步待核验
XY_Y-10-1-01,659,6.55040655105973,9.0,8.0,8.5,1447.0,1448.0,1447.5,拉伸,,估计同步待核验
XY_Y-10-1-01,660,6.560202312138728,7.0,8.0,7.5,1447.0,1448.0,1447.5,拉伸,,估计同步待核验
XY_Y-10-1-01,661,6.569998073217725,8.0,8.0,8.0,1447.0,1448.0,1447.5,拉伸,,估计同步待核验
XY_Y-10-1-01,662,6.579793834296724,8.0,8.0,8.0,1447.0,1448.0,1447.5,拉伸,,估计同步待核验
XY_Y-10-1-01,663,6.589589595375721,8.0,8.0,8.0,1447.0,1449.0,1448.0,拉伸,,估计同步待核验
XY_Y-10-1-01,664,6.59938535645472,9.0,8.0,8.5,1448.0,1449.0,1448.5,拉伸,,估计同步待核验
XY_Y-10-1-01,665,6.609181117533717,7.0,8.0,7.5,1448.0,1449.0,1448.5,拉伸,,估计同步待核验
XY_Y-10-1-01,666,6.618976878612716,9.0,8.0,8.5,1448.0,1449.0,1448.5,拉伸,,估计同步待核验
XY_Y-10-1-01,667,6.6287726396917135,7.4547206165723985,8.0,7.727360308286199,1448.0,1449.0,1448.5,拉伸,,估计同步待核验
XY_Y-10-1-01,668,6.638568400770712,7.0,8.0,7.5,1448.0,1449.0,1448.5,拉伸,,估计同步待核验
XY_Y-10-1-01,669,6.6483641618497105,9.0,8.0,8.5,1448.0,1450.0,1449.0,拉伸,,估计同步待核验
XY_Y-10-1-01,670,6.658159922928708,7.0,8.0,7.5,1448.0,1449.0,1448.5,拉伸,,估计同步待核验
XY_Y-10-1-01,671,6.6679556840077066,9.0,8.0,8.5,1448.0,1450.0,1449.0,拉伸,,估计同步待核验
XY_Y-10-1-01,672,6.677751445086704,8.0,8.0,8.0,1448.0,1450.0,1449.0,拉伸,,估计同步待核验
XY_Y-10-1-01,673,6.687547206165703,8.0,8.0,8.0,1448.0,1450.0,1449.0,拉伸,,估计同步待核验
XY_Y-10-1-01,674,6.6973429672447,8.0,8.0,8.0,1448.0,1450.0,1449.0,拉伸,,估计同步待核验
XY_Y-10-1-01,675,6.707138728323699,7.0,8.0,7.5,1448.0,1450.0,1449.0,拉伸,,估计同步待核验
XY_Y-10-1-01,676,6.716934489402696,8.86897880539331,8.0,8.434489402696656,1448.0,1450.0,1449.0,拉伸,,估计同步待核验
XY_Y-10-1-01,677,6.726730250481695,9.0,8.0,8.5,1448.0,1450.0,1449.0,拉伸,,估计同步待核验
XY_Y-10-1-01,678,6.736526011560693,7.0,8.0,7.5,1448.0,1450.0,1449.0,拉伸,,估计同步待核验
XY_Y-10-1-01,679,6.746321772639691,9.0,8.0,8.5,1449.0,1450.0,1449.5,拉伸,,估计同步待核验
XY_Y-10-1-01,680,6.756117533718689,7.0,8.0,7.5,1449.0,1450.0,1449.5,拉伸,,估计同步待核验
XY_Y-10-1-01,681,6.765913294797687,9.0,8.0,8.5,1449.0,1450.0,1449.5,拉伸,,估计同步待核验
XY_Y-10-1-01,682,6.7757090558766855,7.0,8.0,7.5,1449.0,1450.0,1449.5,拉伸,,估计同步待核验
XY_Y-10-1-01,683,6.785504816955683,8.0,8.0,8.0,1449.0,1450.0,1449.5,拉伸,,估计同步待核验
XY_Y-10-1-01,684,6.795300578034682,8.0,8.0,8.0,1449.0,1450.0,1449.5,拉伸,,估计同步待核验
XY_Y-10-1-01,685,6.80509633911368,8.0,8.0,8.0,1449.0,1450.0,1449.5,拉伸,,估计同步待核验
XY_Y-10-1-01,686,6.814892100192678,8.0,8.0,8.0,1449.0,1450.0,1449.5,拉伸,,估计同步待核验
XY_Y-10-1-01,687,6.824687861271676,9.0,8.0,8.5,1449.0,1450.0,1449.5,拉伸,,估计同步待核验
XY_Y-10-1-01,688,6.834483622350674,7.0,8.0,7.5,1449.0,1450.0,1449.5,拉伸,,估计同步待核验
XY_Y-10-1-01,689,6.844279383429672,9.0,8.0,8.5,1450.0,1451.0,1450.5,拉伸,,估计同步待核验
XY_Y-10-1-01,690,6.85407514450867,7.0,8.0,7.5,1449.0,1451.0,1450.0,拉伸,,估计同步待核验
XY_Y-10-1-01,691,6.863870905587668,9.0,8.0,8.5,1450.0,1451.0,1450.5,拉伸,,估计同步待核验
XY_Y-10-1-01,692,6.873666666666666,7.0,8.0,7.5,1450.0,1451.0,1450.5,拉伸,,估计同步待核验
XY_Y-10-1-01,693,6.883462427745664,9.0,8.0,8.5,1450.0,1451.0,1450.5,拉伸,,估计同步待核验
XY_Y-10-1-01,694,6.893258188824662,8.0,8.0,8.0,1450.0,1451.0,1450.5,拉伸,,估计同步待核验
XY_Y-10-1-01,695,6.90305394990366,8.0,8.0,8.0,1450.0,1451.05394990366,1450.52697495183,拉伸,,估计同步待核验
XY_Y-10-1-01,696,6.912849710982658,8.0,8.0,8.0,1450.0,1452.0,1451.0,拉伸,,估计同步待核验
XY_Y-10-1-01,697,6.922645472061656,9.0,7.0,8.0,1450.0,1452.0,1451.0,拉伸,,估计同步待核验
XY_Y-10-1-01,698,6.932441233140654,7.0,8.0,7.5,1450.0,1452.0,1451.0,拉伸,,估计同步待核验
XY_Y-10-1-01,699,6.942236994219652,9.0,7.0,8.0,1451.0,1452.0,1451.5,拉伸,,估计同步待核验
XY_Y-10-1-01,700,6.95203275529865,7.0,8.0,7.5,1450.0,1452.0,1451.0,拉伸,,估计同步待核验
XY_Y-10-1-01,701,6.961828516377648,9.0,8.0,8.5,1451.0,1452.0,1451.5,拉伸,,估计同步待核验
XY_Y-10-1-01,702,6.971624277456646,7.0,8.0,7.5,1451.0,1452.0,1451.5,拉伸,,估计同步待核验
XY_Y-10-1-01,703,6.981420038535645,9.0,8.0,8.5,1451.0,1452.0,1451.5,拉伸,,估计同步待核验
XY_Y-10-1-01,704,6.9912157996146425,8.568400770714549,8.0,8.284200385357273,1451.0,1452.0,1451.5,拉伸,,估计同步待核验
XY_Y-10-1-01,705,7.001011560693641,7.0,8.0,7.5,1451.0,1452.0,1451.5,拉伸,,估计同步待核验
XY_Y-10-1-01,706,7.0108073217726385,8.0,8.0,8.0,1451.0,1453.0,1452.0,拉伸,,估计同步待核验
XY_Y-10-1-01,707,7.020603082851637,8.0,8.0,8.0,1452.0,1453.0,1452.5,拉伸,,估计同步待核验
XY_Y-10-1-01,708,7.030398843930635,7.0,8.0,7.5,1452.0,1453.0,1452.5,拉伸,,估计同步待核验
XY_Y-10-1-01,709,7.040194605009633,9.0,8.0,8.5,1452.0,1453.0,1452.5,拉伸,,估计同步待核验
XY_Y-10-1-01,710,7.049990366088632,7.0,8.0,7.5,1452.0,1453.0,1452.5,拉伸,,估计同步待核验
XY_Y-10-1-01,711,7.059786127167629,10.0,7.0,8.5,1452.0,1454.0,1453.0,拉伸,,估计同步待核验
XY_Y-10-1-01,712,7.069581888246628,7.0,8.0,7.5,1452.0,1454.0,1453.0,拉伸,,估计同步待核验
XY_Y-10-1-01,713,7.079377649325625,8.132947976876308,8.0,8.066473988438155,1452.0,1454.0,1453.0,拉伸,,估计同步待核验
XY_Y-10-1-01,714,7.089173410404624,10.0,8.0,9.0,1452.0,1454.0,1453.0,拉伸,,估计同步待核验
XY_Y-10-1-01,715,7.098969171483621,7.0,8.0,7.5,1452.0,1454.0,1453.0,拉伸,,估计同步待核验
XY_Y-10-1-01,716,7.10876493256262,9.0,8.0,8.5,1453.0,1454.0,1453.5,拉伸,,估计同步待核验
XY_Y-10-1-01,717,7.1185606936416175,8.0,8.0,8.0,1453.0,1454.0,1453.5,拉伸,,估计同步待核验
XY_Y-10-1-01,718,7.128356454720616,8.0,8.0,8.0,1453.0,1454.0,1453.5,拉伸,,估计同步待核验
XY_Y-10-1-01,719,7.1381522157996145,9.0,7.0,8.0,1453.0,1454.0,1453.5,拉伸,,估计同步待核验
XY_Y-10-1-01,720,7.147947976878612,7.0,8.0,7.5,1453.0,1454.0,1453.5,拉伸,,估计同步待核验
XY_Y-10-1-01,721,7.1577437379576105,9.0,7.0,8.0,1453.0,1454.0,1453.5,拉伸,,估计同步待核验
XY_Y-10-1-01,722,7.167539499036608,7.921001926783708,7.539499036608146,7.730250481695927,1453.0,1454.0,1453.5,拉伸,,估计同步待核验
XY_Y-10-1-01,723,7.177335260115607,7.0,8.0,7.5,1453.0,1454.0,1453.5,拉伸,,估计同步待核验
XY_Y-10-1-01,724,7.187131021194604,9.0,8.0,8.5,1454.0,1454.0,1454.0,拉伸,,估计同步待核验
XY_Y-10-1-01,725,7.196926782273603,7.0,8.0,7.5,1453.0,1454.0,1453.5,拉伸,,估计同步待核验
XY_Y-10-1-01,726,7.206722543352601,9.0,8.0,8.5,1454.0,1455.0,1454.5,拉伸,,估计同步待核验
XY_Y-10-1-01,727,7.216518304431599,8.0,8.0,8.0,1454.0,1455.0,1454.5,拉伸,,估计同步待核验
XY_Y-10-1-01,728,7.226314065510596,8.0,8.0,8.0,1454.0,1455.0,1454.5,拉伸,,估计同步待核验
XY_Y-10-1-01,729,7.236109826589594,8.0,7.0,7.5,1454.0,1455.0,1454.5,拉伸,,估计同步待核验
XY_Y-10-1-01,730,7.2459055876685925,8.0,8.0,8.0,1453.0,1455.0,1454.0,拉伸,,估计同步待核验
XY_Y-10-1-01,731,7.25570134874759,8.701348747589968,8.0,8.350674373794984,1453.70134874759,1455.0,1454.3506743737948,拉伸,,估计同步待核验
XY_Y-10-1-01,732,7.265497109826589,9.0,8.0,8.5,1454.0,1455.0,1454.5,拉伸,,估计同步待核验
XY_Y-10-1-01,733,7.275292870905586,7.0,8.0,7.5,1454.0,1455.0,1454.5,拉伸,,估计同步待核验
XY_Y-10-1-01,734,7.285088631984585,9.0,8.0,8.5,1454.0,1455.0,1454.5,拉伸,,估计同步待核验
XY_Y-10-1-01,735,7.294884393063583,7.0,8.0,7.5,1454.0,1455.0,1454.5,拉伸,,估计同步待核验
XY_Y-10-1-01,736,7.304680154142581,9.0,8.0,8.5,1454.0,1455.0,1454.5,拉伸,,估计同步待核验
XY_Y-10-1-01,737,7.314475915221579,7.0,8.0,7.5,1454.0,1455.0,1454.5,拉伸,,估计同步待核验
XY_Y-10-1-01,738,7.324271676300577,9.0,8.0,8.5,1454.0,1455.0,1454.5,拉伸,,估计同步待核验
XY_Y-10-1-01,739,7.334067437379575,8.0,8.0,8.0,1454.0,1455.0,1454.5,拉伸,,估计同步待核验
XY_Y-10-1-01,740,7.343863198458573,8.0,8.0,8.0,1454.0,1455.8631984585727,1454.9315992292863,拉伸,,估计同步待核验
XY_Y-10-1-01,741,7.353658959537571,8.0,8.0,8.0,1454.0,1456.0,1455.0,拉伸,,估计同步待核验
XY_Y-10-1-01,742,7.36345472061657,9.0,8.0,8.5,1454.0,1456.0,1455.0,拉伸,,估计同步待核验
XY_Y-10-1-01,743,7.3732504816955675,7.0,8.0,7.5,1454.0,1456.0,1455.0,拉伸,,估计同步待核验
XY_Y-10-1-01,744,7.383046242774566,9.0,8.0,8.5,1454.0,1456.0,1455.0,拉伸,,估计同步待核验
XY_Y-10-1-01,745,7.392842003853564,7.0,8.0,7.5,1454.0,1456.0,1455.0,拉伸,,估计同步待核验
XY_Y-10-1-01,746,7.402637764932562,10.0,8.0,9.0,1454.0,1455.0,1454.5,拉伸,,估计同步待核验
XY_Y-10-1-01,747,7.41243352601156,7.0,8.0,7.5,1454.0,1455.0,1454.5,拉伸,,估计同步待核验
XY_Y-10-1-01,748,7.422229287090558,9.0,8.0,8.5,1454.0,1455.0,1454.5,拉伸,,估计同步待核验
XY_Y-10-1-01,749,7.432025048169556,8.0,8.0,8.0,1454.0,1455.0,1454.5,拉伸,,估计同步待核验
XY_Y-10-1-01,750,7.441820809248554,8.0,8.0,8.0,1454.0,1455.0,1454.5,拉伸,,估计同步待核验
XY_Y-10-1-01,751,7.451616570327553,8.0,8.0,8.0,1454.0,1455.0,1454.5,拉伸,,估计同步待核验
XY_Y-10-1-01,752,7.46141233140655,8.0,8.0,8.0,1455.0,1455.0,1455.0,拉伸,,估计同步待核验
XY_Y-10-1-01,753,7.471208092485549,7.0,8.0,7.5,1454.0,1455.0,1454.5,拉伸,,估计同步待核验
XY_Y-10-1-01,754,7.4810038535645464,9.0,7.0,8.0,1455.0,1455.0,1455.0,拉伸,,估计同步待核验
XY_Y-10-1-01,755,7.490799614643545,7.0,8.0,7.5,1454.0,1455.0,1454.5,拉伸,,估计同步待核验
XY_Y-10-1-01,756,7.5005953757225425,9.0,7.0,8.0,1455.0,1455.0,1455.0,拉伸,,估计同步待核验
XY_Y-10-1-01,757,7.510391136801541,7.0,8.0,7.5,1454.0,1455.0,1454.5,拉伸,,估计同步待核验
XY_Y-10-1-01,758,7.520186897880539,9.0,8.0,8.5,1454.0,1455.0,1454.5,拉伸,,估计同步待核验
XY_Y-10-1-01,759,7.529982658959537,9.0,8.0,8.5,1454.0,1455.0,1454.5,拉伸,,估计同步待核验
XY_Y-10-1-01,760,7.539778420038536,7.0,8.0,7.5,1454.0,1455.0,1454.5,拉伸,,估计同步待核验
XY_Y-10-1-01,761,7.549574181117533,9.0,8.0,8.5,1455.0,1455.0,1455.0,拉伸,,估计同步待核验
XY_Y-10-1-01,762,7.559369942196531,8.0,8.0,8.0,1455.0,1456.0,1455.5,拉伸,,估计同步待核验
XY_Y-10-1-01,763,7.569165703275528,8.0,8.0,8.0,1454.0,1456.0,1455.0,拉伸,,估计同步待核验
XY_Y-10-1-01,764,7.578961464354527,9.0,8.0,8.5,1455.0,1455.0,1455.0,拉伸,,估计同步待核验
XY_Y-10-1-01,765,7.5887572254335245,7.0,8.0,7.5,1454.0,1455.0,1454.5,拉伸,,估计同步待核验
XY_Y-10-1-01,766,7.598552986512523,9.0,8.0,8.5,1455.0,1455.0,1455.0,拉伸,,估计同步待核验
XY_Y-10-1-01,767,7.6083487475915215,7.0,9.0,8.0,1454.0,1455.0,1454.5,拉伸,,估计同步待核验
XY_Y-10-1-01,768,7.618144508670519,7.289017341037638,8.85549132948118,8.072254335259409,1454.144508670519,1455.0,1454.5722543352595,拉伸,,估计同步待核验
XY_Y-10-1-01,769,7.6279402697495176,9.0,8.0,8.5,1455.0,1455.0,1455.0,拉伸,,估计同步待核验
XY_Y-10-1-01,770,7.637736030828515,7.0,8.0,7.5,1454.0,1455.0,1454.5,拉伸,,估计同步待核验
XY_Y-10-1-01,771,7.647531791907514,9.0,8.0,8.5,1454.0,1455.0,1454.5,拉伸,,估计同步待核验
XY_Y-10-1-01,772,7.657327552986511,8.0,8.0,8.0,1454.0,1455.0,1454.5,拉伸,,估计同步待核验
XY_Y-10-1-01,773,7.66712331406551,8.0,8.0,8.0,1455.0,1456.0,1455.5,拉伸,,估计同步待核验
XY_Y-10-1-01,774,7.676919075144507,8.0,8.0,8.0,1455.0,1456.0,1455.5,拉伸,,估计同步待核验
XY_Y-10-1-01,775,7.686714836223506,8.0,8.0,8.0,1455.0,1456.0,1455.5,拉伸,,估计同步待核验
XY_Y-10-1-01,776,7.696510597302504,9.0,7.0,8.0,1455.0,1456.0,1455.5,拉伸,,估计同步待核验
XY_Y-10-1-01,777,7.706306358381502,8.387283236996653,7.306358381501673,7.846820809249163,1455.0,1456.0,1455.5,拉伸,,估计同步待核验
XY_Y-10-1-01,778,7.7161021194605,7.0,8.0,7.5,1455.0,1456.0,1455.5,拉伸,,估计同步待核验
XY_Y-10-1-01,779,7.725897880539499,9.0,7.0,8.0,1455.0,1456.0,1455.5,拉伸,,估计同步待核验
XY_Y-10-1-01,780,7.7356936416184965,7.0,8.0,7.5,1455.0,1456.0,1455.5,拉伸,,估计同步待核验
XY_Y-10-1-01,781,7.745489402697494,9.0,8.0,8.5,1455.0,1456.0,1455.5,拉伸,,估计同步待核验
XY_Y-10-1-01,782,7.755285163776492,7.0,8.0,7.5,1455.0,1456.0,1455.5,拉伸,,估计同步待核验
XY_Y-10-1-01,783,7.765080924855491,8.0,8.0,8.0,1455.0,1456.0,1455.5,拉伸,,估计同步待核验
XY_Y-10-1-01,784,7.774876685934489,8.0,8.0,8.0,1455.0,1456.0,1455.5,拉伸,,估计同步待核验
XY_Y-10-1-01,785,7.784672447013486,8.0,8.0,8.0,1455.0,1456.0,1455.5,拉伸,,估计同步待核验
XY_Y-10-1-01,786,7.794468208092486,8.468208092485888,8.0,8.234104046242944,1455.4682080924858,1456.4682080924858,1455.9682080924858,拉伸,,估计同步待核验
XY_Y-10-1-01,787,7.804263969171483,9.0,8.0,8.5,1456.0,1457.0,1456.5,拉伸,,估计同步待核验
XY_Y-10-1-01,788,7.814059730250481,7.0,8.0,7.5,1455.0,1457.0,1456.0,拉伸,,估计同步待核验
XY_Y-10-1-01,789,7.823855491329478,9.0,8.0,8.5,1456.0,1458.0,1457.0,拉伸,,估计同步待核验
XY_Y-10-1-01,790,7.833651252408478,7.0,8.0,7.5,1456.0,1458.0,1457.0,拉伸,,估计同步待核验
XY_Y-10-1-01,791,7.843447013487475,9.0,7.0,8.0,1456.0,1458.0,1457.0,拉伸,,估计同步待核验
XY_Y-10-1-01,792,7.853242774566473,7.0,8.0,7.5,1456.0,1458.0,1457.0,拉伸,,估计同步待核验
XY_Y-10-1-01,793,7.863038535645472,9.0,7.0,8.0,1456.0,1458.0,1457.0,拉伸,,估计同步待核验
XY_Y-10-1-01,794,7.87283429672447,8.0,8.0,8.0,1456.0,1458.0,1457.0,拉伸,,估计同步待核验
XY_Y-10-1-01,795,7.882630057803468,8.0,8.0,8.0,1456.0,1458.0,1457.0,拉伸,,估计同步待核验
XY_Y-10-1-01,796,7.892425818882465,8.0,8.0,8.0,1456.0,1458.0,1457.0,拉伸,,估计同步待核验
XY_Y-10-1-01,797,7.902221579961464,8.0,8.0,8.0,1457.0,1458.0,1457.5,拉伸,,估计同步待核验
XY_Y-10-1-01,798,7.912017341040461,7.0,8.0,7.5,1456.0,1458.0,1457.0,拉伸,,估计同步待核验
XY_Y-10-1-01,799,7.921813102119459,9.0,7.0,8.0,1457.0,1458.0,1457.5,拉伸,,估计同步待核验
XY_Y-10-1-01,800,7.931608863198458,7.0,8.0,7.5,1456.0,1458.0,1457.0,拉伸,,估计同步待核验
XY_Y-10-1-01,801,7.941404624277456,9.0,8.0,8.5,1457.0,1458.0,1457.5,拉伸,,估计同步待核验
XY_Y-10-1-01,802,7.9512003853564535,7.0,8.0,7.5,1457.0,1458.0,1457.5,拉伸,,估计同步待核验
XY_Y-10-1-01,803,7.960996146435451,9.0,8.0,8.5,1457.0,1458.0,1457.5,拉伸,,估计同步待核验
XY_Y-10-1-01,804,7.97079190751445,7.41618497109916,8.0,7.70809248554958,1457.0,1458.0,1457.5,拉伸,,估计同步待核验
XY_Y-10-1-01,805,7.980587668593448,7.0,8.0,7.5,1457.0,1458.0,1457.5,拉伸,,估计同步待核验
XY_Y-10-1-01,806,7.990383429672446,8.0,8.0,8.0,1457.0,1458.0,1457.5,拉伸,,估计同步待核验
XY_Y-10-1-01,807,8.000179190751444,8.0,8.0,8.0,1457.0,1458.0,1457.5,拉伸,,估计同步待核验
XY_Y-10-1-01,808,8.009974951830444,8.0,8.0,8.0,1457.0,1458.0,1457.5,拉伸,,估计同步待核验
XY_Y-10-1-01,809,8.019770712909441,9.0,8.0,8.5,1457.0,1458.0,1457.5,拉伸,,估计同步待核验
XY_Y-10-1-01,810,8.029566473988439,7.0,8.0,7.5,1457.0,1458.0,1457.5,拉伸,,估计同步待核验
XY_Y-10-1-01,811,8.039362235067438,9.0,7.0,8.0,1458.0,1459.0,1458.5,拉伸,,估计同步待核验
XY_Y-10-1-01,812,8.049157996146436,7.0,8.0,7.5,1457.0,1459.0,1458.0,拉伸,,估计同步待核验
XY_Y-10-1-01,813,8.058953757225433,8.907514450867955,8.0,8.453757225433979,1457.953757225434,1459.0,1458.476878612717,拉伸,,估计同步待核验
XY_Y-10-1-01,814,8.06874951830443,9.0,8.0,8.5,1458.0,1459.0,1458.5,拉伸,,估计同步待核验
XY_Y-10-1-01,815,8.07854527938343,7.0,8.0,7.5,1458.0,1459.0,1458.5,拉伸,,估计同步待核验
XY_Y-10-1-01,816,8.088341040462428,9.0,8.0,8.5,1458.0,1459.0,1458.5,拉伸,,估计同步待核验
XY_Y-10-1-01,817,8.098136801541425,8.0,8.0,8.0,1458.0,1459.0,1458.5,拉伸,,估计同步待核验
XY_Y-10-1-01,818,8.107932562620425,8.0,8.0,8.0,1458.0,1459.0,1458.5,拉伸,,估计同步待核验
XY_Y-10-1-01,819,8.117728323699422,8.0,8.0,8.0,1458.0,1459.0,1458.5,拉伸,,估计同步待核验
XY_Y-10-1-01,820,8.12752408477842,7.0,8.0,7.5,1457.0,1459.0,1458.0,拉伸,,估计同步待核验
XY_Y-10-1-01,821,8.137319845857418,9.0,7.0,8.0,1458.0,1459.0,1458.5,拉伸,,估计同步待核验
XY_Y-10-1-01,822,8.147115606936417,7.0,8.0,7.5,1457.0,1459.0,1458.0,拉伸,,估计同步待核验
XY_Y-10-1-01,823,8.156911368015415,7.0,8.0,7.5,1457.0,1459.0,1458.0,拉伸,,估计同步待核验
XY_Y-10-1-01,824,8.166707129094412,9.0,8.0,8.5,1458.0,1459.0,1458.5,拉伸,,估计同步待核验
XY_Y-10-1-01,825,8.176502890173412,7.0,8.0,7.5,1458.0,1459.0,1458.5,拉伸,,估计同步待核验
XY_Y-10-1-01,826,8.18629865125241,9.0,8.0,8.5,1458.0,1459.0,1458.5,拉伸,,估计同步待核验
XY_Y-10-1-01,827,8.196094412331407,7.0,8.0,7.5,1458.0,1459.0,1458.5,拉伸,,估计同步待核验
XY_Y-10-1-01,828,8.205890173410404,8.0,8.0,8.0,1458.0,1459.0,1458.5,拉伸,,估计同步待核验
XY_Y-10-1-01,829,8.215685934489404,8.0,8.0,8.0,1458.0,1459.0,1458.5,拉伸,,估计同步待核验
XY_Y-10-1-01,830,8.225481695568401,7.0,8.0,7.5,1458.0,1459.0,1458.5,拉伸,,估计同步待核验
XY_Y-10-1-01,831,8.235277456647399,9.0,8.0,8.5,1458.0,1459.0,1458.5,拉伸,,估计同步待核验
XY_Y-10-1-01,832,8.245073217726398,8.853564547201936,8.0,8.426782273600967,1458.0,1459.0,1458.5,拉伸,,估计同步待核验
XY_Y-10-1-01,833,8.254868978805396,7.0,8.0,7.5,1458.0,1459.0,1458.5,拉伸,,估计同步待核验
XY_Y-10-1-01,834,8.264664739884394,9.0,8.0,8.5,1458.0,1459.0,1458.5,拉伸,,估计同步待核验
XY_Y-10-1-01,835,8.274460500963391,7.0,8.0,7.5,1457.0,1459.0,1458.0,拉伸,,估计同步待核验
XY_Y-10-1-01,836,8.28425626204239,9.0,8.0,8.5,1458.0,1459.0,1458.5,拉伸,,估计同步待核验
XY_Y-10-1-01,837,8.294052023121388,7.0,8.0,7.5,1458.0,1459.0,1458.5,拉伸,,估计同步待核验
XY_Y-10-1-01,838,8.303847784200386,9.0,8.0,8.5,1458.0,1459.0,1458.5,拉伸,,估计同步待核验
XY_Y-10-1-01,839,8.313643545279383,8.0,8.0,8.0,1458.0,1459.0,1458.5,拉伸,,估计同步待核验
XY_Y-10-1-01,840,8.323439306358383,8.0,8.0,8.0,1458.0,1459.0,1458.5,拉伸,,估计同步待核验
XY_Y-10-1-01,841,8.33323506743738,8.23506743738024,8.0,8.117533718690119,1458.0,1459.0,1458.5,拉伸,,估计同步待核验
XY_Y-10-1-01,842,8.343030828516378,9.0,8.0,8.5,1458.0,1459.0,1458.5,拉伸,,估计同步待核验
XY_Y-10-1-01,843,8.352826589595377,7.0,8.0,7.5,1457.0,1459.0,1458.0,拉伸,,估计同步待核验
XY_Y-10-1-01,844,8.362622350674375,9.0,7.0,8.0,1458.0,1458.0,1458.0,拉伸,,估计同步待核验
XY_Y-10-1-01,845,8.372418111753372,7.0,8.0,7.5,1457.0,1458.0,1457.5,拉伸,,估计同步待核验
XY_Y-10-1-01,846,8.38221387283237,9.0,8.0,8.5,1458.0,1458.0,1458.0,拉伸,,估计同步待核验
XY_Y-10-1-01,847,8.392009633911368,7.0,8.0,7.5,1457.0,1459.0,1458.0,拉伸,,估计同步待核验
XY_Y-10-1-01,848,8.401805394990365,9.0,8.0,8.5,1458.0,1459.0,1458.5,拉伸,,估计同步待核验
XY_Y-10-1-01,849,8.411601156069363,7.0,8.0,7.5,1457.0,1459.0,1458.0,拉伸,,估计同步待核验
XY_Y-10-1-01,850,8.421396917148362,7.396917148362389,8.0,7.698458574181195,1457.0,1459.0,1458.0,拉伸,,估计同步待核验
XY_Y-10-1-01,851,8.43119267822736,8.0,8.0,8.0,1457.0,1459.0,1458.0,拉伸,,估计同步待核验
XY_Y-10-1-01,852,8.440988439306357,8.0,8.0,8.0,1458.0,1459.0,1458.5,拉伸,,估计同步待核验
XY_Y-10-1-01,853,8.450784200385355,8.0,8.0,8.0,1457.0,1459.0,1458.0,拉伸,,估计同步待核验
XY_Y-10-1-01,854,8.460579961464354,9.0,7.0,8.0,1458.0,1459.0,1458.5,拉伸,,估计同步待核验
XY_Y-10-1-01,855,8.470375722543352,7.0,8.0,7.5,1457.0,1459.0,1458.0,拉伸,,估计同步待核验
XY_Y-10-1-01,856,8.48017148362235,9.0,7.0,8.0,1457.0,1459.0,1458.0,拉伸,,估计同步待核验
XY_Y-10-1-01,857,8.489967244701349,7.0,8.0,7.5,1457.0,1459.0,1458.0,拉伸,,估计同步待核验
XY_Y-10-1-01,858,8.499763005780347,9.0,8.0,8.5,1457.0,1459.0,1458.0,拉伸,,估计同步待核验
XY_Y-10-1-01,859,8.509558766859344,7.882466281311657,8.0,7.941233140655829,1457.0,1459.0,1458.0,拉伸,,估计同步待核验
XY_Y-10-1-01,860,8.519354527938342,7.0,8.0,7.5,1457.0,1459.0,1458.0,拉伸,,估计同步待核验
XY_Y-10-1-01,861,8.529150289017341,9.0,8.0,8.5,1458.0,1459.0,1458.5,拉伸,,估计同步待核验
XY_Y-10-1-01,862,8.538946050096339,8.0,8.0,8.0,1458.0,1459.0,1458.5,拉伸,,估计同步待核验
XY_Y-10-1-01,863,8.548741811175336,8.0,8.0,8.0,1458.0,1459.0,1458.5,拉伸,,估计同步待核验
XY_Y-10-1-01,864,8.558537572254334,8.0,8.0,8.0,1458.0,1459.0,1458.5,拉伸,,估计同步待核验
XY_Y-10-1-01,865,8.568333333333333,7.0,8.0,7.5,1458.0,1459.0,1458.5,拉伸,,估计同步待核验
XY_Y-10-1-01,866,8.578129094412331,9.0,7.0,8.0,1458.0,1459.0,1458.5,拉伸,,估计同步待核验
XY_Y-10-1-01,867,8.587924855491329,7.0,8.0,7.5,1458.0,1459.0,1458.5,拉伸,,估计同步待核验
XY_Y-10-1-01,868,8.597720616570328,8.441233140655044,8.0,8.220616570327522,1458.0,1459.0,1458.5,拉伸,,估计同步待核验
XY_Y-10-1-01,869,8.607516377649326,9.0,8.0,8.5,1458.0,1459.0,1458.5,拉伸,,估计同步待核验
XY_Y-10-1-01,870,8.617312138728323,7.0,8.0,7.5,1458.0,1459.0,1458.5,拉伸,,估计同步待核验
XY_Y-10-1-01,871,8.62710789980732,9.0,8.0,8.5,1458.0,1459.0,1458.5,拉伸,,估计同步待核验
XY_Y-10-1-01,872,8.63690366088632,7.0,8.0,7.5,1458.0,1459.0,1458.5,拉伸,,估计同步待核验
XY_Y-10-1-01,873,8.646699421965318,8.0,8.0,8.0,1458.0,1459.0,1458.5,拉伸,,估计同步待核验
XY_Y-10-1-01,874,8.656495183044315,8.0,8.0,8.0,1458.0,1459.0,1458.5,拉伸,,估计同步待核验
XY_Y-10-1-01,875,8.666290944123315,8.0,8.0,8.0,1458.0,1459.0,1458.5,拉伸,,估计同步待核验
XY_Y-10-1-01,876,8.676086705202312,9.0,8.0,8.5,1458.0,1459.0,1458.5,拉伸,,估计同步待核验
XY_Y-10-1-01,877,8.68588246628131,7.23506743738024,8.0,7.617533718690121,1457.11753371869,1459.0,1458.058766859345,拉伸,,估计同步待核验
XY_Y-10-1-01,878,8.695678227360307,7.0,8.0,7.5,1457.0,1459.0,1458.0,拉伸,,估计同步待核验
XY_Y-10-1-01,879,8.705473988439307,9.0,8.0,8.5,1458.0,1459.0,1458.5,拉伸,,估计同步待核验
XY_Y-10-1-01,880,8.715269749518304,7.0,8.0,7.5,1458.0,1459.0,1458.5,拉伸,,估计同步待核验
XY_Y-10-1-01,881,8.725065510597302,9.0,8.0,8.5,1458.0,1459.0,1458.5,拉伸,,估计同步待核验
XY_Y-10-1-01,882,8.734861271676301,7.0,8.0,7.5,1458.0,1459.0,1458.5,拉伸,,估计同步待核验
XY_Y-10-1-01,883,8.744657032755299,9.0,8.0,8.5,1458.0,1459.0,1458.5,拉伸,,估计同步待核验
XY_Y-10-1-01,884,8.754452793834297,8.0,8.0,8.0,1458.0,1459.0,1458.5,拉伸,,估计同步待核验
XY_Y-10-1-01,885,8.764248554913294,8.0,8.0,8.0,1458.0,1459.0,1458.5,拉伸,,估计同步待核验
XY_Y-10-1-01,886,8.774044315992294,8.0,7.0,7.5,1458.0,1459.0,1458.5,拉伸,,估计同步待核验
XY_Y-10-1-01,887,8.783840077071291,8.0,7.0,7.5,1458.0,1459.0,1458.5,拉伸,,估计同步待核验
XY_Y-10-1-01,888,8.793635838150289,7.0,8.0,7.5,1458.0,1459.0,1458.5,拉伸,力峰值,估计同步待核验
XY_Y-10-1-01,889,8.803431599229288,9.0,7.0,8.0,1459.0,1460.0,1459.5,拉伸,,估计同步待核验
XY_Y-10-1-01,890,8.813227360308286,7.0,8.0,7.5,1459.0,1460.0,1459.5,拉伸,,估计同步待核验
XY_Y-10-1-01,891,8.823023121387283,9.0,8.0,8.5,1459.0,1460.0,1459.5,拉伸,,估计同步待核验
XY_Y-10-1-01,892,8.832818882466281,7.0,8.0,7.5,1459.0,1460.0,1459.5,拉伸,,估计同步待核验
XY_Y-10-1-01,893,8.84261464354528,9.0,8.0,8.5,1459.0,1460.0,1459.5,拉伸,,估计同步待核验
XY_Y-10-1-01,894,8.852410404624278,7.0,8.0,7.5,1459.0,1460.0,1459.5,拉伸,,估计同步待核验
XY_Y-10-1-01,895,8.862206165703276,8.0,8.0,8.0,1459.0,1460.0,1459.5,拉伸,,估计同步待核验
XY_Y-10-1-01,896,8.872001926782273,8.0,8.0,8.0,1459.0,1460.0,1459.5,拉伸,,估计同步待核验
XY_Y-10-1-01,897,8.881797687861273,8.0,8.0,8.0,1459.0,1460.0,1459.5,拉伸,,估计同步待核验
XY_Y-10-1-01,898,8.89159344894027,7.0,8.0,7.5,1458.0,1460.0,1459.0,拉伸,,估计同步待核验
XY_Y-10-1-01,899,8.901389210019268,9.0,7.0,8.0,1458.0,1460.0,1459.0,拉伸,,估计同步待核验
XY_Y-10-1-01,900,8.911184971098267,7.0,8.0,7.5,1458.0,1460.0,1459.0,拉伸,,估计同步待核验
XY_Y-10-1-01,901,8.920980732177265,9.0,8.0,8.5,1458.0,1460.0,1459.0,拉伸,,估计同步待核验
XY_Y-10-1-01,902,8.930776493256262,7.0,8.0,7.5,1458.0,1460.0,1459.0,拉伸,,估计同步待核验
XY_Y-10-1-01,903,8.94057225433526,9.0,8.0,8.5,1459.0,1460.0,1459.5,拉伸,,估计同步待核验
XY_Y-10-1-01,904,8.95036801541426,7.0,8.0,7.5,1459.0,1460.0,1459.5,拉伸,,估计同步待核验
XY_Y-10-1-01,905,8.960163776493257,7.163776493256142,8.0,7.581888246628071,1459.0,1460.0,1459.5,拉伸,,估计同步待核验
XY_Y-10-1-01,906,8.969959537572255,8.0,8.0,8.0,1459.0,1460.0,1459.5,拉伸,,估计同步待核验
XY_Y-10-1-01,907,8.979755298651254,8.0,8.0,8.0,1459.0,1460.0,1459.5,拉伸,,估计同步待核验
XY_Y-10-1-01,908,8.989551059730251,8.0,8.0,8.0,1459.0,1460.0,1459.5,拉伸,,估计同步待核验
XY_Y-10-1-01,909,8.999346820809249,8.0,8.0,8.0,1459.0,1460.0,1459.5,拉伸,,估计同步待核验
XY_Y-10-1-01,910,9.009142581888247,7.0,9.0,8.0,1458.0,1460.0,1459.0,拉伸,,估计同步待核验
XY_Y-10-1-01,911,9.018938342967246,9.0,8.0,8.5,1459.0,1460.0,1459.5,拉伸,,估计同步待核验
XY_Y-10-1-01,912,9.028734104046244,7.0,8.0,7.5,1458.0,1460.0,1459.0,拉伸,,估计同步待核验
XY_Y-10-1-01,913,9.038529865125241,9.0,8.0,8.5,1459.0,1460.0,1459.5,拉伸,,估计同步待核验
XY_Y-10-1-01,914,9.048325626204239,8.348747591522008,8.0,8.174373795761003,1459.0,1460.0,1459.5,拉伸,,估计同步待核验
XY_Y-10-1-01,915,9.058121387283236,7.0,8.0,7.5,1459.0,1460.0,1459.5,拉伸,,估计同步待核验
XY_Y-10-1-01,916,9.067917148362234,9.0,8.0,8.5,1459.0,1460.0,1459.5,拉伸,,估计同步待核验
XY_Y-10-1-01,917,9.077712909441232,8.0,8.0,8.0,1459.0,1460.0,1459.5,拉伸,,估计同步待核验
XY_Y-10-1-01,918,9.087508670520231,8.0,8.0,8.0,1459.0,1460.0,1459.5,拉伸,,估计同步待核验
XY_Y-10-1-01,919,9.097304431599229,8.0,8.0,8.0,1459.0,1460.0,1459.5,拉伸,,估计同步待核验
XY_Y-10-1-01,920,9.107100192678226,7.0,8.0,7.5,1458.0,1460.0,1459.0,拉伸,,估计同步待核验
XY_Y-10-1-01,921,9.116895953757224,9.0,7.0,8.0,1459.0,1459.0,1459.0,拉伸,,估计同步待核验
XY_Y-10-1-01,922,9.126691714836223,7.0,8.0,7.5,1458.0,1459.0,1458.5,拉伸,,估计同步待核验
XY_Y-10-1-01,923,9.13648747591522,7.974951830441968,8.0,7.987475915220984,1458.0,1459.0,1458.5,拉伸,,估计同步待核验
XY_Y-10-1-01,924,9.146283236994218,9.0,8.0,8.5,1458.0,1459.0,1458.5,拉伸,,估计同步待核验
XY_Y-10-1-01,925,9.156078998073218,7.0,8.0,7.5,1458.0,1460.0,1459.0,拉伸,,估计同步待核验
XY_Y-10-1-01,926,9.165874759152215,9.0,8.0,8.5,1458.0,1460.0,1459.0,拉伸,,估计同步待核验
XY_Y-10-1-01,927,9.175670520231213,7.0,8.0,7.5,1458.0,1460.0,1459.0,拉伸,,估计同步待核验
XY_Y-10-1-01,928,9.18546628131021,8.0,8.0,8.0,1458.0,1460.0,1459.0,拉伸,,估计同步待核验
XY_Y-10-1-01,929,9.19526204238921,8.0,8.0,8.0,1458.0,1460.0,1459.0,拉伸,,估计同步待核验
XY_Y-10-1-01,930,9.205057803468208,8.0,8.0,8.0,1458.0,1460.0,1459.0,拉伸,,估计同步待核验
XY_Y-10-1-01,931,9.214853564547205,9.0,8.0,8.5,1458.0,1460.0,1459.0,拉伸,,估计同步待核验
XY_Y-10-1-01,932,9.224649325626205,7.7013487475905915,8.0,7.850674373795296,1458.0,1460.0,1459.0,拉伸,,估计同步待核验
XY_Y-10-1-01,933,9.234445086705202,7.0,8.0,7.5,1458.0,1460.0,1459.0,拉伸,,估计同步待核验
XY_Y-10-1-01,934,9.2442408477842,9.0,8.0,8.5,1458.0,1460.0,1459.0,拉伸,,估计同步待核验
XY_Y-10-1-01,935,9.254036608863197,7.0,8.0,7.5,1458.0,1460.0,1459.0,拉伸,,估计同步待核验
XY_Y-10-1-01,936,9.263832369942197,9.0,8.0,8.5,1458.0,1460.0,1459.0,拉伸,,估计同步待核验
XY_Y-10-1-01,937,9.273628131021194,7.0,8.0,7.5,1458.0,1459.0,1458.5,拉伸,,估计同步待核验
XY_Y-10-1-01,938,9.283423892100192,9.0,8.0,8.5,1458.0,1459.0,1458.5,拉伸,,估计同步待核验
XY_Y-10-1-01,939,9.293219653179191,7.0,8.0,7.5,1458.0,1459.0,1458.5,拉伸,,估计同步待核验
XY_Y-10-1-01,940,9.303015414258189,8.0,8.0,8.0,1458.0,1459.0,1458.5,拉伸,,估计同步待核验
XY_Y-10-1-01,941,9.312811175337186,8.0,8.0,8.0,1458.0,1459.0,1458.5,拉伸,,估计同步待核验
XY_Y-10-1-01,942,9.322606936416184,8.0,8.0,8.0,1458.0,1459.0,1458.5,拉伸,,估计同步待核验
XY_Y-10-1-01,943,9.332402697495183,7.0,8.0,7.5,1457.0,1459.0,1458.0,拉伸,,估计同步待核验
XY_Y-10-1-01,944,9.342198458574181,9.0,7.0,8.0,1458.0,1459.0,1458.5,拉伸,,估计同步待核验
XY_Y-10-1-01,945,9.351994219653179,7.0,8.0,7.5,1457.0,1459.0,1458.0,拉伸,,估计同步待核验
XY_Y-10-1-01,946,9.361789980732178,9.0,7.0,8.0,1457.0,1459.0,1458.0,拉伸,,估计同步待核验
XY_Y-10-1-01,947,9.371585741811176,7.0,8.0,7.5,1457.0,1459.0,1458.0,拉伸,,估计同步待核验
XY_Y-10-1-01,948,9.381381502890173,9.0,8.0,8.5,1457.0,1459.0,1458.0,拉伸,,估计同步待核验
XY_Y-10-1-01,949,9.39117726396917,7.0,8.0,7.5,1457.0,1459.0,1458.0,拉伸,,估计同步待核验
XY_Y-10-1-01,950,9.40097302504817,7.973025048170412,8.0,7.986512524085207,1457.0,1459.0,1458.0,拉伸,,估计同步待核验
XY_Y-10-1-01,951,9.410768786127168,8.0,8.0,8.0,1457.0,1459.0,1458.0,拉伸,,估计同步待核验
XY_Y-10-1-01,952,9.420564547206165,8.0,8.0,8.0,1458.0,1459.0,1458.5,拉伸,,估计同步待核验
XY_Y-10-1-01,953,9.430360308285163,8.0,8.0,8.0,1457.0,1459.0,1458.0,拉伸,,估计同步待核验
XY_Y-10-1-01,954,9.440156069364162,9.0,8.0,8.5,1457.0,1459.0,1458.0,拉伸,,估计同步待核验
XY_Y-10-1-01,955,9.44995183044316,7.0,8.0,7.5,1457.0,1459.0,1458.0,拉伸,,估计同步待核验
XY_Y-10-1-01,956,9.459747591522158,9.0,7.0,8.0,1457.0,1459.0,1458.0,拉伸,,估计同步待核验
XY_Y-10-1-01,957,9.469543352601157,7.0,8.0,7.5,1457.0,1459.0,1458.0,拉伸,,估计同步待核验
XY_Y-10-1-01,958,9.479339113680155,9.0,7.0,8.0,1457.0,1459.0,1458.0,拉伸,,估计同步待核验
XY_Y-10-1-01,959,9.489134874759152,7.0,8.0,7.5,1457.0,1459.0,1458.0,拉伸,,估计同步待核验
XY_Y-10-1-01,960,9.49893063583815,7.0,8.0,7.5,1457.0,1459.0,1458.0,拉伸,,估计同步待核验
XY_Y-10-1-01,961,9.50872639691715,9.0,8.0,8.5,1457.0,1459.0,1458.0,拉伸,,估计同步待核验
XY_Y-10-1-01,962,9.518522157996147,8.0,8.0,8.0,1457.0,1459.0,1458.0,拉伸,,估计同步待核验
XY_Y-10-1-01,963,9.528317919075144,8.0,8.0,8.0,1457.0,1459.0,1458.0,拉伸,,估计同步待核验
XY_Y-10-1-01,964,9.538113680154144,8.0,8.0,8.0,1457.0,1459.0,1458.0,拉伸,,估计同步待核验
XY_Y-10-1-01,965,9.547909441233141,7.0,8.0,7.5,1457.0,1459.0,1458.0,拉伸,,估计同步待核验
XY_Y-10-1-01,966,9.557705202312139,9.0,8.0,8.5,1457.0,1459.0,1458.0,拉伸,,估计同步待核验
XY_Y-10-1-01,967,9.567500963391137,7.0,8.0,7.5,1457.0,1459.0,1458.0,拉伸,,估计同步待核验
XY_Y-10-1-01,968,9.577296724470136,9.0,8.0,8.5,1457.0,1459.0,1458.0,拉伸,,估计同步待核验
XY_Y-10-1-01,969,9.587092485549134,8.815028901732358,8.0,8.407514450866179,1457.0,1459.0,1458.0,拉伸,,估计同步待核验
XY_Y-10-1-01,970,9.596888246628131,7.0,8.0,7.5,1457.0,1459.0,1458.0,拉伸,,估计同步待核验
XY_Y-10-1-01,971,9.60668400770713,9.0,8.0,8.5,1458.0,1459.0,1458.5,拉伸,,估计同步待核验
XY_Y-10-1-01,972,9.616479768786128,7.0,8.0,7.5,1457.0,1458.0,1457.5,拉伸,,估计同步待核验
XY_Y-10-1-01,973,9.626275529865126,8.0,8.0,8.0,1457.0,1458.0,1457.5,拉伸,,估计同步待核验
XY_Y-10-1-01,974,9.636071290944123,8.0,8.0,8.0,1457.0,1458.0,1457.5,拉伸,,估计同步待核验
XY_Y-10-1-01,975,9.645867052023123,8.0,8.0,8.0,1457.0,1458.0,1457.5,拉伸,,估计同步待核验
XY_Y-10-1-01,976,9.65566281310212,9.0,7.0,8.0,1457.0,1458.0,1457.5,拉伸,,估计同步待核验
XY_Y-10-1-01,977,9.665458574181118,7.0,8.0,7.5,1456.0,1458.0,1457.0,拉伸,,估计同步待核验
XY_Y-10-1-01,978,9.675254335260115,7.5086705202297965,8.0,7.754335260114898,1456.2543352601149,1458.0,1457.1271676300576,拉伸,,估计同步待核验
XY_Y-10-1-01,979,9.685050096339115,9.0,8.0,8.5,1457.0,1458.0,1457.5,拉伸,,估计同步待核验
XY_Y-10-1-01,980,9.694845857418112,7.0,8.0,7.5,1456.0,1458.0,1457.0,拉伸,,估计同步待核验
XY_Y-10-1-01,981,9.70464161849711,9.0,8.0,8.5,1457.0,1458.0,1457.5,拉伸,,估计同步待核验
XY_Y-10-1-01,982,9.714437379576108,7.0,8.0,7.5,1456.0,1458.0,1457.0,拉伸,,估计同步待核验
XY_Y-10-1-01,983,9.724233140655105,9.0,8.0,8.5,1456.0,1458.0,1457.0,拉伸,,估计同步待核验
XY_Y-10-1-01,984,9.734028901734103,8.0,8.0,8.0,1456.0,1458.0,1457.0,拉伸,,估计同步待核验
XY_Y-10-1-01,985,9.7438246628131,8.0,8.0,8.0,1456.0,1458.0,1457.0,拉伸,,估计同步待核验
XY_Y-10-1-01,986,9.7536204238921,9.0,8.0,8.5,1456.0,1458.0,1457.0,拉伸,,估计同步待核验
XY_Y-10-1-01,987,9.763416184971097,8.167630057804494,8.0,8.083815028902247,1456.0,1458.0,1457.0,拉伸,,估计同步待核验
XY_Y-10-1-01,988,9.773211946050095,7.0,8.0,7.5,1456.0,1458.0,1457.0,拉伸,,估计同步待核验
XY_Y-10-1-01,989,9.783007707129094,9.0,7.0,8.0,1456.0,1458.0,1457.0,拉伸,,估计同步待核验
XY_Y-10-1-01,990,9.792803468208092,7.0,8.0,7.5,1456.0,1458.0,1457.0,拉伸,,估计同步待核验
XY_Y-10-1-01,991,9.80259922928709,9.0,7.0,8.0,1456.0,1458.0,1457.0,拉伸,,估计同步待核验
XY_Y-10-1-01,992,9.812394990366087,7.0,8.0,7.5,1456.0,1457.0,1456.5,拉伸,,估计同步待核验
XY_Y-10-1-01,993,9.822190751445087,9.0,7.0,8.0,1456.0,1457.0,1456.5,拉伸,,估计同步待核验
XY_Y-10-1-01,994,9.831986512524084,8.0,8.0,8.0,1456.0,1457.0,1456.5,拉伸,,估计同步待核验
XY_Y-10-1-01,995,9.841782273603082,9.0,8.0,8.5,1455.0,1457.0,1456.0,拉伸,,估计同步待核验
XY_Y-10-1-01,996,9.851578034682081,8.421965317919394,8.0,8.210982658959697,1455.5780346820807,1457.0,1456.2890173410403,拉伸,,估计同步待核验
XY_Y-10-1-01,997,9.861373795761079,8.0,8.0,8.0,1456.0,1457.0,1456.5,拉伸,,估计同步待核验
XY_Y-10-1-01,998,9.871169556840076,8.0,8.0,8.0,1455.0,1457.0,1456.0,拉伸,,估计同步待核验
XY_Y-10-1-01,999,9.880965317919074,9.0,8.0,8.5,1456.0,1457.0,1456.5,拉伸,,估计同步待核验
XY_Y-10-1-01,1000,9.890761078998073,7.0,8.0,7.5,1455.0,1456.0,1455.5,拉伸,,估计同步待核验
XY_Y-10-1-01,1001,9.900556840077071,9.0,8.0,8.5,1456.0,1456.0,1456.0,拉伸,,估计同步待核验
XY_Y-10-1-01,1002,9.910352601156069,7.0,8.0,7.5,1455.0,1456.0,1455.5,拉伸,,估计同步待核验
XY_Y-10-1-01,1003,9.920148362235068,9.0,7.0,8.0,1455.0,1457.0,1456.0,拉伸,,估计同步待核验
XY_Y-10-1-01,1004,9.929944123314066,7.0,8.0,7.5,1455.0,1457.0,1456.0,拉伸,,估计同步待核验
XY_Y-10-1-01,1005,9.939739884393063,8.479768786126922,8.0,8.23988439306346,1455.0,1456.2601156069366,1455.6300578034684,拉伸,,估计同步待核验
XY_Y-10-1-01,1006,9.94953564547206,9.0,8.0,8.5,1455.0,1456.0,1455.5,拉伸,,估计同步待核验
XY_Y-10-1-01,1007,9.95933140655106,8.0,8.0,8.0,1455.0,1456.0,1455.5,拉伸,,估计同步待核验
XY_Y-10-1-01,1008,9.969127167630058,8.0,8.0,8.0,1454.0,1456.0,1455.0,拉伸,,估计同步待核验
XY_Y-10-1-01,1009,9.978922928709055,8.0,8.0,8.0,1455.0,1456.0,1455.5,拉伸,,估计同步待核验
XY_Y-10-1-01,1010,9.988718689788053,7.0,8.0,7.5,1454.0,1456.0,1455.0,拉伸,,估计同步待核验
XY_Y-10-1-01,1011,9.998514450867052,9.0,8.0,8.5,1455.0,1456.0,1455.5,拉伸,,估计同步待核验
XY_Y-10-1-01,1012,10.00831021194605,7.0,8.0,7.5,1454.0,1456.0,1455.0,拉伸,,估计同步待核验
XY_Y-10-1-01,1013,10.018105973025047,9.0,8.0,8.5,1455.0,1456.0,1455.5,拉伸,,估计同步待核验
XY_Y-10-1-01,1014,10.027901734104047,7.196531791907022,8.0,7.598265895953511,1454.0982658959535,1456.0,1455.049132947977,拉伸,,估计同步待核验
XY_Y-10-1-01,1015,10.037697495183044,7.0,8.0,7.5,1454.0,1456.0,1455.0,拉伸,,估计同步待核验
XY_Y-10-1-01,1016,10.047493256262042,9.0,8.0,8.5,1454.0,1456.0,1455.0,拉伸,,估计同步待核验
XY_Y-10-1-01,1017,10.05728901734104,7.0,8.0,7.5,1454.0,1456.0,1455.0,拉伸,,估计同步待核验
XY_Y-10-1-01,1018,10.067084778420039,8.0,8.0,8.0,1454.0,1455.0,1454.5,拉伸,,估计同步待核验
XY_Y-10-1-01,1019,10.076880539499037,9.0,8.0,8.5,1454.0,1455.0,1454.5,拉伸,,估计同步待核验
XY_Y-10-1-01,1020,10.086676300578034,8.0,8.0,8.0,1453.0,1455.0,1454.0,拉伸,,估计同步待核验
XY_Y-10-1-01,1021,10.096472061657034,9.0,7.0,8.0,1454.0,1455.0,1454.5,拉伸,,估计同步待核验
XY_Y-10-1-01,1022,10.106267822736031,7.0,8.0,7.5,1453.0,1455.0,1454.0,拉伸,,估计同步待核验
XY_Y-10-1-01,1023,10.116063583815029,9.0,7.0,8.0,1454.0,1455.0,1454.5,拉伸,,估计同步待核验
XY_Y-10-1-01,1024,10.125859344894026,9.0,7.0,8.0,1454.0,1455.0,1454.5,拉伸,,估计同步待核验
XY_Y-10-1-01,1025,10.135655105973026,7.0,8.0,7.5,1453.0,1455.0,1454.0,拉伸,,估计同步待核验
XY_Y-10-1-01,1026,10.145450867052023,9.0,8.0,8.5,1454.0,1455.0,1454.5,拉伸,,估计同步待核验
XY_Y-10-1-01,1027,10.155246628131021,8.0,8.0,8.0,1453.0,1455.0,1454.0,拉伸,,估计同步待核验
XY_Y-10-1-01,1028,10.16504238921002,9.0,8.0,8.5,1453.0,1455.0,1454.0,拉伸,,估计同步待核验
XY_Y-10-1-01,1029,10.174838150289018,8.0,8.0,8.0,1453.0,1455.0,1454.0,拉伸,,估计同步待核验
XY_Y-10-1-01,1030,10.184633911368016,8.0,8.0,8.0,1453.0,1455.0,1454.0,拉伸,,估计同步待核验
XY_Y-10-1-01,1031,10.194429672447013,9.0,8.0,8.5,1453.0,1455.0,1454.0,拉伸,,估计同步待核验
XY_Y-10-1-01,1032,10.204225433526013,7.0,8.0,7.5,1453.0,1454.0,1453.5,拉伸,,估计同步待核验
XY_Y-10-1-01,1033,10.21402119460501,7.042389210019445,7.978805394990277,7.510597302504861,1453.0,1454.0,1453.5,拉伸,,估计同步待核验
XY_Y-10-1-01,1034,10.223816955684008,9.0,7.0,8.0,1453.0,1454.0,1453.5,拉伸,,估计同步待核验
XY_Y-10-1-01,1035,10.233612716763005,7.0,8.0,7.5,1453.0,1454.0,1453.5,拉伸,,估计同步待核验
XY_Y-10-1-01,1036,10.243408477842005,9.0,8.0,8.5,1453.0,1454.0,1453.5,拉伸,,估计同步待核验
XY_Y-10-1-01,1037,10.253204238921002,7.0,8.0,7.5,1453.0,1454.0,1453.5,拉伸,,估计同步待核验
XY_Y-10-1-01,1038,10.263,9.0,7.0,8.0,1453.0,1454.0,1453.5,拉伸,,估计同步待核验
XY_Y-10-1-01,1039,10.272795761079,8.0,7.0,7.5,1453.0,1454.0,1453.5,拉伸,,估计同步待核验
XY_Y-10-1-01,1040,10.282591522157997,8.0,8.0,8.0,1453.0,1454.0,1453.5,拉伸,,估计同步待核验
XY_Y-10-1-01,1041,10.292387283236994,8.0,7.0,7.5,1453.0,1454.0,1453.5,拉伸,,估计同步待核验
XY_Y-10-1-01,1042,10.302183044315992,7.816955684007748,7.183044315992252,7.5,1453.0,1454.0,1453.5,拉伸,,估计同步待核验
XY_Y-10-1-01,1043,10.311978805394991,7.0,8.0,7.5,1453.0,1454.0,1453.5,拉伸,,估计同步待核验
XY_Y-10-1-01,1044,10.321774566473989,9.0,8.0,8.5,1453.0,1454.0,1453.5,拉伸,,估计同步待核验
XY_Y-10-1-01,1045,10.331570327552987,7.0,8.0,7.5,1452.0,1454.0,1453.0,拉伸,,估计同步待核验
XY_Y-10-1-01,1046,10.341366088631986,9.0,8.0,8.5,1453.0,1454.0,1453.5,拉伸,,估计同步待核验
XY_Y-10-1-01,1047,10.351161849710984,7.0,8.0,7.5,1452.0,1454.0,1453.0,拉伸,,估计同步待核验
XY_Y-10-1-01,1048,10.360957610789981,9.0,8.0,8.5,1452.0,1454.0,1453.0,拉伸,,估计同步待核验
XY_Y-10-1-01,1049,10.370753371868979,7.0,8.0,7.5,1452.0,1454.0,1453.0,拉伸,,估计同步待核验
XY_Y-10-1-01,1050,10.380549132947976,8.0,8.0,8.0,1452.0,1454.0,1453.0,拉伸,,估计同步待核验
XY_Y-10-1-01,1051,10.390344894026974,8.0,8.0,8.0,1452.0,1454.0,1453.0,拉伸,,估计同步待核验
XY_Y-10-1-01,1052,10.400140655105972,8.0,8.0,8.0,1452.0,1454.0,1453.0,拉伸,,估计同步待核验
XY_Y-10-1-01,1053,10.409936416184971,8.0,8.0,8.0,1452.0,1454.0,1453.0,拉伸,,估计同步待核验
XY_Y-10-1-01,1054,10.419732177263969,9.0,8.0,8.5,1452.0,1454.0,1453.0,拉伸,,估计同步待核验
XY_Y-10-1-01,1055,10.429527938342966,7.0,8.0,7.5,1452.0,1454.0,1453.0,拉伸,,估计同步待核验
XY_Y-10-1-01,1056,10.439323699421964,9.0,8.0,8.5,1452.0,1454.0,1453.0,拉伸,,估计同步待核验
XY_Y-10-1-01,1057,10.449119460500963,7.0,8.0,7.5,1452.0,1454.0,1453.0,拉伸,,估计同步待核验
XY_Y-10-1-01,1058,10.45891522157996,9.0,8.0,8.5,1452.0,1454.0,1453.0,拉伸,,估计同步待核验
XY_Y-10-1-01,1059,10.468710982658958,7.0,8.0,7.5,1452.0,1454.0,1453.0,拉伸,,估计同步待核验
XY_Y-10-1-01,1060,10.478506743737958,8.01348747591657,8.0,8.006743737958285,1452.0,1454.0,1453.0,拉伸,,估计同步待核验
XY_Y-10-1-01,1061,10.488302504816955,9.0,8.0,8.5,1452.0,1454.0,1453.0,拉伸,,估计同步待核验
XY_Y-10-1-01,1062,10.498098265895953,8.0,8.0,8.0,1452.0,1453.0,1452.5,拉伸,,估计同步待核验
XY_Y-10-1-01,1063,10.50789402697495,8.0,8.0,8.0,1452.0,1453.0,1452.5,拉伸,,估计同步待核验
XY_Y-10-1-01,1064,10.51768978805395,8.0,8.0,8.0,1452.0,1453.0,1452.5,拉伸,,估计同步待核验
XY_Y-10-1-01,1065,10.527485549132948,7.0,9.0,8.0,1452.0,1453.0,1452.5,拉伸,,估计同步待核验
XY_Y-10-1-01,1066,10.537281310211945,9.0,8.0,8.5,1452.0,1453.0,1452.5,拉伸,,估计同步待核验
XY_Y-10-1-01,1067,10.547077071290943,7.0,8.0,7.5,1451.0,1453.0,1452.0,拉伸,,估计同步待核验
XY_Y-10-1-01,1068,10.556872832369942,9.0,8.0,8.5,1452.0,1453.0,1452.5,拉伸,,估计同步待核验
XY_Y-10-1-01,1069,10.56666859344894,7.662813102121275,8.0,7.831406551060637,1451.3314065510606,1453.0,1452.1657032755302,拉伸,,估计同步待核验
XY_Y-10-1-01,1070,10.576464354527937,7.0,8.0,7.5,1451.0,1453.0,1452.0,拉伸,,估计同步待核验
XY_Y-10-1-01,1071,10.586260115606937,9.0,8.0,8.5,1452.0,1453.0,1452.5,拉伸,,估计同步待核验
XY_Y-10-1-01,1072,10.596055876685934,7.0,8.0,7.5,1451.0,1453.0,1452.0,拉伸,,估计同步待核验
XY_Y-10-1-01,1073,10.605851637764932,8.0,8.0,8.0,1452.0,1453.0,1452.5,拉伸,,估计同步待核验
XY_Y-10-1-01,1074,10.61564739884393,8.0,8.0,8.0,1451.0,1453.0,1452.0,拉伸,,估计同步待核验
XY_Y-10-1-01,1075,10.625443159922929,8.0,8.0,8.0,1451.0,1453.0,1452.0,拉伸,,估计同步待核验
XY_Y-10-1-01,1076,10.635238921001926,9.0,7.0,8.0,1451.0,1453.0,1452.0,拉伸,,估计同步待核验
XY_Y-10-1-01,1077,10.645034682080924,7.0,8.0,7.5,1451.0,1452.0,1451.5,拉伸,,估计同步待核验
XY_Y-10-1-01,1078,10.654830443159923,8.660886319847986,7.169556840076007,7.9152215799619965,1451.0,1452.0,1451.5,拉伸,,估计同步待核验
XY_Y-10-1-01,1079,10.664626204238921,9.0,7.0,8.0,1451.0,1452.0,1451.5,拉伸,,估计同步待核验
XY_Y-10-1-01,1080,10.674421965317919,7.0,8.0,7.5,1450.0,1452.0,1451.0,拉伸,,估计同步待核验
XY_Y-10-1-01,1081,10.684217726396916,9.0,7.0,8.0,1451.0,1452.0,1451.5,拉伸,,估计同步待核验
XY_Y-10-1-01,1082,10.694013487475916,7.0,8.0,7.5,1450.0,1452.0,1451.0,拉伸,,估计同步待核验
XY_Y-10-1-01,1083,10.703809248554913,9.0,8.0,8.5,1451.0,1452.0,1451.5,拉伸,,估计同步待核验
XY_Y-10-1-01,1084,10.71360500963391,8.0,8.0,8.0,1450.0,1452.0,1451.0,拉伸,,估计同步待核验
XY_Y-10-1-01,1085,10.72340077071291,8.0,8.0,8.0,1450.0,1452.0,1451.0,拉伸,,估计同步待核验
XY_Y-10-1-01,1086,10.733196531791908,9.0,7.0,8.0,1450.0,1452.0,1451.0,拉伸,,估计同步待核验
XY_Y-10-1-01,1087,10.742992292870905,8.007707129094928,7.992292870905071,8.0,1450.0,1451.007707129095,1450.5038535645476,拉伸,,估计同步待核验
XY_Y-10-1-01,1088,10.752788053949903,8.0,8.0,8.0,1450.0,1451.0,1450.5,拉伸,,估计同步待核验
XY_Y-10-1-01,1089,10.762583815028902,9.0,7.0,8.0,1450.0,1451.0,1450.5,拉伸,,估计同步待核验
XY_Y-10-1-01,1090,10.7723795761079,7.0,8.0,7.5,1450.0,1451.0,1450.5,拉伸,,估计同步待核验
XY_Y-10-1-01,1091,10.782175337186898,10.0,7.0,8.5,1450.0,1451.0,1450.5,拉伸,,估计同步待核验
XY_Y-10-1-01,1092,10.791971098265895,7.0,8.0,7.5,1450.0,1451.0,1450.5,拉伸,,估计同步待核验
XY_Y-10-1-01,1093,10.801766859344895,9.0,8.0,8.5,1450.0,1451.0,1450.5,拉伸,,估计同步待核验
XY_Y-10-1-01,1094,10.811562620423892,8.0,8.0,8.0,1449.0,1451.0,1450.0,拉伸,,估计同步待核验
XY_Y-10-1-01,1095,10.82135838150289,9.0,8.0,8.5,1449.0,1451.0,1450.0,拉伸,,估计同步待核验
XY_Y-10-1-01,1096,10.83115414258189,8.0,8.0,8.0,1449.0,1450.0,1449.5,拉伸,,估计同步待核验
XY_Y-10-1-01,1097,10.840949903660887,8.0,8.0,8.0,1449.0,1450.0,1449.5,拉伸,,估计同步待核验
XY_Y-10-1-01,1098,10.850745664739884,8.0,8.0,8.0,1449.0,1450.0,1449.5,拉伸,,估计同步待核验
XY_Y-10-1-01,1099,10.860541425818882,9.0,7.0,8.0,1449.0,1450.0,1449.5,拉伸,,估计同步待核验
XY_Y-10-1-01,1100,10.870337186897881,7.0,8.0,7.5,1448.0,1450.0,1449.0,拉伸,,估计同步待核验
XY_Y-10-1-01,1101,10.880132947976879,9.0,8.0,8.5,1449.0,1450.0,1449.5,拉伸,,估计同步待核验
XY_Y-10-1-01,1102,10.889928709055877,7.0,8.0,7.5,1448.0,1450.0,1449.0,拉伸,,估计同步待核验
XY_Y-10-1-01,1103,10.899724470134876,9.0,8.0,8.5,1448.0,1449.0,1448.5,拉伸,,估计同步待核验
XY_Y-10-1-01,1104,10.909520231213873,7.0,8.0,7.5,1448.0,1449.0,1448.5,拉伸,,估计同步待核验
XY_Y-10-1-01,1105,10.919315992292871,9.0,8.0,8.5,1448.0,1449.0,1448.5,拉伸,,估计同步待核验
XY_Y-10-1-01,1106,10.929111753371869,8.88824662813152,8.0,8.44412331406576,1448.0,1449.0,1448.5,拉伸,,估计同步待核验
XY_Y-10-1-01,1107,10.938907514450868,8.0,8.0,8.0,1448.0,1449.0,1448.5,拉伸,,估计同步待核验
XY_Y-10-1-01,1108,10.948703275529866,8.0,8.0,8.0,1448.0,1449.0,1448.5,拉伸,,估计同步待核验
XY_Y-10-1-01,1109,10.958499036608863,9.0,8.0,8.5,1448.0,1449.0,1448.5,拉伸,,估计同步待核验
XY_Y-10-1-01,1110,10.968294797687863,7.0,8.0,7.5,1447.0,1449.0,1448.0,拉伸,,估计同步待核验
XY_Y-10-1-01,1111,10.97809055876686,9.0,8.0,8.5,1448.0,1449.0,1448.5,拉伸,,估计同步待核验
XY_Y-10-1-01,1112,10.987886319845858,7.0,8.0,7.5,1448.0,1449.0,1448.5,拉伸,,估计同步待核验
XY_Y-10-1-01,1113,10.997682080924855,9.0,8.0,8.5,1448.0,1449.0,1448.5,拉伸,,估计同步待核验
XY_Y-10-1-01,1114,11.007477842003855,7.0,8.0,7.5,1448.0,1449.0,1448.5,拉伸,,估计同步待核验
XY_Y-10-1-01,1115,11.017273603082852,7.547206165705247,8.0,7.773603082852624,1448.0,1449.0,1448.5,拉伸,,估计同步待核验
XY_Y-10-1-01,1116,11.02706936416185,9.0,8.0,8.5,1448.0,1449.0,1448.5,拉伸,,估计同步待核验
XY_Y-10-1-01,1117,11.036865125240848,7.0,8.0,7.5,1448.0,1449.0,1448.5,拉伸,,估计同步待核验
XY_Y-10-1-01,1118,11.046660886319845,8.0,8.0,8.0,1447.0,1449.0,1448.0,拉伸,,估计同步待核验
XY_Y-10-1-01,1119,11.056456647398843,8.0,8.0,8.0,1447.0,1448.0,1447.5,拉伸,,估计同步待核验
XY_Y-10-1-01,1120,11.06625240847784,7.0,8.0,7.5,1447.0,1448.0,1447.5,拉伸,,估计同步待核验
XY_Y-10-1-01,1121,11.07604816955684,9.0,7.0,8.0,1447.0,1448.0,1447.5,拉伸,,估计同步待核验
XY_Y-10-1-01,1122,11.085843930635837,7.0,8.0,7.5,1447.0,1448.0,1447.5,拉伸,,估计同步待核验
XY_Y-10-1-01,1123,11.095639691714835,9.0,8.0,8.5,1447.0,1448.0,1447.5,拉伸,,估计同步待核验
XY_Y-10-1-01,1124,11.105435452793833,8.129094412335178,8.0,8.064547206167589,1447.0,1448.0,1447.5,拉伸,,估计同步待核验
XY_Y-10-1-01,1125,11.115231213872832,7.0,8.0,7.5,1447.0,1448.0,1447.5,拉伸,,估计同步待核验
XY_Y-10-1-01,1126,11.12502697495183,9.0,8.0,8.5,1447.0,1448.0,1447.5,拉伸,,估计同步待核验
XY_Y-10-1-01,1127,11.134822736030827,7.0,8.0,7.5,1446.0,1448.0,1447.0,拉伸,,估计同步待核验
XY_Y-10-1-01,1128,11.144618497109827,8.0,8.0,8.0,1446.0,1448.0,1447.0,拉伸,,估计同步待核验
XY_Y-10-1-01,1129,11.154414258188824,8.0,8.0,8.0,1446.0,1448.0,1447.0,拉伸,,估计同步待核验
XY_Y-10-1-01,1130,11.164210019267822,8.0,8.0,8.0,1446.0,1448.0,1447.0,拉伸,,估计同步待核验
XY_Y-10-1-01,1131,11.17400578034682,9.0,8.0,8.5,1446.0,1447.0,1446.5,拉伸,,估计同步待核验
XY_Y-10-1-01,1132,11.183801541425819,7.0,8.0,7.5,1445.0,1447.0,1446.0,拉伸,,估计同步待核验
XY_Y-10-1-01,1133,11.193597302504816,8.19460500963196,7.40269749518402,7.79865125240799,1445.597302504816,1447.0,1446.298651252408,拉伸,,估计同步待核验
XY_Y-10-1-01,1134,11.203393063583814,9.0,7.0,8.0,1446.0,1447.0,1446.5,拉伸,,估计同步待核验
XY_Y-10-1-01,1135,11.213188824662813,7.0,8.0,7.5,1445.0,1447.0,1446.0,拉伸,,估计同步待核验
XY_Y-10-1-01,1136,11.222984585741811,9.0,8.0,8.5,1445.0,1447.0,1446.0,拉伸,,估计同步待核验
XY_Y-10-1-01,1137,11.232780346820809,7.0,8.0,7.5,1445.0,1447.0,1446.0,拉伸,,估计同步待核验
XY_Y-10-1-01,1138,11.242576107899806,9.0,8.0,8.5,1445.0,1446.0,1445.5,拉伸,,估计同步待核验
XY_Y-10-1-01,1139,11.252371868978805,8.0,8.0,8.0,1445.0,1446.0,1445.5,拉伸,,估计同步待核验
XY_Y-10-1-01,1140,11.262167630057803,8.0,8.0,8.0,1445.0,1446.0,1445.5,拉伸,,估计同步待核验
XY_Y-10-1-01,1141,11.2719633911368,8.0,8.0,8.0,1445.0,1446.0,1445.5,拉伸,,估计同步待核验
XY_Y-10-1-01,1142,11.2817591522158,7.240847784200104,8.0,7.620423892100052,1445.0,1446.0,1445.5,拉伸,,估计同步待核验
XY_Y-10-1-01,1143,11.291554913294798,7.0,8.0,7.5,1445.0,1446.0,1445.5,拉伸,,估计同步待核验
XY_Y-10-1-01,1144,11.301350674373795,9.0,8.0,8.5,1445.0,1446.0,1445.5,拉伸,,估计同步待核验
XY_Y-10-1-01,1145,11.311146435452793,7.0,8.0,7.5,1445.0,1446.0,1445.5,拉伸,,估计同步待核验
XY_Y-10-1-01,1146,11.320942196531792,9.0,8.0,8.5,1445.0,1446.0,1445.5,拉伸,,估计同步待核验
XY_Y-10-1-01,1147,11.33073795761079,7.0,8.0,7.5,1445.0,1446.0,1445.5,拉伸,,估计同步待核验
XY_Y-10-1-01,1148,11.340533718689787,10.0,8.0,9.0,1445.0,1445.0,1445.0,拉伸,,估计同步待核验
XY_Y-10-1-01,1149,11.350329479768785,8.0,8.0,8.0,1444.0,1445.0,1444.5,拉伸,,估计同步待核验
XY_Y-10-1-01,1150,11.360125240847784,9.0,8.0,8.5,1444.0,1445.0,1444.5,拉伸,,估计同步待核验
XY_Y-10-1-01,1151,11.369921001926782,8.078998073217251,8.0,8.039499036608625,1444.0,1445.0,1444.5,拉伸,,估计同步待核验
XY_Y-10-1-01,1152,11.37971676300578,8.0,8.0,8.0,1444.0,1445.0,1444.5,拉伸,,估计同步待核验
XY_Y-10-1-01,1153,11.389512524084779,8.0,8.0,8.0,1443.0,1445.0,1444.0,拉伸,,估计同步待核验
XY_Y-10-1-01,1154,11.399308285163777,9.0,8.0,8.5,1443.0,1445.0,1444.0,拉伸,,估计同步待核验
XY_Y-10-1-01,1155,11.409104046242774,7.0,8.0,7.5,1443.0,1445.0,1444.0,拉伸,,估计同步待核验
XY_Y-10-1-01,1156,11.418899807321772,9.0,8.0,8.5,1443.0,1444.0,1443.5,拉伸,,估计同步待核验
XY_Y-10-1-01,1157,11.428695568400771,7.0,8.0,7.5,1443.0,1444.0,1443.5,拉伸,,估计同步待核验
XY_Y-10-1-01,1158,11.438491329479769,9.0,8.0,8.5,1443.0,1444.0,1443.5,拉伸,,估计同步待核验
XY_Y-10-1-01,1159,11.448287090558766,7.0,8.0,7.5,1443.0,1444.0,1443.5,拉伸,,估计同步待核验
XY_Y-10-1-01,1160,11.458082851637766,9.0,8.0,8.5,1443.0,1444.0,1443.5,拉伸,,估计同步待核验
XY_Y-10-1-01,1161,11.467878612716763,9.0,8.0,8.5,1443.0,1444.0,1443.5,拉伸,,估计同步待核验
XY_Y-10-1-01,1162,11.477674373795761,7.0,8.0,7.5,1442.0,1444.0,1443.0,拉伸,,估计同步待核验
XY_Y-10-1-01,1163,11.487470134874759,8.0,8.0,8.0,1442.0,1444.0,1443.0,拉伸,,估计同步待核验
XY_Y-10-1-01,1164,11.497265895953758,9.0,8.0,8.5,1442.0,1444.0,1443.0,拉伸,,估计同步待核验
XY_Y-10-1-01,1165,11.507061657032756,8.0,8.0,8.0,1442.0,1444.0,1443.0,拉伸,,估计同步待核验
XY_Y-10-1-01,1166,11.516857418111753,9.0,8.0,8.5,1442.0,1443.0,1442.5,拉伸,,估计同步待核验
XY_Y-10-1-01,1167,11.526653179190752,7.0,8.0,7.5,1441.0,1443.0,1442.0,拉伸,,估计同步待核验
XY_Y-10-1-01,1168,11.53644894026975,9.0,8.0,8.5,1442.0,1443.0,1442.5,拉伸,,估计同步待核验
XY_Y-10-1-01,1169,11.546244701348748,7.0,8.0,7.5,1441.0,1443.0,1442.0,拉伸,,估计同步待核验
XY_Y-10-1-01,1170,11.556040462427745,7.080924855492172,8.0,7.540462427746085,1441.0,1442.959537572254,1441.979768786127,拉伸,,估计同步待核验
XY_Y-10-1-01,1171,11.565836223506745,9.0,8.0,8.5,1441.0,1442.0,1441.5,拉伸,,估计同步待核验
XY_Y-10-1-01,1172,11.575631984585742,7.0,8.0,7.5,1441.0,1442.0,1441.5,拉伸,,估计同步待核验
XY_Y-10-1-01,1173,11.58542774566474,9.0,8.0,8.5,1440.0,1442.0,1441.0,拉伸,,估计同步待核验
XY_Y-10-1-01,1174,11.59522350674374,8.0,8.0,8.0,1440.0,1442.0,1441.0,拉伸,,估计同步待核验
XY_Y-10-1-01,1175,11.605019267822737,8.0,8.0,8.0,1440.0,1442.0,1441.0,拉伸,,估计同步待核验
XY_Y-10-1-01,1176,11.614815028901734,9.0,7.0,8.0,1440.0,1442.0,1441.0,拉伸,,估计同步待核验
XY_Y-10-1-01,1177,11.624610789980732,7.0,8.0,7.5,1440.0,1442.0,1441.0,拉伸,,估计同步待核验
XY_Y-10-1-01,1178,11.634406551059731,9.0,7.0,8.0,1440.0,1442.0,1441.0,拉伸,,估计同步待核验
XY_Y-10-1-01,1179,11.644202312138729,8.595375722541977,7.202312138729011,7.898843930635494,1440.0,1442.0,1441.0,拉伸,,估计同步待核验
XY_Y-10-1-01,1180,11.653998073217727,7.0,8.0,7.5,1440.0,1442.0,1441.0,拉伸,,估计同步待核验
XY_Y-10-1-01,1181,11.663793834296724,9.0,8.0,8.5,1440.0,1442.0,1441.0,拉伸,,估计同步待核验
XY_Y-10-1-01,1182,11.673589595375724,7.0,8.0,7.5,1439.0,1441.0,1440.0,拉伸,,估计同步待核验
XY_Y-10-1-01,1183,11.683385356454721,9.0,8.0,8.5,1439.0,1441.0,1440.0,拉伸,,估计同步待核验
XY_Y-10-1-01,1184,11.693181117533719,8.0,8.0,8.0,1439.0,1441.0,1440.0,拉伸,,估计同步待核验
XY_Y-10-1-01,1185,11.702976878612716,8.0,8.0,8.0,1439.0,1441.0,1440.0,拉伸,,估计同步待核验
XY_Y-10-1-01,1186,11.712772639691714,8.0,8.0,8.0,1439.0,1441.0,1440.0,拉伸,,估计同步待核验
XY_Y-10-1-01,1187,11.722568400770712,8.0,8.0,8.0,1438.0,1440.0,1439.0,拉伸,,估计同步待核验
XY_Y-10-1-01,1188,11.73236416184971,8.364161849709442,7.6358381502905575,8.0,1438.0,1440.0,1439.0,拉伸,,估计同步待核验
XY_Y-10-1-01,1189,11.742159922928709,9.0,7.0,8.0,1438.0,1440.0,1439.0,拉伸,,估计同步待核验
XY_Y-10-1-01,1190,11.751955684007706,7.0,8.0,7.5,1438.0,1439.0,1438.5,拉伸,,估计同步待核验
XY_Y-10-1-01,1191,11.761751445086704,9.0,7.0,8.0,1438.0,1439.0,1438.5,拉伸,,估计同步待核验
XY_Y-10-1-01,1192,11.771547206165703,7.0,8.0,7.5,1438.0,1439.0,1438.5,拉伸,,估计同步待核验
XY_Y-10-1-01,1193,11.7813429672447,9.0,8.0,8.5,1438.0,1439.0,1438.5,拉伸,,估计同步待核验
XY_Y-10-1-01,1194,11.791138728323698,7.0,8.0,7.5,1438.0,1439.0,1438.5,拉伸,,估计同步待核验
XY_Y-10-1-01,1195,11.800934489402696,9.0,8.0,8.5,1438.0,1439.0,1438.5,拉伸,,估计同步待核验
XY_Y-10-1-01,1196,11.810730250481695,8.0,8.0,8.0,1438.0,1439.0,1438.5,拉伸,,估计同步待核验
XY_Y-10-1-01,1197,11.820526011560693,8.0,8.0,8.0,1437.473988439307,1439.0,1438.2369942196535,拉伸,,估计同步待核验
XY_Y-10-1-01,1198,11.83032177263969,8.0,8.0,8.0,1437.0,1439.0,1438.0,拉伸,,估计同步待核验
XY_Y-10-1-01,1199,11.84011753371869,9.0,8.0,8.5,1437.0,1439.0,1438.0,拉伸,,估计同步待核验
XY_Y-10-1-01,1200,11.849913294797688,7.0,8.0,7.5,1437.0,1438.0,1437.5,拉伸,,估计同步待核验
XY_Y-10-1-01,1201,11.859709055876685,9.0,8.0,8.5,1437.0,1438.0,1437.5,拉伸,,估计同步待核验
XY_Y-10-1-01,1202,11.869504816955683,7.0,8.0,7.5,1436.0,1438.0,1437.0,拉伸,,估计同步待核验
XY_Y-10-1-01,1203,11.879300578034682,9.0,8.0,8.5,1437.0,1438.0,1437.5,拉伸,,估计同步待核验
XY_Y-10-1-01,1204,11.88909633911368,7.0,8.0,7.5,1436.0,1438.0,1437.0,拉伸,,估计同步待核验
XY_Y-10-1-01,1205,11.898892100192677,9.0,8.0,8.5,1436.0,1438.0,1437.0,拉伸,,估计同步待核验
XY_Y-10-1-01,1206,11.908687861271675,8.312138728325424,8.0,8.156069364162711,1436.0,1438.0,1437.0,拉伸,,估计同步待核验
XY_Y-10-1-01,1207,11.918483622350674,8.0,8.0,8.0,1436.0,1438.0,1437.0,拉伸,,估计同步待核验
XY_Y-10-1-01,1208,11.928279383429672,8.0,8.0,8.0,1436.0,1437.0,1436.5,拉伸,,估计同步待核验
XY_Y-10-1-01,1209,11.93807514450867,8.0,8.0,8.0,1436.0,1437.0,1436.5,拉伸,,估计同步待核验
XY_Y-10-1-01,1210,11.947870905587669,7.0,8.0,7.5,1436.0,1437.0,1436.5,拉伸,,估计同步待核验
XY_Y-10-1-01,1211,11.957666666666666,9.0,8.0,8.5,1436.0,1437.0,1436.5,拉伸,,估计同步待核验
XY_Y-10-1-01,1212,11.967462427745664,7.0,8.0,7.5,1435.0,1437.0,1436.0,拉伸,,估计同步待核验
XY_Y-10-1-01,1213,11.977258188824662,10.0,8.0,9.0,1435.0,1437.0,1436.0,拉伸,,估计同步待核验
XY_Y-10-1-01,1214,11.987053949903661,7.0,8.0,7.5,1435.0,1437.0,1436.0,拉伸,,估计同步待核验
XY_Y-10-1-01,1215,11.996849710982659,8.699421965317303,8.0,8.349710982658651,1435.0,1436.1502890173413,1435.5751445086707,拉伸,,估计同步待核验
XY_Y-10-1-01,1216,12.006645472061656,9.0,8.0,8.5,1435.0,1436.0,1435.5,拉伸,,估计同步待核验
XY_Y-10-1-01,1217,12.016441233140656,7.0,8.0,7.5,1435.0,1436.0,1435.5,拉伸,,估计同步待核验
XY_Y-10-1-01,1218,12.026236994219653,9.0,8.0,8.5,1434.0,1436.0,1435.0,拉伸,,估计同步待核验
XY_Y-10-1-01,1219,12.03603275529865,8.0,8.0,8.0,1435.0,1436.0,1435.5,拉伸,,估计同步待核验
XY_Y-10-1-01,1220,12.045828516377648,8.0,8.0,8.0,1434.0,1436.0,1435.0,拉伸,,估计同步待核验
XY_Y-10-1-01,1221,12.055624277456648,9.0,8.0,8.5,1435.0,1436.0,1435.5,拉伸,,估计同步待核验
XY_Y-10-1-01,1222,12.065420038535645,7.0,8.0,7.5,1434.0,1436.0,1435.0,拉伸,,估计同步待核验
XY_Y-10-1-01,1223,12.075215799614643,9.0,8.0,8.5,1434.0,1436.0,1435.0,拉伸,,估计同步待核验
XY_Y-10-1-01,1224,12.085011560693642,7.0,8.0,7.5,1433.0,1435.0,1434.0,拉伸,,估计同步待核验
XY_Y-10-1-01,1225,12.09480732177264,7.0,8.0,7.5,1433.0,1435.0,1434.0,拉伸,,估计同步待核验
XY_Y-10-1-01,1226,12.104603082851638,9.0,8.0,8.5,1433.0,1435.0,1434.0,拉伸,,估计同步待核验
XY_Y-10-1-01,1227,12.114398843930635,7.0,8.0,7.5,1433.0,1435.0,1434.0,拉伸,,估计同步待核验
XY_Y-10-1-01,1228,12.124194605009635,9.0,8.0,8.5,1433.0,1435.0,1434.0,拉伸,,估计同步待核验
XY_Y-10-1-01,1229,12.133990366088632,8.0,8.0,8.0,1432.0,1434.0,1433.0,拉伸,,估计同步待核验
XY_Y-10-1-01,1230,12.14378612716763,8.0,8.0,8.0,1432.0,1434.0,1433.0,拉伸,,估计同步待核验
XY_Y-10-1-01,1231,12.153581888246629,8.0,8.0,8.0,1433.0,1434.0,1433.5,拉伸,,估计同步待核验
XY_Y-10-1-01,1232,12.163377649325627,7.0,8.0,7.5,1432.0,1434.0,1433.0,拉伸,,估计同步待核验
XY_Y-10-1-01,1233,12.173173410404624,9.0,7.0,8.0,1433.0,1434.0,1433.5,拉伸,,估计同步待核验
XY_Y-10-1-01,1234,12.182969171483622,9.0,7.0,8.0,1433.0,1434.0,1433.5,拉伸,,估计同步待核验
XY_Y-10-1-01,1235,12.192764932562621,7.0,8.0,7.5,1432.0,1434.0,1433.0,拉伸,,估计同步待核验
XY_Y-10-1-01,1236,12.202560693641619,9.0,7.0,8.0,1432.0,1433.0,1432.5,拉伸,,估计同步待核验
XY_Y-10-1-01,1237,12.212356454720616,7.0,8.0,7.5,1431.0,1433.0,1432.0,拉伸,,估计同步待核验
XY_Y-10-1-01,1238,12.222152215799614,9.0,8.0,8.5,1431.0,1433.0,1432.0,拉伸,,估计同步待核验
XY_Y-10-1-01,1239,12.231947976878613,7.0,8.0,7.5,1431.0,1432.0,1431.5,拉伸,,估计同步待核验
XY_Y-10-1-01,1240,12.241743737957611,8.0,8.0,8.0,1430.0,1432.0,1431.0,拉伸,,估计同步待核验
XY_Y-10-1-01,1241,12.251539499036609,8.0,8.0,8.0,1430.0,1432.0,1431.0,拉伸,,估计同步待核验
XY_Y-10-1-01,1242,12.261335260115608,7.0,8.0,7.5,1430.0,1432.0,1431.0,拉伸,,估计同步待核验
XY_Y-10-1-01,1243,12.271131021194606,7.131021194604914,8.0,7.565510597302457,1430.0,1431.868978805395,1430.9344894026976,拉伸,,估计同步待核验
XY_Y-10-1-01,1244,12.280926782273603,8.0,8.0,8.0,1430.0,1431.0,1430.5,拉伸,,估计同步待核验
XY_Y-10-1-01,1245,12.2907225433526,7.0,8.0,7.5,1429.0,1431.0,1430.0,拉伸,,估计同步待核验
XY_Y-10-1-01,1246,12.3005183044316,9.0,8.0,8.5,1430.0,1431.0,1430.5,拉伸,,估计同步待核验
XY_Y-10-1-01,1247,12.310314065510598,7.0,8.0,7.5,1429.0,1431.0,1430.0,拉伸,,估计同步待核验
XY_Y-10-1-01,1248,12.320109826589595,9.0,8.0,8.5,1429.0,1431.0,1430.0,拉伸,,估计同步待核验
XY_Y-10-1-01,1249,12.329905587668595,7.0,8.0,7.5,1429.0,1430.0,1429.5,拉伸,,估计同步待核验
XY_Y-10-1-01,1250,12.339701348747592,9.0,8.0,8.5,1429.0,1430.0,1429.5,拉伸,,估计同步待核验
XY_Y-10-1-01,1251,12.34949710982659,8.0,8.0,8.0,1428.0,1430.0,1429.0,拉伸,,估计同步待核验
XY_Y-10-1-01,1252,12.359292870905588,8.0,8.0,8.0,1428.0,1429.7071290944123,1428.8535645472061,拉伸,,估计同步待核验
XY_Y-10-1-01,1253,12.369088631984585,8.0,8.0,8.0,1428.0,1429.0,1428.5,拉伸,,估计同步待核验
XY_Y-10-1-01,1254,12.378884393063583,9.0,7.0,8.0,1428.0,1429.0,1428.5,拉伸,,估计同步待核验
XY_Y-10-1-01,1255,12.38868015414258,7.0,8.0,7.5,1427.0,1429.0,1428.0,拉伸,,估计同步待核验
XY_Y-10-1-01,1256,12.39847591522158,9.0,8.0,8.5,1428.0,1429.0,1428.5,拉伸,,估计同步待核验
XY_Y-10-1-01,1257,12.408271676300577,7.0,8.0,7.5,1427.0,1429.0,1428.0,拉伸,,估计同步待核验
XY_Y-10-1-01,1258,12.418067437379575,9.0,8.0,8.5,1427.0,1428.0,1427.5,拉伸,,估计同步待核验
XY_Y-10-1-01,1259,12.427863198458573,7.0,8.0,7.5,1426.0,1428.0,1427.0,拉伸,,估计同步待核验
XY_Y-10-1-01,1260,12.437658959537572,9.0,8.0,8.5,1426.0,1428.0,1427.0,拉伸,,估计同步待核验
XY_Y-10-1-01,1261,12.44745472061657,8.545279383430186,8.0,8.272639691715092,1426.0,1428.0,1427.0,拉伸,,估计同步待核验
XY_Y-10-1-01,1262,12.457250481695567,8.0,8.0,8.0,1426.0,1428.0,1427.0,拉伸,,估计同步待核验
XY_Y-10-1-01,1263,12.467046242774565,9.0,8.0,8.5,1426.0,1428.0,1427.0,拉伸,,估计同步待核验
XY_Y-10-1-01,1264,12.476842003853564,8.0,7.0,7.5,1426.0,1428.0,1427.0,拉伸,,估计同步待核验
XY_Y-10-1-01,1265,12.486637764932562,8.0,8.0,8.0,1425.0,1427.0,1426.0,拉伸,,估计同步待核验
XY_Y-10-1-01,1266,12.49643352601156,9.0,7.0,8.0,1425.0,1427.0,1426.0,拉伸,,估计同步待核验
XY_Y-10-1-01,1267,12.506229287090559,7.0,8.0,7.5,1425.0,1427.0,1426.0,拉伸,,估计同步待核验
XY_Y-10-1-01,1268,12.516025048169556,9.0,7.0,8.0,1425.0,1427.0,1426.0,拉伸,,估计同步待核验
XY_Y-10-1-01,1269,12.525820809248554,7.0,8.0,7.5,1425.0,1426.0,1425.5,拉伸,,估计同步待核验
XY_Y-10-1-01,1270,12.535616570327551,8.849710982655099,8.0,8.424855491327548,1425.0,1426.0,1425.5,拉伸,,估计同步待核验
XY_Y-10-1-01,1271,12.54541233140655,10.0,8.0,9.0,1425.0,1426.0,1425.5,拉伸,,估计同步待核验
XY_Y-10-1-01,1272,12.555208092485548,7.0,8.0,7.5,1424.0,1426.0,1425.0,拉伸,,估计同步待核验
XY_Y-10-1-01,1273,12.565003853564546,9.0,8.0,8.5,1424.0,1426.0,1425.0,拉伸,,估计同步待核验
XY_Y-10-1-01,1274,12.574799614643545,8.0,8.0,8.0,1424.0,1426.0,1425.0,拉伸,,估计同步待核验
XY_Y-10-1-01,1275,12.584595375722543,8.0,8.0,8.0,1424.0,1426.0,1425.0,拉伸,,估计同步待核验
XY_Y-10-1-01,1276,12.59439113680154,9.0,8.0,8.5,1424.0,1425.0,1424.5,拉伸,,估计同步待核验
XY_Y-10-1-01,1277,12.604186897880538,7.0,8.0,7.5,1423.0,1425.0,1424.0,拉伸,,估计同步待核验
XY_Y-10-1-01,1278,12.613982658959538,9.0,8.0,8.5,1423.0,1425.0,1424.0,拉伸,,估计同步待核验
XY_Y-10-1-01,1279,12.623778420038535,7.443159922930105,8.0,7.721579961465053,1422.221579961465,1424.221579961465,1423.221579961465,拉伸,,估计同步待核验
XY_Y-10-1-01,1280,12.633574181117533,7.0,8.0,7.5,1422.0,1424.0,1423.0,拉伸,,估计同步待核验
XY_Y-10-1-01,1281,12.643369942196532,9.0,8.0,8.5,1422.0,1424.0,1423.0,拉伸,,估计同步待核验
XY_Y-10-1-01,1282,12.65316570327553,7.0,8.0,7.5,1422.0,1424.0,1423.0,拉伸,,估计同步待核验
XY_Y-10-1-01,1283,12.662961464354527,9.0,8.0,8.5,1422.0,1424.0,1423.0,拉伸,,估计同步待核验
XY_Y-10-1-01,1284,12.672757225433525,8.0,8.0,8.0,1422.0,1423.0,1422.5,拉伸,,估计同步待核验
XY_Y-10-1-01,1285,12.682552986512524,8.0,8.0,8.0,1421.0,1423.0,1422.0,拉伸,,估计同步待核验
XY_Y-10-1-01,1286,12.692348747591522,8.0,8.0,8.0,1421.0,1423.0,1422.0,拉伸,,估计同步待核验
XY_Y-10-1-01,1287,12.70214450867052,8.0,8.0,8.0,1421.0,1423.0,1422.0,拉伸,,估计同步待核验
XY_Y-10-1-01,1288,12.711940269749519,8.940269749519183,7.059730250480816,8.0,1421.0,1423.0,1422.0,拉伸,,估计同步待核验
XY_Y-10-1-01,1289,12.721736030828517,9.0,7.0,8.0,1421.0,1423.0,1422.0,拉伸,,估计同步待核验
XY_Y-10-1-01,1290,12.731531791907514,7.0,8.0,7.5,1420.0,1423.0,1421.5,拉伸,,估计同步待核验
XY_Y-10-1-01,1291,12.741327552986512,9.0,7.0,8.0,1421.0,1423.0,1422.0,拉伸,,估计同步待核验
XY_Y-10-1-01,1292,12.751123314065511,7.0,8.0,7.5,1420.0,1422.0,1421.0,拉伸,,估计同步待核验
XY_Y-10-1-01,1293,12.760919075144509,9.0,7.0,8.0,1420.0,1422.0,1421.0,拉伸,,估计同步待核验
XY_Y-10-1-01,1294,12.770714836223506,7.0,8.0,7.5,1420.0,1422.0,1421.0,拉伸,,估计同步待核验
XY_Y-10-1-01,1295,12.780510597302504,8.0,8.0,8.0,1420.0,1422.0,1421.0,拉伸,,估计同步待核验
XY_Y-10-1-01,1296,12.790306358381503,8.0,8.0,8.0,1419.0,1421.0,1420.0,拉伸,,估计同步待核验
XY_Y-10-1-01,1297,12.800102119460501,7.0,8.0,7.5,1419.0,1421.0,1420.0,拉伸,,估计同步待核验
XY_Y-10-1-01,1298,12.809897880539499,8.795761078996286,8.0,8.397880539498143,1419.0,1420.1021194605019,1419.551059730251,拉伸,,估计同步待核验
XY_Y-10-1-01,1299,12.819693641618498,9.0,8.0,8.5,1419.0,1420.0,1419.5,拉伸,,估计同步待核验
XY_Y-10-1-01,1300,12.829489402697495,7.0,8.0,7.5,1418.0,1420.0,1419.0,拉伸,,估计同步待核验
XY_Y-10-1-01,1301,12.839285163776493,9.0,8.0,8.5,1418.0,1420.0,1419.0,拉伸,,估计同步待核验
XY_Y-10-1-01,1302,12.84908092485549,7.0,8.0,7.5,1418.0,1420.0,1419.0,拉伸,,估计同步待核验
XY_Y-10-1-01,1303,12.85887668593449,9.0,8.0,8.5,1418.0,1420.0,1419.0,拉伸,,估计同步待核验
XY_Y-10-1-01,1304,12.868672447013488,7.0,8.0,7.5,1418.0,1420.0,1419.0,拉伸,,估计同步待核验
XY_Y-10-1-01,1305,12.878468208092485,9.0,8.0,8.5,1418.0,1420.0,1419.0,拉伸,,估计同步待核验
XY_Y-10-1-01,1306,12.888263969171485,7.0,8.0,7.5,1417.0,1419.0,1418.0,拉伸,,估计同步待核验
XY_Y-10-1-01,1307,12.898059730250482,8.0,8.0,8.0,1417.0,1419.0,1418.0,拉伸,,估计同步待核验
XY_Y-10-1-01,1308,12.90785549132948,8.0,8.0,8.0,1417.0,1419.0,1418.0,拉伸,,估计同步待核验
XY_Y-10-1-01,1309,12.917651252408477,8.0,8.0,8.0,1417.0,1419.0,1418.0,拉伸,,估计同步待核验
XY_Y-10-1-01,1310,12.927447013487477,7.0,8.0,7.5,1416.0,1418.0,1417.0,拉伸,,估计同步待核验
XY_Y-10-1-01,1311,12.937242774566474,9.0,8.0,8.5,1416.0,1418.0,1417.0,拉伸,,估计同步待核验
XY_Y-10-1-01,1312,12.947038535645472,7.0,8.0,7.5,1415.0,1417.0,1416.0,拉伸,,估计同步待核验
XY_Y-10-1-01,1313,12.956834296724471,9.0,8.0,8.5,1415.0,1417.0,1416.0,拉伸,,估计同步待核验
XY_Y-10-1-01,1314,12.966630057803469,7.0,8.0,7.5,1415.0,1417.0,1416.0,拉伸,,估计同步待核验
XY_Y-10-1-01,1315,12.976425818882467,9.0,8.0,8.5,1415.0,1416.0,1415.5,拉伸,,估计同步待核验
XY_Y-10-1-01,1316,12.986221579961464,8.55684007707266,8.0,8.27842003853633,1414.7784200385363,1416.0,1415.3892100192681,拉伸,,估计同步待核验
XY_Y-10-1-01,1317,12.996017341040464,7.0,8.0,7.5,1414.0,1416.0,1415.0,拉伸,,估计同步待核验
XY_Y-10-1-01,1318,13.005813102119461,9.0,8.0,8.5,1414.0,1416.0,1415.0,拉伸,,估计同步待核验
XY_Y-10-1-01,1319,13.015608863198459,8.0,8.0,8.0,1414.0,1416.0,1415.0,拉伸,,估计同步待核验
XY_Y-10-1-01,1320,13.025404624277456,8.0,8.0,8.0,1414.0,1416.0,1415.0,拉伸,,估计同步待核验
XY_Y-10-1-01,1321,13.035200385356454,9.0,8.0,8.5,1413.0,1416.0,1414.5,拉伸,,估计同步待核验
XY_Y-10-1-01,1322,13.044996146435452,7.0,8.0,7.5,1413.0,1415.0,1414.0,拉伸,,估计同步待核验
XY_Y-10-1-01,1323,13.05479190751445,9.0,8.0,8.5,1413.0,1415.0,1414.0,拉伸,,估计同步待核验
XY_Y-10-1-01,1324,13.064587668593449,7.0,8.0,7.5,1412.0,1415.0,1413.5,拉伸,,估计同步待核验
XY_Y-10-1-01,1325,13.074383429672446,7.766859344893048,7.616570327553476,7.691714836223262,1412.0,1414.6165703275535,1413.3082851637769,拉伸,,估计同步待核验
XY_Y-10-1-01,1326,13.084179190751444,9.0,7.0,8.0,1412.0,1414.0,1413.0,拉伸,,估计同步待核验
XY_Y-10-1-01,1327,13.093974951830441,7.0,8.0,7.5,1412.0,1414.0,1413.0,拉伸,,估计同步待核验
XY_Y-10-1-01,1328,13.10377071290944,9.0,8.0,8.5,1412.0,1413.0,1412.5,拉伸,,估计同步待核验
XY_Y-10-1-01,1329,13.113566473988438,8.0,8.0,8.0,1411.0,1413.0,1412.0,拉伸,,估计同步待核验
XY_Y-10-1-01,1330,13.123362235067436,8.0,8.0,8.0,1411.0,1412.0,1411.5,拉伸,,估计同步待核验
XY_Y-10-1-01,1331,13.133157996146435,8.0,8.0,8.0,1411.0,1412.0,1411.5,拉伸,,估计同步待核验
XY_Y-10-1-01,1332,13.142953757225433,7.0,8.0,7.5,1410.0,1412.0,1411.0,拉伸,,估计同步待核验
XY_Y-10-1-01,1333,13.15274951830443,9.0,8.0,8.5,1410.0,1412.0,1411.0,拉伸,,估计同步待核验
XY_Y-10-1-01,1334,13.162545279383428,7.0,8.0,7.5,1409.0,1411.0,1410.0,拉伸,,估计同步待核验
XY_Y-10-1-01,1335,13.172341040462427,7.682080924854157,8.0,7.841040462427078,1409.0,1411.0,1410.0,拉伸,,估计同步待核验
XY_Y-10-1-01,1336,13.182136801541425,9.0,8.0,8.5,1409.0,1411.0,1410.0,拉伸,,估计同步待核验
XY_Y-10-1-01,1337,13.191932562620423,7.0,8.0,7.5,1408.0,1410.0,1409.0,拉伸,,估计同步待核验
XY_Y-10-1-01,1338,13.201728323699422,9.0,8.0,8.5,1408.0,1410.0,1409.0,拉伸,,估计同步待核验
XY_Y-10-1-01,1339,13.21152408477842,8.0,8.0,8.0,1407.0,1409.0,1408.0,拉伸,,估计同步待核验
XY_Y-10-1-01,1340,13.221319845857417,9.0,8.0,8.5,1407.0,1409.0,1408.0,拉伸,,估计同步待核验
XY_Y-10-1-01,1341,13.231115606936415,8.0,8.0,8.0,1407.0,1409.0,1408.0,拉伸,,估计同步待核验
XY_Y-10-1-01,1342,13.240911368015414,8.0,8.0,8.0,1406.0,1409.0,1407.5,拉伸,,估计同步待核验
XY_Y-10-1-01,1343,13.250707129094412,8.707129094412233,8.0,8.353564547206116,1406.0,1408.2928709055877,1407.1464354527939,拉伸,,估计同步待核验
XY_Y-10-1-01,1344,13.26050289017341,7.994219653180135,8.0,7.9971098265900675,1405.49710982659,1408.0,1406.748554913295,拉伸,,估计同步待核验
XY_Y-10-1-01,1345,13.270298651252407,7.0,8.0,7.5,1405.0,1408.0,1406.5,拉伸,,估计同步待核验
XY_Y-10-1-01,1346,13.280094412331406,9.0,8.0,8.5,1405.0,1407.0,1406.0,拉伸,,估计同步待核验
XY_Y-10-1-01,1347,13.289890173410404,7.0,8.0,7.5,1404.0,1407.0,1405.5,拉伸,,估计同步待核验
XY_Y-10-1-01,1348,13.299685934489402,9.0,8.0,8.5,1404.0,1406.0,1405.0,拉伸,,估计同步待核验
XY_Y-10-1-01,1349,13.309481695568401,7.0,8.0,7.5,1404.0,1406.0,1405.0,拉伸,,估计同步待核验
XY_Y-10-1-01,1350,13.319277456647399,9.0,8.0,8.5,1403.0,1406.0,1404.5,拉伸,,估计同步待核验
XY_Y-10-1-01,1351,13.329073217726396,7.0,8.0,7.5,1403.0,1405.0,1404.0,拉伸,,估计同步待核验
XY_Y-10-1-01,1352,13.338868978805394,8.0,8.0,8.0,1402.0,1405.0,1403.5,拉伸,,估计同步待核验
XY_Y-10-1-01,1353,13.348664739884393,8.0,8.0,8.0,1402.0,1404.3352601156073,1403.1676300578038,拉伸,,估计同步待核验
XY_Y-10-1-01,1354,13.35846050096339,8.0,8.0,8.0,1402.0,1404.0,1403.0,拉伸,,估计同步待核验
XY_Y-10-1-01,1355,13.368256262042388,7.0,8.0,7.5,1401.0,1404.0,1402.5,拉伸,,估计同步待核验
XY_Y-10-1-01,1356,13.378052023121388,9.0,8.0,8.5,1401.0,1403.0,1402.0,拉伸,,估计同步待核验
XY_Y-10-1-01,1357,13.387847784200385,7.0,8.0,7.5,1401.0,1403.0,1402.0,拉伸,,估计同步待核验
XY_Y-10-1-01,1358,13.397643545279383,9.0,8.0,8.5,1401.0,1403.0,1402.0,拉伸,,估计同步待核验
XY_Y-10-1-01,1359,13.40743930635838,7.0,8.0,7.5,1400.0,1402.0,1401.0,拉伸,,估计同步待核验
XY_Y-10-1-01,1360,13.41723506743738,9.0,8.0,8.5,1400.0,1402.0,1401.0,拉伸,,估计同步待核验
XY_Y-10-1-01,1361,13.427030828516378,7.0,8.0,7.5,1399.0,1401.0,1400.0,拉伸,,估计同步待核验
XY_Y-10-1-01,1362,13.436826589595375,8.653179190751281,8.0,8.32658959537564,1398.1734104046243,1401.0,1399.5867052023123,拉伸,,估计同步待核验
XY_Y-10-1-01,1363,13.446622350674375,9.0,8.0,8.5,1398.0,1401.0,1399.5,拉伸,,估计同步待核验
XY_Y-10-1-01,1364,13.456418111753372,9.0,7.0,8.0,1398.0,1400.0,1399.0,拉伸,,估计同步待核验
XY_Y-10-1-01,1365,13.46621387283237,8.0,8.0,8.0,1397.0,1400.0,1398.5,拉伸,,估计同步待核验
XY_Y-10-1-01,1366,13.476009633911367,9.0,7.0,8.0,1397.0,1399.0,1398.0,拉伸,,估计同步待核验
XY_Y-10-1-01,1367,13.485805394990367,7.0,8.0,7.5,1397.0,1399.0,1398.0,拉伸,,估计同步待核验
XY_Y-10-1-01,1368,13.495601156069364,9.0,8.0,8.5,1397.0,1399.0,1398.0,拉伸,,估计同步待核验
XY_Y-10-1-01,1369,13.505396917148362,7.0,8.0,7.5,1396.0,1398.0,1397.0,拉伸,,估计同步待核验
XY_Y-10-1-01,1370,13.515192678227361,9.0,8.0,8.5,1395.0,1398.0,1396.5,拉伸,,估计同步待核验
XY_Y-10-1-01,1371,13.524988439306359,9.0,8.0,8.5,1395.0,1398.0,1396.5,拉伸,,估计同步待核验
XY_Y-10-1-01,1372,13.534784200385356,7.0,8.0,7.5,1395.0,1397.0,1396.0,拉伸,,估计同步待核验
XY_Y-10-1-01,1373,13.544579961464354,9.0,8.0,8.5,1394.0,1397.0,1395.5,拉伸,,估计同步待核验
XY_Y-10-1-01,1374,13.554375722543353,8.0,8.0,8.0,1394.0,1396.0,1395.0,拉伸,,估计同步待核验
XY_Y-10-1-01,1375,13.564171483622351,8.0,8.0,8.0,1393.0,1396.0,1394.5,拉伸,,估计同步待核验
XY_Y-10-1-01,1376,13.573967244701349,9.0,7.0,8.0,1393.0,1395.0,1394.0,拉伸,,估计同步待核验
XY_Y-10-1-01,1377,13.583763005780346,7.0,8.0,7.5,1392.0,1395.0,1393.5,拉伸,,估计同步待核验
XY_Y-10-1-01,1378,13.593558766859346,9.0,7.0,8.0,1392.0,1394.0,1393.0,拉伸,,估计同步待核验
XY_Y-10-1-01,1379,13.603354527938343,7.0,8.0,7.5,1391.0,1393.0,1392.0,拉伸,,估计同步待核验
XY_Y-10-1-01,1380,13.61315028901734,10.0,8.0,9.0,1391.0,1393.0,1392.0,拉伸,,估计同步待核验
XY_Y-10-1-01,1381,13.62294605009634,10.0,8.0,9.0,1391.0,1393.0,1392.0,拉伸,,估计同步待核验
XY_Y-10-1-01,1382,13.632741811175338,7.0,8.0,7.5,1390.0,1392.0,1391.0,拉伸,,估计同步待核验
XY_Y-10-1-01,1383,13.642537572254335,9.0,8.0,8.5,1390.0,1392.0,1391.0,拉伸,,估计同步待核验
XY_Y-10-1-01,1384,13.652333333333333,8.0,8.0,8.0,1389.0,1391.0,1390.0,拉伸,,估计同步待核验
XY_Y-10-1-01,1385,13.662129094412332,8.0,8.0,8.0,1388.0,1391.0,1389.5,拉伸,,估计同步待核验
XY_Y-10-1-01,1386,13.67192485549133,9.0,8.0,8.5,1388.0,1390.0,1389.0,拉伸,,估计同步待核验
XY_Y-10-1-01,1387,13.681720616570328,8.0,8.0,8.0,1387.0,1389.0,1388.0,拉伸,,估计同步待核验
XY_Y-10-1-01,1388,13.691516377649325,9.0,8.0,8.5,1387.0,1389.0,1388.0,拉伸,,估计同步待核验
XY_Y-10-1-01,1389,13.701312138728323,7.0,8.0,7.5,1386.0,1388.0,1387.0,拉伸,,估计同步待核验
XY_Y-10-1-01,1390,13.71110789980732,7.215799614640253,8.0,7.607899807320127,1386.0,1388.0,1387.0,拉伸,,估计同步待核验
XY_Y-10-1-01,1391,13.720903660886318,9.0,8.0,8.5,1386.0,1388.0,1387.0,拉伸,,估计同步待核验
XY_Y-10-1-01,1392,13.730699421965317,7.0,8.0,7.5,1385.0,1387.0,1386.0,拉伸,,估计同步待核验
XY_Y-10-1-01,1393,13.740495183044315,9.0,8.0,8.5,1384.0,1387.0,1385.5,拉伸,,估计同步待核验
XY_Y-10-1-01,1394,13.750290944123313,7.0,8.0,7.5,1383.0,1386.0,1384.5,拉伸,,估计同步待核验
XY_Y-10-1-01,1395,13.760086705202312,9.0,8.0,8.5,1383.0,1385.0,1384.0,拉伸,,估计同步待核验
XY_Y-10-1-01,1396,13.76988246628131,8.0,8.0,8.0,1382.0,1384.0,1383.0,拉伸,,估计同步待核验
XY_Y-10-1-01,1397,13.779678227360307,8.0,8.0,8.0,1381.0,1383.0,1382.0,拉伸,,估计同步待核验
XY_Y-10-1-01,1398,13.789473988439305,9.0,8.0,8.5,1381.0,1383.0,1382.0,拉伸,,估计同步待核验
XY_Y-10-1-01,1399,13.799269749518304,8.460500963391445,8.0,8.230250481695723,1380.7302504816957,1382.7302504816957,1381.7302504816957,拉伸,,估计同步待核验
XY_Y-10-1-01,1400,13.809065510597302,7.0,8.0,7.5,1380.0,1382.0,1381.0,拉伸,,估计同步待核验
XY_Y-10-1-01,1401,13.8188612716763,9.0,8.0,8.5,1380.0,1382.0,1381.0,拉伸,,估计同步待核验
XY_Y-10-1-01,1402,13.828657032755297,7.0,8.0,7.5,1379.0,1381.0,1380.0,拉伸,,估计同步待核验
XY_Y-10-1-01,1403,13.838452793834296,10.0,8.0,9.0,1378.0,1380.0,1379.0,拉伸,,估计同步待核验
XY_Y-10-1-01,1404,13.848248554913294,7.0,8.0,7.5,1377.0,1379.0,1378.0,拉伸,,估计同步待核验
XY_Y-10-1-01,1405,13.858044315992291,9.0,8.0,8.5,1377.0,1378.0,1377.5,拉伸,,估计同步待核验
XY_Y-10-1-01,1406,13.86784007707129,7.0,8.0,7.5,1376.0,1377.0,1376.5,拉伸,,估计同步待核验
XY_Y-10-1-01,1407,13.877635838150288,8.0,8.0,8.0,1375.0,1377.0,1376.0,拉伸,,估计同步待核验
XY_Y-10-1-01,1408,13.887431599229286,8.0,8.0,8.0,1375.0,1376.568400770714,1375.784200385357,拉伸,,估计同步待核验
XY_Y-10-1-01,1409,13.897227360308284,8.0,8.0,8.0,1375.0,1376.0,1375.5,拉伸,,估计同步待核验
XY_Y-10-1-01,1410,13.907023121387283,7.0,8.0,7.5,1374.0,1376.0,1375.0,拉伸,,估计同步待核验
XY_Y-10-1-01,1411,13.91681888246628,9.0,8.0,8.5,1373.0,1376.0,1374.5,拉伸,,估计同步待核验
XY_Y-10-1-01,1412,13.926614643545278,7.0,8.0,7.5,1372.0,1375.0,1373.5,拉伸,,估计同步待核验
XY_Y-10-1-01,1413,13.936410404624278,9.0,8.0,8.5,1372.0,1375.0,1373.5,拉伸,,估计同步待核验
XY_Y-10-1-01,1414,13.946206165703275,6.0,8.0,7.0,1371.0,1374.0,1372.5,拉伸,,估计同步待核验
XY_Y-10-1-01,1415,13.956001926782273,9.0,8.0,8.5,1370.0,1373.0,1371.5,拉伸,,估计同步待核验
XY_Y-10-1-01,1416,13.96579768786127,7.0,8.0,7.5,1369.0,1372.0,1370.5,拉伸,,估计同步待核验
XY_Y-10-1-01,1417,13.97559344894027,8.18689788053882,8.0,8.093448940269411,1369.0,1371.4065510597306,1370.2032755298653,拉伸,,估计同步待核验
XY_Y-10-1-01,1418,13.985389210019267,9.0,8.0,8.5,1369.0,1371.0,1370.0,拉伸,,估计同步待核验
XY_Y-10-1-01,1419,13.995184971098265,8.0,8.0,8.0,1368.0,1370.0,1369.0,拉伸,,估计同步待核验
XY_Y-10-1-01,1420,14.004980732177264,8.0,8.0,8.0,1367.0,1370.0,1368.5,拉伸,,估计同步待核验
XY_Y-10-1-01,1421,14.014776493256262,9.0,8.0,8.5,1366.0,1369.0,1367.5,拉伸,,估计同步待核验
XY_Y-10-1-01,1422,14.02457225433526,7.0,8.0,7.5,1365.0,1368.0,1366.5,拉伸,,估计同步待核验
XY_Y-10-1-01,1423,14.034368015414257,9.0,8.0,8.5,1365.0,1367.0,1366.0,拉伸,,估计同步待核验
XY_Y-10-1-01,1424,14.044163776493257,7.0,8.0,7.5,1363.0,1366.0,1364.5,拉伸,,估计同步待核验
XY_Y-10-1-01,1425,14.053959537572254,10.0,8.0,9.0,1363.0,1366.0,1364.5,拉伸,,估计同步待核验
XY_Y-10-1-01,1426,14.063755298651252,7.734104046245372,8.0,7.867052023122686,1362.2447013487485,1365.2447013487485,1363.7447013487485,拉伸,,估计同步待核验
XY_Y-10-1-01,1427,14.073551059730251,7.0,8.0,7.5,1362.0,1365.0,1363.5,拉伸,,估计同步待核验
XY_Y-10-1-01,1428,14.083346820809249,9.0,8.0,8.5,1362.0,1364.0,1363.0,拉伸,,估计同步待核验
XY_Y-10-1-01,1429,14.093142581888246,8.0,8.0,8.0,1361.0,1363.0,1362.0,拉伸,,估计同步待核验
XY_Y-10-1-01,1430,14.102938342967244,8.0,8.0,8.0,1360.0,1362.0,1361.0,拉伸,,估计同步待核验
XY_Y-10-1-01,1431,14.112734104046243,8.0,7.0,7.5,1359.0,1361.0,1360.0,拉伸,,估计同步待核验
XY_Y-10-1-01,1432,14.122529865125241,7.0,8.0,7.5,1358.0,1360.0,1359.0,拉伸,,估计同步待核验
XY_Y-10-1-01,1433,14.132325626204238,9.0,7.0,8.0,1357.0,1360.0,1358.5,拉伸,,估计同步待核验
XY_Y-10-1-01,1434,14.142121387283236,7.0,8.0,7.5,1356.0,1359.0,1357.5,拉伸,,估计同步待核验
XY_Y-10-1-01,1435,14.151917148362235,7.0,8.0,7.5,1356.0,1359.0,1357.5,拉伸,,估计同步待核验
XY_Y-10-1-01,1436,14.161712909441233,9.0,8.0,8.5,1356.0,1358.0,1357.0,拉伸,,估计同步待核验
XY_Y-10-1-01,1437,14.17150867052023,7.0,8.0,7.5,1354.0,1357.0,1355.5,拉伸,,估计同步待核验
XY_Y-10-1-01,1438,14.18130443159923,9.0,8.0,8.5,1354.0,1356.0,1355.0,拉伸,,估计同步待核验
XY_Y-10-1-01,1439,14.191100192678228,7.0,8.0,7.5,1353.0,1355.0,1354.0,拉伸,,估计同步待核验
XY_Y-10-1-01,1440,14.200895953757225,9.0,8.0,8.5,1352.0,1355.0,1353.5,拉伸,,估计同步待核验
XY_Y-10-1-01,1441,14.210691714836223,8.0,8.0,8.0,1352.0,1354.0,1353.0,拉伸,,估计同步待核验
XY_Y-10-1-01,1442,14.220487475915222,8.0,8.0,8.0,1351.0,1353.0,1352.0,拉伸,,估计同步待核验
XY_Y-10-1-01,1443,14.23028323699422,9.0,8.0,8.5,1350.0,1353.0,1351.5,拉伸,,估计同步待核验
XY_Y-10-1-01,1444,14.240078998073217,7.0,8.0,7.5,1349.0,1352.0,1350.5,拉伸,,估计同步待核验
XY_Y-10-1-01,1445,14.249874759152217,7.0,8.0,7.5,1349.0,1352.0,1350.5,拉伸,,估计同步待核验
XY_Y-10-1-01,1446,14.259670520231214,9.0,8.0,8.5,1348.0,1351.0,1349.5,拉伸,,估计同步待核验
XY_Y-10-1-01,1447,14.269466281310212,6.0,8.0,7.0,1347.0,1350.0,1348.5,拉伸,,估计同步待核验
XY_Y-10-1-01,1448,14.27926204238921,9.0,8.0,8.5,1346.0,1348.0,1347.0,拉伸,,估计同步待核验
XY_Y-10-1-01,1449,14.289057803468209,7.0,8.0,7.5,1345.0,1347.0,1346.0,拉伸,,估计同步待核验
XY_Y-10-1-01,1450,14.298853564547207,9.0,8.0,8.5,1344.0,1346.0,1345.0,拉伸,,估计同步待核验
XY_Y-10-1-01,1451,14.308649325626204,8.0,8.0,8.0,1343.0,1345.0,1344.0,拉伸,,估计同步待核验
XY_Y-10-1-01,1452,14.318445086705204,8.0,8.0,8.0,1342.0,1345.0,1343.5,拉伸,,估计同步待核验
XY_Y-10-1-01,1453,14.328240847784201,8.0,8.0,8.0,1342.0,1344.0,1343.0,拉伸,,估计同步待核验
XY_Y-10-1-01,1454,14.338036608863199,7.9633911368004835,8.0,7.981695568400242,1341.9633911368005,1343.9633911368005,1342.9633911368005,拉伸,,估计同步待核验
XY_Y-10-1-01,1455,14.347832369942196,7.0,8.0,7.5,1341.0,1343.0,1342.0,拉伸,,估计同步待核验
XY_Y-10-1-01,1456,14.357628131021194,9.0,8.0,8.5,1340.0,1342.0,1341.0,拉伸,,估计同步待核验
XY_Y-10-1-01,1457,14.367423892100192,7.0,8.0,7.5,1339.0,1341.0,1340.0,拉伸,,估计同步待核验
XY_Y-10-1-01,1458,14.37721965317919,9.0,8.0,8.5,1338.0,1340.0,1339.0,拉伸,,估计同步待核验
XY_Y-10-1-01,1459,14.387015414258187,7.0,8.0,7.5,1337.0,1339.0,1338.0,拉伸,,估计同步待核验
XY_Y-10-1-01,1460,14.396811175337186,9.0,8.0,8.5,1336.0,1338.0,1337.0,拉伸,,估计同步待核验
XY_Y-10-1-01,1461,14.406606936416184,7.0,8.0,7.5,1335.0,1337.0,1336.0,拉伸,,估计同步待核验
XY_Y-10-1-01,1462,14.416402697495181,9.0,8.0,8.5,1334.0,1336.0,1335.0,拉伸,,估计同步待核验
XY_Y-10-1-01,1463,14.42619845857418,8.801541425819341,8.0,8.40077071290967,1333.8015414258193,1335.8015414258193,1334.8015414258193,拉伸,,估计同步待核验
XY_Y-10-1-01,1464,14.435994219653178,8.0,8.0,8.0,1333.0,1335.0,1334.0,拉伸,,估计同步待核验
XY_Y-10-1-01,1465,14.445789980732176,8.0,8.0,8.0,1332.0,1334.0,1333.0,拉伸,,估计同步待核验
XY_Y-10-1-01,1466,14.455585741811174,9.0,7.0,8.0,1331.0,1333.0,1332.0,拉伸,,估计同步待核验
XY_Y-10-1-01,1467,14.465381502890173,7.0,8.0,7.5,1329.0,1332.0,1330.5,拉伸,,估计同步待核验
XY_Y-10-1-01,1468,14.47517726396917,9.0,7.0,8.0,1328.0,1330.0,1329.0,拉伸,,估计同步待核验
XY_Y-10-1-01,1469,14.484973025048168,7.0,8.0,7.5,1327.0,1329.0,1328.0,拉伸,,估计同步待核验
XY_Y-10-1-01,1470,14.494768786127167,9.0,7.0,8.0,1326.0,1329.0,1327.5,拉伸,,估计同步待核验
XY_Y-10-1-01,1471,14.504564547206165,7.0,8.0,7.5,1325.0,1328.0,1326.5,拉伸,,估计同步待核验
XY_Y-10-1-01,1472,14.514360308285163,7.720616570325745,8.0,7.860308285162873,1324.6396917148372,1327.6396917148372,1326.1396917148372,拉伸,,估计同步待核验
XY_Y-10-1-01,1473,14.52415606936416,9.0,8.0,8.5,1324.0,1327.0,1325.5,拉伸,,估计同步待核验
XY_Y-10-1-01,1474,14.53395183044316,8.0,8.0,8.0,1323.0,1325.0,1324.0,拉伸,,估计同步待核验
XY_Y-10-1-01,1475,14.543747591522157,8.0,8.0,8.0,1322.0,1324.0,1323.0,拉伸,,估计同步待核验
XY_Y-10-1-01,1476,14.553543352601155,8.0,8.0,8.0,1321.0,1323.0,1322.0,拉伸,,估计同步待核验
XY_Y-10-1-01,1477,14.563339113680154,7.0,8.0,7.5,1319.0,1322.0,1320.5,拉伸,,估计同步待核验
XY_Y-10-1-01,1478,14.573134874759152,9.0,8.0,8.5,1319.0,1321.0,1320.0,拉伸,,估计同步待核验
XY_Y-10-1-01,1479,14.58293063583815,7.0,8.0,7.5,1317.0,1320.0,1318.5,拉伸,,估计同步待核验
XY_Y-10-1-01,1480,14.592726396917147,10.0,8.0,9.0,1316.0,1319.0,1317.5,拉伸,,估计同步待核验
XY_Y-10-1-01,1481,14.602522157996146,8.433526011560899,8.0,8.21676300578045,1315.4778420038535,1317.9556840077073,1316.7167630057804,拉伸,,估计同步待核验
XY_Y-10-1-01,1482,14.612317919075144,7.0,8.0,7.5,1315.0,1317.0,1316.0,拉伸,,估计同步待核验
XY_Y-10-1-01,1483,14.622113680154142,9.0,8.0,8.5,1314.0,1316.0,1315.0,拉伸,,估计同步待核验
XY_Y-10-1-01,1484,14.631909441233141,7.0,8.0,7.5,1313.0,1315.0,1314.0,拉伸,,估计同步待核验
XY_Y-10-1-01,1485,14.641705202312139,9.0,8.0,8.5,1311.0,1313.0,1312.0,拉伸,,估计同步待核验
XY_Y-10-1-01,1486,14.651500963391136,8.0,8.0,8.0,1310.0,1312.0,1311.0,拉伸,,估计同步待核验
XY_Y-10-1-01,1487,14.661296724470134,8.0,8.0,8.0,1309.0,1311.0,1310.0,拉伸,,估计同步待核验
XY_Y-10-1-01,1488,14.671092485549133,9.0,8.0,8.5,1308.0,1309.0,1308.5,拉伸,,估计同步待核验
XY_Y-10-1-01,1489,14.68088824662813,7.0,8.0,7.5,1306.0,1308.0,1307.0,拉伸,,估计同步待核验
XY_Y-10-1-01,1490,14.690684007707128,9.052023121384018,8.0,8.526011560692009,1306.0,1307.315992292872,1306.6579961464358,拉伸,,估计同步待核验
XY_Y-10-1-01,1491,14.700479768786126,10.0,8.0,9.0,1306.0,1307.0,1306.5,拉伸,,估计同步待核验
XY_Y-10-1-01,1492,14.710275529865125,7.0,8.0,7.5,1304.0,1306.0,1305.0,拉伸,,估计同步待核验
XY_Y-10-1-01,1493,14.720071290944123,9.0,8.0,8.5,1303.0,1305.0,1304.0,拉伸,,估计同步待核验
XY_Y-10-1-01,1494,14.72986705202312,7.0,8.0,7.5,1302.0,1304.0,1303.0,拉伸,,估计同步待核验
XY_Y-10-1-01,1495,14.73966281310212,9.0,8.0,8.5,1301.0,1303.0,1302.0,拉伸,,估计同步待核验
XY_Y-10-1-01,1496,14.749458574181117,8.0,8.0,8.0,1300.0,1302.0,1301.0,拉伸,,估计同步待核验
XY_Y-10-1-01,1497,14.759254335260115,8.0,8.0,8.0,1299.0,1301.0,1300.0,拉伸,,估计同步待核验
XY_Y-10-1-01,1498,14.769050096339113,8.0,8.0,8.0,1298.0,1300.0,1299.0,拉伸,,估计同步待核验
XY_Y-10-1-01,1499,14.778845857418112,8.0,8.0,8.0,1298.0,1300.0,1299.0,拉伸,,估计同步待核验
XY_Y-10-1-01,1500,14.78864161849711,7.0,8.0,7.5,1296.0,1299.0,1297.5,拉伸,,估计同步待核验
XY_Y-10-1-01,1501,14.798437379576107,9.0,8.0,8.5,1295.0,1298.0,1296.5,拉伸,,估计同步待核验
XY_Y-10-1-01,1502,14.808233140655107,7.0,8.0,7.5,1294.0,1296.0,1295.0,拉伸,,估计同步待核验
XY_Y-10-1-01,1503,14.818028901734104,9.0,8.0,8.5,1293.0,1295.0,1294.0,拉伸,,估计同步待核验
XY_Y-10-1-01,1504,14.827824662813102,7.0,8.0,7.5,1291.0,1293.0,1292.0,拉伸,,估计同步待核验
XY_Y-10-1-01,1505,14.8376204238921,9.0,8.0,8.5,1291.0,1292.0,1291.5,拉伸,,估计同步待核验
XY_Y-10-1-01,1506,14.847416184971099,7.0,8.0,7.5,1290.0,1291.0,1290.5,拉伸,,估计同步待核验
XY_Y-10-1-01,1507,14.857211946050096,8.0,8.0,8.0,1289.0,1290.0,1289.5,拉伸,,估计同步待核验
XY_Y-10-1-01,1508,14.867007707129094,8.0,8.0,8.0,1288.0,1289.0,1288.5,拉伸,,估计同步待核验
XY_Y-10-1-01,1509,14.876803468208093,8.0,8.0,8.0,1288.0,1289.0,1288.5,拉伸,,估计同步待核验
XY_Y-10-1-01,1510,14.886599229287091,8.0,8.0,8.0,1286.0,1288.0,1287.0,拉伸,,估计同步待核验
XY_Y-10-1-01,1511,14.896394990366089,9.0,8.0,8.5,1285.0,1287.0,1286.0,拉伸,,估计同步待核验
XY_Y-10-1-01,1512,14.906190751445086,7.0,8.0,7.5,1284.0,1286.0,1285.0,拉伸,,估计同步待核验
XY_Y-10-1-01,1513,14.915986512524086,9.0,8.0,8.5,1283.0,1285.0,1284.0,拉伸,,估计同步待核验
XY_Y-10-1-01,1514,14.925782273603083,7.0,8.0,7.5,1282.0,1284.0,1283.0,拉伸,,估计同步待核验
XY_Y-10-1-01,1515,14.93557803468208,9.0,8.0,8.5,1281.0,1284.0,1282.5,拉伸,,估计同步待核验
XY_Y-10-1-01,1516,14.945373795761078,7.0,8.0,7.5,1280.0,1282.0,1281.0,拉伸,,估计同步待核验
XY_Y-10-1-01,1517,14.955169556840078,9.0,8.0,8.5,1279.0,1281.0,1280.0,拉伸,,估计同步待核验
XY_Y-10-1-01,1518,14.964965317919075,9.0,8.0,8.5,1279.0,1281.0,1280.0,拉伸,,估计同步待核验
XY_Y-10-1-01,1519,14.974761078998073,8.0,8.0,8.0,1278.0,1280.0,1279.0,拉伸,,估计同步待核验
XY_Y-10-1-01,1520,14.984556840077072,8.0,8.0,8.0,1277.0,1279.0,1278.0,拉伸,,估计同步待核验
XY_Y-10-1-01,1521,14.99435260115607,9.0,8.0,8.5,1276.0,1278.0,1277.0,拉伸,,估计同步待核验
XY_Y-10-1-01,1522,15.004148362235068,7.0,8.0,7.5,1275.0,1277.0,1276.0,拉伸,,估计同步待核验
XY_Y-10-1-01,1523,15.013944123314065,9.0,8.0,8.5,1274.0,1276.0,1275.0,拉伸,,估计同步待核验
XY_Y-10-1-01,1524,15.023739884393063,7.0,8.0,7.5,1272.0,1275.0,1273.5,拉伸,,估计同步待核验
XY_Y-10-1-01,1525,15.03353564547206,9.0,8.0,8.5,1272.0,1274.0,1273.0,拉伸,,估计同步待核验
XY_Y-10-1-01,1526,15.043331406551058,7.0,8.0,7.5,1270.0,1272.0,1271.0,拉伸,,估计同步待核验
XY_Y-10-1-01,1527,15.053127167630057,7.254335260113122,8.0,7.627167630056562,1269.8728323699434,1272.0,1270.9364161849717,拉伸,,估计同步待核验
XY_Y-10-1-01,1528,15.062922928709055,9.0,8.0,8.5,1269.0,1272.0,1270.5,拉伸,,估计同步待核验
XY_Y-10-1-01,1529,15.072718689788053,7.0,8.0,7.5,1268.0,1270.0,1269.0,拉伸,,估计同步待核验
XY_Y-10-1-01,1530,15.08251445086705,8.0,8.0,8.0,1267.0,1269.0,1268.0,拉伸,,估计同步待核验
XY_Y-10-1-01,1531,15.09231021194605,8.0,8.0,8.0,1266.0,1268.0,1267.0,拉伸,,估计同步待核验
XY_Y-10-1-01,1532,15.102105973025047,8.0,8.0,8.0,1265.0,1268.0,1266.5,拉伸,,估计同步待核验
XY_Y-10-1-01,1533,15.111901734104045,9.0,8.0,8.5,1264.0,1267.0,1265.5,拉伸,,估计同步待核验
XY_Y-10-1-01,1534,15.121697495183044,7.0,8.0,7.5,1263.0,1265.0,1264.0,拉伸,,估计同步待核验
XY_Y-10-1-01,1535,15.131493256262042,9.0,8.0,8.5,1262.0,1264.0,1263.0,拉伸,,估计同步待核验
XY_Y-10-1-01,1536,15.14128901734104,8.42196531792117,8.0,8.210982658960585,1261.4219653179211,1264.0,1262.7109826589606,拉伸,,估计同步待核验
XY_Y-10-1-01,1537,15.151084778420037,7.0,8.0,7.5,1260.0,1264.0,1262.0,拉伸,,估计同步待核验
XY_Y-10-1-01,1538,15.160880539499036,9.0,8.0,8.5,1260.0,1263.0,1261.5,拉伸,,估计同步待核验
XY_Y-10-1-01,1539,15.170676300578034,7.0,8.0,7.5,1259.0,1262.0,1260.5,拉伸,,估计同步待核验
XY_Y-10-1-01,1540,15.180472061657031,9.0,8.0,8.5,1258.0,1261.0,1259.5,拉伸,,估计同步待核验
XY_Y-10-1-01,1541,15.19026782273603,8.0,8.0,8.0,1257.0,1260.0,1258.5,拉伸,,估计同步待核验
XY_Y-10-1-01,1542,15.200063583815028,8.0,8.0,8.0,1256.0,1258.0,1257.0,拉伸,,估计同步待核验
XY_Y-10-1-01,1543,15.209859344894026,9.0,7.0,8.0,1255.0,1257.0,1256.0,拉伸,,估计同步待核验
XY_Y-10-1-01,1544,15.219655105973024,7.0,8.0,7.5,1254.0,1256.0,1255.0,拉伸,,估计同步待核验
XY_Y-10-1-01,1545,15.229450867052023,7.901734104046489,7.549132947976755,7.7254335260116225,1253.5491329479767,1255.5491329479767,1254.5491329479767,拉伸,,估计同步待核验
XY_Y-10-1-01,1546,15.23924662813102,9.0,7.0,8.0,1253.0,1255.0,1254.0,拉伸,,估计同步待核验
XY_Y-10-1-01,1547,15.249042389210018,7.0,8.0,7.5,1252.0,1254.0,1253.0,拉伸,,估计同步待核验
XY_Y-10-1-01,1548,15.258838150289016,10.0,7.0,8.5,1251.0,1254.0,1252.5,拉伸,,估计同步待核验
XY_Y-10-1-01,1549,15.268633911368015,7.0,8.0,7.5,1250.0,1253.0,1251.5,拉伸,,估计同步待核验
XY_Y-10-1-01,1550,15.278429672447013,9.0,7.0,8.0,1249.0,1252.0,1250.5,拉伸,,估计同步待核验
XY_Y-10-1-01,1551,15.28822543352601,8.0,8.0,8.0,1248.0,1251.0,1249.5,拉伸,,估计同步待核验
XY_Y-10-1-01,1552,15.29802119460501,8.0,8.0,8.0,1247.0,1249.0,1248.0,拉伸,,估计同步待核验
XY_Y-10-1-01,1553,15.307816955684007,8.0,7.0,7.5,1246.0,1248.0,1247.0,拉伸,,估计同步待核验
XY_Y-10-1-01,1554,15.317612716763005,8.0,7.612716763005123,7.8063583815025614,1245.3872832369948,1247.3872832369948,1246.3872832369948,拉伸,,估计同步待核验
XY_Y-10-1-01,1555,15.327408477842003,8.0,8.0,8.0,1245.0,1247.0,1246.0,拉伸,,估计同步待核验
XY_Y-10-1-01,1556,15.337204238921002,9.0,7.0,8.0,1244.0,1246.0,1245.0,拉伸,,估计同步待核验
XY_Y-10-1-01,1557,15.347,7.0,8.0,7.5,1243.0,1245.0,1244.0,拉伸,文件末帧,估计同步待核验
