试样编号,照片帧号,估计时间_s,Fx1力_N,Fx2力_N,Fx平均力_N,Fy1力_N,Fy2力_N,Fy平均力_N,加载类型,事件标签,同步状态
XY_Y-09-0.1-02,0,0.525,8.0,8.0,8.0,31.0,30.0,30.5,拉伸,加载起点,估计同步待核验
XY_Y-09-0.1-02,1,0.6231310307017544,8.0,8.0,8.0,42.131030701754355,41.131030701754355,41.631030701754355,拉伸,,估计同步待核验
XY_Y-09-0.1-02,2,0.7212620614035088,7.0,9.0,8.0,53.0,52.0,52.5,拉伸,,估计同步待核验
XY_Y-09-0.1-02,3,0.8193930921052631,7.0,8.0,7.5,65.0,63.0,64.0,拉伸,,估计同步待核验
XY_Y-09-0.1-02,4,0.9175241228070175,7.0,8.0,7.5,76.0,75.0,75.5,拉伸,,估计同步待核验
XY_Y-09-0.1-02,5,1.015655153508772,7.0,9.0,8.0,88.0,87.0,87.5,拉伸,,估计同步待核验
XY_Y-09-0.1-02,6,1.113786184210526,7.0,8.0,7.5,99.0,99.0,99.0,拉伸,,估计同步待核验
XY_Y-09-0.1-02,7,1.2119172149122805,7.0,8.0,7.5,111.0,110.0,110.5,拉伸,,估计同步待核验
XY_Y-09-0.1-02,8,1.310048245614035,7.0,8.0,7.5,122.0,121.0,121.5,拉伸,,估计同步待核验
XY_Y-09-0.1-02,9,1.4081792763157894,7.0,8.0,7.5,133.0,133.0,133.0,拉伸,,估计同步待核验
XY_Y-09-0.1-02,10,1.5063103070175439,8.0,8.0,8.0,146.0,145.0,145.5,拉伸,,估计同步待核验
XY_Y-09-0.1-02,11,1.6044413377192983,8.0,9.0,8.5,157.0,156.0,156.5,拉伸,,估计同步待核验
XY_Y-09-0.1-02,12,1.7025723684210523,9.0,8.0,8.5,168.0,168.0,168.0,拉伸,,估计同步待核验
XY_Y-09-0.1-02,13,1.8007033991228067,8.40679824561356,8.0,8.203399122806779,178.7033991228068,178.7033991228068,178.7033991228068,拉伸,,估计同步待核验
XY_Y-09-0.1-02,14,1.8988344298245612,7.0,8.0,7.5,190.0,190.0,190.0,拉伸,,估计同步待核验
XY_Y-09-0.1-02,15,1.9969654605263156,7.0,8.0,7.5,201.0,200.0,200.5,拉伸,,估计同步待核验
XY_Y-09-0.1-02,16,2.09509649122807,7.0,8.0,7.5,212.0,211.0,211.5,拉伸,,估计同步待核验
XY_Y-09-0.1-02,17,2.1932275219298245,7.0,8.0,7.5,223.0,223.0,223.0,拉伸,,估计同步待核验
XY_Y-09-0.1-02,18,2.291358552631579,8.0,8.0,8.0,235.0,235.0,235.0,拉伸,,估计同步待核验
XY_Y-09-0.1-02,19,2.389489583333333,8.0,8.0,8.0,246.0,246.0,246.0,拉伸,,估计同步待核验
XY_Y-09-0.1-02,20,2.4876206140350874,8.0,8.0,8.0,258.0,257.0,257.5,拉伸,,估计同步待核验
XY_Y-09-0.1-02,21,2.585751644736842,9.0,8.0,8.5,268.0,268.0,268.0,拉伸,,估计同步待核验
XY_Y-09-0.1-02,22,2.6838826754385963,9.0,8.0,8.5,281.0,280.0,280.5,拉伸,,估计同步待核验
XY_Y-09-0.1-02,23,2.7820137061403503,9.0,8.0,8.5,292.0,292.0,292.0,拉伸,,估计同步待核验
XY_Y-09-0.1-02,24,2.8801447368421047,9.0,8.0,8.5,302.0,302.0,302.0,拉伸,,估计同步待核验
XY_Y-09-0.1-02,25,2.978275767543859,9.0,8.0,8.5,313.0,313.0,313.0,拉伸,,估计同步待核验
XY_Y-09-0.1-02,26,3.0764067982456136,7.813596491227121,8.59320175438644,8.20339912280678,322.81359649122714,322.4067982456136,322.61019736842036,拉伸,,估计同步待核验
XY_Y-09-0.1-02,27,3.174537828947368,7.0,9.0,8.0,333.0,333.0,333.0,拉伸,,估计同步待核验
XY_Y-09-0.1-02,28,3.2726688596491225,8.0,8.0,8.0,345.0,344.0,344.5,拉伸,,估计同步待核验
XY_Y-09-0.1-02,29,3.370799890350877,8.0,8.0,8.0,356.0,356.0,356.0,拉伸,,估计同步待核验
XY_Y-09-0.1-02,30,3.468930921052631,8.0,8.0,8.0,365.0,365.0,365.0,拉伸,,估计同步待核验
XY_Y-09-0.1-02,31,3.567061951754386,9.0,8.0,8.5,377.0,376.0,376.5,拉伸,,估计同步待核验
XY_Y-09-0.1-02,32,3.66519298245614,10.0,8.0,9.0,387.0,387.0,387.0,拉伸,,估计同步待核验
XY_Y-09-0.1-02,33,3.7633240131578947,9.0,8.0,8.5,398.0,398.0,398.0,拉伸,,估计同步待核验
XY_Y-09-0.1-02,34,3.8614550438596487,10.0,8.0,9.0,409.0,409.0,409.0,拉伸,,估计同步待核验
XY_Y-09-0.1-02,35,3.959586074561403,10.0,8.0,9.0,419.0,419.0,419.0,拉伸,,估计同步待核验
XY_Y-09-0.1-02,36,4.0577171052631575,10.0,8.0,9.0,430.0,430.0,430.0,拉伸,,估计同步待核验
XY_Y-09-0.1-02,37,4.155848135964912,9.0,8.0,8.5,440.0,440.0,440.0,拉伸,,估计同步待核验
XY_Y-09-0.1-02,38,4.253979166666666,8.979166666666853,8.0,8.489583333333426,450.97916666666686,450.97916666666686,450.97916666666686,拉伸,,估计同步待核验
XY_Y-09-0.1-02,39,4.352110197368421,8.11019736842061,8.0,8.055098684210305,460.1101973684206,460.1101973684206,460.1101973684206,拉伸,,估计同步待核验
XY_Y-09-0.1-02,40,4.450241228070175,9.0,8.0,8.5,471.0,471.0,471.0,拉伸,,估计同步待核验
XY_Y-09-0.1-02,41,4.54837225877193,9.0,8.0,8.5,481.0,481.0,481.0,拉伸,,估计同步待核验
XY_Y-09-0.1-02,42,4.646503289473684,10.0,8.0,9.0,491.0,490.0,490.5,拉伸,,估计同步待核验
XY_Y-09-0.1-02,43,4.744634320175439,10.0,8.0,9.0,501.0,501.0,501.0,拉伸,,估计同步待核验
XY_Y-09-0.1-02,44,4.842765350877193,9.0,8.0,8.5,512.0,511.0,511.5,拉伸,,估计同步待核验
XY_Y-09-0.1-02,45,4.9408963815789475,10.0,8.0,9.0,522.0,521.0,521.5,拉伸,,估计同步待核验
XY_Y-09-0.1-02,46,5.039027412280701,9.0,8.0,8.5,532.0,532.0,532.0,拉伸,,估计同步待核验
XY_Y-09-0.1-02,47,5.137158442982456,9.0,8.0,8.5,542.0,542.0,542.0,拉伸,,估计同步待核验
XY_Y-09-0.1-02,48,5.23528947368421,8.0,8.0,8.0,552.0,552.0,552.0,拉伸,,估计同步待核验
XY_Y-09-0.1-02,49,5.333420504385965,9.0,8.0,8.5,562.0,562.0,562.0,拉伸,,估计同步待核验
XY_Y-09-0.1-02,50,5.431551535087719,8.0,8.0,8.0,571.0,571.0,571.0,拉伸,,估计同步待核验
XY_Y-09-0.1-02,51,5.529682565789473,8.317434210526883,8.0,8.158717105263442,581.6825657894731,581.3651315789463,581.5238486842097,拉伸,,估计同步待核验
XY_Y-09-0.1-02,52,5.627813596491228,9.0,8.0,8.5,591.0,591.0,591.0,拉伸,,估计同步待核验
XY_Y-09-0.1-02,53,5.725944627192982,10.0,8.0,9.0,601.0,601.0,601.0,拉伸,,估计同步待核验
XY_Y-09-0.1-02,54,5.824075657894737,10.0,8.0,9.0,610.0,610.0,610.0,拉伸,,估计同步待核验
XY_Y-09-0.1-02,55,5.922206688596491,9.0,8.0,8.5,620.0,620.0,620.0,拉伸,,估计同步待核验
XY_Y-09-0.1-02,56,6.0203377192982455,9.0,8.0,8.5,630.0,630.0,630.0,拉伸,,估计同步待核验
XY_Y-09-0.1-02,57,6.11846875,9.0,8.0,8.5,639.0,640.0,639.5,拉伸,,估计同步待核验
XY_Y-09-0.1-02,58,6.216599780701754,9.0,8.0,8.5,649.0,650.0,649.5,拉伸,,估计同步待核验
XY_Y-09-0.1-02,59,6.31473081140351,8.0,8.0,8.0,658.0,659.0,658.5,拉伸,,估计同步待核验
XY_Y-09-0.1-02,60,6.412861842105262,8.0,8.0,8.0,668.0,669.0,668.5,拉伸,,估计同步待核验
XY_Y-09-0.1-02,61,6.510992872807018,7.0,8.0,7.5,679.0,679.0,679.0,拉伸,,估计同步待核验
XY_Y-09-0.1-02,62,6.609123903508772,7.0,8.0,7.5,687.0,688.0,687.5,拉伸,,估计同步待核验
XY_Y-09-0.1-02,63,6.7072549342105265,7.0,8.0,7.5,697.0,698.0,697.5,拉伸,,估计同步待核验
XY_Y-09-0.1-02,64,6.80538596491228,8.2280701754395,8.0,8.11403508771975,706.3859649122802,707.3859649122802,706.8859649122802,拉伸,,估计同步待核验
XY_Y-09-0.1-02,65,6.9035169956140345,9.0,8.0,8.5,715.0,717.0,716.0,拉伸,,估计同步待核验
XY_Y-09-0.1-02,66,7.00164802631579,9.0,8.0,8.5,725.0,725.0,725.0,拉伸,,估计同步待核验
XY_Y-09-0.1-02,67,7.099779057017544,9.0,8.0,8.5,734.0,734.0,734.0,拉伸,,估计同步待核验
XY_Y-09-0.1-02,68,7.197910087719298,9.0,8.0,8.5,744.0,744.0,744.0,拉伸,,估计同步待核验
XY_Y-09-0.1-02,69,7.296041118421052,8.0,8.0,8.0,753.0,753.0,753.0,拉伸,,估计同步待核验
XY_Y-09-0.1-02,70,7.394172149122807,7.0,8.0,7.5,763.0,763.0,763.0,拉伸,,估计同步待核验
XY_Y-09-0.1-02,71,7.492303179824562,7.0,8.0,7.5,771.0,772.0,771.5,拉伸,,估计同步待核验
XY_Y-09-0.1-02,72,7.590434210526316,7.0,8.0,7.5,781.0,782.0,781.5,拉伸,,估计同步待核验
XY_Y-09-0.1-02,73,7.68856524122807,7.0,8.0,7.5,791.0,792.0,791.5,拉伸,,估计同步待核验
XY_Y-09-0.1-02,74,7.7866962719298245,7.0,9.0,8.0,800.0,801.0,800.5,拉伸,,估计同步待核验
XY_Y-09-0.1-02,75,7.884827302631579,7.0,8.0,7.5,809.0,809.0,809.0,拉伸,,估计同步待核验
XY_Y-09-0.1-02,76,7.9829583333333325,7.0833333333343695,8.0,7.541666666667185,817.9583333333328,818.0,817.9791666666664,拉伸,,估计同步待核验
XY_Y-09-0.1-02,77,8.081089364035087,7.910635964912696,8.0,7.955317982456348,826.0893640350873,826.0893640350873,826.0893640350873,拉伸,,估计同步待核验
XY_Y-09-0.1-02,78,8.179220394736841,8.0,8.0,8.0,836.0,836.0,836.0,拉伸,,估计同步待核验
XY_Y-09-0.1-02,79,8.277351425438596,8.0,8.0,8.0,844.0,844.0,844.0,拉伸,,估计同步待核验
XY_Y-09-0.1-02,80,8.37548245614035,7.0,8.0,7.5,853.0,854.0,853.5,拉伸,,估计同步待核验
XY_Y-09-0.1-02,81,8.473613486842105,7.0,8.0,7.5,862.0,864.0,863.0,拉伸,,估计同步待核验
XY_Y-09-0.1-02,82,8.57174451754386,7.0,8.0,7.5,871.0,872.0,871.5,拉伸,,估计同步待核验
XY_Y-09-0.1-02,83,8.669875548245614,7.0,8.0,7.5,879.0,880.0,879.5,拉伸,,估计同步待核验
XY_Y-09-0.1-02,84,8.768006578947368,7.0,8.0,7.5,888.0,890.0,889.0,拉伸,,估计同步待核验
XY_Y-09-0.1-02,85,8.866137609649122,7.0,8.0,7.5,897.0,898.0,897.5,拉伸,,估计同步待核验
XY_Y-09-0.1-02,86,8.964268640350877,7.0,8.0,7.5,906.0,907.0,906.5,拉伸,,估计同步待核验
XY_Y-09-0.1-02,87,9.062399671052631,8.0,8.0,8.0,915.0,916.0,915.5,拉伸,,估计同步待核验
XY_Y-09-0.1-02,88,9.160530701754386,8.0,8.0,8.0,923.0,924.0,923.5,拉伸,,估计同步待核验
XY_Y-09-0.1-02,89,9.25866173245614,8.323464912280574,8.0,8.161732456140287,931.6617324561403,932.6617324561403,932.1617324561403,拉伸,,估计同步待核验
XY_Y-09-0.1-02,90,9.356792763157895,7.0,8.0,7.5,939.0,940.0,939.5,拉伸,,估计同步待核验
XY_Y-09-0.1-02,91,9.454923793859649,7.0,8.0,7.5,948.0,949.0,948.5,拉伸,,估计同步待核验
XY_Y-09-0.1-02,92,9.553054824561402,7.0,8.0,7.5,957.0,957.0,957.0,拉伸,,估计同步待核验
XY_Y-09-0.1-02,93,9.651185855263158,7.0,8.0,7.5,964.0,966.0,965.0,拉伸,,估计同步待核验
XY_Y-09-0.1-02,94,9.749316885964912,7.0,8.0,7.5,972.0,973.0,972.5,拉伸,,估计同步待核验
XY_Y-09-0.1-02,95,9.847447916666667,7.0,8.0,7.5,982.0,983.0,982.5,拉伸,,估计同步待核验
XY_Y-09-0.1-02,96,9.94557894736842,8.0,8.0,8.0,989.0,991.0,990.0,拉伸,,估计同步待核验
XY_Y-09-0.1-02,97,10.043709978070174,8.0,8.0,8.0,998.0,999.0,998.5,拉伸,,估计同步待核验
XY_Y-09-0.1-02,98,10.14184100877193,8.0,8.0,8.0,1005.0,1007.0,1006.0,拉伸,,估计同步待核验
XY_Y-09-0.1-02,99,10.239972039473685,9.0,8.0,8.5,1014.0,1014.0,1014.0,拉伸,,估计同步待核验
XY_Y-09-0.1-02,100,10.338103070175437,9.0,8.0,8.5,1022.0,1023.0,1022.5,拉伸,,估计同步待核验
XY_Y-09-0.1-02,101,10.436234100877192,9.0,8.0,8.5,1029.0,1030.0,1029.5,拉伸,,估计同步待核验
XY_Y-09-0.1-02,102,10.534365131578946,8.095394736837005,8.0,8.047697368418502,1036.3651315789457,1037.3651315789457,1036.8651315789457,拉伸,,估计同步待核验
XY_Y-09-0.1-02,103,10.632496162280702,7.0,8.0,7.5,1044.0,1045.0,1044.5,拉伸,,估计同步待核验
XY_Y-09-0.1-02,104,10.730627192982455,7.0,8.0,7.5,1051.0,1053.0,1052.0,拉伸,,估计同步待核验
XY_Y-09-0.1-02,105,10.82875822368421,8.0,8.0,8.0,1059.0,1060.0,1059.5,拉伸,,估计同步待核验
XY_Y-09-0.1-02,106,10.926889254385964,8.0,8.0,8.0,1066.0,1068.0,1067.0,拉伸,,估计同步待核验
XY_Y-09-0.1-02,107,11.025020285087718,8.0,8.0,8.0,1074.0,1075.0,1074.5,拉伸,,估计同步待核验
XY_Y-09-0.1-02,108,11.123151315789473,9.0,8.0,8.5,1081.0,1083.0,1082.0,拉伸,,估计同步待核验
XY_Y-09-0.1-02,109,11.221282346491227,9.0,8.0,8.5,1088.0,1089.0,1088.5,拉伸,,估计同步待核验
XY_Y-09-0.1-02,110,11.319413377192982,9.0,8.0,8.5,1095.0,1096.0,1095.5,拉伸,,估计同步待核验
XY_Y-09-0.1-02,111,11.417544407894736,10.0,8.0,9.0,1103.0,1104.0,1103.5,拉伸,,估计同步待核验
XY_Y-09-0.1-02,112,11.51567543859649,9.0,8.0,8.5,1110.0,1111.0,1110.5,拉伸,,估计同步待核验
XY_Y-09-0.1-02,113,11.613806469298245,9.0,8.0,8.5,1116.0,1118.0,1117.0,拉伸,,估计同步待核验
XY_Y-09-0.1-02,114,11.7119375,8.937499999999666,8.0,8.468749999999833,1122.9374999999998,1124.0,1123.46875,拉伸,,估计同步待核验
XY_Y-09-0.1-02,115,11.810068530701754,8.068530701753426,8.0,8.034265350876712,1129.0685307017534,1130.0685307017534,1129.5685307017534,拉伸,,估计同步待核验
XY_Y-09-0.1-02,116,11.908199561403508,8.0,8.0,8.0,1135.0,1137.0,1136.0,拉伸,,估计同步待核验
XY_Y-09-0.1-02,117,12.006330592105263,9.0,8.0,8.5,1142.0,1143.0,1142.5,拉伸,,估计同步待核验
XY_Y-09-0.1-02,118,12.104461622807019,9.0,8.0,8.5,1148.0,1150.0,1149.0,拉伸,,估计同步待核验
XY_Y-09-0.1-02,119,12.20259265350877,9.0,8.0,8.5,1155.0,1156.0,1155.5,拉伸,,估计同步待核验
XY_Y-09-0.1-02,120,12.300723684210524,10.0,8.0,9.0,1162.0,1162.0,1162.0,拉伸,,估计同步待核验
XY_Y-09-0.1-02,121,12.39885471491228,9.0,8.0,8.5,1167.0,1168.0,1167.5,拉伸,,估计同步待核验
XY_Y-09-0.1-02,122,12.496985745614035,9.0,8.0,8.5,1173.0,1174.0,1173.5,拉伸,,估计同步待核验
XY_Y-09-0.1-02,123,12.59511677631579,9.0,8.0,8.5,1179.0,1180.0,1179.5,拉伸,,估计同步待核验
XY_Y-09-0.1-02,124,12.693247807017544,9.0,8.0,8.5,1185.0,1186.0,1185.5,拉伸,,估计同步待核验
XY_Y-09-0.1-02,125,12.791378837719298,9.0,8.0,8.5,1191.0,1193.0,1192.0,拉伸,,估计同步待核验
XY_Y-09-0.1-02,126,12.889509868421053,8.0,8.0,8.0,1197.0,1198.0,1197.5,拉伸,,估计同步待核验
XY_Y-09-0.1-02,127,12.987640899122805,8.0,8.0,8.0,1202.0,1204.0,1203.0,拉伸,,估计同步待核验
XY_Y-09-0.1-02,128,13.08577192982456,9.0,8.0,8.5,1207.0,1209.0,1208.0,拉伸,,估计同步待核验
XY_Y-09-0.1-02,129,13.183902960526314,9.0,8.0,8.5,1213.0,1214.0,1213.5,拉伸,,估计同步待核验
XY_Y-09-0.1-02,130,13.282033991228069,9.0,7.0,8.0,1218.0,1220.0,1219.0,拉伸,,估计同步待核验
XY_Y-09-0.1-02,131,13.380165021929825,9.0,8.0,8.5,1224.0,1225.0,1224.5,拉伸,,估计同步待核验
XY_Y-09-0.1-02,132,13.47829605263158,9.0,8.0,8.5,1229.0,1230.0,1229.5,拉伸,,估计同步待核验
XY_Y-09-0.1-02,133,13.576427083333334,9.0,8.0,8.5,1234.0,1236.0,1235.0,拉伸,,估计同步待核验
XY_Y-09-0.1-02,134,13.674558114035088,9.0,8.0,8.5,1239.0,1240.0,1239.5,拉伸,,估计同步待核验
XY_Y-09-0.1-02,135,13.772689144736841,8.0,8.0,8.0,1243.0,1246.0,1244.5,拉伸,,估计同步待核验
XY_Y-09-0.1-02,136,13.870820175438595,8.0,8.0,8.0,1248.0,1250.0,1249.0,拉伸,,估计同步待核验
XY_Y-09-0.1-02,137,13.96895120614035,8.0,8.0,8.0,1253.0,1255.0,1254.0,拉伸,,估计同步待核验
XY_Y-09-0.1-02,138,14.067082236842104,7.0,8.0,7.5,1257.0,1258.0,1257.5,拉伸,,估计同步待核验
XY_Y-09-0.1-02,139,14.165213267543859,7.0,8.0,7.5,1262.0,1264.0,1263.0,拉伸,,估计同步待核验
XY_Y-09-0.1-02,140,14.263344298245613,7.0,8.0,7.5,1266.0,1268.0,1267.0,拉伸,,估计同步待核验
XY_Y-09-0.1-02,141,14.361475328947368,8.049342105265664,8.0,8.024671052632833,1271.0,1273.0,1272.0,拉伸,,估计同步待核验
XY_Y-09-0.1-02,142,14.459606359649124,9.0,8.0,8.5,1275.0,1276.0,1275.5,拉伸,,估计同步待核验
XY_Y-09-0.1-02,143,14.557737390350875,9.0,8.0,8.5,1279.0,1280.0,1279.5,拉伸,,估计同步待核验
XY_Y-09-0.1-02,144,14.65586842105263,8.0,7.0,7.5,1282.0,1284.0,1283.0,拉伸,,估计同步待核验
XY_Y-09-0.1-02,145,14.753999451754385,8.0,8.0,8.0,1286.0,1288.0,1287.0,拉伸,,估计同步待核验
XY_Y-09-0.1-02,146,14.85213048245614,8.0,8.0,8.0,1290.0,1292.0,1291.0,拉伸,,估计同步待核验
XY_Y-09-0.1-02,147,14.950261513157894,7.0,8.0,7.5,1293.0,1295.0,1294.0,拉伸,,估计同步待核验
XY_Y-09-0.1-02,148,15.048392543859649,7.0,8.0,7.5,1297.0,1299.0,1298.0,拉伸,,估计同步待核验
XY_Y-09-0.1-02,149,15.146523574561403,7.0,8.0,7.5,1301.0,1302.0,1301.5,拉伸,,估计同步待核验
XY_Y-09-0.1-02,150,15.244654605263158,7.0,8.0,7.5,1304.0,1306.0,1305.0,拉伸,,估计同步待核验
XY_Y-09-0.1-02,151,15.34278563596491,7.0,8.0,7.5,1307.0,1309.0,1308.0,拉伸,,估计同步待核验
XY_Y-09-0.1-02,152,15.440916666666665,7.0,8.0,7.5,1311.0,1313.0,1312.0,拉伸,,估计同步待核验
XY_Y-09-0.1-02,153,15.539047697368419,8.0,8.0,8.0,1313.0,1315.0,1314.0,拉伸,,估计同步待核验
XY_Y-09-0.1-02,154,15.637178728070174,8.0,8.0,8.0,1316.0,1318.0,1317.0,拉伸,,估计同步待核验
XY_Y-09-0.1-02,155,15.73530975877193,7.0,8.0,7.5,1318.0,1320.0,1319.0,拉伸,,估计同步待核验
XY_Y-09-0.1-02,156,15.833440789473684,7.0,8.0,7.5,1321.0,1323.0,1322.0,拉伸,,估计同步待核验
XY_Y-09-0.1-02,157,15.931571820175439,7.0,8.0,7.5,1324.0,1325.0,1324.5,拉伸,,估计同步待核验
XY_Y-09-0.1-02,158,16.029702850877193,7.0,8.0,7.5,1326.0,1328.0,1327.0,拉伸,,估计同步待核验
XY_Y-09-0.1-02,159,16.127833881578944,7.0,8.0,7.5,1329.0,1330.0,1329.5,拉伸,,估计同步待核验
XY_Y-09-0.1-02,160,16.2259649122807,7.0,8.0,7.5,1330.0,1332.0,1331.0,拉伸,,估计同步待核验
XY_Y-09-0.1-02,161,16.324095942982453,7.0,8.0,7.5,1333.0,1334.0,1333.5,拉伸,,估计同步待核验
XY_Y-09-0.1-02,162,16.422226973684207,8.0,8.0,8.0,1334.0,1336.0,1335.0,拉伸,,估计同步待核验
XY_Y-09-0.1-02,163,16.52035800438596,8.0,8.0,8.0,1337.0,1339.0,1338.0,拉伸,,估计同步待核验
XY_Y-09-0.1-02,164,16.618489035087716,8.0,8.0,8.0,1338.0,1340.0,1339.0,拉伸,,估计同步待核验
XY_Y-09-0.1-02,165,16.71662006578947,9.0,8.0,8.5,1340.0,1342.0,1341.0,拉伸,,估计同步待核验
XY_Y-09-0.1-02,166,16.814751096491225,8.502192982448076,8.0,8.251096491224038,1341.751096491224,1343.0,1342.375548245612,拉伸,,估计同步待核验
XY_Y-09-0.1-02,167,16.91288212719298,7.0,8.0,7.5,1343.0,1345.0,1344.0,拉伸,,估计同步待核验
XY_Y-09-0.1-02,168,17.011013157894734,7.0,8.0,7.5,1344.0,1345.0,1344.5,拉伸,,估计同步待核验
XY_Y-09-0.1-02,169,17.10914418859649,7.0,8.0,7.5,1345.0,1347.0,1346.0,拉伸,,估计同步待核验
XY_Y-09-0.1-02,170,17.207275219298243,7.0,8.0,7.5,1346.0,1348.0,1347.0,拉伸,,估计同步待核验
XY_Y-09-0.1-02,171,17.305406249999997,7.0,8.0,7.5,1348.0,1350.0,1349.0,拉伸,,估计同步待核验
XY_Y-09-0.1-02,172,17.40353728070175,8.0,8.0,8.0,1348.0,1350.0,1349.0,拉伸,,估计同步待核验
XY_Y-09-0.1-02,173,17.501668311403506,9.0,8.0,8.5,1349.0,1351.0,1350.0,拉伸,,估计同步待核验
XY_Y-09-0.1-02,174,17.59979934210526,9.0,8.0,8.5,1350.0,1352.0,1351.0,拉伸,,估计同步待核验
XY_Y-09-0.1-02,175,17.697930372807015,9.0,8.0,8.5,1351.0,1352.0,1351.5,拉伸,,估计同步待核验
XY_Y-09-0.1-02,176,17.79606140350877,9.0,8.0,8.5,1352.0,1354.0,1353.0,拉伸,,估计同步待核验
XY_Y-09-0.1-02,177,17.894192434210524,9.0,8.0,8.5,1353.0,1355.0,1354.0,拉伸,,估计同步待核验
XY_Y-09-0.1-02,178,17.99232346491228,10.0,8.0,9.0,1353.0,1355.0,1354.0,拉伸,,估计同步待核验
XY_Y-09-0.1-02,179,18.090454495614033,7.9089912280646475,8.0,7.954495614032323,1353.0,1355.0,1354.0,拉伸,,估计同步待核验
XY_Y-09-0.1-02,180,18.188585526315787,8.0,8.0,8.0,1353.0,1356.0,1354.5,拉伸,,估计同步待核验
XY_Y-09-0.1-02,181,18.28671655701754,8.0,8.0,8.0,1354.0,1356.0,1355.0,拉伸,,估计同步待核验
XY_Y-09-0.1-02,182,18.384847587719296,8.0,8.0,8.0,1354.0,1356.0,1355.0,拉伸,,估计同步待核验
XY_Y-09-0.1-02,183,18.48297861842105,9.0,8.0,8.5,1354.0,1356.0,1355.0,拉伸,,估计同步待核验
XY_Y-09-0.1-02,184,18.5811096491228,9.0,8.0,8.5,1355.0,1357.0,1356.0,拉伸,,估计同步待核验
XY_Y-09-0.1-02,185,18.67924067982456,9.0,8.0,8.5,1355.0,1357.0,1356.0,拉伸,,估计同步待核验
XY_Y-09-0.1-02,186,18.777371710526314,10.0,8.0,9.0,1355.0,1357.0,1356.0,拉伸,,估计同步待核验
XY_Y-09-0.1-02,187,18.87550274122807,9.0,8.0,8.5,1356.0,1358.0,1357.0,拉伸,,估计同步待核验
XY_Y-09-0.1-02,188,18.973633771929823,9.0,8.0,8.5,1356.0,1358.0,1357.0,拉伸,,估计同步待核验
XY_Y-09-0.1-02,189,19.071764802631577,9.0,8.0,8.5,1356.0,1357.0,1356.5,拉伸,,估计同步待核验
XY_Y-09-0.1-02,190,19.16989583333333,9.0,8.0,8.5,1356.0,1357.0,1356.5,拉伸,,估计同步待核验
XY_Y-09-0.1-02,191,19.268026864035086,8.0,8.0,8.0,1356.0,1358.0,1357.0,拉伸,,估计同步待核验
XY_Y-09-0.1-02,192,19.366157894736837,8.842105263162944,8.0,8.421052631581471,1356.0,1358.0,1357.0,拉伸,,估计同步待核验
XY_Y-09-0.1-02,193,19.46428892543859,9.0,8.0,8.5,1356.0,1358.0,1357.0,拉伸,,估计同步待核验
XY_Y-09-0.1-02,194,19.562419956140346,9.0,8.0,8.5,1356.0,1358.0,1357.0,拉伸,,估计同步待核验
XY_Y-09-0.1-02,195,19.660550986842104,10.0,8.0,9.0,1356.0,1358.0,1357.0,拉伸,,估计同步待核验
XY_Y-09-0.1-02,196,19.758682017543858,9.0,8.0,8.5,1356.0,1358.0,1357.0,拉伸,,估计同步待核验
XY_Y-09-0.1-02,197,19.856813048245613,9.0,8.0,8.5,1357.0,1358.0,1357.5,拉伸,,估计同步待核验
XY_Y-09-0.1-02,198,19.954944078947367,9.0,8.0,8.5,1356.0,1358.0,1357.0,拉伸,,估计同步待核验
XY_Y-09-0.1-02,199,20.05307510964912,9.0,8.0,8.5,1355.0,1357.0,1356.0,拉伸,,估计同步待核验
XY_Y-09-0.1-02,200,20.151206140350872,8.0,8.0,8.0,1356.0,1357.0,1356.5,拉伸,,估计同步待核验
XY_Y-09-0.1-02,201,20.249337171052627,8.0,8.0,8.0,1355.0,1357.0,1356.0,拉伸,,估计同步待核验
XY_Y-09-0.1-02,202,20.34746820175438,8.0,8.0,8.0,1355.0,1357.0,1356.0,拉伸,,估计同步待核验
XY_Y-09-0.1-02,203,20.445599232456136,7.0,8.0,7.5,1355.0,1357.0,1356.0,拉伸,,估计同步待核验
XY_Y-09-0.1-02,204,20.54373026315789,7.809210526329883,7.730263157890039,7.76973684210996,1355.0,1357.0,1356.0,拉伸,,估计同步待核验
XY_Y-09-0.1-02,205,20.641861293859648,9.0,7.0,8.0,1355.0,1356.0,1355.5,拉伸,,估计同步待核验
XY_Y-09-0.1-02,206,20.739992324561403,9.0,8.0,8.5,1355.0,1357.0,1356.0,拉伸,,估计同步待核验
XY_Y-09-0.1-02,207,20.838123355263157,9.0,8.0,8.5,1355.0,1356.0,1355.5,拉伸,,估计同步待核验
XY_Y-09-0.1-02,208,20.936254385964908,9.0,8.0,8.5,1355.0,1357.0,1356.0,拉伸,,估计同步待核验
XY_Y-09-0.1-02,209,21.034385416666662,8.0,8.0,8.0,1355.0,1357.0,1356.0,拉伸,,估计同步待核验
XY_Y-09-0.1-02,210,21.132516447368417,8.0,8.0,8.0,1355.0,1357.0,1356.0,拉伸,,估计同步待核验
XY_Y-09-0.1-02,211,21.23064747807017,8.0,8.0,8.0,1355.0,1357.0,1356.0,拉伸,,估计同步待核验
XY_Y-09-0.1-02,212,21.328778508771926,7.0,8.0,7.5,1355.0,1357.0,1356.0,拉伸,,估计同步待核验
XY_Y-09-0.1-02,213,21.42690953947368,7.0,8.0,7.5,1355.0,1357.0,1356.0,拉伸,,估计同步待核验
XY_Y-09-0.1-02,214,21.525040570175435,7.0,9.0,8.0,1355.0,1357.0,1356.0,拉伸,,估计同步待核验
XY_Y-09-0.1-02,215,21.623171600877193,7.0,8.0,7.5,1354.0,1356.0,1355.0,拉伸,,估计同步待核验
XY_Y-09-0.1-02,216,21.721302631578943,7.0,8.0,7.5,1354.0,1356.0,1355.0,拉伸,,估计同步待核验
XY_Y-09-0.1-02,217,21.819433662280698,8.132675438603352,8.0,8.066337719301675,1355.0,1357.0,1356.0,拉伸,,估计同步待核验
XY_Y-09-0.1-02,218,21.917564692982452,8.0,8.0,8.0,1355.0,1357.0,1356.0,拉伸,,估计同步待核验
XY_Y-09-0.1-02,219,22.015695723684207,8.0,8.0,8.0,1355.0,1357.0,1356.0,拉伸,,估计同步待核验
XY_Y-09-0.1-02,220,22.11382675438596,7.0,8.0,7.5,1355.0,1357.0,1356.0,拉伸,,估计同步待核验
XY_Y-09-0.1-02,221,22.211957785087716,7.0,8.0,7.5,1355.0,1357.0,1356.0,拉伸,,估计同步待核验
XY_Y-09-0.1-02,222,22.31008881578947,7.0,8.0,7.5,1355.0,1358.0,1356.5,拉伸,,估计同步待核验
XY_Y-09-0.1-02,223,22.408219846491225,7.0,8.0,7.5,1355.0,1357.0,1356.0,拉伸,,估计同步待核验
XY_Y-09-0.1-02,224,22.50635087719298,7.0,8.0,7.5,1355.0,1357.0,1356.0,拉伸,,估计同步待核验
XY_Y-09-0.1-02,225,22.604481907894733,7.0,9.0,8.0,1355.0,1357.0,1356.0,拉伸,,估计同步待核验
XY_Y-09-0.1-02,226,22.702612938596488,8.0,8.0,8.0,1356.0,1357.0,1356.5,拉伸,,估计同步待核验
XY_Y-09-0.1-02,227,22.800743969298242,8.0,8.0,8.0,1355.0,1357.0,1356.0,拉伸,,估计同步待核验
XY_Y-09-0.1-02,228,22.898874999999997,8.0,8.0,8.0,1355.0,1357.0,1356.0,拉伸,,估计同步待核验
XY_Y-09-0.1-02,229,22.997006030701748,9.0,8.0,8.5,1355.0,1357.0,1356.0,拉伸,,估计同步待核验
XY_Y-09-0.1-02,230,23.095137061403506,7.27412280701322,8.0,7.6370614035066104,1356.0,1357.0,1356.5,拉伸,,估计同步待核验
XY_Y-09-0.1-02,231,23.19326809210526,7.0,8.0,7.5,1356.0,1358.0,1357.0,拉伸,,估计同步待核验
XY_Y-09-0.1-02,232,23.291399122807015,7.0,8.0,7.5,1355.0,1358.0,1356.5,拉伸,,估计同步待核验
XY_Y-09-0.1-02,233,23.38953015350877,7.0,8.0,7.5,1355.0,1357.0,1356.0,拉伸,,估计同步待核验
XY_Y-09-0.1-02,234,23.487661184210523,7.0,8.0,7.5,1356.0,1357.0,1356.5,拉伸,,估计同步待核验
XY_Y-09-0.1-02,235,23.585792214912278,8.0,8.0,8.0,1356.0,1357.0,1356.5,拉伸,,估计同步待核验
XY_Y-09-0.1-02,236,23.683923245614036,8.0,8.0,8.0,1355.0,1357.0,1356.0,拉伸,,估计同步待核验
XY_Y-09-0.1-02,237,23.782054276315787,8.0,8.0,8.0,1355.0,1356.0,1355.5,拉伸,,估计同步待核验
XY_Y-09-0.1-02,238,23.880185307017538,9.0,8.0,8.5,1356.0,1357.0,1356.5,拉伸,,估计同步待核验
XY_Y-09-0.1-02,239,23.978316337719296,9.0,8.0,8.5,1356.0,1358.0,1357.0,拉伸,,估计同步待核验
XY_Y-09-0.1-02,240,24.076447368421046,9.0,8.0,8.5,1355.0,1357.0,1356.0,拉伸,,估计同步待核验
XY_Y-09-0.1-02,241,24.174578399122804,9.0,8.0,8.5,1356.0,1357.0,1356.5,拉伸,,估计同步待核验
XY_Y-09-0.1-02,242,24.27270942982456,8.418859649119184,8.0,8.209429824559592,1356.0,1358.0,1357.0,拉伸,,估计同步待核验
XY_Y-09-0.1-02,243,24.370840460526313,7.0,8.0,7.5,1356.0,1358.0,1357.0,拉伸,,估计同步待核验
XY_Y-09-0.1-02,244,24.468971491228068,7.0,8.0,7.5,1356.0,1358.0,1357.0,拉伸,,估计同步待核验
XY_Y-09-0.1-02,245,24.56710252192982,8.0,8.0,8.0,1355.0,1358.0,1356.5,拉伸,,估计同步待核验
XY_Y-09-0.1-02,246,24.665233552631577,8.0,8.0,8.0,1355.0,1358.0,1356.5,拉伸,,估计同步待核验
XY_Y-09-0.1-02,247,24.763364583333328,9.0,8.0,8.5,1356.0,1357.0,1356.5,拉伸,,估计同步待核验
XY_Y-09-0.1-02,248,24.861495614035086,9.0,8.0,8.5,1356.0,1357.0,1356.5,拉伸,,估计同步待核验
XY_Y-09-0.1-02,249,24.959626644736836,10.0,8.0,9.0,1355.0,1357.0,1356.0,拉伸,,估计同步待核验
XY_Y-09-0.1-02,250,25.057757675438594,10.0,8.0,9.0,1355.0,1356.0,1355.5,拉伸,,估计同步待核验
XY_Y-09-0.1-02,251,25.155888706140345,10.0,8.0,9.0,1356.0,1357.0,1356.5,拉伸,,估计同步待核验
XY_Y-09-0.1-02,252,25.254019736842103,9.0,7.0,8.0,1355.0,1357.0,1356.0,拉伸,,估计同步待核验
XY_Y-09-0.1-02,253,25.352150767543858,9.0,8.0,8.5,1355.0,1357.0,1356.0,拉伸,,估计同步待核验
XY_Y-09-0.1-02,254,25.45028179824561,9.0,8.0,8.5,1355.0,1356.0,1355.5,拉伸,,估计同步待核验
XY_Y-09-0.1-02,255,25.548412828947367,8.587171052632122,8.0,8.293585526316061,1355.0,1356.4128289473679,1355.706414473684,拉伸,,估计同步待核验
XY_Y-09-0.1-02,256,25.646543859649118,9.0,8.0,8.5,1355.0,1356.0,1355.5,拉伸,,估计同步待核验
XY_Y-09-0.1-02,257,25.744674890350876,9.0,8.0,8.5,1354.0,1355.0,1354.5,拉伸,,估计同步待核验
XY_Y-09-0.1-02,258,25.842805921052626,9.0,8.0,8.5,1354.0,1356.0,1355.0,拉伸,,估计同步待核验
XY_Y-09-0.1-02,259,25.940936951754384,9.0,8.0,8.5,1354.0,1356.0,1355.0,拉伸,,估计同步待核验
XY_Y-09-0.1-02,260,26.039067982456135,9.0,7.0,8.0,1355.0,1356.0,1355.5,拉伸,,估计同步待核验
XY_Y-09-0.1-02,261,26.13719901315789,9.0,8.0,8.5,1355.0,1356.0,1355.5,拉伸,,估计同步待核验
XY_Y-09-0.1-02,262,26.235330043859648,9.0,8.0,8.5,1353.0,1355.0,1354.0,拉伸,,估计同步待核验
XY_Y-09-0.1-02,263,26.3334610745614,9.0,8.0,8.5,1354.0,1356.0,1355.0,拉伸,,估计同步待核验
XY_Y-09-0.1-02,264,26.431592105263157,8.0,8.0,8.0,1354.0,1355.0,1354.5,拉伸,,估计同步待核验
XY_Y-09-0.1-02,265,26.529723135964907,8.0,8.0,8.0,1354.0,1356.0,1355.0,拉伸,,估计同步待核验
XY_Y-09-0.1-02,266,26.627854166666665,7.0,8.0,7.5,1353.0,1355.0,1354.0,拉伸,,估计同步待核验
XY_Y-09-0.1-02,267,26.725985197368416,7.029605263165491,8.0,7.514802631582746,1353.0,1355.0,1354.0,拉伸,,估计同步待核验
XY_Y-09-0.1-02,268,26.824116228070174,8.767543859653953,8.0,8.383771929826977,1353.0,1355.0,1354.0,拉伸,,估计同步待核验
XY_Y-09-0.1-02,269,26.922247258771925,9.0,8.0,8.5,1354.0,1355.0,1354.5,拉伸,,估计同步待核验
XY_Y-09-0.1-02,270,27.02037828947368,9.0,8.0,8.5,1353.0,1355.0,1354.0,拉伸,,估计同步待核验
XY_Y-09-0.1-02,271,27.118509320175434,9.0,8.0,8.5,1353.0,1355.0,1354.0,拉伸,,估计同步待核验
XY_Y-09-0.1-02,272,27.21664035087719,8.0,8.0,8.0,1353.0,1355.0,1354.0,拉伸,,估计同步待核验
XY_Y-09-0.1-02,273,27.314771381578947,8.0,8.0,8.0,1353.0,1355.0,1354.0,拉伸,,估计同步待核验
XY_Y-09-0.1-02,274,27.412902412280697,7.0,8.0,7.5,1352.0,1354.0,1353.0,拉伸,,估计同步待核验
XY_Y-09-0.1-02,275,27.511033442982455,7.0,8.0,7.5,1353.0,1355.0,1354.0,拉伸,,估计同步待核验
XY_Y-09-0.1-02,276,27.609164473684206,7.0,8.0,7.5,1353.0,1354.0,1353.5,拉伸,,估计同步待核验
XY_Y-09-0.1-02,277,27.707295504385957,7.0,8.0,7.5,1352.0,1355.0,1353.5,拉伸,,估计同步待核验
XY_Y-09-0.1-02,278,27.805426535087715,7.0,9.0,8.0,1353.0,1355.0,1354.0,拉伸,,估计同步待核验
XY_Y-09-0.1-02,279,27.90355756578947,7.0,8.0,7.5,1352.0,1354.0,1353.0,拉伸,,估计同步待核验
XY_Y-09-0.1-02,280,28.001688596491224,7.311403508775514,8.0,7.655701754387756,1352.3114035087756,1354.3114035087756,1353.3114035087756,拉伸,,估计同步待核验
XY_Y-09-0.1-02,281,28.09981962719298,8.0,8.0,8.0,1353.0,1355.0,1354.0,拉伸,,估计同步待核验
XY_Y-09-0.1-02,282,28.197950657894733,8.0,8.0,8.0,1353.0,1355.0,1354.0,拉伸,,估计同步待核验
XY_Y-09-0.1-02,283,28.296081688596487,7.0,8.0,7.5,1352.0,1354.0,1353.0,拉伸,,估计同步待核验
XY_Y-09-0.1-02,284,28.394212719298245,7.0,8.0,7.5,1352.0,1354.0,1353.0,拉伸,,估计同步待核验
XY_Y-09-0.1-02,285,28.492343749999996,7.0,8.0,7.5,1353.0,1354.0,1353.5,拉伸,,估计同步待核验
XY_Y-09-0.1-02,286,28.590474780701747,7.0,8.0,7.5,1353.0,1355.0,1354.0,拉伸,,估计同步待核验
XY_Y-09-0.1-02,287,28.688605811403505,7.0,9.0,8.0,1352.0,1354.0,1353.0,拉伸,,估计同步待核验
XY_Y-09-0.1-02,288,28.78673684210526,7.0,8.0,7.5,1352.0,1354.0,1353.0,拉伸,,估计同步待核验
XY_Y-09-0.1-02,289,28.884867872807014,7.0,8.0,7.5,1353.0,1354.0,1353.5,拉伸,,估计同步待核验
XY_Y-09-0.1-02,290,28.98299890350877,8.0,8.0,8.0,1353.0,1355.0,1354.0,拉伸,,估计同步待核验
XY_Y-09-0.1-02,291,29.081129934210523,9.0,8.0,8.5,1353.0,1355.0,1354.0,拉伸,,估计同步待核验
XY_Y-09-0.1-02,292,29.179260964912277,9.0,8.0,8.5,1353.0,1355.0,1354.0,拉伸,,估计同步待核验
XY_Y-09-0.1-02,293,29.277391995614035,7.7839912280705414,8.0,7.89199561403527,1353.0,1355.0,1354.0,拉伸,,估计同步待核验
XY_Y-09-0.1-02,294,29.375523026315786,7.0,8.0,7.5,1353.0,1356.0,1354.5,拉伸,,估计同步待核验
XY_Y-09-0.1-02,295,29.473654057017537,7.0,8.0,7.5,1353.0,1355.0,1354.0,拉伸,,估计同步待核验
XY_Y-09-0.1-02,296,29.571785087719295,7.0,8.0,7.5,1353.0,1355.0,1354.0,拉伸,,估计同步待核验
XY_Y-09-0.1-02,297,29.669916118421046,7.0,9.0,8.0,1353.0,1355.0,1354.0,拉伸,,估计同步待核验
XY_Y-09-0.1-02,298,29.768047149122804,8.0,9.0,8.5,1354.0,1356.0,1355.0,拉伸,,估计同步待核验
XY_Y-09-0.1-02,299,29.86617817982456,8.0,8.0,8.0,1354.0,1356.0,1355.0,拉伸,,估计同步待核验
XY_Y-09-0.1-02,300,29.964309210526313,9.0,8.0,8.5,1354.0,1356.0,1355.0,拉伸,,估计同步待核验
XY_Y-09-0.1-02,301,30.062440241228067,9.0,8.0,8.5,1354.0,1356.0,1355.0,拉伸,,估计同步待核验
XY_Y-09-0.1-02,302,30.16057127192982,9.0,8.0,8.5,1355.0,1356.0,1355.5,拉伸,,估计同步待核验
XY_Y-09-0.1-02,303,30.258702302631576,10.0,8.0,9.0,1355.0,1357.0,1356.0,拉伸,,估计同步待核验
XY_Y-09-0.1-02,304,30.356833333333327,9.0,8.0,8.5,1355.0,1356.0,1355.5,拉伸,,估计同步待核验
XY_Y-09-0.1-02,305,30.454964364035085,9.0,7.0,8.0,1355.0,1356.0,1355.5,拉伸,,估计同步待核验
XY_Y-09-0.1-02,306,30.553095394736836,9.0,7.0,8.0,1356.0,1357.0,1356.5,拉伸,,估计同步待核验
XY_Y-09-0.1-02,307,30.651226425438594,8.0,8.0,8.0,1356.0,1358.0,1357.0,拉伸,,估计同步待核验
XY_Y-09-0.1-02,308,30.749357456140345,8.0,8.0,8.0,1356.0,1357.0,1356.5,拉伸,,估计同步待核验
XY_Y-09-0.1-02,309,30.847488486842103,9.0,8.0,8.5,1356.0,1358.0,1357.0,拉伸,,估计同步待核验
XY_Y-09-0.1-02,310,30.945619517543857,9.0,8.0,8.5,1357.0,1358.0,1357.5,拉伸,,估计同步待核验
XY_Y-09-0.1-02,311,31.043750548245608,9.0,8.0,8.5,1356.0,1358.0,1357.0,拉伸,,估计同步待核验
XY_Y-09-0.1-02,312,31.141881578947366,9.0,8.0,8.5,1357.0,1358.0,1357.5,拉伸,,估计同步待核验
XY_Y-09-0.1-02,313,31.240012609649117,9.0,8.0,8.5,1357.0,1359.0,1358.0,拉伸,,估计同步待核验
XY_Y-09-0.1-02,314,31.338143640350875,9.0,8.0,8.5,1357.0,1359.0,1358.0,拉伸,,估计同步待核验
XY_Y-09-0.1-02,315,31.436274671052626,9.0,8.0,8.5,1357.0,1359.0,1358.0,拉伸,,估计同步待核验
XY_Y-09-0.1-02,316,31.534405701754384,9.0,8.0,8.5,1358.0,1359.0,1358.5,拉伸,,估计同步待核验
XY_Y-09-0.1-02,317,31.632536732456135,8.0,8.0,8.0,1358.0,1360.0,1359.0,拉伸,,估计同步待核验
XY_Y-09-0.1-02,318,31.73066776315789,8.0,8.0,8.0,1358.0,1360.0,1359.0,拉伸,,估计同步待核验
XY_Y-09-0.1-02,319,31.828798793859647,7.402412280706207,8.0,7.701206140353103,1358.0,1360.0,1359.0,拉伸,,估计同步待核验
XY_Y-09-0.1-02,320,31.926929824561398,9.0,8.0,8.5,1359.0,1360.0,1359.5,拉伸,,估计同步待核验
XY_Y-09-0.1-02,321,32.025060855263156,10.0,8.0,9.0,1359.0,1360.0,1359.5,拉伸,,估计同步待核验
XY_Y-09-0.1-02,322,32.12319188596491,9.0,8.0,8.5,1359.0,1360.0,1359.5,拉伸,,估计同步待核验
XY_Y-09-0.1-02,323,32.221322916666665,9.0,8.0,8.5,1359.0,1361.0,1360.0,拉伸,,估计同步待核验
XY_Y-09-0.1-02,324,32.319453947368416,9.0,8.0,8.5,1360.0,1361.0,1360.5,拉伸,,估计同步待核验
XY_Y-09-0.1-02,325,32.417584978070174,8.0,8.0,8.0,1360.0,1361.0,1360.5,拉伸,,估计同步待核验
XY_Y-09-0.1-02,326,32.515716008771925,8.0,8.0,8.0,1359.0,1361.0,1360.0,拉伸,,估计同步待核验
XY_Y-09-0.1-02,327,32.613847039473676,7.0,8.0,7.5,1360.0,1361.0,1360.5,拉伸,,估计同步待核验
XY_Y-09-0.1-02,328,32.711978070175434,7.0,8.0,7.5,1360.0,1362.0,1361.0,拉伸,,估计同步待核验
XY_Y-09-0.1-02,329,32.810109100877185,7.0,8.0,7.5,1361.0,1362.0,1361.5,拉伸,,估计同步待核验
XY_Y-09-0.1-02,330,32.90824013157894,7.0,8.0,7.5,1360.0,1362.0,1361.0,拉伸,,估计同步待核验
XY_Y-09-0.1-02,331,33.00637116228069,7.0,9.0,8.0,1361.0,1363.0,1362.0,拉伸,,估计同步待核验
XY_Y-09-0.1-02,332,33.10450219298245,7.995614035093173,8.0,7.997807017546586,1361.0,1363.0,1362.0,拉伸,,估计同步待核验
XY_Y-09-0.1-02,333,33.20263322368421,8.0,8.0,8.0,1361.0,1363.0,1362.0,拉伸,,估计同步待核验
XY_Y-09-0.1-02,334,33.30076425438596,8.0,8.0,8.0,1361.0,1363.0,1362.0,拉伸,,估计同步待核验
XY_Y-09-0.1-02,335,33.39889528508772,7.0,8.0,7.5,1361.0,1363.0,1362.0,拉伸,,估计同步待核验
XY_Y-09-0.1-02,336,33.49702631578947,7.0,8.0,7.5,1362.0,1364.0,1363.0,拉伸,,估计同步待核验
XY_Y-09-0.1-02,337,33.59515734649123,7.0,8.0,7.5,1362.0,1364.0,1363.0,拉伸,,估计同步待核验
XY_Y-09-0.1-02,338,33.69328837719298,7.0,8.0,7.5,1362.0,1363.0,1362.5,拉伸,,估计同步待核验
XY_Y-09-0.1-02,339,33.791419407894736,7.0,8.0,7.5,1362.0,1363.0,1362.5,拉伸,,估计同步待核验
XY_Y-09-0.1-02,340,33.88955043859649,7.0,8.0,7.5,1362.0,1364.0,1363.0,拉伸,,估计同步待核验
XY_Y-09-0.1-02,341,33.987681469298245,7.0,8.0,7.5,1363.0,1365.0,1364.0,拉伸,,估计同步待核验
XY_Y-09-0.1-02,342,34.085812499999996,8.0,8.0,8.0,1363.0,1365.0,1364.0,拉伸,,估计同步待核验
XY_Y-09-0.1-02,343,34.18394353070175,9.0,8.0,8.5,1363.0,1365.0,1364.0,拉伸,,估计同步待核验
XY_Y-09-0.1-02,344,34.282074561403505,9.0,8.0,8.5,1364.0,1365.0,1364.5,拉伸,,估计同步待核验
XY_Y-09-0.1-02,345,34.380205592105256,7.41118421050708,8.0,7.70559210525354,1364.0,1366.0,1365.0,拉伸,,估计同步待核验
XY_Y-09-0.1-02,346,34.478336622807014,7.0,8.0,7.5,1364.0,1366.0,1365.0,拉伸,,估计同步待核验
XY_Y-09-0.1-02,347,34.576467653508764,7.0,8.0,7.5,1364.0,1365.0,1364.5,拉伸,,估计同步待核验
XY_Y-09-0.1-02,348,34.67459868421052,7.0,8.0,7.5,1364.0,1366.0,1365.0,拉伸,,估计同步待核验
XY_Y-09-0.1-02,349,34.77272971491227,7.0,8.0,7.5,1365.0,1366.0,1365.5,拉伸,,估计同步待核验
XY_Y-09-0.1-02,350,34.87086074561403,8.0,8.0,8.0,1365.0,1367.0,1366.0,拉伸,,估计同步待核验
XY_Y-09-0.1-02,351,34.96899177631578,8.0,9.0,8.5,1364.0,1366.0,1365.0,拉伸,,估计同步待核验
XY_Y-09-0.1-02,352,35.06712280701754,9.0,8.0,8.5,1365.0,1366.0,1365.5,拉伸,,估计同步待核验
XY_Y-09-0.1-02,353,35.1652538377193,9.0,8.0,8.5,1366.0,1367.0,1366.5,拉伸,,估计同步待核验
XY_Y-09-0.1-02,354,35.26338486842105,9.0,8.0,8.5,1366.0,1367.0,1366.5,拉伸,,估计同步待核验
XY_Y-09-0.1-02,355,35.36151589912281,10.0,8.0,9.0,1366.0,1367.0,1366.5,拉伸,,估计同步待核验
XY_Y-09-0.1-02,356,35.45964692982456,10.0,8.0,9.0,1366.0,1367.0,1366.5,拉伸,,估计同步待核验
XY_Y-09-0.1-02,357,35.557777960526316,8.555921052631321,8.0,8.27796052631566,1366.0,1367.0,1366.5,拉伸,,估计同步待核验
XY_Y-09-0.1-02,358,35.65590899122807,7.0,8.0,7.5,1367.0,1368.0,1367.5,拉伸,,估计同步待核验
XY_Y-09-0.1-02,359,35.75404002192982,8.0,8.0,8.0,1367.0,1368.0,1367.5,拉伸,,估计同步待核验
XY_Y-09-0.1-02,360,35.852171052631576,8.0,8.0,8.0,1367.0,1369.0,1368.0,拉伸,,估计同步待核验
XY_Y-09-0.1-02,361,35.95030208333333,9.0,8.0,8.5,1368.0,1369.0,1368.5,拉伸,,估计同步待核验
XY_Y-09-0.1-02,362,36.048433114035085,9.0,8.0,8.5,1368.0,1369.0,1368.5,拉伸,,估计同步待核验
XY_Y-09-0.1-02,363,36.146564144736836,9.0,8.0,8.5,1368.0,1369.0,1368.5,拉伸,,估计同步待核验
XY_Y-09-0.1-02,364,36.24469517543859,10.0,8.0,9.0,1368.0,1369.0,1368.5,拉伸,,估计同步待核验
XY_Y-09-0.1-02,365,36.342826206140344,9.0,8.0,8.5,1368.0,1371.0,1369.5,拉伸,,估计同步待核验
XY_Y-09-0.1-02,366,36.4409572368421,9.0,8.0,8.5,1369.0,1371.0,1370.0,拉伸,,估计同步待核验
XY_Y-09-0.1-02,367,36.53908826754385,9.0,8.0,8.5,1369.0,1370.0,1369.5,拉伸,,估计同步待核验
XY_Y-09-0.1-02,368,36.637219298245604,8.0,8.0,8.0,1369.0,1371.0,1370.0,拉伸,,估计同步待核验
XY_Y-09-0.1-02,369,36.73535032894736,8.0,8.0,8.0,1370.0,1371.0,1370.5,拉伸,,估计同步待核验
XY_Y-09-0.1-02,370,36.83348135964912,8.518640350880528,8.0,8.259320175440264,1370.0,1372.0,1371.0,拉伸,,估计同步待核验
XY_Y-09-0.1-02,371,36.93161239035087,9.0,8.0,8.5,1370.0,1372.0,1371.0,拉伸,,估计同步待核验
XY_Y-09-0.1-02,372,37.02974342105263,9.0,8.0,8.5,1370.0,1372.0,1371.0,拉伸,,估计同步待核验
XY_Y-09-0.1-02,373,37.12787445175439,9.0,8.0,8.5,1371.0,1373.0,1372.0,拉伸,,估计同步待核验
XY_Y-09-0.1-02,374,37.22600548245614,9.0,8.0,8.5,1371.0,1373.0,1372.0,拉伸,,估计同步待核验
XY_Y-09-0.1-02,375,37.32413651315789,9.0,8.0,8.5,1372.0,1373.0,1372.5,拉伸,,估计同步待核验
XY_Y-09-0.1-02,376,37.42226754385965,9.0,8.0,8.5,1372.0,1374.0,1373.0,拉伸,,估计同步待核验
XY_Y-09-0.1-02,377,37.5203985745614,8.0,8.0,8.0,1372.0,1374.0,1373.0,拉伸,,估计同步待核验
XY_Y-09-0.1-02,378,37.618529605263156,8.0,8.0,8.0,1373.0,1374.0,1373.5,拉伸,,估计同步待核验
XY_Y-09-0.1-02,379,37.71666063596491,7.0,8.0,7.5,1373.0,1375.0,1374.0,拉伸,,估计同步待核验
XY_Y-09-0.1-02,380,37.814791666666665,7.0,8.0,7.5,1373.0,1374.0,1373.5,拉伸,,估计同步待核验
XY_Y-09-0.1-02,381,37.912922697368415,7.0,8.0,7.5,1373.0,1375.0,1374.0,拉伸,,估计同步待核验
XY_Y-09-0.1-02,382,38.01105372807017,7.0,8.0,7.5,1374.0,1376.0,1375.0,拉伸,,估计同步待核验
XY_Y-09-0.1-02,383,38.109184758771924,8.630482456153961,8.0,8.315241228076982,1375.0,1376.0,1375.5,拉伸,,估计同步待核验
XY_Y-09-0.1-02,384,38.207315789473675,9.0,8.0,8.5,1375.0,1376.0,1375.5,拉伸,,估计同步待核验
XY_Y-09-0.1-02,385,38.30544682017543,9.0,8.0,8.5,1375.0,1376.0,1375.5,拉伸,,估计同步待核验
XY_Y-09-0.1-02,386,38.403577850877184,8.0,8.0,8.0,1375.0,1377.0,1376.0,拉伸,,估计同步待核验
XY_Y-09-0.1-02,387,38.50170888157894,8.0,8.0,8.0,1375.0,1377.0,1376.0,拉伸,,估计同步待核验
XY_Y-09-0.1-02,388,38.59983991228069,7.0,8.0,7.5,1376.0,1378.0,1377.0,拉伸,,估计同步待核验
XY_Y-09-0.1-02,389,38.69797094298245,7.0,8.0,7.5,1376.0,1378.0,1377.0,拉伸,,估计同步待核验
XY_Y-09-0.1-02,390,38.79610197368421,7.0,8.0,7.5,1376.0,1378.0,1377.0,拉伸,,估计同步待核验
XY_Y-09-0.1-02,391,38.89423300438596,7.0,8.0,7.5,1377.0,1379.0,1378.0,拉伸,,估计同步待核验
XY_Y-09-0.1-02,392,38.99236403508772,7.0,8.0,7.5,1377.0,1379.0,1378.0,拉伸,,估计同步待核验
XY_Y-09-0.1-02,393,39.09049506578947,7.0,8.0,7.5,1377.0,1379.0,1378.0,拉伸,,估计同步待核验
XY_Y-09-0.1-02,394,39.18862609649123,8.0,8.0,8.0,1377.0,1379.0,1378.0,拉伸,,估计同步待核验
XY_Y-09-0.1-02,395,39.28675712719298,8.0,8.0,8.0,1377.242872807022,1380.0,1378.6214364035109,拉伸,,估计同步待核验
XY_Y-09-0.1-02,396,39.384888157894736,7.0,8.0,7.5,1378.0,1380.0,1379.0,拉伸,,估计同步待核验
XY_Y-09-0.1-02,397,39.48301918859649,7.0,8.0,7.5,1378.0,1380.0,1379.0,拉伸,,估计同步待核验
XY_Y-09-0.1-02,398,39.581150219298245,7.0,8.0,7.5,1379.0,1381.0,1380.0,拉伸,,估计同步待核验
XY_Y-09-0.1-02,399,39.679281249999995,7.0,8.0,7.5,1379.0,1381.0,1380.0,拉伸,,估计同步待核验
XY_Y-09-0.1-02,400,39.777412280701746,7.0,8.0,7.5,1380.0,1381.0,1380.5,拉伸,,估计同步待核验
XY_Y-09-0.1-02,401,39.875543311403504,7.0,8.0,7.5,1380.0,1382.0,1381.0,拉伸,,估计同步待核验
XY_Y-09-0.1-02,402,39.973674342105255,7.0,8.0,7.5,1380.0,1382.0,1381.0,拉伸,,估计同步待核验
XY_Y-09-0.1-02,403,40.07180537280701,8.0,8.0,8.0,1380.0,1382.0,1381.0,拉伸,,估计同步待核验
XY_Y-09-0.1-02,404,40.169936403508764,8.0,8.0,8.0,1381.0,1382.0,1381.5,拉伸,,估计同步待核验
XY_Y-09-0.1-02,405,40.26806743421052,9.0,8.0,8.5,1381.0,1383.0,1382.0,拉伸,,估计同步待核验
XY_Y-09-0.1-02,406,40.36619846491227,9.0,8.0,8.5,1381.0,1383.0,1382.0,拉伸,,估计同步待核验
XY_Y-09-0.1-02,407,40.46432949561403,9.0,8.0,8.5,1381.0,1383.0,1382.0,拉伸,,估计同步待核验
XY_Y-09-0.1-02,408,40.56246052631578,8.381578947345982,8.0,8.190789473672991,1381.460526315782,1383.460526315782,1382.460526315782,拉伸,,估计同步待核验
XY_Y-09-0.1-02,409,40.66059155701754,7.0,8.0,7.5,1381.0,1383.0,1382.0,拉伸,,估计同步待核验
XY_Y-09-0.1-02,410,40.7587225877193,8.0,8.0,8.0,1382.0,1383.0,1382.5,拉伸,,估计同步待核验
XY_Y-09-0.1-02,411,40.85685361842105,8.0,8.0,8.0,1382.0,1384.0,1383.0,拉伸,,估计同步待核验
XY_Y-09-0.1-02,412,40.95498464912281,9.0,8.0,8.5,1382.0,1384.0,1383.0,拉伸,,估计同步待核验
XY_Y-09-0.1-02,413,41.05311567982456,9.0,8.0,8.5,1383.0,1385.0,1384.0,拉伸,,估计同步待核验
XY_Y-09-0.1-02,414,41.151246710526316,9.0,8.0,8.5,1383.0,1384.0,1383.5,拉伸,,估计同步待核验
XY_Y-09-0.1-02,415,41.249377741228066,9.0,8.0,8.5,1383.0,1385.0,1384.0,拉伸,,估计同步待核验
XY_Y-09-0.1-02,416,41.34750877192982,9.0,8.0,8.5,1384.0,1385.0,1384.5,拉伸,,估计同步待核验
XY_Y-09-0.1-02,417,41.445639802631575,9.0,8.0,8.5,1384.0,1385.0,1384.5,拉伸,,估计同步待核验
XY_Y-09-0.1-02,418,41.543770833333326,9.0,8.0,8.5,1385.0,1386.0,1385.5,拉伸,,估计同步待核验
XY_Y-09-0.1-02,419,41.641901864035084,9.0,8.0,8.5,1384.0,1386.0,1385.0,拉伸,,估计同步待核验
XY_Y-09-0.1-02,420,41.740032894736835,9.0,8.0,8.5,1384.0,1386.0,1385.0,拉伸,,估计同步待核验
XY_Y-09-0.1-02,421,41.83816392543859,8.0,8.0,8.0,1385.0,1386.1639254385925,1385.5819627192964,拉伸,,估计同步待核验
XY_Y-09-0.1-02,422,41.936294956140344,9.0,8.0,8.5,1385.0,1387.0,1386.0,拉伸,,估计同步待核验
XY_Y-09-0.1-02,423,42.0344259868421,9.0,8.0,8.5,1385.0,1387.0,1386.0,拉伸,,估计同步待核验
XY_Y-09-0.1-02,424,42.13255701754385,10.0,8.0,9.0,1386.0,1387.0,1386.5,拉伸,,估计同步待核验
XY_Y-09-0.1-02,425,42.230688048245604,10.0,8.0,9.0,1386.0,1387.0,1386.5,拉伸,,估计同步待核验
XY_Y-09-0.1-02,426,42.32881907894736,9.0,8.0,8.5,1387.0,1388.0,1387.5,拉伸,,估计同步待核验
XY_Y-09-0.1-02,427,42.42695010964912,9.0,8.0,8.5,1386.0,1388.0,1387.0,拉伸,,估计同步待核验
XY_Y-09-0.1-02,428,42.52508114035087,9.0,8.0,8.5,1386.0,1388.0,1387.0,拉伸,,估计同步待核验
XY_Y-09-0.1-02,429,42.62321217105263,8.0,8.0,8.0,1387.0,1387.0,1387.0,拉伸,,估计同步待核验
XY_Y-09-0.1-02,430,42.72134320175439,8.0,8.0,8.0,1388.0,1389.0,1388.5,拉伸,,估计同步待核验
XY_Y-09-0.1-02,431,42.81947423245614,8.0,8.0,8.0,1388.0,1389.0,1388.5,拉伸,,估计同步待核验
XY_Y-09-0.1-02,432,42.91760526315789,7.0,8.0,7.5,1388.0,1389.0,1388.5,拉伸,,估计同步待核验
XY_Y-09-0.1-02,433,43.015736293859646,7.791118421057458,8.0,7.895559210528729,1388.0,1390.0,1389.0,拉伸,,估计同步待核验
XY_Y-09-0.1-02,434,43.1138673245614,9.0,8.0,8.5,1389.0,1391.0,1390.0,拉伸,,估计同步待核验
XY_Y-09-0.1-02,435,43.211998355263155,9.0,8.0,8.5,1389.0,1391.0,1390.0,拉伸,,估计同步待核验
XY_Y-09-0.1-02,436,43.310129385964906,9.0,8.0,8.5,1389.0,1390.0,1389.5,拉伸,,估计同步待核验
XY_Y-09-0.1-02,437,43.408260416666664,9.0,8.0,8.5,1390.0,1391.0,1390.5,拉伸,,估计同步待核验
XY_Y-09-0.1-02,438,43.506391447368415,8.0,8.0,8.0,1390.0,1392.0,1391.0,拉伸,,估计同步待核验
XY_Y-09-0.1-02,439,43.60452247807017,8.0,8.0,8.0,1390.0,1392.0,1391.0,拉伸,,估计同步待核验
XY_Y-09-0.1-02,440,43.702653508771924,8.0,8.0,8.0,1390.0,1392.0,1391.0,拉伸,,估计同步待核验
XY_Y-09-0.1-02,441,43.800784539473675,7.0,8.0,7.5,1390.0,1392.0,1391.0,拉伸,,估计同步待核验
XY_Y-09-0.1-02,442,43.89891557017543,7.0,8.0,7.5,1391.0,1393.0,1392.0,拉伸,,估计同步待核验
XY_Y-09-0.1-02,443,43.997046600877184,7.0,9.0,8.0,1391.0,1393.0,1392.0,拉伸,,估计同步待核验
XY_Y-09-0.1-02,444,44.09517763157894,7.0,8.0,7.5,1392.0,1393.0,1392.5,拉伸,,估计同步待核验
XY_Y-09-0.1-02,445,44.19330866228069,7.0,9.0,8.0,1392.0,1394.0,1393.0,拉伸,,估计同步待核验
XY_Y-09-0.1-02,446,44.29143969298245,8.0,8.0,8.0,1392.0,1394.0,1393.0,拉伸,,估计同步待核验
XY_Y-09-0.1-02,447,44.38957072368421,8.0,8.0,8.0,1393.0,1395.0,1394.0,拉伸,,估计同步待核验
XY_Y-09-0.1-02,448,44.48770175438596,8.0,8.0,8.0,1393.0,1395.0,1394.0,拉伸,,估计同步待核验
XY_Y-09-0.1-02,449,44.58583278508772,7.0,8.0,7.5,1393.0,1395.0,1394.0,拉伸,,估计同步待核验
XY_Y-09-0.1-02,450,44.68396381578947,7.0,8.0,7.5,1394.0,1396.0,1395.0,拉伸,,估计同步待核验
XY_Y-09-0.1-02,451,44.782094846491226,7.0,8.0,7.5,1394.0,1396.0,1395.0,拉伸,,估计同步待核验
XY_Y-09-0.1-02,452,44.88022587719298,7.0,8.0,7.5,1394.0,1396.0,1395.0,拉伸,,估计同步待核验
XY_Y-09-0.1-02,453,44.978356907894735,7.0,8.0,7.5,1394.0,1396.0,1395.0,拉伸,,估计同步待核验
XY_Y-09-0.1-02,454,45.076487938596486,7.0,8.0,7.5,1395.0,1396.0,1395.5,拉伸,,估计同步待核验
XY_Y-09-0.1-02,455,45.174618969298244,8.0,8.0,8.0,1396.0,1397.0,1396.5,拉伸,,估计同步待核验
XY_Y-09-0.1-02,456,45.272749999999995,8.0,8.0,8.0,1396.0,1397.0,1396.5,拉伸,,估计同步待核验
XY_Y-09-0.1-02,457,45.37088103070175,9.0,8.0,8.5,1395.0,1397.0,1396.0,拉伸,,估计同步待核验
XY_Y-09-0.1-02,458,45.4690120614035,9.0,8.0,8.5,1396.0,1398.0,1397.0,拉伸,,估计同步待核验
XY_Y-09-0.1-02,459,45.567143092105255,7.286184210509744,8.0,7.643092105254873,1397.0,1398.0,1397.5,拉伸,,估计同步待核验
XY_Y-09-0.1-02,460,45.66527412280701,7.0,8.0,7.5,1397.0,1398.0,1397.5,拉伸,,估计同步待核验
XY_Y-09-0.1-02,461,45.76340515350877,7.0,8.0,7.5,1397.0,1399.0,1398.0,拉伸,,估计同步待核验
XY_Y-09-0.1-02,462,45.86153618421052,7.0,8.0,7.5,1397.0,1399.0,1398.0,拉伸,,估计同步待核验
XY_Y-09-0.1-02,463,45.95966721491227,8.0,8.0,8.0,1398.0,1399.0,1398.5,拉伸,,估计同步待核验
XY_Y-09-0.1-02,464,46.05779824561403,8.0,8.0,8.0,1399.0,1400.0,1399.5,拉伸,,估计同步待核验
XY_Y-09-0.1-02,465,46.15592927631578,8.0,8.0,8.0,1398.0,1400.0,1399.0,拉伸,,估计同步待核验
XY_Y-09-0.1-02,466,46.25406030701754,9.0,8.0,8.5,1398.0,1401.0,1399.5,拉伸,,估计同步待核验
XY_Y-09-0.1-02,467,46.3521913377193,9.0,8.0,8.5,1398.0,1400.0,1399.0,拉伸,,估计同步待核验
XY_Y-09-0.1-02,468,46.45032236842105,9.0,8.0,8.5,1400.0,1401.0,1400.5,拉伸,,估计同步待核验
XY_Y-09-0.1-02,469,46.5484533991228,9.0,8.0,8.5,1399.0,1401.0,1400.0,拉伸,,估计同步待核验
XY_Y-09-0.1-02,470,46.64658442982456,9.0,8.0,8.5,1400.0,1401.0,1400.5,拉伸,,估计同步待核验
XY_Y-09-0.1-02,471,46.744715460526315,8.430921052633986,8.0,8.215460526316992,1400.0,1402.0,1401.0,拉伸,,估计同步待核验
XY_Y-09-0.1-02,472,46.84284649122807,8.0,8.0,8.0,1400.0,1402.0,1401.0,拉伸,,估计同步待核验
XY_Y-09-0.1-02,473,46.94097752192982,8.0,8.0,8.0,1400.0,1402.0,1401.0,拉伸,,估计同步待核验
XY_Y-09-0.1-02,474,47.039108552631575,8.0,8.0,8.0,1401.0,1402.0,1401.5,拉伸,,估计同步待核验
XY_Y-09-0.1-02,475,47.13723958333333,9.0,8.0,8.5,1401.0,1403.0,1402.0,拉伸,,估计同步待核验
XY_Y-09-0.1-02,476,47.23537061403508,9.0,8.0,8.5,1401.0,1403.0,1402.0,拉伸,,估计同步待核验
XY_Y-09-0.1-02,477,47.333501644736835,9.0,8.0,8.5,1402.0,1404.0,1403.0,拉伸,,估计同步待核验
XY_Y-09-0.1-02,478,47.43163267543859,9.0,8.0,8.5,1402.0,1403.0,1402.5,拉伸,,估计同步待核验
XY_Y-09-0.1-02,479,47.52976370614035,9.0,8.0,8.5,1402.0,1404.0,1403.0,拉伸,,估计同步待核验
XY_Y-09-0.1-02,480,47.627894736842094,9.0,8.0,8.5,1403.0,1404.0,1403.5,拉伸,,估计同步待核验
XY_Y-09-0.1-02,481,47.72602576754385,9.0,8.0,8.5,1403.0,1404.0,1403.5,拉伸,,估计同步待核验
XY_Y-09-0.1-02,482,47.82415679824561,9.0,8.0,8.5,1402.0,1404.0,1403.0,拉伸,,估计同步待核验
XY_Y-09-0.1-02,483,47.92228782894736,8.0,8.0,8.0,1403.0,1404.0,1403.5,拉伸,,估计同步待核验
XY_Y-09-0.1-02,484,48.02041885964912,8.162280701765761,8.0,8.08114035088288,1403.0,1405.0,1404.0,拉伸,,估计同步待核验
XY_Y-09-0.1-02,485,48.11854989035087,8.350328947391993,8.0,8.175164473695997,1403.4501096491306,1405.0,1404.2250548245652,拉伸,,估计同步待核验
XY_Y-09-0.1-02,486,48.21668092105263,9.0,8.0,8.5,1403.0,1405.0,1404.0,拉伸,,估计同步待核验
XY_Y-09-0.1-02,487,48.31481195175438,9.0,8.0,8.5,1403.0,1405.0,1404.0,拉伸,,估计同步待核验
XY_Y-09-0.1-02,488,48.41294298245614,9.0,8.0,8.5,1404.0,1405.0,1404.5,拉伸,,估计同步待核验
XY_Y-09-0.1-02,489,48.511074013157895,9.0,8.0,8.5,1405.0,1406.0,1405.5,拉伸,,估计同步待核验
XY_Y-09-0.1-02,490,48.60920504385964,8.0,8.0,8.0,1404.0,1406.0,1405.0,拉伸,,估计同步待核验
XY_Y-09-0.1-02,491,48.7073360745614,8.0,8.0,8.0,1404.0,1406.0,1405.0,拉伸,,估计同步待核验
XY_Y-09-0.1-02,492,48.805467105263155,7.0,8.0,7.5,1404.0,1406.0,1405.0,拉伸,,估计同步待核验
XY_Y-09-0.1-02,493,48.90359813596491,7.0,8.0,7.5,1405.0,1407.0,1406.0,拉伸,,估计同步待核验
XY_Y-09-0.1-02,494,49.00172916666666,7.0,8.0,7.5,1405.0,1407.0,1406.0,拉伸,,估计同步待核验
XY_Y-09-0.1-02,495,49.099860197368415,7.0,9.0,8.0,1405.0,1408.0,1406.5,拉伸,,估计同步待核验
XY_Y-09-0.1-02,496,49.19799122807017,7.0,9.0,8.0,1405.0,1407.0,1406.0,拉伸,,估计同步待核验
XY_Y-09-0.1-02,497,49.296122258771916,7.0,8.0,7.5,1406.0,1408.0,1407.0,拉伸,,估计同步待核验
XY_Y-09-0.1-02,498,49.394253289473674,7.7467105263252325,8.0,7.873355263162616,1406.0,1408.0,1407.0,拉伸,,估计同步待核验
XY_Y-09-0.1-02,499,49.49238432017543,8.0,8.0,8.0,1406.0,1408.0,1407.0,拉伸,,估计同步待核验
XY_Y-09-0.1-02,500,49.59051535087719,8.0,8.0,8.0,1406.0,1408.0,1407.0,拉伸,,估计同步待核验
XY_Y-09-0.1-02,501,49.68864638157894,7.0,8.0,7.5,1407.0,1408.0,1407.5,拉伸,,估计同步待核验
XY_Y-09-0.1-02,502,49.78677741228069,7.0,8.0,7.5,1407.0,1409.0,1408.0,拉伸,,估计同步待核验
XY_Y-09-0.1-02,503,49.88490844298245,7.0,8.0,7.5,1407.0,1409.0,1408.0,拉伸,,估计同步待核验
XY_Y-09-0.1-02,504,49.98303947368421,7.0,8.0,7.5,1407.0,1409.0,1408.0,拉伸,,估计同步待核验
XY_Y-09-0.1-02,505,50.08117050438596,7.0,8.0,7.5,1408.0,1410.0,1409.0,拉伸,,估计同步待核验
XY_Y-09-0.1-02,506,50.17930153508772,7.0,8.0,7.5,1408.0,1409.0,1408.5,拉伸,,估计同步待核验
XY_Y-09-0.1-02,507,50.27743256578947,7.0,8.0,7.5,1408.0,1410.0,1409.0,拉伸,,估计同步待核验
XY_Y-09-0.1-02,508,50.37556359649122,8.0,8.0,8.0,1408.0,1410.0,1409.0,拉伸,,估计同步待核验
XY_Y-09-0.1-02,509,50.47369462719298,8.0,8.0,8.0,1409.0,1410.0,1409.5,拉伸,,估计同步待核验
XY_Y-09-0.1-02,510,50.571825657894735,8.651315789465643,8.0,8.32565789473282,1409.0,1410.8256578947328,1409.9128289473665,拉伸,,估计同步待核验
XY_Y-09-0.1-02,511,50.66995668859649,7.0,8.0,7.5,1409.0,1411.0,1410.0,拉伸,,估计同步待核验
XY_Y-09-0.1-02,512,50.76808771929824,7.0,8.0,7.5,1409.0,1411.0,1410.0,拉伸,,估计同步待核验
XY_Y-09-0.1-02,513,50.866218749999994,7.0,8.0,7.5,1410.0,1412.0,1411.0,拉伸,,估计同步待核验
XY_Y-09-0.1-02,514,50.96434978070175,7.0,8.0,7.5,1410.0,1412.0,1411.0,拉伸,,估计同步待核验
XY_Y-09-0.1-02,515,51.062480811403496,7.0,8.0,7.5,1410.0,1412.0,1411.0,拉伸,,估计同步待核验
XY_Y-09-0.1-02,516,51.160611842105254,8.0,8.0,8.0,1410.0,1412.0,1411.0,拉伸,,估计同步待核验
XY_Y-09-0.1-02,517,51.25874287280701,8.0,8.0,8.0,1411.0,1413.0,1412.0,拉伸,,估计同步待核验
XY_Y-09-0.1-02,518,51.35687390350877,8.0,8.0,8.0,1411.0,1413.0,1412.0,拉伸,,估计同步待核验
XY_Y-09-0.1-02,519,51.45500493421052,9.0,8.0,8.5,1411.0,1413.0,1412.0,拉伸,,估计同步待核验
XY_Y-09-0.1-02,520,51.55313596491227,9.0,8.0,8.5,1412.0,1414.0,1413.0,拉伸,,估计同步待核验
XY_Y-09-0.1-02,521,51.65126699561403,9.0,8.0,8.5,1412.0,1414.0,1413.0,拉伸,,估计同步待核验
XY_Y-09-0.1-02,522,51.74939802631578,9.0,8.0,8.5,1413.0,1414.0,1413.5,拉伸,,估计同步待核验
XY_Y-09-0.1-02,523,51.84752905701754,8.05811403507763,7.470942982461185,7.764528508769407,1413.0,1415.0,1414.0,拉伸,,估计同步待核验
XY_Y-09-0.1-02,524,51.9456600877193,7.0,9.0,8.0,1413.0,1415.0,1414.0,拉伸,,估计同步待核验
XY_Y-09-0.1-02,525,52.04379111842105,8.0,9.0,8.5,1413.0,1415.0,1414.0,拉伸,,估计同步待核验
XY_Y-09-0.1-02,526,52.1419221491228,8.0,8.0,8.0,1414.0,1415.0,1414.5,拉伸,,估计同步待核验
XY_Y-09-0.1-02,527,52.24005317982456,9.0,8.0,8.5,1414.0,1416.0,1415.0,拉伸,,估计同步待核验
XY_Y-09-0.1-02,528,52.338184210526315,9.0,8.0,8.5,1415.0,1416.0,1415.5,拉伸,,估计同步待核验
XY_Y-09-0.1-02,529,52.43631524122807,9.0,8.0,8.5,1415.0,1416.0,1415.5,拉伸,,估计同步待核验
XY_Y-09-0.1-02,530,52.534446271929816,10.0,8.0,9.0,1415.0,1416.0,1415.5,拉伸,,估计同步待核验
XY_Y-09-0.1-02,531,52.632577302631574,10.0,8.0,9.0,1415.0,1417.0,1416.0,拉伸,,估计同步待核验
XY_Y-09-0.1-02,532,52.73070833333333,9.0,8.0,8.5,1416.0,1417.0,1416.5,拉伸,,估计同步待核验
XY_Y-09-0.1-02,533,52.828839364035076,9.0,7.0,8.0,1416.0,1417.0,1416.5,拉伸,,估计同步待核验
XY_Y-09-0.1-02,534,52.926970394736834,9.0,8.0,8.5,1416.0,1417.0,1416.5,拉伸,,估计同步待核验
XY_Y-09-0.1-02,535,53.02510142543859,8.0,8.0,8.0,1416.0,1418.0,1417.0,拉伸,,估计同步待核验
XY_Y-09-0.1-02,536,53.12323245614035,8.535087719297,8.0,8.2675438596485,1417.0,1418.0,1417.5,拉伸,,估计同步待核验
XY_Y-09-0.1-02,537,53.221363486842094,9.0,8.0,8.5,1417.0,1419.0,1418.0,拉伸,,估计同步待核验
XY_Y-09-0.1-02,538,53.31949451754385,10.0,8.0,9.0,1417.0,1419.0,1418.0,拉伸,,估计同步待核验
XY_Y-09-0.1-02,539,53.41762554824561,9.0,8.0,8.5,1418.0,1419.0,1418.5,拉伸,,估计同步待核验
XY_Y-09-0.1-02,540,53.51575657894736,9.0,8.0,8.5,1418.0,1420.0,1419.0,拉伸,,估计同步待核验
XY_Y-09-0.1-02,541,53.61388760964912,9.0,8.0,8.5,1418.0,1420.0,1419.0,拉伸,,估计同步待核验
XY_Y-09-0.1-02,542,53.71201864035087,9.0,8.0,8.5,1418.0,1420.0,1419.0,拉伸,,估计同步待核验
XY_Y-09-0.1-02,543,53.81014967105263,9.0,8.0,8.5,1419.0,1420.0,1419.5,拉伸,,估计同步待核验
XY_Y-09-0.1-02,544,53.90828070175438,8.0,8.0,8.0,1419.0,1420.0,1419.5,拉伸,,估计同步待核验
XY_Y-09-0.1-02,545,54.00641173245614,8.0,8.0,8.0,1419.0,1421.0,1420.0,拉伸,,估计同步待核验
XY_Y-09-0.1-02,546,54.104542763157895,7.0,8.0,7.5,1419.0,1421.0,1420.0,拉伸,,估计同步待核验
XY_Y-09-0.1-02,547,54.20267379385964,7.0,8.0,7.5,1419.0,1421.0,1420.0,拉伸,,估计同步待核验
XY_Y-09-0.1-02,548,54.300804824561396,7.390350877209313,8.0,7.6951754386046565,1420.0,1421.0,1420.5,拉伸,,估计同步待核验
XY_Y-09-0.1-02,549,54.398935855263154,9.0,8.0,8.5,1420.0,1422.0,1421.0,拉伸,,估计同步待核验
XY_Y-09-0.1-02,550,54.49706688596491,9.0,8.0,8.5,1420.0,1422.0,1421.0,拉伸,,估计同步待核验
XY_Y-09-0.1-02,551,54.595197916666656,8.0,8.0,8.0,1421.0,1422.0,1421.5,拉伸,,估计同步待核验
XY_Y-09-0.1-02,552,54.693328947368414,8.0,8.0,8.0,1420.0,1422.0,1421.0,拉伸,,估计同步待核验
XY_Y-09-0.1-02,553,54.79145997807017,8.0,8.0,8.0,1421.0,1423.0,1422.0,拉伸,,估计同步待核验
XY_Y-09-0.1-02,554,54.889591008771916,7.0,8.0,7.5,1421.0,1423.0,1422.0,拉伸,,估计同步待核验
XY_Y-09-0.1-02,555,54.987722039473674,7.0,8.0,7.5,1421.0,1423.0,1422.0,拉伸,,估计同步待核验
XY_Y-09-0.1-02,556,55.08585307017543,7.0,8.0,7.5,1421.0,1423.0,1422.0,拉伸,,估计同步待核验
XY_Y-09-0.1-02,557,55.18398410087719,7.0,8.0,7.5,1421.0,1423.0,1422.0,拉伸,,估计同步待核验
XY_Y-09-0.1-02,558,55.28211513157894,7.0,8.0,7.5,1422.0,1423.0,1422.5,拉伸,,估计同步待核验
XY_Y-09-0.1-02,559,55.38024616228069,7.0,8.0,7.5,1422.0,1424.0,1423.0,拉伸,,估计同步待核验
XY_Y-09-0.1-02,560,55.47837719298245,8.0,8.0,8.0,1422.0,1424.0,1423.0,拉伸,,估计同步待核验
XY_Y-09-0.1-02,561,55.57650822368421,8.0,8.0,8.0,1422.0,1425.0,1423.5,拉伸,,估计同步待核验
XY_Y-09-0.1-02,562,55.67463925438596,8.0,8.0,8.0,1423.0,1425.0,1424.0,拉伸,,估计同步待核验
XY_Y-09-0.1-02,563,55.77277028508772,7.0,8.0,7.5,1423.0,1425.0,1424.0,拉伸,,估计同步待核验
XY_Y-09-0.1-02,564,55.87090131578947,7.0,8.0,7.5,1423.0,1425.0,1424.0,拉伸,,估计同步待核验
XY_Y-09-0.1-02,565,55.96903234649122,7.0,8.0,7.5,1424.0,1425.0,1424.5,拉伸,,估计同步待核验
XY_Y-09-0.1-02,566,56.067163377192976,7.0,9.0,8.0,1424.0,1425.0,1424.5,拉伸,,估计同步待核验
XY_Y-09-0.1-02,567,56.165294407894734,7.0,8.0,7.5,1423.0,1425.0,1424.0,拉伸,,估计同步待核验
XY_Y-09-0.1-02,568,56.26342543859649,7.0,8.0,7.5,1424.0,1426.0,1425.0,拉伸,,估计同步待核验
XY_Y-09-0.1-02,569,56.361556469298236,7.0,8.0,7.5,1424.0,1426.0,1425.0,拉伸,,估计同步待核验
XY_Y-09-0.1-02,570,56.459687499999994,8.0,8.0,8.0,1424.0,1426.0,1425.0,拉伸,,估计同步待核验
XY_Y-09-0.1-02,571,56.55781853070175,9.0,8.0,8.5,1425.0,1426.0,1425.5,拉伸,,估计同步待核验
XY_Y-09-0.1-02,572,56.655949561403496,9.0,8.0,8.5,1425.0,1427.0,1426.0,拉伸,,估计同步待核验
XY_Y-09-0.1-02,573,56.754080592105254,9.0,8.0,8.5,1425.0,1427.0,1426.0,拉伸,,估计同步待核验
XY_Y-09-0.1-02,574,56.85221162280701,7.423245614028045,8.0,7.711622807014022,1425.0,1427.0,1426.0,拉伸,,估计同步待核验
XY_Y-09-0.1-02,575,56.95034265350877,7.0,8.0,7.5,1425.0,1428.0,1426.5,拉伸,,估计同步待核验
XY_Y-09-0.1-02,576,57.04847368421052,7.0,8.0,7.5,1426.0,1427.0,1426.5,拉伸,,估计同步待核验
XY_Y-09-0.1-02,577,57.14660471491227,7.0,8.0,7.5,1426.0,1428.0,1427.0,拉伸,,估计同步待核验
XY_Y-09-0.1-02,578,57.24473574561403,8.0,8.0,8.0,1426.0,1429.0,1427.5,拉伸,,估计同步待核验
XY_Y-09-0.1-02,579,57.34286677631578,8.0,8.0,8.0,1427.0,1429.0,1428.0,拉伸,,估计同步待核验
XY_Y-09-0.1-02,580,57.44099780701754,9.0,8.0,8.5,1427.0,1428.0,1427.5,拉伸,,估计同步待核验
XY_Y-09-0.1-02,581,57.539128837719296,9.0,8.0,8.5,1427.0,1429.0,1428.0,拉伸,,估计同步待核验
XY_Y-09-0.1-02,582,57.63725986842105,9.0,8.0,8.5,1428.0,1429.0,1428.5,拉伸,,估计同步待核验
XY_Y-09-0.1-02,583,57.7353908991228,9.0,8.0,8.5,1428.0,1429.0,1428.5,拉伸,,估计同步待核验
XY_Y-09-0.1-02,584,57.833521929824556,9.0,7.0,8.0,1428.0,1430.0,1429.0,拉伸,,估计同步待核验
XY_Y-09-0.1-02,585,57.931652960526314,9.0,8.0,8.5,1428.0,1430.0,1429.0,拉伸,,估计同步待核验
XY_Y-09-0.1-02,586,58.02978399122807,8.783991228070542,8.0,8.39199561403527,1429.0,1430.0,1429.5,拉伸,,估计同步待核验
XY_Y-09-0.1-02,587,58.127915021929816,8.0,8.0,8.0,1429.0,1431.0,1430.0,拉伸,,估计同步待核验
XY_Y-09-0.1-02,588,58.226046052631574,8.0,8.0,8.0,1429.0,1431.0,1430.0,拉伸,,估计同步待核验
XY_Y-09-0.1-02,589,58.32417708333333,9.0,8.0,8.5,1429.0,1431.0,1430.0,拉伸,,估计同步待核验
XY_Y-09-0.1-02,590,58.422308114035076,9.0,8.0,8.5,1430.0,1431.0,1430.5,拉伸,,估计同步待核验
XY_Y-09-0.1-02,591,58.520439144736834,9.0,8.0,8.5,1430.0,1432.0,1431.0,拉伸,,估计同步待核验
XY_Y-09-0.1-02,592,58.61857017543859,9.0,8.0,8.5,1431.0,1432.0,1431.5,拉伸,,估计同步待核验
XY_Y-09-0.1-02,593,58.71670120614035,9.0,8.0,8.5,1431.0,1432.0,1431.5,拉伸,,估计同步待核验
XY_Y-09-0.1-02,594,58.81483223684209,9.0,8.0,8.5,1431.0,1432.0,1431.5,拉伸,,估计同步待核验
XY_Y-09-0.1-02,595,58.91296326754385,9.0,8.0,8.5,1431.0,1433.0,1432.0,拉伸,,估计同步待核验
XY_Y-09-0.1-02,596,59.01109429824561,8.0,8.0,8.0,1432.0,1434.0,1433.0,拉伸,,估计同步待核验
XY_Y-09-0.1-02,597,59.10922532894736,8.0,8.0,8.0,1431.0,1433.0,1432.0,拉伸,,估计同步待核验
XY_Y-09-0.1-02,598,59.20735635964912,8.0,8.0,8.0,1432.0,1433.0,1432.5,拉伸,,估计同步待核验
XY_Y-09-0.1-02,599,59.30548739035087,8.025219298258664,8.0,8.012609649129331,1432.0,1434.0,1433.0,拉伸,,估计同步待核验
XY_Y-09-0.1-02,600,59.40361842105263,9.0,8.0,8.5,1433.0,1434.0,1433.5,拉伸,,估计同步待核验
XY_Y-09-0.1-02,601,59.50174945175438,9.0,8.0,8.5,1433.0,1434.0,1433.5,拉伸,,估计同步待核验
XY_Y-09-0.1-02,602,59.599880482456136,9.0,8.0,8.5,1433.0,1435.0,1434.0,拉伸,,估计同步待核验
XY_Y-09-0.1-02,603,59.698011513157894,9.0,8.0,8.5,1434.0,1435.0,1434.5,拉伸,,估计同步待核验
XY_Y-09-0.1-02,604,59.79614254385964,9.0,8.0,8.5,1434.0,1436.0,1435.0,拉伸,,估计同步待核验
XY_Y-09-0.1-02,605,59.894273574561396,8.0,8.0,8.0,1434.0,1436.0,1435.0,拉伸,,估计同步待核验
XY_Y-09-0.1-02,606,59.992404605263154,8.0,8.0,8.0,1435.0,1436.0,1435.5,拉伸,,估计同步待核验
XY_Y-09-0.1-02,607,60.09053563596491,7.0,8.0,7.5,1435.0,1436.0,1435.5,拉伸,,估计同步待核验
XY_Y-09-0.1-02,608,60.188666666666656,7.0,8.0,7.5,1435.0,1436.0,1435.5,拉伸,,估计同步待核验
XY_Y-09-0.1-02,609,60.286797697368414,7.0,8.0,7.5,1435.0,1437.0,1436.0,拉伸,,估计同步待核验
XY_Y-09-0.1-02,610,60.38492872807017,7.0,8.0,7.5,1436.0,1438.0,1437.0,拉伸,,估计同步待核验
XY_Y-09-0.1-02,611,60.483059758771915,7.0,8.0,7.5,1435.0,1438.0,1436.5,拉伸,,估计同步待核验
XY_Y-09-0.1-02,612,60.58119078947367,8.61842105265841,8.0,8.309210526329206,1436.0,1438.0,1437.0,拉伸,,估计同步待核验
XY_Y-09-0.1-02,613,60.67932182017543,9.0,8.0,8.5,1437.0,1438.0,1437.5,拉伸,,估计同步待核验
XY_Y-09-0.1-02,614,60.77745285087719,8.0,8.0,8.0,1436.0,1438.0,1437.0,拉伸,,估计同步待核验
XY_Y-09-0.1-02,615,60.87558388157894,7.0,8.0,7.5,1437.0,1438.0,1437.5,拉伸,,估计同步待核验
XY_Y-09-0.1-02,616,60.97371491228069,7.0,8.0,7.5,1437.0,1439.0,1438.0,拉伸,,估计同步待核验
XY_Y-09-0.1-02,617,61.07184594298245,7.0,8.0,7.5,1438.0,1439.0,1438.5,拉伸,,估计同步待核验
XY_Y-09-0.1-02,618,61.16997697368421,7.0,8.0,7.5,1437.0,1439.0,1438.0,拉伸,,估计同步待核验
XY_Y-09-0.1-02,619,61.26810800438596,7.0,8.0,7.5,1437.0,1440.0,1438.5,拉伸,,估计同步待核验
XY_Y-09-0.1-02,620,61.366239035087716,7.0,8.0,7.5,1438.0,1440.0,1439.0,拉伸,,估计同步待核验
XY_Y-09-0.1-02,621,61.46437006578947,7.0,8.0,7.5,1438.0,1439.0,1438.5,拉伸,,估计同步待核验
XY_Y-09-0.1-02,622,61.56250109649122,7.0,8.0,7.5,1438.0,1441.0,1439.5,拉伸,,估计同步待核验
XY_Y-09-0.1-02,623,61.660632127192976,8.0,8.0,8.0,1439.0,1440.0,1439.5,拉伸,,估计同步待核验
XY_Y-09-0.1-02,624,61.758763157894734,8.0,8.0,8.0,1439.0,1440.0,1439.5,拉伸,,估计同步待核验
XY_Y-09-0.1-02,625,61.85689418859649,7.0,8.0,7.5,1439.0,1441.0,1440.0,拉伸,,估计同步待核验
XY_Y-09-0.1-02,626,61.955025219298236,7.0,8.0,7.5,1439.0,1441.0,1440.0,拉伸,,估计同步待核验
XY_Y-09-0.1-02,627,62.053156249999994,7.0,8.0,7.5,1439.0,1441.0,1440.0,拉伸,,估计同步待核验
XY_Y-09-0.1-02,628,62.15128728070175,7.0,8.0,7.5,1439.0,1441.0,1440.0,拉伸,,估计同步待核验
XY_Y-09-0.1-02,629,62.249418311403495,7.0,8.0,7.5,1440.0,1442.0,1441.0,拉伸,,估计同步待核验
XY_Y-09-0.1-02,630,62.34754934210525,8.0,8.0,8.0,1439.0,1442.0,1440.5,拉伸,,估计同步待核验
XY_Y-09-0.1-02,631,62.44568037280701,8.0,8.0,8.0,1439.0,1441.0,1440.0,拉伸,,估计同步待核验
XY_Y-09-0.1-02,632,62.54381140350877,8.0,8.0,8.0,1440.0,1442.0,1441.0,拉伸,,估计同步待核验
XY_Y-09-0.1-02,633,62.64194243421052,8.0,8.0,8.0,1440.0,1442.0,1441.0,拉伸,,估计同步待核验
XY_Y-09-0.1-02,634,62.74007346491227,9.0,8.0,8.5,1441.0,1443.0,1442.0,拉伸,,估计同步待核验
XY_Y-09-0.1-02,635,62.83820449561403,9.0,8.0,8.5,1441.0,1442.0,1441.5,拉伸,,估计同步待核验
XY_Y-09-0.1-02,636,62.93633552631578,10.0,8.0,9.0,1441.0,1442.0,1441.5,拉伸,,估计同步待核验
XY_Y-09-0.1-02,637,63.03446655701754,7.933114035080294,8.533442982459853,8.233278508770074,1441.0,1443.0,1442.0,拉伸,,估计同步待核验
XY_Y-09-0.1-02,638,63.132597587719296,7.0,8.0,7.5,1441.0,1443.0,1442.0,拉伸,,估计同步待核验
XY_Y-09-0.1-02,639,63.23072861842105,8.0,8.0,8.0,1441.0,1443.0,1442.0,拉伸,,估计同步待核验
XY_Y-09-0.1-02,640,63.3288596491228,8.0,8.0,8.0,1441.0,1443.0,1442.0,拉伸,,估计同步待核验
XY_Y-09-0.1-02,641,63.426990679824556,8.0,8.0,8.0,1441.0,1443.0,1442.0,拉伸,,估计同步待核验
XY_Y-09-0.1-02,642,63.525121710526314,8.0,8.0,8.0,1442.0,1444.0,1443.0,拉伸,,估计同步待核验
XY_Y-09-0.1-02,643,63.62325274122807,9.0,8.0,8.5,1442.0,1444.0,1443.0,拉伸,,估计同步待核验
XY_Y-09-0.1-02,644,63.721383771929816,9.0,8.0,8.5,1442.0,1444.0,1443.0,拉伸,,估计同步待核验
XY_Y-09-0.1-02,645,63.81951480263157,9.0,8.0,8.5,1442.0,1444.0,1443.0,拉伸,,估计同步待核验
XY_Y-09-0.1-02,646,63.91764583333333,9.0,8.0,8.5,1443.0,1444.0,1443.5,拉伸,,估计同步待核验
XY_Y-09-0.1-02,647,64.01577686403508,9.0,7.0,8.0,1443.0,1445.0,1444.0,拉伸,,估计同步待核验
XY_Y-09-0.1-02,648,64.11390789473684,9.0,7.0,8.0,1443.0,1445.0,1444.0,拉伸,,估计同步待核验
XY_Y-09-0.1-02,649,64.21203892543859,9.0,8.0,8.5,1443.0,1444.0,1443.5,拉伸,,估计同步待核验
XY_Y-09-0.1-02,650,64.31016995614036,8.169956140353277,8.0,8.08497807017664,1443.0,1445.0,1444.0,拉伸,,估计同步待核验
XY_Y-09-0.1-02,651,64.4083009868421,8.699013157909649,8.0,8.349506578954824,1443.0,1445.6990131579096,1444.3495065789548,拉伸,,估计同步待核验
XY_Y-09-0.1-02,652,64.50643201754386,9.0,8.0,8.5,1443.0,1445.0,1444.0,拉伸,,估计同步待核验
XY_Y-09-0.1-02,653,64.60456304824562,9.0,8.0,8.5,1443.0,1445.0,1444.0,拉伸,,估计同步待核验
XY_Y-09-0.1-02,654,64.70269407894736,9.0,8.0,8.5,1444.0,1445.0,1444.5,拉伸,,估计同步待核验
XY_Y-09-0.1-02,655,64.80082510964913,10.0,8.0,9.0,1444.0,1446.0,1445.0,拉伸,,估计同步待核验
XY_Y-09-0.1-02,656,64.89895614035088,9.0,8.0,8.5,1444.0,1446.0,1445.0,拉伸,,估计同步待核验
XY_Y-09-0.1-02,657,64.99708717105264,9.0,8.0,8.5,1444.0,1446.0,1445.0,拉伸,,估计同步待核验
XY_Y-09-0.1-02,658,65.09521820175438,9.0,8.0,8.5,1445.0,1446.0,1445.5,拉伸,,估计同步待核验
XY_Y-09-0.1-02,659,65.19334923245614,9.0,8.0,8.5,1445.0,1446.0,1445.5,拉伸,,估计同步待核验
XY_Y-09-0.1-02,660,65.2914802631579,8.0,8.0,8.0,1445.0,1446.0,1445.5,拉伸,,估计同步待核验
XY_Y-09-0.1-02,661,65.38961129385964,8.0,8.0,8.0,1445.0,1446.0,1445.5,拉伸,,估计同步待核验
XY_Y-09-0.1-02,662,65.4877423245614,7.0,8.0,7.5,1445.0,1447.0,1446.0,拉伸,,估计同步待核验
XY_Y-09-0.1-02,663,65.58587335526316,7.2532894736747675,8.0,7.626644736837384,1445.1266447368373,1447.0,1446.0633223684185,拉伸,,估计同步待核验
XY_Y-09-0.1-02,664,65.68400438596491,9.0,8.0,8.5,1446.0,1447.0,1446.5,拉伸,,估计同步待核验
XY_Y-09-0.1-02,665,65.78213541666666,10.0,8.0,9.0,1445.0,1447.0,1446.0,拉伸,,估计同步待核验
XY_Y-09-0.1-02,666,65.88026644736843,9.0,8.0,8.5,1446.0,1447.0,1446.5,拉伸,,估计同步待核验
XY_Y-09-0.1-02,667,65.97839747807018,9.0,8.0,8.5,1446.0,1447.0,1446.5,拉伸,,估计同步待核验
XY_Y-09-0.1-02,668,66.07652850877193,8.0,8.0,8.0,1446.0,1448.0,1447.0,拉伸,,估计同步待核验
XY_Y-09-0.1-02,669,66.17465953947368,8.0,8.0,8.0,1446.0,1447.0,1446.5,拉伸,,估计同步待核验
XY_Y-09-0.1-02,670,66.27279057017545,8.0,8.0,8.0,1446.0,1448.0,1447.0,拉伸,,估计同步待核验
XY_Y-09-0.1-02,671,66.3709216008772,7.0,8.0,7.5,1447.0,1449.0,1448.0,拉伸,,估计同步待核验
XY_Y-09-0.1-02,672,66.46905263157895,7.0,8.0,7.5,1447.0,1448.0,1447.5,拉伸,,估计同步待核验
XY_Y-09-0.1-02,673,66.5671836622807,7.0,8.0,7.5,1447.0,1449.0,1448.0,拉伸,,估计同步待核验
XY_Y-09-0.1-02,674,66.66531469298246,7.0,9.0,8.0,1447.0,1449.0,1448.0,拉伸,,估计同步待核验
XY_Y-09-0.1-02,675,66.76344572368421,7.0,8.0,7.5,1447.0,1449.0,1448.0,拉伸,,估计同步待核验
XY_Y-09-0.1-02,676,66.86157675438596,7.8464912280681185,8.0,7.923245614034059,1448.0,1450.0,1449.0,拉伸,,估计同步待核验
XY_Y-09-0.1-02,677,66.95970778508772,9.0,8.0,8.5,1448.0,1450.0,1449.0,拉伸,,估计同步待核验
XY_Y-09-0.1-02,678,67.05783881578948,8.0,8.0,8.0,1448.0,1450.0,1449.0,拉伸,,估计同步待核验
XY_Y-09-0.1-02,679,67.15596984649122,7.0,8.0,7.5,1449.0,1450.0,1449.5,拉伸,,估计同步待核验
XY_Y-09-0.1-02,680,67.25410087719298,7.0,8.0,7.5,1449.0,1451.0,1450.0,拉伸,,估计同步待核验
XY_Y-09-0.1-02,681,67.35223190789473,7.0,8.0,7.5,1448.0,1451.0,1449.5,拉伸,,估计同步待核验
XY_Y-09-0.1-02,682,67.4503629385965,7.0,8.0,7.5,1449.0,1452.0,1450.5,拉伸,,估计同步待核验
XY_Y-09-0.1-02,683,67.54849396929825,7.0,8.0,7.5,1449.0,1451.0,1450.0,拉伸,,估计同步待核验
XY_Y-09-0.1-02,684,67.646625,7.0,8.0,7.5,1450.0,1451.0,1450.5,拉伸,,估计同步待核验
XY_Y-09-0.1-02,685,67.74475603070175,7.0,8.0,7.5,1450.0,1452.0,1451.0,拉伸,,估计同步待核验
XY_Y-09-0.1-02,686,67.8428870614035,8.0,8.0,8.0,1450.0,1452.0,1451.0,拉伸,,估计同步待核验
XY_Y-09-0.1-02,687,67.94101809210527,8.0,8.0,8.0,1451.0,1452.0,1451.5,拉伸,,估计同步待核验
XY_Y-09-0.1-02,688,68.03914912280702,8.0,8.0,8.0,1451.0,1453.0,1452.0,拉伸,,估计同步待核验
XY_Y-09-0.1-02,689,68.13728015350878,7.5603070175625895,8.0,7.780153508781295,1451.2801535087813,1453.0,1452.1400767543905,拉伸,,估计同步待核验
XY_Y-09-0.1-02,690,68.23541118421052,7.0,8.0,7.5,1451.0,1452.0,1451.5,拉伸,,估计同步待核验
XY_Y-09-0.1-02,691,68.33354221491228,7.0,8.0,7.5,1451.0,1454.0,1452.5,拉伸,,估计同步待核验
XY_Y-09-0.1-02,692,68.43167324561404,7.0,8.0,7.5,1451.0,1453.0,1452.0,拉伸,,估计同步待核验
XY_Y-09-0.1-02,693,68.52980427631579,7.0,8.0,7.5,1452.0,1454.0,1453.0,拉伸,,估计同步待核验
XY_Y-09-0.1-02,694,68.62793530701754,8.0,8.0,8.0,1452.0,1454.0,1453.0,拉伸,,估计同步待核验
XY_Y-09-0.1-02,695,68.7260663377193,8.0,8.0,8.0,1452.0,1454.0,1453.0,拉伸,,估计同步待核验
XY_Y-09-0.1-02,696,68.82419736842105,8.0,8.0,8.0,1453.0,1454.0,1453.5,拉伸,,估计同步待核验
XY_Y-09-0.1-02,697,68.9223283991228,8.0,8.0,8.0,1453.0,1455.0,1454.0,拉伸,,估计同步待核验
XY_Y-09-0.1-02,698,69.02045942982456,9.0,8.0,8.5,1453.0,1454.0,1453.5,拉伸,,估计同步待核验
XY_Y-09-0.1-02,699,69.11859046052632,9.0,8.0,8.5,1454.0,1455.0,1454.5,拉伸,,估计同步待核验
XY_Y-09-0.1-02,700,69.21672149122807,10.0,8.0,9.0,1454.0,1455.0,1454.5,拉伸,,估计同步待核验
XY_Y-09-0.1-02,701,69.31485252192982,8.705043859650276,8.0,8.352521929825137,1454.0,1456.0,1455.0,拉伸,,估计同步待核验
XY_Y-09-0.1-02,702,69.41298355263157,7.0,8.0,7.5,1454.0,1457.0,1455.5,拉伸,,估计同步待核验
XY_Y-09-0.1-02,703,69.51111458333334,7.0,8.0,7.5,1454.0,1456.0,1455.0,拉伸,,估计同步待核验
XY_Y-09-0.1-02,704,69.60924561403509,8.0,8.0,8.0,1454.0,1456.0,1455.0,拉伸,,估计同步待核验
XY_Y-09-0.1-02,705,69.70737664473684,8.0,8.0,8.0,1455.0,1457.0,1456.0,拉伸,,估计同步待核验
XY_Y-09-0.1-02,706,69.8055076754386,8.0,8.0,8.0,1455.0,1457.0,1456.0,拉伸,,估计同步待核验
XY_Y-09-0.1-02,707,69.90363870614036,9.0,8.0,8.5,1455.0,1457.0,1456.0,拉伸,,估计同步待核验
XY_Y-09-0.1-02,708,70.0017697368421,9.0,8.0,8.5,1455.0,1457.0,1456.0,拉伸,,估计同步待核验
XY_Y-09-0.1-02,709,70.09990076754386,9.0,8.0,8.5,1456.0,1458.0,1457.0,拉伸,,估计同步待核验
XY_Y-09-0.1-02,710,70.19803179824562,9.0,8.0,8.5,1457.0,1458.0,1457.5,拉伸,,估计同步待核验
XY_Y-09-0.1-02,711,70.29616282894736,9.0,8.0,8.5,1457.0,1458.0,1457.5,拉伸,,估计同步待核验
XY_Y-09-0.1-02,712,70.39429385964912,9.0,8.0,8.5,1456.0,1458.0,1457.0,拉伸,,估计同步待核验
XY_Y-09-0.1-02,713,70.49242489035088,9.0,8.0,8.5,1456.0,1458.0,1457.0,拉伸,,估计同步待核验
XY_Y-09-0.1-02,714,70.59055592105264,8.555921052642377,8.0,8.277960526321188,1456.5559210526424,1458.0,1457.2779605263213,拉伸,,估计同步待核验
XY_Y-09-0.1-02,715,70.68868695175438,8.0,7.0,7.5,1457.0,1458.0,1457.5,拉伸,,估计同步待核验
XY_Y-09-0.1-02,716,70.78681798245614,9.0,8.0,8.5,1456.0,1458.0,1457.0,拉伸,,估计同步待核验
XY_Y-09-0.1-02,717,70.8849490131579,9.0,8.0,8.5,1457.0,1459.0,1458.0,拉伸,,估计同步待核验
XY_Y-09-0.1-02,718,70.98308004385964,9.0,8.0,8.5,1458.0,1459.0,1458.5,拉伸,,估计同步待核验
XY_Y-09-0.1-02,719,71.0812110745614,9.0,8.0,8.5,1457.0,1459.0,1458.0,拉伸,,估计同步待核验
XY_Y-09-0.1-02,720,71.17934210526316,9.0,7.0,8.0,1457.0,1458.0,1457.5,拉伸,,估计同步待核验
XY_Y-09-0.1-02,721,71.27747313596491,9.0,8.0,8.5,1457.0,1458.0,1457.5,拉伸,,估计同步待核验
XY_Y-09-0.1-02,722,71.37560416666666,9.0,8.0,8.5,1458.0,1459.0,1458.5,拉伸,,估计同步待核验
XY_Y-09-0.1-02,723,71.47373519736843,9.0,8.0,8.5,1458.0,1459.0,1458.5,拉伸,,估计同步待核验
XY_Y-09-0.1-02,724,71.57186622807018,8.0,8.0,8.0,1457.0,1459.0,1458.0,拉伸,,估计同步待核验
XY_Y-09-0.1-02,725,71.66999725877193,8.0,8.0,8.0,1458.0,1459.0,1458.5,拉伸,,估计同步待核验
XY_Y-09-0.1-02,726,71.76812828947368,8.0,8.0,8.0,1458.0,1459.0,1458.5,拉伸,,估计同步待核验
XY_Y-09-0.1-02,727,71.86625932017544,8.481359649112367,8.0,8.240679824556183,1458.0,1460.0,1459.0,拉伸,,估计同步待核验
XY_Y-09-0.1-02,728,71.9643903508772,9.0,8.0,8.5,1459.0,1460.0,1459.5,拉伸,,估计同步待核验
XY_Y-09-0.1-02,729,72.06252138157895,9.0,8.0,8.5,1458.0,1460.0,1459.0,拉伸,,估计同步待核验
XY_Y-09-0.1-02,730,72.1606524122807,9.0,8.0,8.5,1459.0,1461.0,1460.0,拉伸,,估计同步待核验
XY_Y-09-0.1-02,731,72.25878344298246,9.0,8.0,8.5,1459.0,1460.0,1459.5,拉伸,,估计同步待核验
XY_Y-09-0.1-02,732,72.35691447368421,9.0,8.0,8.5,1459.0,1461.0,1460.0,拉伸,,估计同步待核验
XY_Y-09-0.1-02,733,72.45504550438596,8.0,8.0,8.0,1459.0,1461.0,1460.0,拉伸,,估计同步待核验
XY_Y-09-0.1-02,734,72.55317653508772,8.0,8.0,8.0,1459.0,1461.0,1460.0,拉伸,,估计同步待核验
XY_Y-09-0.1-02,735,72.65130756578948,8.0,8.0,8.0,1460.0,1462.0,1461.0,拉伸,,估计同步待核验
XY_Y-09-0.1-02,736,72.74943859649122,7.0,8.0,7.5,1459.0,1462.0,1460.5,拉伸,,估计同步待核验
XY_Y-09-0.1-02,737,72.84756962719298,7.0,8.0,7.5,1459.0,1461.0,1460.0,拉伸,,估计同步待核验
XY_Y-09-0.1-02,738,72.94570065789473,7.0,8.0,7.5,1459.0,1462.0,1460.5,拉伸,,估计同步待核验
XY_Y-09-0.1-02,739,73.0438316885965,7.336622807001042,8.0,7.668311403500521,1460.0,1461.8316885964996,1460.9158442982498,拉伸,,估计同步待核验
XY_Y-09-0.1-02,740,73.14196271929825,9.0,8.0,8.5,1460.0,1462.0,1461.0,拉伸,,估计同步待核验
XY_Y-09-0.1-02,741,73.24009375,8.0,8.0,8.0,1460.0,1462.0,1461.0,拉伸,,估计同步待核验
XY_Y-09-0.1-02,742,73.33822478070175,8.0,8.0,8.0,1460.0,1462.0,1461.0,拉伸,,估计同步待核验
XY_Y-09-0.1-02,743,73.4363558114035,8.0,8.0,8.0,1460.0,1462.0,1461.0,拉伸,,估计同步待核验
XY_Y-09-0.1-02,744,73.53448684210527,7.0,8.0,7.5,1461.0,1462.0,1461.5,拉伸,,估计同步待核验
XY_Y-09-0.1-02,745,73.63261787280702,7.0,8.0,7.5,1460.0,1462.0,1461.0,拉伸,,估计同步待核验
XY_Y-09-0.1-02,746,73.73074890350878,7.0,8.0,7.5,1460.0,1462.0,1461.0,拉伸,,估计同步待核验
XY_Y-09-0.1-02,747,73.82887993421052,7.0,8.0,7.5,1461.0,1462.0,1461.5,拉伸,,估计同步待核验
XY_Y-09-0.1-02,748,73.92701096491228,7.0,8.0,7.5,1461.0,1463.0,1462.0,拉伸,,估计同步待核验
XY_Y-09-0.1-02,749,74.02514199561404,7.0,8.0,7.5,1461.0,1463.0,1462.0,拉伸,,估计同步待核验
XY_Y-09-0.1-02,750,74.12327302631579,7.0,8.0,7.5,1461.0,1463.0,1462.0,拉伸,,估计同步待核验
XY_Y-09-0.1-02,751,74.22140405701754,8.0,8.0,8.0,1461.0,1463.0,1462.0,拉伸,,估计同步待核验
XY_Y-09-0.1-02,752,74.3195350877193,8.535087719304602,8.0,8.267543859652301,1461.0,1463.0,1462.0,拉伸,,估计同步待核验
XY_Y-09-0.1-02,753,74.41766611842105,7.0,8.0,7.5,1462.0,1463.0,1462.5,拉伸,,估计同步待核验
XY_Y-09-0.1-02,754,74.5157971491228,7.0,8.0,7.5,1462.0,1463.0,1462.5,拉伸,,估计同步待核验
XY_Y-09-0.1-02,755,74.61392817982455,7.0,8.0,7.5,1462.0,1464.0,1463.0,拉伸,,估计同步待核验
XY_Y-09-0.1-02,756,74.71205921052632,7.0,8.0,7.5,1462.0,1464.0,1463.0,拉伸,,估计同步待核验
XY_Y-09-0.1-02,757,74.81019024122807,7.0,8.0,7.5,1462.0,1464.0,1463.0,拉伸,,估计同步待核验
XY_Y-09-0.1-02,758,74.90832127192982,7.0,8.0,7.5,1462.0,1464.0,1463.0,拉伸,,估计同步待核验
XY_Y-09-0.1-02,759,75.00645230263157,8.0,8.0,8.0,1463.0,1464.0,1463.5,拉伸,,估计同步待核验
XY_Y-09-0.1-02,760,75.10458333333334,8.0,8.0,8.0,1463.0,1465.0,1464.0,拉伸,,估计同步待核验
XY_Y-09-0.1-02,761,75.20271436403509,8.0,8.0,8.0,1463.0,1464.0,1463.5,拉伸,,估计同步待核验
XY_Y-09-0.1-02,762,75.30084539473684,9.0,8.0,8.5,1464.0,1465.0,1464.5,拉伸,,估计同步待核验
XY_Y-09-0.1-02,763,75.3989764254386,9.0,8.0,8.5,1464.0,1465.0,1464.5,拉伸,,估计同步待核验
XY_Y-09-0.1-02,764,75.49710745614036,9.0,8.0,8.5,1464.0,1465.0,1464.5,拉伸,,估计同步待核验
XY_Y-09-0.1-02,765,75.5952384868421,7.715460526319015,8.0,7.857730263159508,1463.2384868421063,1466.0,1464.6192434210532,拉伸,,估计同步待核验
XY_Y-09-0.1-02,766,75.69336951754386,7.0,8.0,7.5,1464.0,1466.0,1465.0,拉伸,,估计同步待核验
XY_Y-09-0.1-02,767,75.79150054824562,7.0,8.0,7.5,1464.0,1465.0,1464.5,拉伸,,估计同步待核验
XY_Y-09-0.1-02,768,75.88963157894736,8.0,8.0,8.0,1464.0,1466.0,1465.0,拉伸,,估计同步待核验
XY_Y-09-0.1-02,769,75.98776260964912,8.0,8.0,8.0,1465.0,1467.0,1466.0,拉伸,,估计同步待核验
XY_Y-09-0.1-02,770,76.08589364035087,8.0,8.0,8.0,1465.0,1466.0,1465.5,拉伸,,估计同步待核验
XY_Y-09-0.1-02,771,76.18402467105264,9.0,8.0,8.5,1465.0,1466.0,1465.5,拉伸,,估计同步待核验
XY_Y-09-0.1-02,772,76.28215570175438,9.0,8.0,8.5,1465.0,1467.0,1466.0,拉伸,,估计同步待核验
XY_Y-09-0.1-02,773,76.38028673245614,9.0,8.0,8.5,1465.0,1467.0,1466.0,拉伸,,估计同步待核验
XY_Y-09-0.1-02,774,76.47841776315789,9.0,8.0,8.5,1465.0,1468.0,1466.5,拉伸,,估计同步待核验
XY_Y-09-0.1-02,775,76.57654879385964,9.0,8.0,8.5,1466.0,1467.0,1466.5,拉伸,,估计同步待核验
XY_Y-09-0.1-02,776,76.6746798245614,9.0,8.0,8.5,1465.0,1467.0,1466.0,拉伸,,估计同步待核验
XY_Y-09-0.1-02,777,76.77281085526316,8.621710526323408,8.0,8.310855263161704,1466.0,1467.0,1466.5,拉伸,,估计同步待核验
XY_Y-09-0.1-02,778,76.87094188596491,8.0,8.0,8.0,1466.0,1467.0,1466.5,拉伸,,估计同步待核验
XY_Y-09-0.1-02,779,76.96907291666666,8.0,8.0,8.0,1466.0,1468.0,1467.0,拉伸,,估计同步待核验
XY_Y-09-0.1-02,780,77.06720394736843,9.0,8.0,8.5,1466.0,1468.0,1467.0,拉伸,,估计同步待核验
XY_Y-09-0.1-02,781,77.16533497807018,9.0,8.0,8.5,1466.0,1468.0,1467.0,拉伸,,估计同步待核验
XY_Y-09-0.1-02,782,77.26346600877193,9.0,8.0,8.5,1467.0,1468.0,1467.5,拉伸,,估计同步待核验
XY_Y-09-0.1-02,783,77.36159703947368,10.0,8.0,9.0,1467.0,1469.0,1468.0,拉伸,,估计同步待核验
XY_Y-09-0.1-02,784,77.45972807017544,9.0,7.0,8.0,1467.0,1469.0,1468.0,拉伸,,估计同步待核验
XY_Y-09-0.1-02,785,77.5578591008772,9.0,8.0,8.5,1467.0,1469.0,1468.0,拉伸,,估计同步待核验
XY_Y-09-0.1-02,786,77.65599013157895,9.0,8.0,8.5,1468.0,1469.0,1468.5,拉伸,,估计同步待核验
XY_Y-09-0.1-02,787,77.7541211622807,9.0,8.0,8.5,1468.0,1470.0,1469.0,拉伸,,估计同步待核验
XY_Y-09-0.1-02,788,77.85225219298246,8.0,8.0,8.0,1468.0,1470.0,1469.0,拉伸,,估计同步待核验
XY_Y-09-0.1-02,789,77.95038322368421,8.0,8.0,8.0,1468.0,1470.0,1469.0,拉伸,,估计同步待核验
XY_Y-09-0.1-02,790,78.04851425438596,8.485745614040479,8.0,8.24287280702024,1468.0,1470.0,1469.0,拉伸,,估计同步待核验
XY_Y-09-0.1-02,791,78.14664528508771,9.0,8.0,8.5,1469.0,1470.0,1469.5,拉伸,,估计同步待核验
XY_Y-09-0.1-02,792,78.24477631578948,10.0,8.0,9.0,1468.0,1470.0,1469.0,拉伸,,估计同步待核验
XY_Y-09-0.1-02,793,78.34290734649122,9.0,8.0,8.5,1469.0,1470.0,1469.5,拉伸,,估计同步待核验
XY_Y-09-0.1-02,794,78.44103837719298,9.0,8.0,8.5,1469.0,1470.0,1469.5,拉伸,,估计同步待核验
XY_Y-09-0.1-02,795,78.53916940789473,9.0,8.0,8.5,1469.0,1471.0,1470.0,拉伸,,估计同步待核验
XY_Y-09-0.1-02,796,78.6373004385965,9.0,8.0,8.5,1469.0,1471.0,1470.0,拉伸,,估计同步待核验
XY_Y-09-0.1-02,797,78.73543146929825,8.0,8.0,8.0,1469.0,1471.0,1470.0,拉伸,,估计同步待核验
XY_Y-09-0.1-02,798,78.8335625,8.0,8.0,8.0,1469.0,1471.0,1470.0,拉伸,,估计同步待核验
XY_Y-09-0.1-02,799,78.93169353070175,8.0,8.0,8.0,1469.0,1471.0,1470.0,拉伸,,估计同步待核验
XY_Y-09-0.1-02,800,79.0298245614035,7.0,8.0,7.5,1469.0,1471.0,1470.0,拉伸,,估计同步待核验
XY_Y-09-0.1-02,801,79.12795559210527,7.0,8.0,7.5,1469.0,1471.0,1470.0,拉伸,,估计同步待核验
XY_Y-09-0.1-02,802,79.22608662280702,7.0,8.0,7.5,1470.0,1471.0,1470.5,拉伸,,估计同步待核验
XY_Y-09-0.1-02,803,79.32421765350878,8.564692982433858,8.0,8.282346491216929,1470.0,1471.0,1470.5,拉伸,,估计同步待核验
XY_Y-09-0.1-02,804,79.42234868421052,9.0,8.0,8.5,1470.0,1472.0,1471.0,拉伸,,估计同步待核验
XY_Y-09-0.1-02,805,79.52047971491228,9.0,8.0,8.5,1470.0,1472.0,1471.0,拉伸,,估计同步待核验
XY_Y-09-0.1-02,806,79.61861074561403,9.0,8.0,8.5,1470.0,1472.0,1471.0,拉伸,,估计同步待核验
XY_Y-09-0.1-02,807,79.71674177631579,8.0,8.0,8.0,1470.0,1472.0,1471.0,拉伸,,估计同步待核验
XY_Y-09-0.1-02,808,79.81487280701754,8.0,8.0,8.0,1471.0,1472.0,1471.5,拉伸,,估计同步待核验
XY_Y-09-0.1-02,809,79.9130038377193,7.0,8.0,7.5,1470.0,1472.0,1471.0,拉伸,,估计同步待核验
XY_Y-09-0.1-02,810,80.01113486842105,7.0,8.0,7.5,1470.0,1472.0,1471.0,拉伸,,估计同步待核验
XY_Y-09-0.1-02,811,80.1092658991228,7.0,8.0,7.5,1471.0,1472.0,1471.5,拉伸,,估计同步待核验
XY_Y-09-0.1-02,812,80.20739692982455,7.0,8.0,7.5,1471.0,1472.0,1471.5,拉伸,,估计同步待核验
XY_Y-09-0.1-02,813,80.30552796052632,7.0,8.0,7.5,1471.0,1473.0,1472.0,拉伸,,估计同步待核验
XY_Y-09-0.1-02,814,80.40365899122807,7.0,8.0,7.5,1471.0,1472.0,1471.5,拉伸,,估计同步待核验
XY_Y-09-0.1-02,815,80.50179002192982,8.209978070176069,8.0,8.104989035088035,1471.0,1472.0,1471.5,拉伸,,估计同步待核验
XY_Y-09-0.1-02,816,80.59992105263157,8.0,8.0,8.0,1471.0,1472.0,1471.5,拉伸,,估计同步待核验
XY_Y-09-0.1-02,817,80.69805208333334,8.0,8.0,8.0,1471.0,1473.0,1472.0,拉伸,,估计同步待核验
XY_Y-09-0.1-02,818,80.79618311403509,7.0,8.0,7.5,1471.0,1473.0,1472.0,拉伸,,估计同步待核验
XY_Y-09-0.1-02,819,80.89431414473684,7.0,8.0,7.5,1472.0,1473.0,1472.5,拉伸,,估计同步待核验
XY_Y-09-0.1-02,820,80.9924451754386,7.0,8.0,7.5,1472.0,1473.0,1472.5,拉伸,,估计同步待核验
XY_Y-09-0.1-02,821,81.09057620614035,7.0,8.0,7.5,1472.0,1474.0,1473.0,拉伸,,估计同步待核验
XY_Y-09-0.1-02,822,81.1887072368421,7.0,8.0,7.5,1471.0,1473.0,1472.0,拉伸,,估计同步待核验
XY_Y-09-0.1-02,823,81.28683826754386,7.0,8.0,7.5,1472.0,1473.0,1472.5,拉伸,,估计同步待核验
XY_Y-09-0.1-02,824,81.38496929824562,8.0,8.0,8.0,1472.0,1474.0,1473.0,拉伸,,估计同步待核验
XY_Y-09-0.1-02,825,81.48310032894736,8.0,8.0,8.0,1472.0,1474.0,1473.0,拉伸,,估计同步待核验
XY_Y-09-0.1-02,826,81.58123135964912,8.0,8.0,8.0,1472.0,1474.0,1473.0,拉伸,,估计同步待核验
XY_Y-09-0.1-02,827,81.67936239035087,9.0,8.0,8.5,1472.0,1474.0,1473.0,拉伸,,估计同步待核验
XY_Y-09-0.1-02,828,81.77749342105264,7.986842105272507,8.0,7.993421052636254,1472.4934210526362,1474.0,1473.246710526318,拉伸,,估计同步待核验
XY_Y-09-0.1-02,829,81.87562445175438,7.0,8.0,7.5,1472.0,1474.0,1473.0,拉伸,,估计同步待核验
XY_Y-09-0.1-02,830,81.97375548245614,7.0,8.0,7.5,1473.0,1474.0,1473.5,拉伸,,估计同步待核验
XY_Y-09-0.1-02,831,82.07188651315789,7.0,8.0,7.5,1472.0,1474.0,1473.0,拉伸,,估计同步待核验
XY_Y-09-0.1-02,832,82.17001754385964,7.0,8.0,7.5,1473.0,1475.0,1474.0,拉伸,,估计同步待核验
XY_Y-09-0.1-02,833,82.2681485745614,7.0,8.0,7.5,1473.0,1475.0,1474.0,拉伸,,估计同步待核验
XY_Y-09-0.1-02,834,82.36627960526316,8.0,8.0,8.0,1473.0,1475.0,1474.0,拉伸,,估计同步待核验
XY_Y-09-0.1-02,835,82.46441063596491,8.0,8.0,8.0,1473.0,1475.0,1474.0,拉伸,,估计同步待核验
XY_Y-09-0.1-02,836,82.56254166666666,9.0,8.0,8.5,1473.0,1475.0,1474.0,拉伸,,估计同步待核验
XY_Y-09-0.1-02,837,82.66067269736843,9.0,8.0,8.5,1473.0,1475.0,1474.0,拉伸,,估计同步待核验
XY_Y-09-0.1-02,838,82.75880372807018,9.0,8.0,8.5,1474.0,1475.0,1474.5,拉伸,,估计同步待核验
XY_Y-09-0.1-02,839,82.85693475877193,9.0,8.0,8.5,1474.0,1475.0,1474.5,拉伸,,估计同步待核验
XY_Y-09-0.1-02,840,82.95506578947368,9.0,8.0,8.5,1474.0,1475.0,1474.5,拉伸,,估计同步待核验
XY_Y-09-0.1-02,841,83.05319682017544,9.0,8.0,8.5,1474.0,1476.0,1475.0,拉伸,,估计同步待核验
XY_Y-09-0.1-02,842,83.1513278508772,7.655701754393756,7.672149122803122,7.663925438598438,1474.0,1476.0,1475.0,拉伸,,估计同步待核验
XY_Y-09-0.1-02,843,83.24945888157895,8.0,8.0,8.0,1474.0,1476.0,1475.0,拉伸,,估计同步待核验
XY_Y-09-0.1-02,844,83.3475899122807,8.0,8.0,8.0,1474.0,1476.0,1475.0,拉伸,,估计同步待核验
XY_Y-09-0.1-02,845,83.44572094298246,8.0,8.0,8.0,1474.0,1476.0,1475.0,拉伸,,估计同步待核验
XY_Y-09-0.1-02,846,83.54385197368421,9.0,8.0,8.5,1475.0,1476.0,1475.5,拉伸,,估计同步待核验
XY_Y-09-0.1-02,847,83.64198300438596,9.0,8.0,8.5,1474.0,1476.0,1475.0,拉伸,,估计同步待核验
XY_Y-09-0.1-02,848,83.74011403508771,9.0,8.0,8.5,1474.0,1476.0,1475.0,拉伸,,估计同步待核验
XY_Y-09-0.1-02,849,83.83824506578948,9.0,8.0,8.5,1475.0,1476.0,1475.5,拉伸,,估计同步待核验
XY_Y-09-0.1-02,850,83.93637609649122,9.0,8.0,8.5,1475.0,1477.0,1476.0,拉伸,,估计同步待核验
XY_Y-09-0.1-02,851,84.03450712719298,9.0,8.0,8.5,1475.0,1477.0,1476.0,拉伸,,估计同步待核验
XY_Y-09-0.1-02,852,84.13263815789473,9.0,8.0,8.5,1475.0,1477.0,1476.0,拉伸,,估计同步待核验
XY_Y-09-0.1-02,853,84.2307691885965,9.0,8.0,8.5,1475.0,1477.0,1476.0,拉伸,,估计同步待核验
XY_Y-09-0.1-02,854,84.32890021929825,8.0,8.0,8.0,1475.9002192982534,1477.0,1476.4501096491267,拉伸,,估计同步待核验
XY_Y-09-0.1-02,855,84.42703125,8.96875000000755,8.0,8.484375000003775,1476.0,1477.0,1476.5,拉伸,,估计同步待核验
XY_Y-09-0.1-02,856,84.52516228070175,9.0,8.0,8.5,1476.0,1477.0,1476.5,拉伸,,估计同步待核验
XY_Y-09-0.1-02,857,84.6232933114035,9.0,8.0,8.5,1476.0,1478.0,1477.0,拉伸,,估计同步待核验
XY_Y-09-0.1-02,858,84.72142434210527,9.0,7.0,8.0,1476.0,1477.0,1476.5,拉伸,,估计同步待核验
XY_Y-09-0.1-02,859,84.81955537280702,9.0,8.0,8.5,1476.0,1478.0,1477.0,拉伸,,估计同步待核验
XY_Y-09-0.1-02,860,84.91768640350878,9.0,8.0,8.5,1476.0,1478.0,1477.0,拉伸,,估计同步待核验
XY_Y-09-0.1-02,861,85.01581743421052,9.0,8.0,8.5,1476.0,1478.0,1477.0,拉伸,,估计同步待核验
XY_Y-09-0.1-02,862,85.11394846491228,9.0,8.0,8.5,1476.0,1478.0,1477.0,拉伸,,估计同步待核验
XY_Y-09-0.1-02,863,85.21207949561403,8.0,8.0,8.0,1476.0,1479.0,1477.5,拉伸,,估计同步待核验
XY_Y-09-0.1-02,864,85.31021052631579,8.0,8.0,8.0,1477.0,1478.0,1477.5,拉伸,,估计同步待核验
XY_Y-09-0.1-02,865,85.40834155701754,7.0,8.0,7.5,1476.0,1478.0,1477.0,拉伸,,估计同步待核验
XY_Y-09-0.1-02,866,85.5064725877193,7.0,8.0,7.5,1476.0,1478.0,1477.0,拉伸,,估计同步待核验
XY_Y-09-0.1-02,867,85.60460361842105,7.792763157899879,8.0,7.896381578949939,1476.39638157895,1479.0,1477.6981907894751,拉伸,,估计同步待核验
XY_Y-09-0.1-02,868,85.7027346491228,9.0,8.0,8.5,1477.0,1478.0,1477.5,拉伸,,估计同步待核验
XY_Y-09-0.1-02,869,85.80086567982455,9.0,8.0,8.5,1477.0,1478.0,1477.5,拉伸,,估计同步待核验
XY_Y-09-0.1-02,870,85.89899671052632,9.0,8.0,8.5,1477.0,1479.0,1478.0,拉伸,,估计同步待核验
XY_Y-09-0.1-02,871,85.99712774122807,9.0,8.0,8.5,1477.0,1479.0,1478.0,拉伸,,估计同步待核验
XY_Y-09-0.1-02,872,86.09525877192982,8.0,7.0,7.5,1477.0,1479.0,1478.0,拉伸,,估计同步待核验
XY_Y-09-0.1-02,873,86.19338980263157,8.0,8.0,8.0,1477.0,1479.0,1478.0,拉伸,,估计同步待核验
XY_Y-09-0.1-02,874,86.29152083333334,8.0,8.0,8.0,1477.0,1479.0,1478.0,拉伸,,估计同步待核验
XY_Y-09-0.1-02,875,86.38965186403509,7.0,8.0,7.5,1477.0,1479.0,1478.0,拉伸,,估计同步待核验
XY_Y-09-0.1-02,876,86.48778289473684,7.0,8.0,7.5,1477.0,1480.0,1478.5,拉伸,,估计同步待核验
XY_Y-09-0.1-02,877,86.5859139254386,7.0,8.0,7.5,1477.0,1479.0,1478.0,拉伸,,估计同步待核验
XY_Y-09-0.1-02,878,86.68404495614035,7.0,8.0,7.5,1477.0,1478.0,1477.5,拉伸,,估计同步待核验
XY_Y-09-0.1-02,879,86.7821759868421,7.0,8.0,7.5,1477.0,1479.0,1478.0,拉伸,,估计同步待核验
XY_Y-09-0.1-02,880,86.88030701754386,8.3859649122812,8.0,8.1929824561406,1477.6929824561405,1480.0,1478.8464912280701,拉伸,,估计同步待核验
XY_Y-09-0.1-02,881,86.97843804824562,9.0,8.0,8.5,1478.0,1479.0,1478.5,拉伸,,估计同步待核验
XY_Y-09-0.1-02,882,87.07656907894736,8.0,8.0,8.0,1477.0,1479.0,1478.0,拉伸,,估计同步待核验
XY_Y-09-0.1-02,883,87.17470010964912,8.0,8.0,8.0,1478.0,1479.0,1478.5,拉伸,,估计同步待核验
XY_Y-09-0.1-02,884,87.27283114035087,7.0,8.0,7.5,1477.0,1479.0,1478.0,拉伸,,估计同步待核验
XY_Y-09-0.1-02,885,87.37096217105264,7.0,8.0,7.5,1478.0,1480.0,1479.0,拉伸,,估计同步待核验
XY_Y-09-0.1-02,886,87.46909320175438,7.0,8.0,7.5,1477.0,1479.0,1478.0,拉伸,,估计同步待核验
XY_Y-09-0.1-02,887,87.56722423245614,7.0,8.0,7.5,1477.0,1479.0,1478.0,拉伸,,估计同步待核验
XY_Y-09-0.1-02,888,87.66535526315789,7.0,8.0,7.5,1478.0,1480.0,1479.0,拉伸,,估计同步待核验
XY_Y-09-0.1-02,889,87.76348629385964,7.0,8.0,7.5,1477.0,1480.0,1478.5,拉伸,,估计同步待核验
XY_Y-09-0.1-02,890,87.8616173245614,7.0,8.0,7.5,1478.0,1479.0,1478.5,拉伸,,估计同步待核验
XY_Y-09-0.1-02,891,87.95974835526316,8.0,8.0,8.0,1478.0,1480.0,1479.0,拉伸,,估计同步待核验
XY_Y-09-0.1-02,892,88.05787938596491,8.0,8.879385964903243,8.439692982451621,1478.0,1480.0,1479.0,拉伸,,估计同步待核验
XY_Y-09-0.1-02,893,88.15601041666666,7.0104166666546766,8.0,7.505208333327339,1478.0,1480.0,1479.0,拉伸,,估计同步待核验
XY_Y-09-0.1-02,894,88.25414144736843,7.0,9.0,8.0,1478.0,1480.0,1479.0,拉伸,,估计同步待核验
XY_Y-09-0.1-02,895,88.35227247807018,7.0,8.0,7.5,1478.0,1480.0,1479.0,拉伸,,估计同步待核验
XY_Y-09-0.1-02,896,88.45040350877193,7.0,9.0,8.0,1478.0,1480.0,1479.0,拉伸,,估计同步待核验
XY_Y-09-0.1-02,897,88.54853453947368,7.0,8.0,7.5,1477.0,1480.0,1478.5,拉伸,,估计同步待核验
XY_Y-09-0.1-02,898,88.64666557017544,7.0,8.0,7.5,1478.0,1480.0,1479.0,拉伸,,估计同步待核验
XY_Y-09-0.1-02,899,88.7447966008772,7.0,8.0,7.5,1477.0,1480.0,1478.5,拉伸,,估计同步待核验
XY_Y-09-0.1-02,900,88.84292763157895,8.0,8.0,8.0,1478.0,1480.0,1479.0,拉伸,,估计同步待核验
XY_Y-09-0.1-02,901,88.9410586622807,8.0,8.0,8.0,1478.0,1480.0,1479.0,拉伸,,估计同步待核验
XY_Y-09-0.1-02,902,89.03918969298246,8.0,8.0,8.0,1478.0,1480.0,1479.0,拉伸,,估计同步待核验
XY_Y-09-0.1-02,903,89.13732072368421,9.0,8.0,8.5,1478.0,1480.0,1479.0,拉伸,,估计同步待核验
XY_Y-09-0.1-02,904,89.23545175438596,9.0,8.0,8.5,1479.0,1481.0,1480.0,拉伸,,估计同步待核验
XY_Y-09-0.1-02,905,89.33358278508771,8.165570175425165,8.417214912287417,8.29139254385629,1478.0,1480.0,1479.0,拉伸,,估计同步待核验
XY_Y-09-0.1-02,906,89.43171381578948,7.0,8.0,7.5,1478.0,1481.0,1479.5,拉伸,,估计同步待核验
XY_Y-09-0.1-02,907,89.52984484649122,7.0,8.0,7.5,1478.0,1480.0,1479.0,拉伸,,估计同步待核验
XY_Y-09-0.1-02,908,89.62797587719298,7.0,9.0,8.0,1478.0,1480.0,1479.0,拉伸,,估计同步待核验
XY_Y-09-0.1-02,909,89.72610690789473,7.0,8.0,7.5,1479.0,1480.0,1479.5,拉伸,,估计同步待核验
XY_Y-09-0.1-02,910,89.8242379385965,8.0,8.0,8.0,1479.0,1481.0,1480.0,拉伸,,估计同步待核验
XY_Y-09-0.1-02,911,89.92236896929825,8.0,8.0,8.0,1478.0,1480.0,1479.0,拉伸,,估计同步待核验
XY_Y-09-0.1-02,912,90.0205,9.0,8.0,8.5,1479.0,1481.0,1480.0,拉伸,,估计同步待核验
XY_Y-09-0.1-02,913,90.11863103070175,9.0,8.0,8.5,1479.0,1481.0,1480.0,拉伸,,估计同步待核验
XY_Y-09-0.1-02,914,90.21676206140351,9.0,8.0,8.5,1479.0,1481.0,1480.0,拉伸,,估计同步待核验
XY_Y-09-0.1-02,915,90.31489309210527,9.0,7.0,8.0,1479.0,1481.0,1480.0,拉伸,,估计同步待核验
XY_Y-09-0.1-02,916,90.413024122807,9.0,8.0,8.5,1479.0,1480.0,1479.5,拉伸,,估计同步待核验
XY_Y-09-0.1-02,917,90.51115515350877,9.0,8.0,8.5,1479.0,1481.0,1480.0,拉伸,,估计同步待核验
XY_Y-09-0.1-02,918,90.60928618421052,7.572368421043843,8.0,7.786184210521922,1479.0,1481.0,1480.0,拉伸,,估计同步待核验
XY_Y-09-0.1-02,919,90.70741721491228,8.0,8.0,8.0,1479.0,1481.0,1480.0,拉伸,,估计同步待核验
XY_Y-09-0.1-02,920,90.80554824561403,8.0,8.0,8.0,1479.0,1481.0,1480.0,拉伸,,估计同步待核验
XY_Y-09-0.1-02,921,90.9036792763158,8.0,8.0,8.0,1479.0,1480.0,1479.5,拉伸,,估计同步待核验
XY_Y-09-0.1-02,922,91.00181030701755,9.0,8.0,8.5,1479.0,1481.0,1480.0,拉伸,,估计同步待核验
XY_Y-09-0.1-02,923,91.09994133771929,9.0,8.0,8.5,1480.0,1482.0,1481.0,拉伸,,估计同步待核验
XY_Y-09-0.1-02,924,91.19807236842105,9.0,8.0,8.5,1480.0,1481.0,1480.5,拉伸,,估计同步待核验
XY_Y-09-0.1-02,925,91.2962033991228,9.0,8.0,8.5,1480.0,1481.0,1480.5,拉伸,,估计同步待核验
XY_Y-09-0.1-02,926,91.39433442982455,9.0,8.0,8.5,1480.0,1482.0,1481.0,拉伸,,估计同步待核验
XY_Y-09-0.1-02,927,91.49246546052632,9.0,7.0,8.0,1480.0,1482.0,1481.0,拉伸,,估计同步待核验
XY_Y-09-0.1-02,928,91.59059649122807,9.0,8.0,8.5,1480.0,1482.0,1481.0,拉伸,,估计同步待核验
XY_Y-09-0.1-02,929,91.68872752192983,8.0,8.0,8.0,1480.0,1481.0,1480.5,拉伸,,估计同步待核验
XY_Y-09-0.1-02,930,91.78685855263157,8.0,8.0,8.0,1480.0,1482.0,1481.0,拉伸,,估计同步待核验
XY_Y-09-0.1-02,931,91.88498958333332,9.0,8.0,8.5,1480.0,1482.0,1481.0,拉伸,,估计同步待核验
XY_Y-09-0.1-02,932,91.98312061403509,9.0,8.0,8.5,1480.0,1482.0,1481.0,拉伸,,估计同步待核验
XY_Y-09-0.1-02,933,92.08125164473684,9.0,8.0,8.5,1480.0,1481.0,1480.5,拉伸,,估计同步待核验
XY_Y-09-0.1-02,934,92.1793826754386,9.0,8.0,8.5,1480.0,1482.0,1481.0,拉伸,,估计同步待核验
XY_Y-09-0.1-02,935,92.27751370614035,9.0,8.0,8.5,1481.0,1483.0,1482.0,拉伸,,估计同步待核验
XY_Y-09-0.1-02,936,92.3756447368421,9.0,8.0,8.5,1481.0,1482.0,1481.5,拉伸,,估计同步待核验
XY_Y-09-0.1-02,937,92.47377576754384,9.0,8.0,8.5,1481.0,1482.0,1481.5,拉伸,,估计同步待核验
XY_Y-09-0.1-02,938,92.5719067982456,9.0,8.0,8.5,1481.0,1483.0,1482.0,拉伸,,估计同步待核验
XY_Y-09-0.1-02,939,92.67003782894736,9.0,8.0,8.5,1481.0,1483.0,1482.0,拉伸,,估计同步待核验
XY_Y-09-0.1-02,940,92.76816885964912,8.0,8.0,8.0,1481.0,1483.0,1482.0,拉伸,,估计同步待核验
XY_Y-09-0.1-02,941,92.86629989035087,8.0,8.0,8.0,1481.0,1483.0,1482.0,拉伸,,估计同步待核验
XY_Y-09-0.1-02,942,92.96443092105264,7.0,8.0,7.5,1481.0,1483.0,1482.0,拉伸,,估计同步待核验
XY_Y-09-0.1-02,943,93.06256195175439,7.87609649122137,8.0,7.938048245610685,1481.0,1483.0,1482.0,拉伸,,估计同步待核验
XY_Y-09-0.1-02,944,93.16069298245615,9.0,8.0,8.5,1482.0,1483.0,1482.5,拉伸,,估计同步待核验
XY_Y-09-0.1-02,945,93.25882401315789,9.0,8.0,8.5,1481.0,1483.0,1482.0,拉伸,,估计同步待核验
XY_Y-09-0.1-02,946,93.35695504385964,9.0,8.0,8.5,1482.0,1483.0,1482.5,拉伸,,估计同步待核验
XY_Y-09-0.1-02,947,93.4550860745614,9.0,8.0,8.5,1482.0,1484.0,1483.0,拉伸,,估计同步待核验
XY_Y-09-0.1-02,948,93.55321710526316,8.0,8.0,8.0,1482.0,1483.0,1482.5,拉伸,,估计同步待核验
XY_Y-09-0.1-02,949,93.65134813596491,8.0,8.0,8.0,1482.0,1483.0,1482.5,拉伸,,估计同步待核验
XY_Y-09-0.1-02,950,93.74947916666667,8.0,8.0,8.0,1482.0,1484.0,1483.0,拉伸,,估计同步待核验
XY_Y-09-0.1-02,951,93.84761019736843,7.0,8.0,7.5,1482.0,1484.0,1483.0,拉伸,,估计同步待核验
XY_Y-09-0.1-02,952,93.94574122807016,7.0,8.0,7.5,1482.0,1484.0,1483.0,拉伸,,估计同步待核验
XY_Y-09-0.1-02,953,94.04387225877193,7.0,8.0,7.5,1482.0,1484.0,1483.0,拉伸,,估计同步待核验
XY_Y-09-0.1-02,954,94.14200328947368,7.0,8.0,7.5,1481.0,1483.0,1482.0,拉伸,,估计同步待核验
XY_Y-09-0.1-02,955,94.24013432017544,7.0,8.0,7.5,1482.0,1484.0,1483.0,拉伸,,估计同步待核验
XY_Y-09-0.1-02,956,94.3382653508772,8.46929824560269,8.0,8.234649122801345,1482.7346491228013,1484.0,1483.3673245614007,拉伸,,估计同步待核验
XY_Y-09-0.1-02,957,94.43639638157894,9.0,8.0,8.5,1483.0,1485.0,1484.0,拉伸,,估计同步待核验
XY_Y-09-0.1-02,958,94.53452741228071,9.0,8.0,8.5,1483.0,1484.0,1483.5,拉伸,,估计同步待核验
XY_Y-09-0.1-02,959,94.63265844298245,8.0,8.0,8.0,1482.0,1485.0,1483.5,拉伸,,估计同步待核验
XY_Y-09-0.1-02,960,94.7307894736842,8.0,8.0,8.0,1483.0,1485.0,1484.0,拉伸,,估计同步待核验
XY_Y-09-0.1-02,961,94.82892050438596,7.0,8.0,7.5,1482.0,1485.0,1483.5,拉伸,,估计同步待核验
XY_Y-09-0.1-02,962,94.92705153508771,7.0,8.0,7.5,1482.0,1485.0,1483.5,拉伸,,估计同步待核验
XY_Y-09-0.1-02,963,95.02518256578948,7.0,8.0,7.5,1482.0,1484.0,1483.0,拉伸,,估计同步待核验
XY_Y-09-0.1-02,964,95.12331359649123,6.0,8.0,7.0,1483.0,1485.0,1484.0,拉伸,,估计同步待核验
XY_Y-09-0.1-02,965,95.221444627193,7.0,8.0,7.5,1483.0,1485.0,1484.0,拉伸,,估计同步待核验
XY_Y-09-0.1-02,966,95.31957565789473,7.0,8.0,7.5,1483.0,1485.0,1484.0,拉伸,,估计同步待核验
XY_Y-09-0.1-02,967,95.41770668859648,7.0,8.0,7.5,1483.0,1485.0,1484.0,拉伸,,估计同步待核验
XY_Y-09-0.1-02,968,95.51583771929825,7.162280701757503,8.837719298242497,8.0,1483.0,1484.1622807017575,1483.5811403508787,拉伸,,估计同步待核验
XY_Y-09-0.1-02,969,95.61396875,8.0,8.0,8.0,1483.0,1485.0,1484.0,拉伸,,估计同步待核验
XY_Y-09-0.1-02,970,95.71209978070175,8.0,8.0,8.0,1483.0,1485.0,1484.0,拉伸,,估计同步待核验
XY_Y-09-0.1-02,971,95.81023081140351,7.0,8.0,7.5,1483.0,1484.0,1483.5,拉伸,,估计同步待核验
XY_Y-09-0.1-02,972,95.90836184210526,7.0,8.0,7.5,1483.0,1485.0,1484.0,拉伸,,估计同步待核验
XY_Y-09-0.1-02,973,96.006492872807,7.0,8.0,7.5,1483.0,1485.0,1484.0,拉伸,,估计同步待核验
XY_Y-09-0.1-02,974,96.10462390350877,7.0,8.0,7.5,1484.0,1485.0,1484.5,拉伸,,估计同步待核验
XY_Y-09-0.1-02,975,96.20275493421052,7.0,8.0,7.5,1483.0,1485.0,1484.0,拉伸,,估计同步待核验
XY_Y-09-0.1-02,976,96.30088596491228,7.0,9.0,8.0,1483.0,1485.0,1484.0,拉伸,,估计同步待核验
XY_Y-09-0.1-02,977,96.39901699561403,7.0,8.0,7.5,1483.0,1485.0,1484.0,拉伸,,估计同步待核验
XY_Y-09-0.1-02,978,96.4971480263158,8.0,8.0,8.0,1483.0,1486.0,1484.5,拉伸,,估计同步待核验
XY_Y-09-0.1-02,979,96.59527905701755,8.0,8.0,8.0,1483.0,1485.0,1484.0,拉伸,,估计同步待核验
XY_Y-09-0.1-02,980,96.69341008771929,9.0,8.0,8.5,1483.0,1485.0,1484.0,拉伸,,估计同步待核验
XY_Y-09-0.1-02,981,96.79154111842105,8.082236842103674,8.0,8.041118421051838,1483.0,1485.0,1484.0,拉伸,,估计同步待核验
XY_Y-09-0.1-02,982,96.8896721491228,7.0,8.0,7.5,1484.0,1486.0,1485.0,拉伸,,估计同步待核验
XY_Y-09-0.1-02,983,96.98780317982455,7.0,8.0,7.5,1483.0,1485.0,1484.0,拉伸,,估计同步待核验
XY_Y-09-0.1-02,984,97.08593421052632,7.0,8.0,7.5,1483.0,1485.0,1484.0,拉伸,,估计同步待核验
XY_Y-09-0.1-02,985,97.18406524122807,7.0,8.0,7.5,1483.0,1485.0,1484.0,拉伸,,估计同步待核验
XY_Y-09-0.1-02,986,97.28219627192983,7.0,8.0,7.5,1483.0,1485.0,1484.0,拉伸,,估计同步待核验
XY_Y-09-0.1-02,987,97.38032730263157,7.0,8.0,7.5,1484.0,1486.0,1485.0,拉伸,,估计同步待核验
XY_Y-09-0.1-02,988,97.47845833333332,8.0,8.0,8.0,1484.0,1485.0,1484.5,拉伸,,估计同步待核验
XY_Y-09-0.1-02,989,97.57658936403509,8.0,8.0,8.0,1484.0,1486.0,1485.0,拉伸,,估计同步待核验
XY_Y-09-0.1-02,990,97.67472039473684,9.0,8.0,8.5,1484.0,1486.0,1485.0,拉伸,,估计同步待核验
XY_Y-09-0.1-02,991,97.7728514254386,9.0,8.0,8.5,1484.0,1486.0,1485.0,拉伸,,估计同步待核验
XY_Y-09-0.1-02,992,97.87098245614035,9.0,8.0,8.5,1484.0,1485.0,1484.5,拉伸,,估计同步待核验
XY_Y-09-0.1-02,993,97.9691134868421,9.0,8.0,8.5,1484.0,1485.0,1484.5,拉伸,,估计同步待核验
XY_Y-09-0.1-02,994,98.06724451754384,7.489035087693931,8.0,7.744517543846966,1484.0,1485.0,1484.5,拉伸,,估计同步待核验
XY_Y-09-0.1-02,995,98.1653755482456,7.0,8.0,7.5,1484.0,1486.0,1485.0,拉伸,,估计同步待核验
XY_Y-09-0.1-02,996,98.26350657894736,7.0,8.0,7.5,1483.0,1485.0,1484.0,拉伸,,估计同步待核验
XY_Y-09-0.1-02,997,98.36163760964912,8.0,8.0,8.0,1484.0,1485.0,1484.5,拉伸,,估计同步待核验
XY_Y-09-0.1-02,998,98.45976864035087,8.0,8.0,8.0,1484.0,1486.0,1485.0,拉伸,,估计同步待核验
XY_Y-09-0.1-02,999,98.55789967105264,8.0,8.0,8.0,1484.0,1486.0,1485.0,拉伸,,估计同步待核验
XY_Y-09-0.1-02,1000,98.65603070175439,9.0,8.0,8.5,1484.0,1486.0,1485.0,拉伸,,估计同步待核验
XY_Y-09-0.1-02,1001,98.75416173245615,9.0,8.0,8.5,1484.0,1485.0,1484.5,拉伸,,估计同步待核验
XY_Y-09-0.1-02,1002,98.85229276315789,9.0,8.0,8.5,1484.0,1486.0,1485.0,拉伸,,估计同步待核验
XY_Y-09-0.1-02,1003,98.95042379385964,10.0,8.0,9.0,1484.0,1486.0,1485.0,拉伸,,估计同步待核验
XY_Y-09-0.1-02,1004,99.04855482456139,9.0,8.0,8.5,1485.0,1486.0,1485.5,拉伸,,估计同步待核验
XY_Y-09-0.1-02,1005,99.14668585526316,9.0,8.0,8.5,1484.0,1486.0,1485.0,拉伸,,估计同步待核验
XY_Y-09-0.1-02,1006,99.24481688596491,8.633771929810038,8.0,8.316885964905019,1484.0,1486.0,1485.0,拉伸,,估计同步待核验
XY_Y-09-0.1-02,1007,99.34294791666667,7.0,8.0,7.5,1484.0,1486.0,1485.0,拉伸,,估计同步待核验
XY_Y-09-0.1-02,1008,99.44107894736842,8.0,8.0,8.0,1484.0,1486.0,1485.0,拉伸,,估计同步待核验
XY_Y-09-0.1-02,1009,99.53920997807016,9.0,8.0,8.5,1484.0,1486.0,1485.0,拉伸,,估计同步待核验
XY_Y-09-0.1-02,1010,99.63734100877193,9.0,8.0,8.5,1485.0,1486.0,1485.5,拉伸,,估计同步待核验
XY_Y-09-0.1-02,1011,99.73547203947368,9.0,8.0,8.5,1485.0,1486.0,1485.5,拉伸,,估计同步待核验
XY_Y-09-0.1-02,1012,99.83360307017544,9.0,8.0,8.5,1485.0,1487.0,1486.0,拉伸,,估计同步待核验
XY_Y-09-0.1-02,1013,99.9317341008772,9.0,8.0,8.5,1484.0,1486.0,1485.0,拉伸,,估计同步待核验
XY_Y-09-0.1-02,1014,100.02986513157894,9.0,8.0,8.5,1485.0,1486.0,1485.5,拉伸,,估计同步待核验
XY_Y-09-0.1-02,1015,100.12799616228071,9.0,8.0,8.5,1485.0,1486.0,1485.5,拉伸,,估计同步待核验
XY_Y-09-0.1-02,1016,100.22612719298245,9.0,8.0,8.5,1485.0,1487.0,1486.0,拉伸,,估计同步待核验
XY_Y-09-0.1-02,1017,100.3242582236842,8.0,7.0,7.5,1485.0,1487.0,1486.0,拉伸,,估计同步待核验
XY_Y-09-0.1-02,1018,100.42238925438596,8.0,8.0,8.0,1485.0,1486.0,1485.5,拉伸,,估计同步待核验
XY_Y-09-0.1-02,1019,100.52052028508771,8.0,8.0,8.0,1485.0,1487.0,1486.0,拉伸,,估计同步待核验
XY_Y-09-0.1-02,1020,100.61865131578948,8.348684210520146,8.0,8.174342105260074,1485.0,1487.0,1486.0,拉伸,,估计同步待核验
XY_Y-09-0.1-02,1021,100.71678234649123,9.0,8.0,8.5,1485.0,1487.0,1486.0,拉伸,,估计同步待核验
XY_Y-09-0.1-02,1022,100.814913377193,9.0,7.0,8.0,1485.0,1486.0,1485.5,拉伸,,估计同步待核验
XY_Y-09-0.1-02,1023,100.91304440789473,9.0,8.0,8.5,1485.0,1487.0,1486.0,拉伸,,估计同步待核验
XY_Y-09-0.1-02,1024,101.01117543859648,9.0,8.0,8.5,1485.0,1487.0,1486.0,拉伸,,估计同步待核验
XY_Y-09-0.1-02,1025,101.10930646929825,9.0,8.0,8.5,1485.0,1487.0,1486.0,拉伸,,估计同步待核验
XY_Y-09-0.1-02,1026,101.2074375,9.0,8.0,8.5,1485.0,1486.0,1485.5,拉伸,,估计同步待核验
XY_Y-09-0.1-02,1027,101.30556853070175,8.0,8.0,8.0,1485.0,1487.0,1486.0,拉伸,,估计同步待核验
XY_Y-09-0.1-02,1028,101.40369956140351,8.0,8.0,8.0,1485.0,1488.0,1486.5,拉伸,,估计同步待核验
XY_Y-09-0.1-02,1029,101.50183059210526,8.0,8.0,8.0,1485.0,1487.0,1486.0,拉伸,,估计同步待核验
XY_Y-09-0.1-02,1030,101.599961622807,7.0,8.0,7.5,1485.0,1487.0,1486.0,拉伸,,估计同步待核验
XY_Y-09-0.1-02,1031,101.69809265350877,7.0,8.0,7.5,1485.0,1487.0,1486.0,拉伸,,估计同步待核验
XY_Y-09-0.1-02,1032,101.79622368421052,7.0,8.0,7.5,1485.0,1487.0,1486.0,拉伸,,估计同步待核验
XY_Y-09-0.1-02,1033,101.89435471491228,8.290570175439953,8.0,8.145285087719977,1485.64528508772,1487.0,1486.32264254386,拉伸,,估计同步待核验
XY_Y-09-0.1-02,1034,101.99248574561403,9.0,8.0,8.5,1486.0,1487.0,1486.5,拉伸,,估计同步待核验
XY_Y-09-0.1-02,1035,102.0906167763158,9.0,8.0,8.5,1485.0,1487.0,1486.0,拉伸,,估计同步待核验
XY_Y-09-0.1-02,1036,102.18874780701755,9.0,8.0,8.5,1486.0,1487.0,1486.5,拉伸,,估计同步待核验
XY_Y-09-0.1-02,1037,102.28687883771929,9.0,7.0,8.0,1485.0,1487.0,1486.0,拉伸,,估计同步待核验
XY_Y-09-0.1-02,1038,102.38500986842105,8.0,8.0,8.0,1485.0,1487.0,1486.0,拉伸,,估计同步待核验
XY_Y-09-0.1-02,1039,102.4831408991228,7.0,8.0,7.5,1485.0,1487.0,1486.0,拉伸,,估计同步待核验
XY_Y-09-0.1-02,1040,102.58127192982455,7.0,8.0,7.5,1485.0,1487.0,1486.0,拉伸,,估计同步待核验
XY_Y-09-0.1-02,1041,102.67940296052632,7.0,8.0,7.5,1485.0,1487.0,1486.0,拉伸,,估计同步待核验
XY_Y-09-0.1-02,1042,102.77753399122807,7.0,8.0,7.5,1485.0,1488.0,1486.5,拉伸,,估计同步待核验
XY_Y-09-0.1-02,1043,102.87566502192983,7.0,8.0,7.5,1485.0,1487.0,1486.0,拉伸,,估计同步待核验
XY_Y-09-0.1-02,1044,102.97379605263157,7.0,9.0,8.0,1485.0,1487.0,1486.0,拉伸,,估计同步待核验
XY_Y-09-0.1-02,1045,103.07192708333332,7.145833333362347,8.0,7.572916666681174,1485.0,1487.0,1486.0,拉伸,,估计同步待核验
XY_Y-09-0.1-02,1046,103.17005811403509,8.883771929831354,8.0,8.441885964915677,1486.0,1488.0,1487.0,拉伸,,估计同步待核验
XY_Y-09-0.1-02,1047,103.26818914473684,8.0,8.0,8.0,1486.0,1486.0,1486.0,拉伸,,估计同步待核验
XY_Y-09-0.1-02,1048,103.3663201754386,8.0,8.0,8.0,1486.0,1487.0,1486.5,拉伸,,估计同步待核验
XY_Y-09-0.1-02,1049,103.46445120614035,7.0,8.0,7.5,1485.0,1487.0,1486.0,拉伸,,估计同步待核验
XY_Y-09-0.1-02,1050,103.5625822368421,7.0,8.0,7.5,1486.0,1487.0,1486.5,拉伸,,估计同步待核验
XY_Y-09-0.1-02,1051,103.66071326754384,7.0,8.0,7.5,1485.0,1487.0,1486.0,拉伸,,估计同步待核验
XY_Y-09-0.1-02,1052,103.7588442982456,7.0,8.0,7.5,1486.0,1487.0,1486.5,拉伸,,估计同步待核验
XY_Y-09-0.1-02,1053,103.85697532894736,7.0,8.0,7.5,1485.0,1487.0,1486.0,拉伸,,估计同步待核验
XY_Y-09-0.1-02,1054,103.95510635964912,7.0,8.0,7.5,1486.0,1488.0,1487.0,拉伸,,估计同步待核验
XY_Y-09-0.1-02,1055,104.05323739035087,7.0,8.0,7.5,1485.0,1487.0,1486.0,拉伸,,估计同步待核验
XY_Y-09-0.1-02,1056,104.15136842105264,7.0,8.0,7.5,1485.0,1487.0,1486.0,拉伸,,估计同步待核验
XY_Y-09-0.1-02,1057,104.24949945175439,8.0,8.0,8.0,1485.0,1488.0,1486.5,拉伸,,估计同步待核验
XY_Y-09-0.1-02,1058,104.34763048245615,7.630482456156587,8.0,7.8152412280782935,1486.0,1487.3695175438434,1486.6847587719217,拉伸,,估计同步待核验
XY_Y-09-0.1-02,1059,104.44576151315789,7.0,8.0,7.5,1486.0,1488.0,1487.0,拉伸,,估计同步待核验
XY_Y-09-0.1-02,1060,104.54389254385964,7.0,8.0,7.5,1486.0,1487.0,1486.5,拉伸,,估计同步待核验
XY_Y-09-0.1-02,1061,104.64202357456139,7.0,8.0,7.5,1486.0,1488.0,1487.0,拉伸,,估计同步待核验
XY_Y-09-0.1-02,1062,104.74015460526316,7.0,8.0,7.5,1486.0,1487.0,1486.5,拉伸,,估计同步待核验
XY_Y-09-0.1-02,1063,104.83828563596491,7.0,8.0,7.5,1485.0,1488.0,1486.5,拉伸,,估计同步待核验
XY_Y-09-0.1-02,1064,104.93641666666667,7.0,8.0,7.5,1486.0,1488.0,1487.0,拉伸,,估计同步待核验
XY_Y-09-0.1-02,1065,105.03454769736842,7.0,9.0,8.0,1486.0,1487.0,1486.5,拉伸,,估计同步待核验
XY_Y-09-0.1-02,1066,105.13267872807016,8.0,8.0,8.0,1486.0,1487.0,1486.5,拉伸,,估计同步待核验
XY_Y-09-0.1-02,1067,105.23080975877193,8.0,8.0,8.0,1486.0,1488.0,1487.0,拉伸,,估计同步待核验
XY_Y-09-0.1-02,1068,105.32894078947368,8.0,8.0,8.0,1486.0,1488.0,1487.0,拉伸,,估计同步待核验
XY_Y-09-0.1-02,1069,105.42707182017544,9.0,8.0,8.5,1486.0,1487.0,1486.5,拉伸,,估计同步待核验
XY_Y-09-0.1-02,1070,105.52520285087719,9.0,8.0,8.5,1486.0,1488.0,1487.0,拉伸,,估计同步待核验
XY_Y-09-0.1-02,1071,105.62333388157894,7.667763157884499,8.0,7.83388157894225,1486.0,1488.0,1487.0,拉伸,,估计同步待核验
XY_Y-09-0.1-02,1072,105.72146491228071,7.0,8.0,7.5,1486.0,1487.0,1486.5,拉伸,,估计同步待核验
XY_Y-09-0.1-02,1073,105.81959594298245,7.0,8.0,7.5,1486.0,1487.0,1486.5,拉伸,,估计同步待核验
XY_Y-09-0.1-02,1074,105.9177269736842,7.0,8.0,7.5,1485.0,1488.0,1486.5,拉伸,,估计同步待核验
XY_Y-09-0.1-02,1075,106.01585800438596,8.0,8.0,8.0,1486.0,1488.0,1487.0,拉伸,,估计同步待核验
XY_Y-09-0.1-02,1076,106.11398903508771,8.0,8.0,8.0,1486.0,1488.0,1487.0,拉伸,,估计同步待核验
XY_Y-09-0.1-02,1077,106.21212006578948,8.0,8.0,8.0,1485.0,1487.0,1486.0,拉伸,,估计同步待核验
XY_Y-09-0.1-02,1078,106.31025109649123,9.0,8.0,8.5,1486.0,1488.0,1487.0,拉伸,,估计同步待核验
XY_Y-09-0.1-02,1079,106.408382127193,9.0,8.0,8.5,1486.0,1487.0,1486.5,拉伸,,估计同步待核验
XY_Y-09-0.1-02,1080,106.50651315789473,9.0,8.0,8.5,1486.0,1487.0,1486.5,拉伸,,估计同步待核验
XY_Y-09-0.1-02,1081,106.60464418859648,9.0,8.0,8.5,1486.0,1488.0,1487.0,拉伸,,估计同步待核验
XY_Y-09-0.1-02,1082,106.70277521929825,9.0,8.0,8.5,1486.0,1488.0,1487.0,拉伸,,估计同步待核验
XY_Y-09-0.1-02,1083,106.80090625,8.812499999991118,7.093750000004441,7.9531249999977796,1486.0,1487.0,1486.5,拉伸,,估计同步待核验
XY_Y-09-0.1-02,1084,106.89903728070175,7.074561403493688,8.0,7.537280701746845,1486.0,1488.0,1487.0,拉伸,,估计同步待核验
XY_Y-09-0.1-02,1085,106.99716831140351,8.0,8.0,8.0,1486.0,1487.0,1486.5,拉伸,,估计同步待核验
XY_Y-09-0.1-02,1086,107.09529934210526,8.0,8.0,8.0,1486.0,1488.0,1487.0,拉伸,,估计同步待核验
XY_Y-09-0.1-02,1087,107.193430372807,8.0,8.0,8.0,1486.0,1488.0,1487.0,拉伸,,估计同步待核验
XY_Y-09-0.1-02,1088,107.29156140350877,9.0,8.0,8.5,1486.0,1488.0,1487.0,拉伸,,估计同步待核验
XY_Y-09-0.1-02,1089,107.38969243421052,9.0,8.0,8.5,1486.0,1488.0,1487.0,拉伸,,估计同步待核验
XY_Y-09-0.1-02,1090,107.48782346491228,9.0,8.0,8.5,1486.0,1488.0,1487.0,拉伸,,估计同步待核验
XY_Y-09-0.1-02,1091,107.58595449561403,9.0,8.0,8.5,1486.0,1487.0,1486.5,拉伸,,估计同步待核验
XY_Y-09-0.1-02,1092,107.6840855263158,9.0,8.0,8.5,1486.0,1488.0,1487.0,拉伸,,估计同步待核验
XY_Y-09-0.1-02,1093,107.78221655701755,9.0,8.0,8.5,1486.0,1488.0,1487.0,拉伸,,估计同步待核验
XY_Y-09-0.1-02,1094,107.88034758771929,9.0,8.0,8.5,1486.0,1488.0,1487.0,拉伸,,估计同步待核验
XY_Y-09-0.1-02,1095,107.97847861842105,9.0,8.0,8.5,1486.0,1488.0,1487.0,拉伸,,估计同步待核验
XY_Y-09-0.1-02,1096,108.0766096491228,8.0,8.0,8.0,1486.0,1488.0,1487.0,拉伸,,估计同步待核验
XY_Y-09-0.1-02,1097,108.17474067982455,8.0,8.0,8.0,1486.0,1488.0,1487.0,拉伸,,估计同步待核验
XY_Y-09-0.1-02,1098,108.27287171052632,9.0,8.0,8.5,1486.0,1488.0,1487.0,拉伸,,估计同步待核验
XY_Y-09-0.1-02,1099,108.37100274122807,9.0,8.0,8.5,1486.0,1488.0,1487.0,拉伸,,估计同步待核验
XY_Y-09-0.1-02,1100,108.46913377192983,9.0,8.0,8.5,1486.0,1488.0,1487.0,拉伸,,估计同步待核验
XY_Y-09-0.1-02,1101,108.56726480263157,9.0,8.0,8.5,1486.0,1488.0,1487.0,拉伸,,估计同步待核验
XY_Y-09-0.1-02,1102,108.66539583333332,9.0,8.0,8.5,1486.0,1488.0,1487.0,拉伸,,估计同步待核验
XY_Y-09-0.1-02,1103,108.76352686403509,9.0,8.0,8.5,1486.0,1487.0,1486.5,拉伸,,估计同步待核验
XY_Y-09-0.1-02,1104,108.86165789473684,9.0,8.0,8.5,1487.0,1488.0,1487.5,拉伸,,估计同步待核验
XY_Y-09-0.1-02,1105,108.9597889254386,9.0,8.0,8.5,1486.0,1488.0,1487.0,拉伸,,估计同步待核验
XY_Y-09-0.1-02,1106,109.05791995614035,8.0,8.0,8.0,1486.0,1488.0,1487.0,拉伸,,估计同步待核验
XY_Y-09-0.1-02,1107,109.1560509868421,8.0,8.0,8.0,1486.0,1488.0,1487.0,拉伸,,估计同步待核验
XY_Y-09-0.1-02,1108,109.25418201754384,7.0,8.0,7.5,1486.0,1488.0,1487.0,拉伸,,估计同步待核验
XY_Y-09-0.1-02,1109,109.3523130482456,8.373903508791049,8.0,8.186951754395524,1486.6869517543955,1488.0,1487.3434758771978,拉伸,,估计同步待核验
XY_Y-09-0.1-02,1110,109.45044407894736,9.0,8.0,8.5,1487.0,1488.0,1487.5,拉伸,,估计同步待核验
XY_Y-09-0.1-02,1111,109.54857510964912,9.0,8.0,8.5,1486.0,1488.0,1487.0,拉伸,,估计同步待核验
XY_Y-09-0.1-02,1112,109.64670614035087,9.0,8.0,8.5,1486.0,1488.0,1487.0,拉伸,力峰值,估计同步待核验
XY_Y-09-0.1-02,1113,109.74483717105264,9.0,8.0,8.5,1487.0,1488.0,1487.5,拉伸,,估计同步待核验
XY_Y-09-0.1-02,1114,109.84296820175439,9.0,8.0,8.5,1487.0,1488.0,1487.5,拉伸,,估计同步待核验
XY_Y-09-0.1-02,1115,109.94109923245615,8.0,8.0,8.0,1486.0,1488.0,1487.0,拉伸,,估计同步待核验
XY_Y-09-0.1-02,1116,110.03923026315789,8.0,8.0,8.0,1486.0,1488.0,1487.0,拉伸,,估计同步待核验
XY_Y-09-0.1-02,1117,110.13736129385964,7.0,8.0,7.5,1487.0,1489.0,1488.0,拉伸,,估计同步待核验
XY_Y-09-0.1-02,1118,110.23549232456139,7.0,8.0,7.5,1486.0,1489.0,1487.5,拉伸,,估计同步待核验
XY_Y-09-0.1-02,1119,110.33362335526316,7.0,8.0,7.5,1486.0,1487.0,1486.5,拉伸,,估计同步待核验
XY_Y-09-0.1-02,1120,110.43175438596491,7.0,8.0,7.5,1486.0,1489.0,1487.5,拉伸,,估计同步待核验
XY_Y-09-0.1-02,1121,110.52988541666667,7.229166666655416,8.0,7.614583333327708,1486.1145833333278,1488.0,1487.0572916666638,拉伸,,估计同步待核验
XY_Y-09-0.1-02,1122,110.62801644736842,8.967105263152845,8.0,8.483552631576423,1486.9835526315765,1488.0,1487.4917763157882,拉伸,,估计同步待核验
XY_Y-09-0.1-02,1123,110.72614747807016,9.0,8.0,8.5,1486.0,1488.0,1487.0,拉伸,,估计同步待核验
XY_Y-09-0.1-02,1124,110.82427850877193,8.0,8.0,8.0,1486.0,1488.0,1487.0,拉伸,,估计同步待核验
XY_Y-09-0.1-02,1125,110.92240953947368,8.0,8.0,8.0,1486.0,1488.0,1487.0,拉伸,,估计同步待核验
XY_Y-09-0.1-02,1126,111.02054057017544,8.0,8.0,8.0,1486.0,1488.0,1487.0,拉伸,,估计同步待核验
XY_Y-09-0.1-02,1127,111.11867160087719,8.0,8.0,8.0,1486.0,1488.0,1487.0,拉伸,,估计同步待核验
XY_Y-09-0.1-02,1128,111.21680263157894,7.0,8.0,7.5,1486.0,1488.0,1487.0,拉伸,,估计同步待核验
XY_Y-09-0.1-02,1129,111.31493366228071,7.0,8.0,7.5,1486.0,1488.0,1487.0,拉伸,,估计同步待核验
XY_Y-09-0.1-02,1130,111.41306469298245,7.0,8.0,7.5,1486.0,1488.0,1487.0,拉伸,,估计同步待核验
XY_Y-09-0.1-02,1131,111.5111957236842,7.0,8.0,7.5,1486.0,1488.0,1487.0,拉伸,,估计同步待核验
XY_Y-09-0.1-02,1132,111.60932675438596,7.0,8.0,7.5,1485.0,1487.0,1486.0,拉伸,,估计同步待核验
XY_Y-09-0.1-02,1133,111.70745778508771,7.0,8.0,7.5,1486.0,1488.0,1487.0,拉伸,,估计同步待核验
XY_Y-09-0.1-02,1134,111.80558881578948,7.411184210524212,8.0,7.705592105262106,1486.0,1488.0,1487.0,拉伸,,估计同步待核验
XY_Y-09-0.1-02,1135,111.90371984649123,8.0,8.0,8.0,1487.0,1488.0,1487.5,拉伸,,估计同步待核验
XY_Y-09-0.1-02,1136,112.001850877193,7.0,8.0,7.5,1486.0,1488.0,1487.0,拉伸,,估计同步待核验
XY_Y-09-0.1-02,1137,112.09998190789473,7.0,8.0,7.5,1486.0,1487.0,1486.5,拉伸,,估计同步待核验
XY_Y-09-0.1-02,1138,112.19811293859648,7.0,8.0,7.5,1486.0,1487.0,1486.5,拉伸,,估计同步待核验
XY_Y-09-0.1-02,1139,112.29624396929825,7.0,8.0,7.5,1486.0,1487.0,1486.5,拉伸,,估计同步待核验
XY_Y-09-0.1-02,1140,112.394375,7.0,8.0,7.5,1486.0,1487.0,1486.5,拉伸,,估计同步待核验
XY_Y-09-0.1-02,1141,112.49250603070175,7.0,8.0,7.5,1485.0,1487.0,1486.0,拉伸,,估计同步待核验
XY_Y-09-0.1-02,1142,112.59063706140351,7.0,8.0,7.5,1485.0,1487.0,1486.0,拉伸,,估计同步待核验
XY_Y-09-0.1-02,1143,112.68876809210526,7.0,8.0,7.5,1486.0,1488.0,1487.0,拉伸,,估计同步待核验
XY_Y-09-0.1-02,1144,112.786899122807,8.0,8.0,8.0,1485.0,1488.0,1486.5,拉伸,,估计同步待核验
XY_Y-09-0.1-02,1145,112.88503015350877,8.0,8.0,8.0,1485.0,1488.0,1486.5,拉伸,,估计同步待核验
XY_Y-09-0.1-02,1146,112.98316118421052,8.0,8.0,8.0,1486.0,1487.0,1486.5,拉伸,,估计同步待核验
XY_Y-09-0.1-02,1147,113.08129221491228,7.584429824561824,8.0,7.792214912280912,1486.0,1487.0,1486.5,拉伸,,估计同步待核验
XY_Y-09-0.1-02,1148,113.17942324561403,7.0,8.0,7.5,1485.0,1487.0,1486.0,拉伸,,估计同步待核验
XY_Y-09-0.1-02,1149,113.2775542763158,7.0,8.0,7.5,1485.0,1487.0,1486.0,拉伸,,估计同步待核验
XY_Y-09-0.1-02,1150,113.37568530701755,7.0,8.0,7.5,1485.0,1487.0,1486.0,拉伸,,估计同步待核验
XY_Y-09-0.1-02,1151,113.47381633771928,7.0,8.0,7.5,1485.0,1487.0,1486.0,拉伸,,估计同步待核验
XY_Y-09-0.1-02,1152,113.57194736842105,7.0,9.0,8.0,1486.0,1488.0,1487.0,拉伸,,估计同步待核验
XY_Y-09-0.1-02,1153,113.6700783991228,8.0,8.0,8.0,1485.0,1487.0,1486.0,拉伸,,估计同步待核验
XY_Y-09-0.1-02,1154,113.76820942982455,8.0,8.0,8.0,1485.0,1487.0,1486.0,拉伸,,估计同步待核验
XY_Y-09-0.1-02,1155,113.86634046052632,8.0,8.0,8.0,1485.0,1487.0,1486.0,拉伸,,估计同步待核验
XY_Y-09-0.1-02,1156,113.96447149122807,9.0,8.0,8.5,1486.0,1487.0,1486.5,拉伸,,估计同步待核验
XY_Y-09-0.1-02,1157,114.06260252192983,9.0,8.0,8.5,1485.0,1487.0,1486.0,拉伸,,估计同步待核验
XY_Y-09-0.1-02,1158,114.16073355263157,9.0,8.0,8.5,1485.0,1487.0,1486.0,拉伸,,估计同步待核验
XY_Y-09-0.1-02,1159,114.25886458333332,8.729166666641206,8.0,8.364583333320603,1485.0,1487.0,1486.0,拉伸,,估计同步待核验
XY_Y-09-0.1-02,1160,114.35699561403509,7.0,8.0,7.5,1485.0,1487.0,1486.0,拉伸,,估计同步待核验
XY_Y-09-0.1-02,1161,114.45512664473684,7.0,8.0,7.5,1485.0,1487.0,1486.0,拉伸,,估计同步待核验
XY_Y-09-0.1-02,1162,114.5532576754386,7.0,8.0,7.5,1485.0,1487.0,1486.0,拉伸,,估计同步待核验
XY_Y-09-0.1-02,1163,114.65138870614035,7.0,8.0,7.5,1485.0,1487.0,1486.0,拉伸,,估计同步待核验
XY_Y-09-0.1-02,1164,114.7495197368421,8.0,8.0,8.0,1486.0,1487.0,1486.5,拉伸,,估计同步待核验
XY_Y-09-0.1-02,1165,114.84765076754384,8.0,8.0,8.0,1485.0,1487.0,1486.0,拉伸,,估计同步待核验
XY_Y-09-0.1-02,1166,114.9457817982456,9.0,8.0,8.5,1485.0,1487.0,1486.0,拉伸,,估计同步待核验
XY_Y-09-0.1-02,1167,115.04391282894736,9.0,8.0,8.5,1485.0,1486.0,1485.5,拉伸,,估计同步待核验
XY_Y-09-0.1-02,1168,115.14204385964912,9.0,8.0,8.5,1485.0,1487.0,1486.0,拉伸,,估计同步待核验
XY_Y-09-0.1-02,1169,115.24017489035087,9.0,8.0,8.5,1485.0,1487.0,1486.0,拉伸,,估计同步待核验
XY_Y-09-0.1-02,1170,115.33830592105264,9.0,8.0,8.5,1485.0,1487.0,1486.0,拉伸,,估计同步待核验
XY_Y-09-0.1-02,1171,115.43643695175439,9.0,8.0,8.5,1485.0,1487.0,1486.0,拉伸,,估计同步待核验
XY_Y-09-0.1-02,1172,115.53456798245615,8.567982456152224,8.0,8.283991228076111,1486.0,1487.4320175438477,1486.716008771924,拉伸,,估计同步待核验
XY_Y-09-0.1-02,1173,115.63269901315789,8.0,8.0,8.0,1485.0,1487.0,1486.0,拉伸,,估计同步待核验
XY_Y-09-0.1-02,1174,115.73083004385964,8.0,8.0,8.0,1485.0,1487.0,1486.0,拉伸,,估计同步待核验
XY_Y-09-0.1-02,1175,115.82896107456139,8.0,8.0,8.0,1485.0,1488.0,1486.5,拉伸,,估计同步待核验
XY_Y-09-0.1-02,1176,115.92709210526316,9.0,8.0,8.5,1485.0,1487.0,1486.0,拉伸,,估计同步待核验
XY_Y-09-0.1-02,1177,116.02522313596491,9.0,8.0,8.5,1486.0,1488.0,1487.0,拉伸,,估计同步待核验
XY_Y-09-0.1-02,1178,116.12335416666667,9.0,8.0,8.5,1486.0,1487.0,1486.5,拉伸,,估计同步待核验
XY_Y-09-0.1-02,1179,116.22148519736842,9.0,8.0,8.5,1485.0,1487.0,1486.0,拉伸,,估计同步待核验
XY_Y-09-0.1-02,1180,116.31961622807016,9.0,8.0,8.5,1485.0,1487.0,1486.0,拉伸,,估计同步待核验
XY_Y-09-0.1-02,1181,116.41774725877193,9.0,8.0,8.5,1485.0,1487.0,1486.0,拉伸,,估计同步待核验
XY_Y-09-0.1-02,1182,116.51587828947368,9.0,8.0,8.5,1486.0,1487.0,1486.5,拉伸,,估计同步待核验
XY_Y-09-0.1-02,1183,116.61400932017544,8.0,8.0,8.0,1485.0,1487.0,1486.0,拉伸,,估计同步待核验
XY_Y-09-0.1-02,1184,116.71214035087719,8.0,8.0,8.0,1485.0,1487.0,1486.0,拉伸,,估计同步待核验
XY_Y-09-0.1-02,1185,116.81027138157894,8.728618421060718,8.0,8.364309210530358,1485.0,1487.0,1486.0,拉伸,,估计同步待核验
XY_Y-09-0.1-02,1186,116.90840241228071,8.195175438590445,7.402412280704778,7.798793859647612,1486.0,1487.0,1486.5,拉伸,,估计同步待核验
XY_Y-09-0.1-02,1187,117.00653344298244,9.0,8.0,8.5,1485.0,1487.0,1486.0,拉伸,,估计同步待核验
XY_Y-09-0.1-02,1188,117.1046644736842,9.0,7.0,8.0,1486.0,1487.0,1486.5,拉伸,,估计同步待核验
XY_Y-09-0.1-02,1189,117.20279550438596,9.0,8.0,8.5,1486.0,1488.0,1487.0,拉伸,,估计同步待核验
XY_Y-09-0.1-02,1190,117.30092653508771,9.0,8.0,8.5,1486.0,1488.0,1487.0,拉伸,,估计同步待核验
XY_Y-09-0.1-02,1191,117.39905756578948,9.0,8.0,8.5,1486.0,1487.0,1486.5,拉伸,,估计同步待核验
XY_Y-09-0.1-02,1192,117.49718859649123,9.0,8.0,8.5,1485.0,1487.0,1486.0,拉伸,,估计同步待核验
XY_Y-09-0.1-02,1193,117.59531962719299,9.0,8.0,8.5,1486.0,1488.0,1487.0,拉伸,,估计同步待核验
XY_Y-09-0.1-02,1194,117.69345065789473,8.0,8.0,8.0,1486.0,1488.0,1487.0,拉伸,,估计同步待核验
XY_Y-09-0.1-02,1195,117.79158168859648,7.0,8.0,7.5,1486.0,1488.0,1487.0,拉伸,,估计同步待核验
XY_Y-09-0.1-02,1196,117.88971271929825,7.0,8.0,7.5,1485.0,1487.0,1486.0,拉伸,,估计同步待核验
XY_Y-09-0.1-02,1197,117.98784375,7.0,8.0,7.5,1485.0,1487.0,1486.0,拉伸,,估计同步待核验
XY_Y-09-0.1-02,1198,118.08597478070175,7.075657894754138,8.0,7.5378289473770685,1486.0,1488.0,1487.0,拉伸,,估计同步待核验
XY_Y-09-0.1-02,1199,118.18410581140351,9.0,8.0,8.5,1486.0,1487.0,1486.5,拉伸,,估计同步待核验
XY_Y-09-0.1-02,1200,118.28223684210526,9.0,8.0,8.5,1486.0,1487.0,1486.5,拉伸,,估计同步待核验
XY_Y-09-0.1-02,1201,118.380367872807,9.0,8.0,8.5,1486.0,1488.0,1487.0,拉伸,,估计同步待核验
XY_Y-09-0.1-02,1202,118.47849890350876,9.0,8.0,8.5,1486.0,1488.0,1487.0,拉伸,,估计同步待核验
XY_Y-09-0.1-02,1203,118.57662993421052,8.0,8.0,8.0,1486.0,1488.0,1487.0,拉伸,,估计同步待核验
XY_Y-09-0.1-02,1204,118.67476096491228,8.0,8.0,8.0,1486.0,1487.0,1486.5,拉伸,,估计同步待核验
XY_Y-09-0.1-02,1205,118.77289199561403,7.0,8.0,7.5,1485.0,1487.0,1486.0,拉伸,,估计同步待核验
XY_Y-09-0.1-02,1206,118.8710230263158,7.0,8.0,7.5,1486.0,1488.0,1487.0,拉伸,,估计同步待核验
XY_Y-09-0.1-02,1207,118.96915405701755,7.0,8.0,7.5,1485.0,1487.0,1486.0,拉伸,,估计同步待核验
XY_Y-09-0.1-02,1208,119.06728508771928,7.0,8.0,7.5,1485.0,1487.0,1486.0,拉伸,,估计同步待核验
XY_Y-09-0.1-02,1209,119.16541611842105,7.0,8.0,7.5,1486.0,1487.0,1486.5,拉伸,,估计同步待核验
XY_Y-09-0.1-02,1210,119.2635471491228,7.0,8.0,7.5,1485.0,1487.0,1486.0,拉伸,,估计同步待核验
XY_Y-09-0.1-02,1211,119.36167817982455,7.643640350893227,8.0,7.8218201754466135,1485.3218201754466,1488.0,1486.6609100877233,拉伸,,估计同步待核验
XY_Y-09-0.1-02,1212,119.45980921052632,8.0,8.0,8.0,1486.0,1488.0,1487.0,拉伸,,估计同步待核验
XY_Y-09-0.1-02,1213,119.55794024122807,8.0,8.0,8.0,1486.0,1487.0,1486.5,拉伸,,估计同步待核验
XY_Y-09-0.1-02,1214,119.65607127192983,8.0,8.0,8.0,1486.0,1488.0,1487.0,拉伸,,估计同步待核验
XY_Y-09-0.1-02,1215,119.75420230263157,7.0,8.0,7.5,1486.0,1488.0,1487.0,拉伸,,估计同步待核验
XY_Y-09-0.1-02,1216,119.85233333333332,7.0,8.0,7.5,1486.0,1488.0,1487.0,拉伸,,估计同步待核验
XY_Y-09-0.1-02,1217,119.95046436403508,7.0,8.0,7.5,1485.0,1487.0,1486.0,拉伸,,估计同步待核验
XY_Y-09-0.1-02,1218,120.04859539473684,7.0,8.0,7.5,1486.0,1488.0,1487.0,拉伸,,估计同步待核验
XY_Y-09-0.1-02,1219,120.1467264254386,7.0,8.0,7.5,1485.0,1487.0,1486.0,拉伸,,估计同步待核验
XY_Y-09-0.1-02,1220,120.24485745614035,7.0,9.0,8.0,1486.0,1488.0,1487.0,拉伸,,估计同步待核验
XY_Y-09-0.1-02,1221,120.3429884868421,7.0,9.0,8.0,1485.0,1487.0,1486.0,拉伸,,估计同步待核验
XY_Y-09-0.1-02,1222,120.44111951754384,8.0,8.0,8.0,1485.0,1487.0,1486.0,拉伸,,估计同步待核验
XY_Y-09-0.1-02,1223,120.5392505482456,8.0,8.0,8.0,1486.0,1487.0,1486.5,拉伸,,估计同步待核验
XY_Y-09-0.1-02,1224,120.63738157894736,7.381578947353089,8.0,7.690789473676544,1485.0,1487.0,1486.0,拉伸,,估计同步待核验
XY_Y-09-0.1-02,1225,120.73551260964912,7.0,8.0,7.5,1485.0,1487.0,1486.0,拉伸,,估计同步待核验
XY_Y-09-0.1-02,1226,120.83364364035087,7.0,8.0,7.5,1484.0,1487.0,1485.5,拉伸,,估计同步待核验
XY_Y-09-0.1-02,1227,120.93177467105264,7.0,8.0,7.5,1485.0,1488.0,1486.5,拉伸,,估计同步待核验
XY_Y-09-0.1-02,1228,121.02990570175439,7.0,9.0,8.0,1485.0,1487.0,1486.0,拉伸,,估计同步待核验
XY_Y-09-0.1-02,1229,121.12803673245615,7.0,8.0,7.5,1485.0,1487.0,1486.0,拉伸,,估计同步待核验
XY_Y-09-0.1-02,1230,121.22616776315789,7.0,8.0,7.5,1484.0,1486.0,1485.0,拉伸,,估计同步待核验
XY_Y-09-0.1-02,1231,121.32429879385964,8.0,8.0,8.0,1485.0,1488.0,1486.5,拉伸,,估计同步待核验
XY_Y-09-0.1-02,1232,121.42242982456139,8.0,8.0,8.0,1485.0,1487.0,1486.0,拉伸,,估计同步待核验
XY_Y-09-0.1-02,1233,121.52056085526316,8.0,8.0,8.0,1485.0,1487.0,1486.0,拉伸,,估计同步待核验
XY_Y-09-0.1-02,1234,121.6186918859649,9.0,8.0,8.5,1485.0,1486.0,1485.5,拉伸,,估计同步待核验
XY_Y-09-0.1-02,1235,121.71682291666667,9.0,8.0,8.5,1484.0,1486.0,1485.0,拉伸,,估计同步待核验
XY_Y-09-0.1-02,1236,121.81495394736842,8.907894736850707,8.0,8.453947368425354,1485.0,1487.0,1486.0,拉伸,,估计同步待核验
XY_Y-09-0.1-02,1237,121.91308497807016,7.169956140324855,8.0,7.584978070162427,1485.0,1487.0,1486.0,拉伸,,估计同步待核验
XY_Y-09-0.1-02,1238,122.01121600877192,7.0,8.0,7.5,1485.0,1487.0,1486.0,拉伸,,估计同步待核验
XY_Y-09-0.1-02,1239,122.10934703947368,7.0,8.0,7.5,1485.0,1487.0,1486.0,拉伸,,估计同步待核验
XY_Y-09-0.1-02,1240,122.20747807017544,7.0,8.0,7.5,1485.0,1487.0,1486.0,拉伸,,估计同步待核验
XY_Y-09-0.1-02,1241,122.30560910087719,7.0,8.0,7.5,1485.0,1487.0,1486.0,拉伸,,估计同步待核验
XY_Y-09-0.1-02,1242,122.40374013157894,8.0,8.0,8.0,1484.0,1486.0,1485.0,拉伸,,估计同步待核验
XY_Y-09-0.1-02,1243,122.50187116228071,8.0,8.0,8.0,1485.0,1486.0,1485.5,拉伸,,估计同步待核验
XY_Y-09-0.1-02,1244,122.60000219298244,9.0,8.0,8.5,1484.0,1487.0,1485.5,拉伸,,估计同步待核验
XY_Y-09-0.1-02,1245,122.6981332236842,9.0,8.0,8.5,1485.0,1487.0,1486.0,拉伸,,估计同步待核验
XY_Y-09-0.1-02,1246,122.79626425438596,9.0,8.0,8.5,1484.0,1487.0,1485.5,拉伸,,估计同步待核验
XY_Y-09-0.1-02,1247,122.89439528508771,9.0,8.0,8.5,1484.0,1486.0,1485.0,拉伸,,估计同步待核验
XY_Y-09-0.1-02,1248,122.99252631578948,9.0,8.0,8.5,1484.0,1486.0,1485.0,拉伸,,估计同步待核验
XY_Y-09-0.1-02,1249,123.09065734649123,9.314692982459647,8.0,8.657346491229823,1484.0,1486.6573464912299,1485.328673245615,拉伸,,估计同步待核验
XY_Y-09-0.1-02,1250,123.18878837719299,8.0,8.0,8.0,1484.0,1487.0,1485.5,拉伸,,估计同步待核验
XY_Y-09-0.1-02,1251,123.28691940789473,8.0,8.0,8.0,1484.0,1486.0,1485.0,拉伸,,估计同步待核验
XY_Y-09-0.1-02,1252,123.38505043859648,8.0,8.0,8.0,1484.0,1486.0,1485.0,拉伸,,估计同步待核验
XY_Y-09-0.1-02,1253,123.48318146929824,9.0,8.0,8.5,1484.0,1487.0,1485.5,拉伸,,估计同步待核验
XY_Y-09-0.1-02,1254,123.5813125,9.0,8.0,8.5,1485.0,1487.0,1486.0,拉伸,,估计同步待核验
XY_Y-09-0.1-02,1255,123.67944353070175,9.0,8.0,8.5,1484.0,1486.0,1485.0,拉伸,,估计同步待核验
XY_Y-09-0.1-02,1256,123.77757456140351,9.0,8.0,8.5,1484.0,1486.0,1485.0,拉伸,,估计同步待核验
XY_Y-09-0.1-02,1257,123.87570559210526,9.0,8.0,8.5,1484.0,1486.0,1485.0,拉伸,,估计同步待核验
XY_Y-09-0.1-02,1258,123.973836622807,9.0,8.0,8.5,1484.0,1486.0,1485.0,拉伸,,估计同步待核验
XY_Y-09-0.1-02,1259,124.07196765350876,9.0,8.0,8.5,1485.0,1486.0,1485.5,拉伸,,估计同步待核验
XY_Y-09-0.1-02,1260,124.17009868421052,9.0,8.0,8.5,1484.0,1485.0,1484.5,拉伸,,估计同步待核验
XY_Y-09-0.1-02,1261,124.26822971491228,8.0,8.0,8.0,1484.0,1486.0,1485.0,拉伸,,估计同步待核验
XY_Y-09-0.1-02,1262,124.36636074561403,8.0,8.0,8.0,1484.0,1486.0,1485.0,拉伸,,估计同步待核验
XY_Y-09-0.1-02,1263,124.4644917763158,9.0,8.0,8.5,1484.0,1486.0,1485.0,拉伸,,估计同步待核验
XY_Y-09-0.1-02,1264,124.56262280701755,9.0,8.0,8.5,1484.0,1486.0,1485.0,拉伸,,估计同步待核验
XY_Y-09-0.1-02,1265,124.66075383771928,9.0,8.0,8.5,1484.0,1486.0,1485.0,拉伸,,估计同步待核验
XY_Y-09-0.1-02,1266,124.75888486842105,9.0,8.0,8.5,1484.0,1486.0,1485.0,拉伸,,估计同步待核验
XY_Y-09-0.1-02,1267,124.8570158991228,9.0,8.0,8.5,1484.0,1486.0,1485.0,拉伸,,估计同步待核验
XY_Y-09-0.1-02,1268,124.95514692982455,9.0,8.0,8.5,1484.0,1485.0,1484.5,拉伸,,估计同步待核验
XY_Y-09-0.1-02,1269,125.05327796052632,9.0,8.0,8.5,1484.0,1486.0,1485.0,拉伸,,估计同步待核验
XY_Y-09-0.1-02,1270,125.15140899122807,9.0,8.0,8.5,1484.0,1486.0,1485.0,拉伸,,估计同步待核验
XY_Y-09-0.1-02,1271,125.24954002192983,8.0,8.0,8.0,1484.0,1486.0,1485.0,拉伸,,估计同步待核验
XY_Y-09-0.1-02,1272,125.34767105263157,8.0,8.0,8.0,1484.0,1486.0,1485.0,拉伸,,估计同步待核验
XY_Y-09-0.1-02,1273,125.44580208333332,7.0,8.0,7.5,1484.0,1485.0,1484.5,拉伸,,估计同步待核验
XY_Y-09-0.1-02,1274,125.54393311403508,7.133771929826151,8.0,7.566885964913075,1484.0,1486.0,1485.0,拉伸,,估计同步待核验
XY_Y-09-0.1-02,1275,125.64206414473684,8.87171052632168,8.0,8.435855263160839,1483.9358552631609,1485.0,1484.4679276315806,拉伸,,估计同步待核验
XY_Y-09-0.1-02,1276,125.7401951754386,9.0,8.0,8.5,1483.0,1485.0,1484.0,拉伸,,估计同步待核验
XY_Y-09-0.1-02,1277,125.83832620614035,9.0,8.0,8.5,1483.0,1485.0,1484.0,拉伸,,估计同步待核验
XY_Y-09-0.1-02,1278,125.9364572368421,9.0,8.0,8.5,1483.0,1485.0,1484.0,拉伸,,估计同步待核验
XY_Y-09-0.1-02,1279,126.03458826754384,9.0,8.0,8.5,1483.0,1485.0,1484.0,拉伸,,估计同步待核验
XY_Y-09-0.1-02,1280,126.1327192982456,8.0,8.0,8.0,1484.0,1485.0,1484.5,拉伸,,估计同步待核验
XY_Y-09-0.1-02,1281,126.23085032894735,8.0,8.0,8.0,1483.0,1485.0,1484.0,拉伸,,估计同步待核验
XY_Y-09-0.1-02,1282,126.32898135964912,8.0,8.0,8.0,1483.0,1485.0,1484.0,拉伸,,估计同步待核验
XY_Y-09-0.1-02,1283,126.42711239035087,7.0,8.0,7.5,1483.0,1485.0,1484.0,拉伸,,估计同步待核验
XY_Y-09-0.1-02,1284,126.52524342105264,7.0,8.0,7.5,1483.0,1485.0,1484.0,拉伸,,估计同步待核验
XY_Y-09-0.1-02,1285,126.62337445175439,7.0,8.0,7.5,1483.0,1484.0,1483.5,拉伸,,估计同步待核验
XY_Y-09-0.1-02,1286,126.72150548245615,7.0,8.0,7.5,1483.0,1485.0,1484.0,拉伸,,估计同步待核验
XY_Y-09-0.1-02,1287,126.81963651315789,7.726973684215902,8.0,7.863486842107951,1482.363486842108,1485.0,1483.6817434210539,拉伸,,估计同步待核验
XY_Y-09-0.1-02,1288,126.91776754385964,9.0,8.0,8.5,1483.0,1485.0,1484.0,拉伸,,估计同步待核验
XY_Y-09-0.1-02,1289,127.01589857456139,9.0,8.0,8.5,1483.0,1484.0,1483.5,拉伸,,估计同步待核验
XY_Y-09-0.1-02,1290,127.11402960526316,8.0,8.0,8.0,1483.0,1484.0,1483.5,拉伸,,估计同步待核验
XY_Y-09-0.1-02,1291,127.2121606359649,8.0,8.0,8.0,1482.0,1484.0,1483.0,拉伸,,估计同步待核验
XY_Y-09-0.1-02,1292,127.31029166666667,8.0,8.0,8.0,1482.0,1485.0,1483.5,拉伸,,估计同步待核验
XY_Y-09-0.1-02,1293,127.40842269736842,7.0,8.0,7.5,1482.0,1484.0,1483.0,拉伸,,估计同步待核验
XY_Y-09-0.1-02,1294,127.50655372807016,7.0,8.0,7.5,1482.0,1484.0,1483.0,拉伸,,估计同步待核验
XY_Y-09-0.1-02,1295,127.60468475877192,7.0,8.0,7.5,1482.0,1484.0,1483.0,拉伸,,估计同步待核验
XY_Y-09-0.1-02,1296,127.70281578947368,7.0,9.0,8.0,1482.0,1484.0,1483.0,拉伸,,估计同步待核验
XY_Y-09-0.1-02,1297,127.80094682017544,7.0,8.0,7.5,1481.0,1484.0,1482.5,拉伸,,估计同步待核验
XY_Y-09-0.1-02,1298,127.89907785087719,7.0,8.0,7.5,1482.0,1483.0,1482.5,拉伸,,估计同步待核验
XY_Y-09-0.1-02,1299,127.99720888157894,7.0,8.0,7.5,1482.0,1484.0,1483.0,拉伸,,估计同步待核验
XY_Y-09-0.1-02,1300,128.0953399122807,8.0,8.0,8.0,1482.0,1484.0,1483.0,拉伸,,估计同步待核验
XY_Y-09-0.1-02,1301,128.19347094298243,8.0,8.0,8.0,1482.0,1483.0,1482.5,拉伸,,估计同步待核验
XY_Y-09-0.1-02,1302,128.29160197368418,7.0,8.0,7.5,1481.0,1483.0,1482.0,拉伸,,估计同步待核验
XY_Y-09-0.1-02,1303,128.38973300438596,7.0,8.0,7.5,1481.0,1483.0,1482.0,拉伸,,估计同步待核验
XY_Y-09-0.1-02,1304,128.4878640350877,7.0,8.0,7.5,1481.0,1483.0,1482.0,拉伸,,估计同步待核验
XY_Y-09-0.1-02,1305,128.58599506578946,7.0,8.0,7.5,1481.0,1483.0,1482.0,拉伸,,估计同步待核验
XY_Y-09-0.1-02,1306,128.68412609649124,7.0,8.0,7.5,1481.0,1483.0,1482.0,拉伸,,估计同步待核验
XY_Y-09-0.1-02,1307,128.782257127193,7.0,8.0,7.5,1481.0,1483.0,1482.0,拉伸,,估计同步待核验
XY_Y-09-0.1-02,1308,128.8803881578947,7.0,8.0,7.5,1480.0,1483.0,1481.5,拉伸,,估计同步待核验
XY_Y-09-0.1-02,1309,128.9785191885965,8.0,8.0,8.0,1481.0,1483.0,1482.0,拉伸,,估计同步待核验
XY_Y-09-0.1-02,1310,129.07665021929824,8.0,8.0,8.0,1481.0,1482.0,1481.5,拉伸,,估计同步待核验
XY_Y-09-0.1-02,1311,129.17478125,8.0,8.0,8.0,1480.0,1482.0,1481.0,拉伸,,估计同步待核验
XY_Y-09-0.1-02,1312,129.27291228070175,8.824561403500795,8.0,8.412280701750397,1480.0,1483.0,1481.5,拉伸,,估计同步待核验
XY_Y-09-0.1-02,1313,129.3710433114035,7.086622806974942,8.0,7.543311403487471,1480.0433114034875,1482.0,1481.0216557017438,拉伸,,估计同步待核验
XY_Y-09-0.1-02,1314,129.46917434210528,7.0,8.0,7.5,1480.0,1482.0,1481.0,拉伸,,估计同步待核验
XY_Y-09-0.1-02,1315,129.567305372807,7.0,8.0,7.5,1480.0,1482.0,1481.0,拉伸,,估计同步待核验
XY_Y-09-0.1-02,1316,129.66543640350875,7.0,8.0,7.5,1480.0,1482.0,1481.0,拉伸,,估计同步待核验
XY_Y-09-0.1-02,1317,129.76356743421053,7.0,8.0,7.5,1480.0,1482.0,1481.0,拉伸,,估计同步待核验
XY_Y-09-0.1-02,1318,129.86169846491228,7.0,8.0,7.5,1480.0,1482.0,1481.0,拉伸,,估计同步待核验
XY_Y-09-0.1-02,1319,129.95982949561403,8.0,8.0,8.0,1480.0,1482.0,1481.0,拉伸,,估计同步待核验
XY_Y-09-0.1-02,1320,130.05796052631578,8.0,8.0,8.0,1480.0,1482.0,1481.0,拉伸,,估计同步待核验
XY_Y-09-0.1-02,1321,130.15609155701756,9.0,8.0,8.5,1480.0,1482.0,1481.0,拉伸,,估计同步待核验
XY_Y-09-0.1-02,1322,130.25422258771928,9.0,8.0,8.5,1480.0,1482.0,1481.0,拉伸,,估计同步待核验
XY_Y-09-0.1-02,1323,130.35235361842103,9.0,8.0,8.5,1480.0,1481.0,1480.5,拉伸,,估计同步待核验
XY_Y-09-0.1-02,1324,130.45048464912279,9.0,8.0,8.5,1479.0,1481.0,1480.0,拉伸,,估计同步待核验
XY_Y-09-0.1-02,1325,130.54861567982456,8.231359649119472,8.0,8.115679824559736,1479.6156798245597,1482.0,1480.8078399122799,拉伸,,估计同步待核验
XY_Y-09-0.1-02,1326,130.64674671052632,7.0,8.0,7.5,1479.0,1481.0,1480.0,拉伸,,估计同步待核验
XY_Y-09-0.1-02,1327,130.74487774122807,8.0,8.0,8.0,1479.0,1481.0,1480.0,拉伸,,估计同步待核验
XY_Y-09-0.1-02,1328,130.84300877192982,8.0,8.0,8.0,1479.0,1481.0,1480.0,拉伸,,估计同步待核验
XY_Y-09-0.1-02,1329,130.94113980263157,8.0,8.0,8.0,1479.0,1481.0,1480.0,拉伸,,估计同步待核验
XY_Y-09-0.1-02,1330,131.03927083333332,9.0,8.0,8.5,1479.0,1481.0,1480.0,拉伸,,估计同步待核验
XY_Y-09-0.1-02,1331,131.13740186403507,9.0,8.0,8.5,1479.0,1481.0,1480.0,拉伸,,估计同步待核验
XY_Y-09-0.1-02,1332,131.23553289473685,9.0,8.0,8.5,1480.0,1481.0,1480.5,拉伸,,估计同步待核验
XY_Y-09-0.1-02,1333,131.3336639254386,9.0,7.0,8.0,1479.0,1481.0,1480.0,拉伸,,估计同步待核验
XY_Y-09-0.1-02,1334,131.43179495614035,9.0,8.0,8.5,1479.0,1481.0,1480.0,拉伸,,估计同步待核验
XY_Y-09-0.1-02,1335,131.5299259868421,9.0,8.0,8.5,1479.0,1481.0,1480.0,拉伸,,估计同步待核验
XY_Y-09-0.1-02,1336,131.62805701754385,9.0,8.0,8.5,1479.0,1481.0,1480.0,拉伸,,估计同步待核验
XY_Y-09-0.1-02,1337,131.7261880482456,9.0,8.0,8.5,1479.0,1480.0,1479.5,拉伸,,估计同步待核验
XY_Y-09-0.1-02,1338,131.82431907894735,8.319078947349723,8.0,8.159539473674862,1479.0,1481.0,1480.0,拉伸,,估计同步待核验
XY_Y-09-0.1-02,1339,131.9224501096491,8.0,8.0,8.0,1479.0,1481.0,1480.0,拉伸,,估计同步待核验
XY_Y-09-0.1-02,1340,132.02058114035088,9.0,8.0,8.5,1479.0,1481.0,1480.0,拉伸,,估计同步待核验
XY_Y-09-0.1-02,1341,132.11871217105264,9.0,8.0,8.5,1479.0,1481.0,1480.0,拉伸,,估计同步待核验
XY_Y-09-0.1-02,1342,132.2168432017544,9.0,8.0,8.5,1479.0,1481.0,1480.0,拉伸,,估计同步待核验
XY_Y-09-0.1-02,1343,132.31497423245614,9.0,8.0,8.5,1479.0,1480.0,1479.5,拉伸,,估计同步待核验
XY_Y-09-0.1-02,1344,132.4131052631579,9.0,8.0,8.5,1478.0,1480.0,1479.0,拉伸,,估计同步待核验
XY_Y-09-0.1-02,1345,132.51123629385964,9.0,7.0,8.0,1479.0,1480.0,1479.5,拉伸,,估计同步待核验
XY_Y-09-0.1-02,1346,132.6093673245614,9.0,7.0,8.0,1479.0,1481.0,1480.0,拉伸,,估计同步待核验
XY_Y-09-0.1-02,1347,132.70749835526314,9.0,8.0,8.5,1478.0,1480.0,1479.0,拉伸,,估计同步待核验
XY_Y-09-0.1-02,1348,132.80562938596492,8.0,8.0,8.0,1478.0,1480.0,1479.0,拉伸,,估计同步待核验
XY_Y-09-0.1-02,1349,132.90376041666667,8.0,8.0,8.0,1478.0,1480.0,1479.0,拉伸,,估计同步待核验
XY_Y-09-0.1-02,1350,133.00189144736842,7.217105263174163,8.0,7.608552631587081,1479.0,1480.0,1479.5,拉伸,,估计同步待核验
XY_Y-09-0.1-02,1351,133.10002247807017,8.95504385964317,7.022478070178415,7.988760964910792,1478.9775219298215,1480.0,1479.4887609649109,拉伸,,估计同步待核验
XY_Y-09-0.1-02,1352,133.19815350877192,9.0,8.0,8.5,1478.0,1480.0,1479.0,拉伸,,估计同步待核验
XY_Y-09-0.1-02,1353,133.29628453947367,9.0,8.0,8.5,1478.0,1480.0,1479.0,拉伸,,估计同步待核验
XY_Y-09-0.1-02,1354,133.39441557017543,9.0,8.0,8.5,1478.0,1480.0,1479.0,拉伸,,估计同步待核验
XY_Y-09-0.1-02,1355,133.4925466008772,9.0,8.0,8.5,1479.0,1480.0,1479.5,拉伸,,估计同步待核验
XY_Y-09-0.1-02,1356,133.59067763157896,8.0,8.0,8.0,1478.0,1480.0,1479.0,拉伸,,估计同步待核验
XY_Y-09-0.1-02,1357,133.6888086622807,8.0,8.0,8.0,1478.0,1479.0,1478.5,拉伸,,估计同步待核验
XY_Y-09-0.1-02,1358,133.78693969298243,8.0,8.0,8.0,1478.0,1480.0,1479.0,拉伸,,估计同步待核验
XY_Y-09-0.1-02,1359,133.8850707236842,7.0,8.0,7.5,1478.0,1480.0,1479.0,拉伸,,估计同步待核验
XY_Y-09-0.1-02,1360,133.98320175438596,7.0,8.0,7.5,1478.0,1480.0,1479.0,拉伸,,估计同步待核验
XY_Y-09-0.1-02,1361,134.0813327850877,6.0,8.0,7.0,1477.0,1479.0,1478.0,拉伸,,估计同步待核验
XY_Y-09-0.1-02,1362,134.17946381578946,7.0,8.0,7.5,1477.0,1479.0,1478.0,拉伸,,估计同步待核验
XY_Y-09-0.1-02,1363,134.27759484649124,7.810307017498641,8.0,7.90515350874932,1477.4051535087492,1479.0,1478.2025767543746,拉伸,,估计同步待核验
XY_Y-09-0.1-02,1364,134.375725877193,9.0,8.0,8.5,1477.0,1480.0,1478.5,拉伸,,估计同步待核验
XY_Y-09-0.1-02,1365,134.4738569078947,8.0,8.0,8.0,1478.0,1479.0,1478.5,拉伸,,估计同步待核验
XY_Y-09-0.1-02,1366,134.5719879385965,8.0,8.0,8.0,1477.0,1479.0,1478.0,拉伸,,估计同步待核验
XY_Y-09-0.1-02,1367,134.67011896929824,8.0,8.0,8.0,1477.0,1479.0,1478.0,拉伸,,估计同步待核验
XY_Y-09-0.1-02,1368,134.76825,8.0,8.0,8.0,1477.0,1479.0,1478.0,拉伸,,估计同步待核验
XY_Y-09-0.1-02,1369,134.86638103070175,7.0,8.0,7.5,1477.0,1479.0,1478.0,拉伸,,估计同步待核验
XY_Y-09-0.1-02,1370,134.9645120614035,7.0,8.0,7.5,1476.0,1478.0,1477.0,拉伸,,估计同步待核验
XY_Y-09-0.1-02,1371,135.06264309210528,7.0,8.0,7.5,1476.0,1479.0,1477.5,拉伸,,估计同步待核验
XY_Y-09-0.1-02,1372,135.160774122807,7.0,8.0,7.5,1477.0,1479.0,1478.0,拉伸,,估计同步待核验
XY_Y-09-0.1-02,1373,135.25890515350875,7.0,8.0,7.5,1476.0,1478.0,1477.0,拉伸,,估计同步待核验
XY_Y-09-0.1-02,1374,135.35703618421053,7.0,8.0,7.5,1476.0,1478.0,1477.0,拉伸,,估计同步待核验
XY_Y-09-0.1-02,1375,135.45516721491228,7.0,8.0,7.5,1476.0,1478.0,1477.0,拉伸,,估计同步待核验
XY_Y-09-0.1-02,1376,135.55329824561403,8.0,8.0,8.0,1476.0,1478.0,1477.0,拉伸,,估计同步待核验
XY_Y-09-0.1-02,1377,135.65142927631578,7.429276315780872,8.0,7.714638157890436,1476.0,1478.0,1477.0,拉伸,,估计同步待核验
XY_Y-09-0.1-02,1378,135.74956030701756,7.0,8.0,7.5,1476.0,1478.0,1477.0,拉伸,,估计同步待核验
XY_Y-09-0.1-02,1379,135.84769133771928,7.0,8.0,7.5,1476.0,1478.0,1477.0,拉伸,,估计同步待核验
XY_Y-09-0.1-02,1380,135.94582236842103,7.0,8.0,7.5,1475.0,1477.0,1476.0,拉伸,,估计同步待核验
XY_Y-09-0.1-02,1381,136.04395339912278,7.0,8.0,7.5,1476.0,1478.0,1477.0,拉伸,,估计同步待核验
XY_Y-09-0.1-02,1382,136.14208442982456,7.0,8.0,7.5,1475.0,1477.0,1476.0,拉伸,,估计同步待核验
XY_Y-09-0.1-02,1383,136.24021546052631,7.0,8.0,7.5,1475.0,1477.0,1476.0,拉伸,,估计同步待核验
XY_Y-09-0.1-02,1384,136.33834649122807,8.0,8.0,8.0,1475.0,1477.0,1476.0,拉伸,,估计同步待核验
XY_Y-09-0.1-02,1385,136.43647752192982,8.0,8.0,8.0,1475.0,1477.0,1476.0,拉伸,,估计同步待核验
XY_Y-09-0.1-02,1386,136.53460855263157,8.0,8.0,8.0,1475.0,1477.0,1476.0,拉伸,,估计同步待核验
XY_Y-09-0.1-02,1387,136.63273958333332,9.0,8.0,8.5,1475.0,1476.0,1475.5,拉伸,,估计同步待核验
XY_Y-09-0.1-02,1388,136.73087061403507,9.0,8.0,8.5,1475.0,1477.0,1476.0,拉伸,,估计同步待核验
XY_Y-09-0.1-02,1389,136.82900164473685,9.0,8.0,8.5,1475.0,1477.0,1476.0,拉伸,,估计同步待核验
XY_Y-09-0.1-02,1390,136.9271326754386,7.265350877212866,8.0,7.632675438606433,1474.1326754386064,1477.0,1475.5663377193032,拉伸,,估计同步待核验
XY_Y-09-0.1-02,1391,137.02526370614035,7.0,8.0,7.5,1474.0,1476.0,1475.0,拉伸,,估计同步待核验
XY_Y-09-0.1-02,1392,137.1233947368421,7.0,8.0,7.5,1475.0,1477.0,1476.0,拉伸,,估计同步待核验
XY_Y-09-0.1-02,1393,137.22152576754385,8.0,8.0,8.0,1474.0,1476.0,1475.0,拉伸,,估计同步待核验
XY_Y-09-0.1-02,1394,137.3196567982456,8.0,8.0,8.0,1475.0,1476.0,1475.5,拉伸,,估计同步待核验
XY_Y-09-0.1-02,1395,137.41778782894735,9.0,8.0,8.5,1474.0,1476.0,1475.0,拉伸,,估计同步待核验
XY_Y-09-0.1-02,1396,137.5159188596491,9.0,8.0,8.5,1474.0,1476.0,1475.0,拉伸,,估计同步待核验
XY_Y-09-0.1-02,1397,137.61404989035088,9.0,8.0,8.5,1474.0,1476.0,1475.0,拉伸,,估计同步待核验
XY_Y-09-0.1-02,1398,137.71218092105264,9.0,8.0,8.5,1474.0,1476.0,1475.0,拉伸,,估计同步待核验
XY_Y-09-0.1-02,1399,137.8103119517544,9.0,8.0,8.5,1474.0,1475.0,1474.5,拉伸,,估计同步待核验
XY_Y-09-0.1-02,1400,137.90844298245614,9.0,8.0,8.5,1474.0,1475.0,1474.5,拉伸,,估计同步待核验
XY_Y-09-0.1-02,1401,138.0065740131579,9.0,8.0,8.5,1474.0,1476.0,1475.0,拉伸,,估计同步待核验
XY_Y-09-0.1-02,1402,138.10470504385964,8.705043859641894,8.0,8.352521929820947,1473.7050438596418,1475.0,1474.3525219298208,拉伸,,估计同步待核验
XY_Y-09-0.1-02,1403,138.2028360745614,8.0,8.0,8.0,1474.0,1476.0,1475.0,拉伸,,估计同步待核验
XY_Y-09-0.1-02,1404,138.30096710526314,8.0,8.0,8.0,1474.0,1476.0,1475.0,拉伸,,估计同步待核验
XY_Y-09-0.1-02,1405,138.39909813596492,9.0,7.0,8.0,1474.0,1475.0,1474.5,拉伸,,估计同步待核验
XY_Y-09-0.1-02,1406,138.49722916666667,9.0,8.0,8.5,1474.0,1475.0,1474.5,拉伸,,估计同步待核验
XY_Y-09-0.1-02,1407,138.59536019736842,9.0,8.0,8.5,1473.0,1475.0,1474.0,拉伸,,估计同步待核验
XY_Y-09-0.1-02,1408,138.69349122807017,9.0,8.0,8.5,1474.0,1476.0,1475.0,拉伸,,估计同步待核验
XY_Y-09-0.1-02,1409,138.79162225877192,9.0,8.0,8.5,1474.0,1475.0,1474.5,拉伸,,估计同步待核验
XY_Y-09-0.1-02,1410,138.88975328947367,9.0,8.0,8.5,1474.0,1475.0,1474.5,拉伸,,估计同步待核验
XY_Y-09-0.1-02,1411,138.98788432017543,8.0,8.0,8.0,1473.0,1475.0,1474.0,拉伸,,估计同步待核验
XY_Y-09-0.1-02,1412,139.0860153508772,8.0,8.0,8.0,1473.0,1475.0,1474.0,拉伸,,估计同步待核验
XY_Y-09-0.1-02,1413,139.18414638157896,8.0,8.0,8.0,1473.0,1475.0,1474.0,拉伸,,估计同步待核验
XY_Y-09-0.1-02,1414,139.2822774122807,7.0,8.0,7.5,1473.0,1475.0,1474.0,拉伸,,估计同步待核验
XY_Y-09-0.1-02,1415,139.38040844298243,8.183114035137613,8.0,8.091557017568807,1473.0,1475.0,1474.0,拉伸,,估计同步待核验
XY_Y-09-0.1-02,1416,139.4785394736842,9.0,8.0,8.5,1473.0,1475.0,1474.0,拉伸,,估计同步待核验
XY_Y-09-0.1-02,1417,139.57667050438596,9.0,8.0,8.5,1473.0,1475.0,1474.0,拉伸,,估计同步待核验
XY_Y-09-0.1-02,1418,139.6748015350877,9.0,8.0,8.5,1473.0,1474.0,1473.5,拉伸,,估计同步待核验
XY_Y-09-0.1-02,1419,139.77293256578946,8.0,8.0,8.0,1473.0,1475.0,1474.0,拉伸,,估计同步待核验
XY_Y-09-0.1-02,1420,139.87106359649124,8.0,8.0,8.0,1473.0,1475.0,1474.0,拉伸,,估计同步待核验
XY_Y-09-0.1-02,1421,139.969194627193,8.0,8.0,8.0,1473.0,1475.0,1474.0,拉伸,,估计同步待核验
XY_Y-09-0.1-02,1422,140.0673256578947,7.0,8.0,7.5,1473.0,1474.0,1473.5,拉伸,,估计同步待核验
XY_Y-09-0.1-02,1423,140.1654566885965,7.0,8.0,7.5,1473.0,1475.0,1474.0,拉伸,,估计同步待核验
XY_Y-09-0.1-02,1424,140.26358771929824,7.0,8.0,7.5,1472.0,1474.0,1473.0,拉伸,,估计同步待核验
XY_Y-09-0.1-02,1425,140.36171875,7.0,8.0,7.5,1473.0,1474.0,1473.5,拉伸,,估计同步待核验
XY_Y-09-0.1-02,1426,140.45984978070175,7.0,8.0,7.5,1472.0,1474.0,1473.0,拉伸,,估计同步待核验
XY_Y-09-0.1-02,1427,140.5579808114035,7.038377192993083,8.0,7.519188596496542,1472.0191885964966,1474.9808114035034,1473.5,拉伸,,估计同步待核验
XY_Y-09-0.1-02,1428,140.65611184210528,8.77631578946209,8.0,8.388157894731044,1472.0,1474.0,1473.0,拉伸,,估计同步待核验
XY_Y-09-0.1-02,1429,140.754242872807,8.0,8.0,8.0,1472.0,1474.0,1473.0,拉伸,,估计同步待核验
XY_Y-09-0.1-02,1430,140.85237390350875,8.0,8.0,8.0,1472.0,1473.0,1472.5,拉伸,,估计同步待核验
XY_Y-09-0.1-02,1431,140.95050493421053,7.0,8.0,7.5,1471.0,1473.0,1472.0,拉伸,,估计同步待核验
XY_Y-09-0.1-02,1432,141.04863596491228,7.0,8.0,7.5,1471.0,1473.0,1472.0,拉伸,,估计同步待核验
XY_Y-09-0.1-02,1433,141.14676699561403,7.0,8.0,7.5,1471.0,1473.0,1472.0,拉伸,,估计同步待核验
XY_Y-09-0.1-02,1434,141.24489802631578,7.0,8.0,7.5,1471.0,1473.0,1472.0,拉伸,,估计同步待核验
XY_Y-09-0.1-02,1435,141.34302905701756,7.0,8.0,7.5,1471.0,1473.0,1472.0,拉伸,,估计同步待核验
XY_Y-09-0.1-02,1436,141.44116008771928,7.0,8.0,7.5,1471.0,1473.0,1472.0,拉伸,,估计同步待核验
XY_Y-09-0.1-02,1437,141.53929111842103,7.0,8.0,7.5,1471.0,1473.0,1472.0,拉伸,,估计同步待核验
XY_Y-09-0.1-02,1438,141.63742214912278,8.0,8.0,8.0,1470.0,1472.0,1471.0,拉伸,,估计同步待核验
XY_Y-09-0.1-02,1439,141.73555317982456,8.0,8.0,8.0,1471.0,1472.0,1471.5,拉伸,,估计同步待核验
XY_Y-09-0.1-02,1440,141.83368421052631,8.368421052625596,8.0,8.184210526312798,1470.0,1472.0,1471.0,拉伸,,估计同步待核验
XY_Y-09-0.1-02,1441,141.93181524122807,7.0,8.0,7.5,1470.0,1472.0,1471.0,拉伸,,估计同步待核验
XY_Y-09-0.1-02,1442,142.02994627192982,7.0,8.0,7.5,1470.0,1472.0,1471.0,拉伸,,估计同步待核验
XY_Y-09-0.1-02,1443,142.12807730263157,7.0,8.0,7.5,1469.0,1472.0,1470.5,拉伸,,估计同步待核验
XY_Y-09-0.1-02,1444,142.22620833333332,7.0,8.0,7.5,1469.0,1471.0,1470.0,拉伸,,估计同步待核验
XY_Y-09-0.1-02,1445,142.32433936403507,7.0,8.0,7.5,1470.0,1471.0,1470.5,拉伸,,估计同步待核验
XY_Y-09-0.1-02,1446,142.42247039473685,8.0,8.0,8.0,1469.0,1471.0,1470.0,拉伸,,估计同步待核验
XY_Y-09-0.1-02,1447,142.5206014254386,8.0,8.0,8.0,1468.0,1470.0,1469.0,拉伸,,估计同步待核验
XY_Y-09-0.1-02,1448,142.61873245614035,8.0,8.0,8.0,1469.0,1471.0,1470.0,拉伸,,估计同步待核验
XY_Y-09-0.1-02,1449,142.7168634868421,9.0,8.0,8.5,1469.0,1470.0,1469.5,拉伸,,估计同步待核验
XY_Y-09-0.1-02,1450,142.81499451754385,9.0,8.0,8.5,1468.0,1470.0,1469.0,拉伸,,估计同步待核验
XY_Y-09-0.1-02,1451,142.9131255482456,9.0,8.0,8.5,1468.0,1470.0,1469.0,拉伸,,估计同步待核验
XY_Y-09-0.1-02,1452,143.01125657894735,9.0,8.0,8.5,1468.0,1470.0,1469.0,拉伸,,估计同步待核验
XY_Y-09-0.1-02,1453,143.1093876096491,7.77521929818743,8.0,7.887609649093715,1468.3876096490937,1470.0,1469.193804824547,拉伸,,估计同步待核验
XY_Y-09-0.1-02,1454,143.20751864035088,7.0,8.0,7.5,1467.0,1469.0,1468.0,拉伸,,估计同步待核验
XY_Y-09-0.1-02,1455,143.30564967105263,8.0,8.0,8.0,1467.0,1469.0,1468.0,拉伸,,估计同步待核验
XY_Y-09-0.1-02,1456,143.40378070175439,8.0,8.0,8.0,1467.0,1469.0,1468.0,拉伸,,估计同步待核验
XY_Y-09-0.1-02,1457,143.50191173245614,8.0,8.0,8.0,1467.0,1469.0,1468.0,拉伸,,估计同步待核验
XY_Y-09-0.1-02,1458,143.6000427631579,9.0,8.0,8.5,1467.0,1468.0,1467.5,拉伸,,估计同步待核验
XY_Y-09-0.1-02,1459,143.69817379385964,9.0,8.0,8.5,1467.0,1468.0,1467.5,拉伸,,估计同步待核验
XY_Y-09-0.1-02,1460,143.7963048245614,9.0,8.0,8.5,1467.0,1468.0,1467.5,拉伸,,估计同步待核验
XY_Y-09-0.1-02,1461,143.89443585526314,9.0,8.0,8.5,1467.0,1468.0,1467.5,拉伸,,估计同步待核验
XY_Y-09-0.1-02,1462,143.99256688596492,9.0,8.0,8.5,1467.0,1468.0,1467.5,拉伸,,估计同步待核验
XY_Y-09-0.1-02,1463,144.09069791666667,9.0,7.0,8.0,1466.0,1468.0,1467.0,拉伸,,估计同步待核验
XY_Y-09-0.1-02,1464,144.18882894736842,8.0,8.0,8.0,1466.0,1468.0,1467.0,拉伸,,估计同步待核验
XY_Y-09-0.1-02,1465,144.28695997807017,8.0,8.0,8.0,1466.0,1468.0,1467.0,拉伸,,估计同步待核验
XY_Y-09-0.1-02,1466,144.38509100877192,8.817982456137047,8.0,8.408991228068523,1466.0,1468.0,1467.0,拉伸,,估计同步待核验
XY_Y-09-0.1-02,1467,144.48322203947367,9.0,8.0,8.5,1466.0,1468.0,1467.0,拉伸,,估计同步待核验
XY_Y-09-0.1-02,1468,144.58135307017542,9.0,8.0,8.5,1465.0,1467.0,1466.0,拉伸,,估计同步待核验
XY_Y-09-0.1-02,1469,144.6794841008772,9.0,7.0,8.0,1465.0,1467.0,1466.0,拉伸,,估计同步待核验
XY_Y-09-0.1-02,1470,144.77761513157895,9.0,8.0,8.5,1465.0,1467.0,1466.0,拉伸,,估计同步待核验
XY_Y-09-0.1-02,1471,144.8757461622807,9.0,7.0,8.0,1465.0,1467.0,1466.0,拉伸,,估计同步待核验
XY_Y-09-0.1-02,1472,144.97387719298243,9.0,8.0,8.5,1465.0,1467.0,1466.0,拉伸,,估计同步待核验
XY_Y-09-0.1-02,1473,145.0720082236842,8.0,7.0,7.5,1465.0,1466.0,1465.5,拉伸,,估计同步待核验
XY_Y-09-0.1-02,1474,145.17013925438596,8.0,8.0,8.0,1465.0,1466.0,1465.5,拉伸,,估计同步待核验
XY_Y-09-0.1-02,1475,145.2682702850877,7.0,8.0,7.5,1465.0,1467.0,1466.0,拉伸,,估计同步待核验
XY_Y-09-0.1-02,1476,145.36640131578946,7.0,8.0,7.5,1464.0,1466.0,1465.0,拉伸,,估计同步待核验
XY_Y-09-0.1-02,1477,145.46453234649124,7.0,8.0,7.5,1464.0,1466.0,1465.0,拉伸,,估计同步待核验
XY_Y-09-0.1-02,1478,145.562663377193,7.673245614011652,8.0,7.836622807005826,1464.3366228070058,1466.3366228070058,1465.3366228070058,拉伸,,估计同步待核验
XY_Y-09-0.1-02,1479,145.6607944078947,9.0,7.0,8.0,1464.0,1466.0,1465.0,拉伸,,估计同步待核验
XY_Y-09-0.1-02,1480,145.7589254385965,9.0,7.0,8.0,1464.0,1466.0,1465.0,拉伸,,估计同步待核验
XY_Y-09-0.1-02,1481,145.85705646929824,8.0,8.0,8.0,1464.0,1466.0,1465.0,拉伸,,估计同步待核验
XY_Y-09-0.1-02,1482,145.9551875,8.0,8.0,8.0,1464.0,1466.0,1465.0,拉伸,,估计同步待核验
XY_Y-09-0.1-02,1483,146.05331853070174,7.0,8.0,7.5,1464.0,1465.0,1464.5,拉伸,,估计同步待核验
XY_Y-09-0.1-02,1484,146.1514495614035,7.0,8.0,7.5,1463.0,1466.0,1464.5,拉伸,,估计同步待核验
XY_Y-09-0.1-02,1485,146.24958059210527,7.0,8.0,7.5,1463.0,1465.0,1464.0,拉伸,,估计同步待核验
XY_Y-09-0.1-02,1486,146.347711622807,7.0,8.0,7.5,1463.0,1465.0,1464.0,拉伸,,估计同步待核验
XY_Y-09-0.1-02,1487,146.44584265350875,7.0,8.0,7.5,1463.0,1465.0,1464.0,拉伸,,估计同步待核验
XY_Y-09-0.1-02,1488,146.54397368421053,7.0,8.0,7.5,1463.0,1465.0,1464.0,拉伸,,估计同步待核验
XY_Y-09-0.1-02,1489,146.64210471491228,7.0,8.0,7.5,1463.0,1465.0,1464.0,拉伸,,估计同步待核验
XY_Y-09-0.1-02,1490,146.74023574561403,7.0,8.0,7.5,1463.0,1465.0,1464.0,拉伸,,估计同步待核验
XY_Y-09-0.1-02,1491,146.83836677631578,7.366776315784659,8.0,7.683388157892329,1463.0,1464.3667763157846,1463.6833881578923,拉伸,,估计同步待核验
XY_Y-09-0.1-02,1492,146.93649780701756,7.0,8.0,7.5,1463.0,1464.0,1463.5,拉伸,,估计同步待核验
XY_Y-09-0.1-02,1493,147.03462883771928,7.0,8.0,7.5,1462.0,1464.0,1463.0,拉伸,,估计同步待核验
XY_Y-09-0.1-02,1494,147.13275986842103,7.0,8.0,7.5,1462.0,1465.0,1463.5,拉伸,,估计同步待核验
XY_Y-09-0.1-02,1495,147.23089089912278,7.0,8.0,7.5,1463.0,1464.0,1463.5,拉伸,,估计同步待核验
XY_Y-09-0.1-02,1496,147.32902192982456,7.0,8.0,7.5,1463.0,1464.0,1463.5,拉伸,,估计同步待核验
XY_Y-09-0.1-02,1497,147.4271529605263,7.0,9.0,8.0,1462.0,1464.0,1463.0,拉伸,,估计同步待核验
XY_Y-09-0.1-02,1498,147.52528399122806,8.0,8.0,8.0,1462.0,1464.0,1463.0,拉伸,,估计同步待核验
XY_Y-09-0.1-02,1499,147.62341502192982,8.0,8.0,8.0,1462.0,1464.0,1463.0,拉伸,,估计同步待核验
XY_Y-09-0.1-02,1500,147.72154605263157,8.0,8.0,8.0,1463.0,1464.0,1463.5,拉伸,,估计同步待核验
XY_Y-09-0.1-02,1501,147.81967708333332,9.0,7.0,8.0,1462.0,1464.0,1463.0,拉伸,,估计同步待核验
XY_Y-09-0.1-02,1502,147.91780811403507,9.0,7.0,8.0,1462.0,1463.0,1462.5,拉伸,,估计同步待核验
XY_Y-09-0.1-02,1503,148.01593914473685,8.878289473713847,8.0,8.439144736856925,1461.9391447368569,1463.9391447368569,1462.9391447368569,拉伸,,估计同步待核验
XY_Y-09-0.1-02,1504,148.1140701754386,7.210526315781994,8.0,7.605263157890997,1461.070175438594,1464.0,1462.535087719297,拉伸,,估计同步待核验
XY_Y-09-0.1-02,1505,148.21220120614035,7.0,8.0,7.5,1462.0,1463.0,1462.5,拉伸,,估计同步待核验
XY_Y-09-0.1-02,1506,148.3103322368421,8.0,8.0,8.0,1461.0,1463.0,1462.0,拉伸,,估计同步待核验
XY_Y-09-0.1-02,1507,148.40846326754385,8.0,8.0,8.0,1461.0,1463.0,1462.0,拉伸,,估计同步待核验
XY_Y-09-0.1-02,1508,148.5065942982456,8.0,8.0,8.0,1462.0,1463.0,1462.5,拉伸,,估计同步待核验
XY_Y-09-0.1-02,1509,148.60472532894735,9.0,8.0,8.5,1462.0,1463.0,1462.5,拉伸,,估计同步待核验
XY_Y-09-0.1-02,1510,148.7028563596491,9.0,8.0,8.5,1461.0,1462.0,1461.5,拉伸,,估计同步待核验
XY_Y-09-0.1-02,1511,148.80098739035088,9.0,8.0,8.5,1461.0,1463.0,1462.0,拉伸,,估计同步待核验
XY_Y-09-0.1-02,1512,148.89911842105263,9.0,8.0,8.5,1461.0,1463.0,1462.0,拉伸,,估计同步待核验
XY_Y-09-0.1-02,1513,148.99724945175439,9.0,8.0,8.5,1460.0,1463.0,1461.5,拉伸,,估计同步待核验
XY_Y-09-0.1-02,1514,149.09538048245614,9.0,8.0,8.5,1461.0,1462.0,1461.5,拉伸,,估计同步待核验
XY_Y-09-0.1-02,1515,149.1935115131579,9.0,8.0,8.5,1460.0,1462.0,1461.0,拉伸,,估计同步待核验
XY_Y-09-0.1-02,1516,149.29164254385964,8.0,8.0,8.0,1460.0,1462.0,1461.0,拉伸,,估计同步待核验
XY_Y-09-0.1-02,1517,149.3897735745614,8.0,8.0,8.0,1460.0,1462.0,1461.0,拉伸,,估计同步待核验
XY_Y-09-0.1-02,1518,149.48790460526314,9.0,8.0,8.5,1460.0,1462.0,1461.0,拉伸,,估计同步待核验
XY_Y-09-0.1-02,1519,149.58603563596492,10.0,8.0,9.0,1460.0,1461.0,1460.5,拉伸,,估计同步待核验
XY_Y-09-0.1-02,1520,149.68416666666667,9.0,8.0,8.5,1460.0,1461.0,1460.5,拉伸,,估计同步待核验
XY_Y-09-0.1-02,1521,149.78229769736842,9.0,8.0,8.5,1459.0,1461.0,1460.0,拉伸,,估计同步待核验
XY_Y-09-0.1-02,1522,149.88042872807017,9.0,7.0,8.0,1459.0,1461.0,1460.0,拉伸,,估计同步待核验
XY_Y-09-0.1-02,1523,149.97855975877192,9.0,8.0,8.5,1459.0,1461.0,1460.0,拉伸,,估计同步待核验
XY_Y-09-0.1-02,1524,150.07669078947367,8.0,8.0,8.0,1459.0,1460.0,1459.5,拉伸,,估计同步待核验
XY_Y-09-0.1-02,1525,150.17482182017542,8.0,8.0,8.0,1459.0,1460.0,1459.5,拉伸,,估计同步待核验
XY_Y-09-0.1-02,1526,150.2729528508772,8.0,8.0,8.0,1458.0,1460.0,1459.0,拉伸,,估计同步待核验
XY_Y-09-0.1-02,1527,150.37108388157895,7.0,8.0,7.5,1458.0,1460.0,1459.0,拉伸,,估计同步待核验
XY_Y-09-0.1-02,1528,150.4692149122807,7.0,9.0,8.0,1457.0,1459.0,1458.0,拉伸,,估计同步待核验
XY_Y-09-0.1-02,1529,150.56734594298243,8.308114035162482,8.0,8.154057017581241,1457.6540570175812,1459.6540570175812,1458.6540570175812,拉伸,,估计同步待核验
XY_Y-09-0.1-02,1530,150.6654769736842,9.0,8.0,8.5,1457.0,1459.0,1458.0,拉伸,,估计同步待核验
XY_Y-09-0.1-02,1531,150.76360800438596,9.0,8.0,8.5,1457.0,1459.0,1458.0,拉伸,,估计同步待核验
XY_Y-09-0.1-02,1532,150.8617390350877,9.0,8.0,8.5,1457.0,1459.0,1458.0,拉伸,,估计同步待核验
XY_Y-09-0.1-02,1533,150.95987006578946,8.0,8.0,8.0,1456.0,1458.0,1457.0,拉伸,,估计同步待核验
XY_Y-09-0.1-02,1534,151.05800109649124,8.0,8.0,8.0,1456.0,1458.0,1457.0,拉伸,,估计同步待核验
XY_Y-09-0.1-02,1535,151.156132127193,7.0,8.0,7.5,1456.0,1458.0,1457.0,拉伸,,估计同步待核验
XY_Y-09-0.1-02,1536,151.2542631578947,7.0,8.0,7.5,1456.0,1458.0,1457.0,拉伸,,估计同步待核验
XY_Y-09-0.1-02,1537,151.3523941885965,7.0,8.0,7.5,1455.0,1457.0,1456.0,拉伸,,估计同步待核验
XY_Y-09-0.1-02,1538,151.45052521929824,7.0,8.0,7.5,1456.0,1458.0,1457.0,拉伸,,估计同步待核验
XY_Y-09-0.1-02,1539,151.54865625,7.0,9.0,8.0,1455.0,1457.0,1456.0,拉伸,,估计同步待核验
XY_Y-09-0.1-02,1540,151.64678728070174,7.0,9.0,8.0,1455.0,1457.0,1456.0,拉伸,,估计同步待核验
XY_Y-09-0.1-02,1541,151.7449183114035,7.081688596508976,7.918311403491024,7.5,1455.0,1457.0,1456.0,拉伸,,估计同步待核验
XY_Y-09-0.1-02,1542,151.84304934210527,7.0,8.0,7.5,1455.0,1457.0,1456.0,拉伸,,估计同步待核验
XY_Y-09-0.1-02,1543,151.941180372807,8.0,8.0,8.0,1455.0,1457.0,1456.0,拉伸,,估计同步待核验
XY_Y-09-0.1-02,1544,152.03931140350875,7.0,8.0,7.5,1454.0,1456.0,1455.0,拉伸,,估计同步待核验
XY_Y-09-0.1-02,1545,152.13744243421053,7.0,8.0,7.5,1454.0,1456.0,1455.0,拉伸,,估计同步待核验
XY_Y-09-0.1-02,1546,152.23557346491228,7.0,8.0,7.5,1454.0,1457.0,1455.5,拉伸,,估计同步待核验
XY_Y-09-0.1-02,1547,152.33370449561403,7.0,8.0,7.5,1454.0,1455.0,1454.5,拉伸,,估计同步待核验
XY_Y-09-0.1-02,1548,152.43183552631578,7.0,9.0,8.0,1453.0,1456.0,1454.5,拉伸,,估计同步待核验
XY_Y-09-0.1-02,1549,152.52996655701756,7.0,8.0,7.5,1453.0,1455.0,1454.0,拉伸,,估计同步待核验
XY_Y-09-0.1-02,1550,152.62809758771928,7.0,8.0,7.5,1453.0,1455.0,1454.0,拉伸,,估计同步待核验
XY_Y-09-0.1-02,1551,152.72622861842103,8.0,8.0,8.0,1453.0,1455.0,1454.0,拉伸,,估计同步待核验
XY_Y-09-0.1-02,1552,152.82435964912278,8.0,8.0,8.0,1453.0,1454.0,1453.5,拉伸,,估计同步待核验
XY_Y-09-0.1-02,1553,152.92249067982456,9.0,8.0,8.5,1453.0,1454.0,1453.5,拉伸,,估计同步待核验
XY_Y-09-0.1-02,1554,153.0206217105263,9.0,8.0,8.5,1452.0,1454.0,1453.0,拉伸,,估计同步待核验
XY_Y-09-0.1-02,1555,153.11875274122806,8.505482456131718,8.0,8.252741228065858,1452.7527412280658,1455.0,1453.876370614033,拉伸,,估计同步待核验
XY_Y-09-0.1-02,1556,153.21688377192982,7.0,8.0,7.5,1452.0,1454.0,1453.0,拉伸,,估计同步待核验
XY_Y-09-0.1-02,1557,153.31501480263157,7.0,8.0,7.5,1452.0,1454.0,1453.0,拉伸,,估计同步待核验
XY_Y-09-0.1-02,1558,153.41314583333332,7.0,8.0,7.5,1452.0,1453.0,1452.5,拉伸,,估计同步待核验
XY_Y-09-0.1-02,1559,153.51127686403507,8.0,8.0,8.0,1451.0,1454.0,1452.5,拉伸,,估计同步待核验
XY_Y-09-0.1-02,1560,153.60940789473685,8.0,8.0,8.0,1452.0,1453.0,1452.5,拉伸,,估计同步待核验
XY_Y-09-0.1-02,1561,153.7075389254386,9.0,8.0,8.5,1451.0,1453.0,1452.0,拉伸,,估计同步待核验
XY_Y-09-0.1-02,1562,153.80566995614035,9.0,8.0,8.5,1451.0,1453.0,1452.0,拉伸,,估计同步待核验
XY_Y-09-0.1-02,1563,153.9038009868421,9.0,8.0,8.5,1451.0,1453.0,1452.0,拉伸,,估计同步待核验
XY_Y-09-0.1-02,1564,154.00193201754385,9.0,8.0,8.5,1451.0,1452.0,1451.5,拉伸,,估计同步待核验
XY_Y-09-0.1-02,1565,154.1000630482456,9.0,8.0,8.5,1451.0,1452.0,1451.5,拉伸,,估计同步待核验
XY_Y-09-0.1-02,1566,154.19819407894735,9.0,8.0,8.5,1451.0,1452.0,1451.5,拉伸,,估计同步待核验
XY_Y-09-0.1-02,1567,154.2963251096491,9.0,8.0,8.5,1450.0,1452.0,1451.0,拉伸,,估计同步待核验
XY_Y-09-0.1-02,1568,154.39445614035088,8.456140350875199,8.0,8.2280701754376,1450.0,1452.0,1451.0,拉伸,,估计同步待核验
XY_Y-09-0.1-02,1569,154.49258717105263,9.0,8.0,8.5,1449.0,1452.0,1450.5,拉伸,,估计同步待核验
XY_Y-09-0.1-02,1570,154.59071820175438,9.0,8.0,8.5,1449.0,1451.0,1450.0,拉伸,,估计同步待核验
XY_Y-09-0.1-02,1571,154.68884923245614,10.0,8.0,9.0,1449.0,1451.0,1450.0,拉伸,,估计同步待核验
XY_Y-09-0.1-02,1572,154.7869802631579,9.0,8.0,8.5,1450.0,1451.0,1450.5,拉伸,,估计同步待核验
XY_Y-09-0.1-02,1573,154.88511129385964,9.0,7.0,8.0,1449.0,1451.0,1450.0,拉伸,,估计同步待核验
XY_Y-09-0.1-02,1574,154.9832423245614,9.0,8.0,8.5,1449.0,1451.0,1450.0,拉伸,,估计同步待核验
XY_Y-09-0.1-02,1575,155.08137335526314,9.0,8.0,8.5,1449.0,1450.0,1449.5,拉伸,,估计同步待核验
XY_Y-09-0.1-02,1576,155.17950438596492,9.0,8.0,8.5,1449.0,1450.0,1449.5,拉伸,,估计同步待核验
XY_Y-09-0.1-02,1577,155.27763541666667,8.0,8.0,8.0,1449.0,1450.0,1449.5,拉伸,,估计同步待核验
XY_Y-09-0.1-02,1578,155.37576644736842,8.0,8.0,8.0,1447.0,1449.0,1448.0,拉伸,,估计同步待核验
XY_Y-09-0.1-02,1579,155.47389747807017,7.0,8.0,7.5,1447.0,1449.0,1448.0,拉伸,,估计同步待核验
XY_Y-09-0.1-02,1580,155.57202850877192,7.0,8.0,7.5,1447.0,1449.0,1448.0,拉伸,,估计同步待核验
XY_Y-09-0.1-02,1581,155.67015953947367,8.680921052630925,8.159539473684537,8.42023026315773,1447.0,1449.0,1448.0,拉伸,,估计同步待核验
XY_Y-09-0.1-02,1582,155.76829057017542,9.0,8.0,8.5,1446.0,1448.0,1447.0,拉伸,,估计同步待核验
XY_Y-09-0.1-02,1583,155.8664216008772,9.0,8.0,8.5,1446.0,1448.0,1447.0,拉伸,,估计同步待核验
XY_Y-09-0.1-02,1584,155.96455263157895,9.0,8.0,8.5,1445.0,1447.0,1446.0,拉伸,,估计同步待核验
XY_Y-09-0.1-02,1585,156.0626836622807,8.0,8.0,8.0,1446.0,1448.0,1447.0,拉伸,,估计同步待核验
XY_Y-09-0.1-02,1586,156.16081469298243,8.0,8.0,8.0,1445.0,1447.0,1446.0,拉伸,,估计同步待核验
XY_Y-09-0.1-02,1587,156.2589457236842,8.0,8.0,8.0,1445.0,1447.0,1446.0,拉伸,,估计同步待核验
XY_Y-09-0.1-02,1588,156.35707675438596,7.0,8.0,7.5,1444.0,1446.0,1445.0,拉伸,,估计同步待核验
XY_Y-09-0.1-02,1589,156.4552077850877,7.0,8.0,7.5,1444.0,1446.0,1445.0,拉伸,,估计同步待核验
XY_Y-09-0.1-02,1590,156.55333881578946,7.0,8.0,7.5,1444.0,1446.0,1445.0,拉伸,,估计同步待核验
XY_Y-09-0.1-02,1591,156.65146984649124,7.0,8.0,7.5,1443.0,1445.0,1444.0,拉伸,,估计同步待核验
XY_Y-09-0.1-02,1592,156.749600877193,7.0,8.0,7.5,1443.0,1445.0,1444.0,拉伸,,估计同步待核验
XY_Y-09-0.1-02,1593,156.8477319078947,7.536184210600082,8.0,7.768092105300041,1443.0,1445.0,1444.0,拉伸,,估计同步待核验
XY_Y-09-0.1-02,1594,156.9458629385965,8.0,8.0,8.0,1443.0,1445.0,1444.0,拉伸,,估计同步待核验
XY_Y-09-0.1-02,1595,157.04399396929824,8.0,8.0,8.0,1442.0,1444.0,1443.0,拉伸,,估计同步待核验
XY_Y-09-0.1-02,1596,157.142125,7.0,8.0,7.5,1442.0,1444.0,1443.0,拉伸,,估计同步待核验
XY_Y-09-0.1-02,1597,157.24025603070174,7.0,8.0,7.5,1441.0,1444.0,1442.5,拉伸,,估计同步待核验
XY_Y-09-0.1-02,1598,157.3383870614035,7.0,8.0,7.5,1442.0,1444.0,1443.0,拉伸,,估计同步待核验
XY_Y-09-0.1-02,1599,157.43651809210527,7.0,8.0,7.5,1441.0,1443.0,1442.0,拉伸,,估计同步待核验
XY_Y-09-0.1-02,1600,157.534649122807,7.0,8.0,7.5,1440.0,1442.0,1441.0,拉伸,,估计同步待核验
XY_Y-09-0.1-02,1601,157.63278015350875,7.0,8.0,7.5,1440.0,1442.0,1441.0,拉伸,,估计同步待核验
XY_Y-09-0.1-02,1602,157.73091118421053,7.0,8.0,7.5,1440.0,1442.0,1441.0,拉伸,,估计同步待核验
XY_Y-09-0.1-02,1603,157.82904221491228,8.0,8.0,8.0,1439.0,1441.0,1440.0,拉伸,,估计同步待核验
XY_Y-09-0.1-02,1604,157.92717324561403,8.0,8.0,8.0,1439.0,1441.0,1440.0,拉伸,,估计同步待核验
XY_Y-09-0.1-02,1605,158.02530427631578,8.0,8.0,8.0,1439.0,1440.0,1439.5,拉伸,,估计同步待核验
XY_Y-09-0.1-02,1606,158.12343530701756,7.870614035132284,8.0,7.935307017566142,1438.4353070175662,1440.0,1439.217653508783,拉伸,,估计同步待核验
XY_Y-09-0.1-02,1607,158.22156633771928,7.0,8.0,7.5,1438.0,1440.0,1439.0,拉伸,,估计同步待核验
XY_Y-09-0.1-02,1608,158.31969736842103,7.0,8.0,7.5,1437.0,1440.0,1438.5,拉伸,,估计同步待核验
XY_Y-09-0.1-02,1609,158.41782839912278,7.0,8.0,7.5,1437.0,1439.0,1438.0,拉伸,,估计同步待核验
XY_Y-09-0.1-02,1610,158.51595942982456,7.0,8.0,7.5,1437.0,1438.0,1437.5,拉伸,,估计同步待核验
XY_Y-09-0.1-02,1611,158.6140904605263,7.0,8.0,7.5,1436.0,1438.0,1437.0,拉伸,,估计同步待核验
XY_Y-09-0.1-02,1612,158.71222149122806,8.0,8.0,8.0,1436.0,1438.0,1437.0,拉伸,,估计同步待核验
XY_Y-09-0.1-02,1613,158.81035252192981,8.0,8.0,8.0,1436.0,1438.0,1437.0,拉伸,,估计同步待核验
XY_Y-09-0.1-02,1614,158.90848355263157,8.0,8.0,8.0,1436.0,1437.0,1436.5,拉伸,,估计同步待核验
XY_Y-09-0.1-02,1615,159.00661458333332,9.0,8.0,8.5,1435.0,1437.0,1436.0,拉伸,,估计同步待核验
XY_Y-09-0.1-02,1616,159.10474561403507,9.0,8.0,8.5,1435.0,1436.0,1435.5,拉伸,,估计同步待核验
XY_Y-09-0.1-02,1617,159.20287664473685,9.0,8.0,8.5,1435.0,1436.0,1435.5,拉伸,,估计同步待核验
XY_Y-09-0.1-02,1618,159.3010076754386,9.0,8.0,8.5,1434.0,1435.0,1434.5,拉伸,,估计同步待核验
XY_Y-09-0.1-02,1619,159.39913870614035,7.2774122806941195,7.861293859652941,7.5693530701735305,1434.0,1436.0,1435.0,拉伸,,估计同步待核验
XY_Y-09-0.1-02,1620,159.4972697368421,8.0,8.0,8.0,1433.0,1435.0,1434.0,拉伸,,估计同步待核验
XY_Y-09-0.1-02,1621,159.59540076754385,8.0,8.0,8.0,1433.0,1434.0,1433.5,拉伸,,估计同步待核验
XY_Y-09-0.1-02,1622,159.6935317982456,8.0,8.0,8.0,1433.0,1435.0,1434.0,拉伸,,估计同步待核验
XY_Y-09-0.1-02,1623,159.79166282894735,9.0,8.0,8.5,1433.0,1434.0,1433.5,拉伸,,估计同步待核验
XY_Y-09-0.1-02,1624,159.8897938596491,9.0,8.0,8.5,1432.0,1434.0,1433.0,拉伸,,估计同步待核验
XY_Y-09-0.1-02,1625,159.98792489035088,9.0,8.0,8.5,1432.0,1433.0,1432.5,拉伸,,估计同步待核验
XY_Y-09-0.1-02,1626,160.08605592105263,9.0,8.0,8.5,1431.0,1433.0,1432.0,拉伸,,估计同步待核验
XY_Y-09-0.1-02,1627,160.18418695175438,9.0,7.0,8.0,1431.0,1433.0,1432.0,拉伸,,估计同步待核验
XY_Y-09-0.1-02,1628,160.28231798245614,9.0,7.0,8.0,1431.0,1433.0,1432.0,拉伸,,估计同步待核验
XY_Y-09-0.1-02,1629,160.3804490131579,9.0,8.0,8.5,1430.0,1432.0,1431.0,拉伸,,估计同步待核验
XY_Y-09-0.1-02,1630,160.47858004385964,8.0,8.0,8.0,1430.0,1432.0,1431.0,拉伸,,估计同步待核验
XY_Y-09-0.1-02,1631,160.5767110745614,8.288925438609096,8.0,8.14446271930455,1430.0,1431.0,1430.5,拉伸,,估计同步待核验
XY_Y-09-0.1-02,1632,160.67484210526314,9.0,8.0,8.5,1429.0,1431.0,1430.0,拉伸,,估计同步待核验
XY_Y-09-0.1-02,1633,160.77297313596492,9.0,8.0,8.5,1429.0,1431.0,1430.0,拉伸,,估计同步待核验
XY_Y-09-0.1-02,1634,160.87110416666667,9.0,8.0,8.5,1428.0,1430.0,1429.0,拉伸,,估计同步待核验
XY_Y-09-0.1-02,1635,160.96923519736842,9.0,8.0,8.5,1428.0,1430.0,1429.0,拉伸,,估计同步待核验
XY_Y-09-0.1-02,1636,161.06736622807017,9.0,8.0,8.5,1428.0,1430.0,1429.0,拉伸,,估计同步待核验
XY_Y-09-0.1-02,1637,161.16549725877192,9.0,8.0,8.5,1427.0,1429.0,1428.0,拉伸,,估计同步待核验
XY_Y-09-0.1-02,1638,161.26362828947367,9.0,8.0,8.5,1427.0,1428.0,1427.5,拉伸,,估计同步待核验
XY_Y-09-0.1-02,1639,161.36175932017542,8.0,8.0,8.0,1426.0,1428.0,1427.0,拉伸,,估计同步待核验
XY_Y-09-0.1-02,1640,161.4598903508772,7.0,8.0,7.5,1426.0,1428.0,1427.0,拉伸,,估计同步待核验
XY_Y-09-0.1-02,1641,161.55802138157895,7.0,8.0,7.5,1426.0,1427.0,1426.5,拉伸,,估计同步待核验
XY_Y-09-0.1-02,1642,161.6561524122807,7.0,8.0,7.5,1425.0,1427.0,1426.0,拉伸,,估计同步待核验
XY_Y-09-0.1-02,1643,161.75428344298243,7.0,8.0,7.5,1425.0,1427.0,1426.0,拉伸,,估计同步待核验
XY_Y-09-0.1-02,1644,161.8524144736842,8.171052631599515,8.0,8.085526315799758,1424.5855263157998,1426.0,1425.2927631579,拉伸,,估计同步待核验
XY_Y-09-0.1-02,1645,161.95054550438596,9.0,8.0,8.5,1424.0,1426.0,1425.0,拉伸,,估计同步待核验
XY_Y-09-0.1-02,1646,162.0486765350877,9.0,8.0,8.5,1423.0,1425.0,1424.0,拉伸,,估计同步待核验
XY_Y-09-0.1-02,1647,162.14680756578946,8.0,8.0,8.0,1423.0,1425.0,1424.0,拉伸,,估计同步待核验
XY_Y-09-0.1-02,1648,162.24493859649124,8.0,8.0,8.0,1423.0,1424.0,1423.5,拉伸,,估计同步待核验
XY_Y-09-0.1-02,1649,162.343069627193,7.0,8.0,7.5,1422.0,1424.0,1423.0,拉伸,,估计同步待核验
XY_Y-09-0.1-02,1650,162.4412006578947,7.0,8.0,7.5,1421.0,1424.0,1422.5,拉伸,,估计同步待核验
XY_Y-09-0.1-02,1651,162.5393316885965,7.0,8.0,7.5,1421.0,1423.0,1422.0,拉伸,,估计同步待核验
XY_Y-09-0.1-02,1652,162.63746271929824,7.0,8.0,7.5,1421.0,1423.0,1422.0,拉伸,,估计同步待核验
XY_Y-09-0.1-02,1653,162.73559375,7.0,8.0,7.5,1420.0,1422.0,1421.0,拉伸,,估计同步待核验
XY_Y-09-0.1-02,1654,162.83372478070174,7.0,8.0,7.5,1419.0,1421.0,1420.0,拉伸,,估计同步待核验
XY_Y-09-0.1-02,1655,162.9318558114035,7.0,8.0,7.5,1419.0,1420.0,1419.5,拉伸,,估计同步待核验
XY_Y-09-0.1-02,1656,163.02998684210527,7.013157894727493,8.0,7.506578947363746,1418.0131578947276,1420.0,1419.0065789473638,拉伸,,估计同步待核验
XY_Y-09-0.1-02,1657,163.128117872807,8.0,8.0,8.0,1417.8821271929903,1419.0,1418.441063596495,拉伸,,估计同步待核验
XY_Y-09-0.1-02,1658,163.22624890350875,7.0,8.0,7.5,1418.0,1419.0,1418.5,拉伸,,估计同步待核验
XY_Y-09-0.1-02,1659,163.32437993421053,7.0,8.0,7.5,1416.0,1418.0,1417.0,拉伸,,估计同步待核验
XY_Y-09-0.1-02,1660,163.42251096491228,7.0,8.0,7.5,1416.0,1418.0,1417.0,拉伸,,估计同步待核验
XY_Y-09-0.1-02,1661,163.52064199561403,7.0,8.0,7.5,1415.0,1417.0,1416.0,拉伸,,估计同步待核验
XY_Y-09-0.1-02,1662,163.61877302631578,7.0,8.0,7.5,1415.0,1417.0,1416.0,拉伸,,估计同步待核验
XY_Y-09-0.1-02,1663,163.71690405701756,7.0,8.0,7.5,1414.0,1416.0,1415.0,拉伸,,估计同步待核验
XY_Y-09-0.1-02,1664,163.81503508771928,7.0,8.0,7.5,1414.0,1416.0,1415.0,拉伸,,估计同步待核验
XY_Y-09-0.1-02,1665,163.91316611842103,8.0,8.0,8.0,1413.0,1415.0,1414.0,拉伸,,估计同步待核验
XY_Y-09-0.1-02,1666,164.01129714912278,8.0,8.0,8.0,1413.0,1415.0,1414.0,拉伸,,估计同步待核验
XY_Y-09-0.1-02,1667,164.10942817982456,8.0,8.0,8.0,1412.0,1414.0,1413.0,拉伸,,估计同步待核验
XY_Y-09-0.1-02,1668,164.2075592105263,9.0,8.0,8.5,1412.0,1413.0,1412.5,拉伸,,估计同步待核验
XY_Y-09-0.1-02,1669,164.30569024122806,8.380482456106849,8.0,8.190241228053424,1411.0,1412.3097587719465,1411.6548793859733,拉伸,,估计同步待核验
XY_Y-09-0.1-02,1670,164.40382127192981,7.0,8.0,7.5,1411.0,1413.0,1412.0,拉伸,,估计同步待核验
XY_Y-09-0.1-02,1671,164.50195230263157,7.0,8.0,7.5,1409.0,1412.0,1410.5,拉伸,,估计同步待核验
XY_Y-09-0.1-02,1672,164.60008333333332,7.0,8.0,7.5,1409.0,1411.0,1410.0,拉伸,,估计同步待核验
XY_Y-09-0.1-02,1673,164.69821436403507,7.0,8.0,7.5,1409.0,1411.0,1410.0,拉伸,,估计同步待核验
XY_Y-09-0.1-02,1674,164.79634539473685,7.0,8.0,7.5,1408.0,1410.0,1409.0,拉伸,,估计同步待核验
XY_Y-09-0.1-02,1675,164.8944764254386,8.0,8.0,8.0,1408.0,1409.0,1408.5,拉伸,,估计同步待核验
XY_Y-09-0.1-02,1676,164.99260745614035,9.0,8.0,8.5,1407.0,1409.0,1408.0,拉伸,,估计同步待核验
XY_Y-09-0.1-02,1677,165.0907384868421,9.0,8.0,8.5,1407.0,1408.0,1407.5,拉伸,,估计同步待核验
XY_Y-09-0.1-02,1678,165.18886951754385,9.0,8.0,8.5,1406.0,1407.0,1406.5,拉伸,,估计同步待核验
XY_Y-09-0.1-02,1679,165.2870005482456,9.0,8.0,8.5,1405.0,1407.0,1406.0,拉伸,,估计同步待核验
XY_Y-09-0.1-02,1680,165.38513157894735,9.0,8.0,8.5,1405.0,1407.0,1406.0,拉伸,,估计同步待核验
XY_Y-09-0.1-02,1681,165.4832626096491,9.0,8.0,8.5,1404.0,1406.0,1405.0,拉伸,,估计同步待核验
XY_Y-09-0.1-02,1682,165.58139364035088,7.787280701782372,8.0,7.893640350891186,1403.3936403508912,1405.0,1404.1968201754457,拉伸,,估计同步待核验
XY_Y-09-0.1-02,1683,165.67952467105263,8.0,8.0,8.0,1403.0,1405.0,1404.0,拉伸,,估计同步待核验
XY_Y-09-0.1-02,1684,165.77765570175438,8.0,8.0,8.0,1402.0,1405.0,1403.5,拉伸,,估计同步待核验
XY_Y-09-0.1-02,1685,165.87578673245613,8.0,8.0,8.0,1402.0,1404.0,1403.0,拉伸,,估计同步待核验
XY_Y-09-0.1-02,1686,165.97391776315789,9.0,8.0,8.5,1402.0,1402.0,1402.0,拉伸,,估计同步待核验
XY_Y-09-0.1-02,1687,166.07204879385964,9.0,8.0,8.5,1401.0,1403.0,1402.0,拉伸,,估计同步待核验
XY_Y-09-0.1-02,1688,166.1701798245614,9.0,8.0,8.5,1401.0,1403.0,1402.0,拉伸,,估计同步待核验
XY_Y-09-0.1-02,1689,166.26831085526314,9.0,8.0,8.5,1399.0,1401.0,1400.0,拉伸,,估计同步待核验
XY_Y-09-0.1-02,1690,166.36644188596492,9.0,8.0,8.5,1399.0,1401.0,1400.0,拉伸,,估计同步待核验
XY_Y-09-0.1-02,1691,166.46457291666667,9.0,8.0,8.5,1399.0,1400.0,1399.5,拉伸,,估计同步待核验
XY_Y-09-0.1-02,1692,166.56270394736842,9.0,8.0,8.5,1398.0,1400.0,1399.0,拉伸,,估计同步待核验
XY_Y-09-0.1-02,1693,166.66083497807017,8.0,8.0,8.0,1397.0,1399.0,1398.0,拉伸,,估计同步待核验
XY_Y-09-0.1-02,1694,166.75896600877192,8.0,8.0,8.0,1397.0,1399.0,1398.0,拉伸,,估计同步待核验
XY_Y-09-0.1-02,1695,166.85709703947367,8.902960526327897,8.0,8.451480263163948,1397.0,1399.0,1398.0,拉伸,,估计同步待核验
XY_Y-09-0.1-02,1696,166.95522807017542,9.0,8.0,8.5,1396.0,1397.0,1396.5,拉伸,,估计同步待核验
XY_Y-09-0.1-02,1697,167.0533591008772,9.0,8.0,8.5,1396.0,1397.0,1396.5,拉伸,,估计同步待核验
XY_Y-09-0.1-02,1698,167.15149013157895,9.0,8.0,8.5,1395.0,1397.0,1396.0,拉伸,,估计同步待核验
XY_Y-09-0.1-02,1699,167.2496211622807,9.0,8.0,8.5,1394.0,1396.0,1395.0,拉伸,,估计同步待核验
XY_Y-09-0.1-02,1700,167.34775219298243,9.0,8.0,8.5,1393.0,1395.0,1394.0,拉伸,,估计同步待核验
XY_Y-09-0.1-02,1701,167.4458832236842,9.0,8.0,8.5,1393.0,1395.0,1394.0,拉伸,,估计同步待核验
XY_Y-09-0.1-02,1702,167.54401425438596,9.0,8.0,8.5,1392.0,1394.0,1393.0,拉伸,,估计同步待核验
XY_Y-09-0.1-02,1703,167.6421452850877,8.0,8.0,8.0,1392.0,1394.0,1393.0,拉伸,,估计同步待核验
XY_Y-09-0.1-02,1704,167.74027631578946,8.0,8.0,8.0,1391.0,1394.0,1392.5,拉伸,,估计同步待核验
XY_Y-09-0.1-02,1705,167.83840734649124,7.0,8.0,7.5,1390.0,1392.0,1391.0,拉伸,,估计同步待核验
XY_Y-09-0.1-02,1706,167.936538377193,7.0,8.0,7.5,1390.0,1391.0,1390.5,拉伸,,估计同步待核验
XY_Y-09-0.1-02,1707,168.0346694078947,7.661184210568107,8.0,7.830592105284054,1389.0,1391.0,1390.0,拉伸,,估计同步待核验
XY_Y-09-0.1-02,1708,168.1328004385965,9.0,8.0,8.5,1389.0,1391.0,1390.0,拉伸,,估计同步待核验
XY_Y-09-0.1-02,1709,168.23093146929824,9.0,8.0,8.5,1388.0,1390.0,1389.0,拉伸,,估计同步待核验
XY_Y-09-0.1-02,1710,168.3290625,9.0,8.0,8.5,1387.0,1389.0,1388.0,拉伸,,估计同步待核验
XY_Y-09-0.1-02,1711,168.42719353070174,8.0,8.0,8.0,1387.0,1389.0,1388.0,拉伸,,估计同步待核验
XY_Y-09-0.1-02,1712,168.5253245614035,8.0,8.0,8.0,1386.0,1388.0,1387.0,拉伸,,估计同步待核验
XY_Y-09-0.1-02,1713,168.62345559210527,8.0,8.0,8.0,1385.0,1387.0,1386.0,拉伸,,估计同步待核验
XY_Y-09-0.1-02,1714,168.721586622807,7.0,8.0,7.5,1384.0,1386.0,1385.0,拉伸,,估计同步待核验
XY_Y-09-0.1-02,1715,168.81971765350875,7.0,8.0,7.5,1384.0,1386.0,1385.0,拉伸,,估计同步待核验
XY_Y-09-0.1-02,1716,168.91784868421053,7.0,8.0,7.5,1383.0,1385.0,1384.0,拉伸,,估计同步待核验
XY_Y-09-0.1-02,1717,169.01597971491228,7.0,8.0,7.5,1383.0,1384.0,1383.5,拉伸,,估计同步待核验
XY_Y-09-0.1-02,1718,169.11411074561403,7.0,8.0,7.5,1382.0,1384.0,1383.0,拉伸,,估计同步待核验
XY_Y-09-0.1-02,1719,169.21224177631578,7.0,8.0,7.5,1381.0,1383.0,1382.0,拉伸,,估计同步待核验
XY_Y-09-0.1-02,1720,169.31037280701756,7.0,8.0,7.5,1381.0,1383.0,1382.0,拉伸,,估计同步待核验
XY_Y-09-0.1-02,1721,169.40850383771928,8.0,8.0,8.0,1380.0,1382.0,1381.0,拉伸,,估计同步待核验
XY_Y-09-0.1-02,1722,169.50663486842103,7.0,8.0,7.5,1379.0,1381.0,1380.0,拉伸,,估计同步待核验
XY_Y-09-0.1-02,1723,169.60476589912278,7.0,8.0,7.5,1378.0,1381.0,1379.5,拉伸,,估计同步待核验
XY_Y-09-0.1-02,1724,169.70289692982456,7.0,8.0,7.5,1378.0,1380.0,1379.0,拉伸,,估计同步待核验
XY_Y-09-0.1-02,1725,169.8010279605263,7.0,8.0,7.5,1377.0,1379.0,1378.0,拉伸,,估计同步待核验
XY_Y-09-0.1-02,1726,169.89915899122806,6.0,8.0,7.0,1377.0,1378.0,1377.5,拉伸,,估计同步待核验
XY_Y-09-0.1-02,1727,169.9972900219298,7.0,8.0,7.5,1376.0,1378.0,1377.0,拉伸,,估计同步待核验
XY_Y-09-0.1-02,1728,170.09542105263156,7.0,8.0,7.5,1375.0,1377.0,1376.0,拉伸,,估计同步待核验
XY_Y-09-0.1-02,1729,170.19355208333332,7.0,8.0,7.5,1374.0,1376.0,1375.0,拉伸,,估计同步待核验
XY_Y-09-0.1-02,1730,170.29168311403507,8.0,8.0,8.0,1374.0,1376.0,1375.0,拉伸,,估计同步待核验
XY_Y-09-0.1-02,1731,170.38981414473685,8.0,8.0,8.0,1373.0,1375.0,1374.0,拉伸,,估计同步待核验
XY_Y-09-0.1-02,1732,170.4879451754386,8.0,8.0,8.0,1372.0,1374.0,1373.0,拉伸,,估计同步待核验
XY_Y-09-0.1-02,1733,170.58607620614035,9.0,8.0,8.5,1371.0,1373.0,1372.0,拉伸,,估计同步待核验
XY_Y-09-0.1-02,1734,170.6842072368421,7.414473684200242,8.0,7.707236842100121,1371.0,1373.0,1372.0,拉伸,,估计同步待核验
XY_Y-09-0.1-02,1735,170.78233826754385,7.0,8.0,7.5,1369.0,1372.0,1370.5,拉伸,,估计同步待核验
XY_Y-09-0.1-02,1736,170.8804692982456,7.0,8.0,7.5,1368.0,1371.0,1369.5,拉伸,,估计同步待核验
XY_Y-09-0.1-02,1737,170.97860032894735,7.0,8.0,7.5,1368.0,1370.0,1369.0,拉伸,,估计同步待核验
XY_Y-09-0.1-02,1738,171.0767313596491,7.0,8.0,7.5,1367.0,1369.0,1368.0,拉伸,,估计同步待核验
XY_Y-09-0.1-02,1739,171.17486239035088,7.0,8.0,7.5,1366.0,1369.0,1367.5,拉伸,,估计同步待核验
XY_Y-09-0.1-02,1740,171.27299342105263,8.0,8.0,8.0,1366.0,1367.0,1366.5,拉伸,,估计同步待核验
XY_Y-09-0.1-02,1741,171.37112445175438,8.0,8.0,8.0,1365.0,1367.0,1366.0,拉伸,,估计同步待核验
XY_Y-09-0.1-02,1742,171.46925548245613,9.0,8.0,8.5,1364.0,1366.0,1365.0,拉伸,,估计同步待核验
XY_Y-09-0.1-02,1743,171.56738651315789,9.0,8.0,8.5,1364.0,1365.0,1364.5,拉伸,,估计同步待核验
XY_Y-09-0.1-02,1744,171.66551754385964,9.0,8.0,8.5,1362.0,1364.0,1363.0,拉伸,,估计同步待核验
XY_Y-09-0.1-02,1745,171.7636485745614,9.0,8.0,8.5,1362.0,1363.0,1362.5,拉伸,,估计同步待核验
XY_Y-09-0.1-02,1746,171.86177960526314,8.559210526287929,7.2203947368560355,7.889802631571982,1361.779605263144,1363.0,1362.389802631572,拉伸,,估计同步待核验
XY_Y-09-0.1-02,1747,171.95991063596492,7.0,9.0,8.0,1360.0,1362.0,1361.0,拉伸,,估计同步待核验
XY_Y-09-0.1-02,1748,172.05804166666667,8.0,8.0,8.0,1359.0,1361.0,1360.0,拉伸,,估计同步待核验
XY_Y-09-0.1-02,1749,172.15617269736842,8.0,8.0,8.0,1359.0,1360.0,1359.5,拉伸,,估计同步待核验
XY_Y-09-0.1-02,1750,172.25430372807017,9.0,8.0,8.5,1358.0,1360.0,1359.0,拉伸,,估计同步待核验
XY_Y-09-0.1-02,1751,172.35243475877192,9.0,8.0,8.5,1357.0,1358.0,1357.5,拉伸,,估计同步待核验
XY_Y-09-0.1-02,1752,172.45056578947367,9.0,8.0,8.5,1356.0,1358.0,1357.0,拉伸,,估计同步待核验
XY_Y-09-0.1-02,1753,172.54869682017542,9.0,8.0,8.5,1356.0,1358.0,1357.0,拉伸,,估计同步待核验
XY_Y-09-0.1-02,1754,172.6468278508772,9.0,8.0,8.5,1355.0,1356.0,1355.5,拉伸,,估计同步待核验
XY_Y-09-0.1-02,1755,172.74495888157895,9.0,8.0,8.5,1355.0,1356.0,1355.5,拉伸,,估计同步待核验
XY_Y-09-0.1-02,1756,172.8430899122807,9.0,8.0,8.5,1353.0,1354.0,1353.5,拉伸,,估计同步待核验
XY_Y-09-0.1-02,1757,172.94122094298243,9.0,8.0,8.5,1352.0,1355.0,1353.5,拉伸,,估计同步待核验
XY_Y-09-0.1-02,1758,173.0393519736842,8.0,8.0,8.0,1352.0,1354.0,1353.0,拉伸,,估计同步待核验
XY_Y-09-0.1-02,1759,173.13748300438596,8.516995614046696,8.0,8.258497807023348,1351.0,1352.0,1351.5,拉伸,,估计同步待核验
XY_Y-09-0.1-02,1760,173.2356140350877,9.0,8.0,8.5,1351.0,1352.0,1351.5,拉伸,,估计同步待核验
XY_Y-09-0.1-02,1761,173.33374506578946,9.0,8.0,8.5,1349.0,1351.0,1350.0,拉伸,,估计同步待核验
XY_Y-09-0.1-02,1762,173.43187609649124,9.0,8.0,8.5,1349.0,1350.0,1349.5,拉伸,,估计同步待核验
XY_Y-09-0.1-02,1763,173.530007127193,9.0,8.0,8.5,1348.0,1350.0,1349.0,拉伸,,估计同步待核验
XY_Y-09-0.1-02,1764,173.6281381578947,9.0,7.0,8.0,1348.0,1349.0,1348.5,拉伸,,估计同步待核验
XY_Y-09-0.1-02,1765,173.7262691885965,9.0,7.0,8.0,1346.0,1348.0,1347.0,拉伸,,估计同步待核验
XY_Y-09-0.1-02,1766,173.82440021929824,9.0,8.0,8.5,1346.0,1348.0,1347.0,拉伸,,估计同步待核验
XY_Y-09-0.1-02,1767,173.92253125,8.0,8.0,8.0,1345.0,1347.0,1346.0,拉伸,,估计同步待核验
XY_Y-09-0.1-02,1768,174.02066228070174,8.0,8.0,8.0,1344.0,1347.0,1345.5,拉伸,,估计同步待核验
XY_Y-09-0.1-02,1769,174.1187933114035,8.0,8.0,8.0,1344.0,1345.0,1344.5,拉伸,,估计同步待核验
XY_Y-09-0.1-02,1770,174.21692434210527,7.0,8.0,7.5,1342.0,1344.0,1343.0,拉伸,,估计同步待核验
XY_Y-09-0.1-02,1771,174.315055372807,7.0,8.0,7.5,1342.0,1344.0,1343.0,拉伸,,估计同步待核验
XY_Y-09-0.1-02,1772,174.41318640350875,8.627192982520961,8.0,8.31359649126048,1341.8135964912606,1343.0,1342.4067982456304,拉伸,,估计同步待核验
XY_Y-09-0.1-02,1773,174.51131743421053,9.0,8.0,8.5,1341.0,1343.0,1342.0,拉伸,,估计同步待核验
XY_Y-09-0.1-02,1774,174.60944846491228,9.0,8.0,8.5,1341.0,1342.0,1341.5,拉伸,,估计同步待核验
XY_Y-09-0.1-02,1775,174.70757949561403,9.0,8.0,8.5,1340.0,1342.0,1341.0,拉伸,,估计同步待核验
XY_Y-09-0.1-02,1776,174.80571052631578,9.0,8.0,8.5,1339.0,1341.0,1340.0,拉伸,,估计同步待核验
XY_Y-09-0.1-02,1777,174.90384155701756,8.0,8.0,8.0,1338.0,1340.0,1339.0,拉伸,,估计同步待核验
XY_Y-09-0.1-02,1778,175.00197258771928,8.0,8.0,8.0,1338.0,1340.0,1339.0,拉伸,,估计同步待核验
XY_Y-09-0.1-02,1779,175.10010361842103,7.0,8.0,7.5,1337.0,1339.0,1338.0,拉伸,,估计同步待核验
XY_Y-09-0.1-02,1780,175.19823464912278,7.0,8.0,7.5,1336.0,1338.0,1337.0,拉伸,,估计同步待核验
XY_Y-09-0.1-02,1781,175.29636567982456,7.0,8.0,7.5,1336.0,1338.0,1337.0,拉伸,,估计同步待核验
XY_Y-09-0.1-02,1782,175.3944967105263,7.0,8.0,7.5,1334.0,1336.0,1335.0,拉伸,,估计同步待核验
XY_Y-09-0.1-02,1783,175.49262774122806,7.0,8.0,7.5,1334.0,1336.0,1335.0,拉伸,,估计同步待核验
XY_Y-09-0.1-02,1784,175.5907587719298,7.482456140387027,8.0,7.741228070193514,1333.0,1335.0,1334.0,拉伸,,估计同步待核验
XY_Y-09-0.1-02,1785,175.68888980263156,8.0,8.0,8.0,1334.0,1335.0,1334.5,拉伸,,估计同步待核验
XY_Y-09-0.1-02,1786,175.78702083333332,9.0,8.0,8.5,1332.0,1333.0,1332.5,拉伸,,估计同步待核验
XY_Y-09-0.1-02,1787,175.88515186403507,8.0,8.0,8.0,1331.0,1333.0,1332.0,拉伸,,估计同步待核验
XY_Y-09-0.1-02,1788,175.98328289473685,7.0,8.0,7.5,1331.0,1333.0,1332.0,拉伸,,估计同步待核验
XY_Y-09-0.1-02,1789,176.0814139254386,7.0,8.0,7.5,1329.0,1331.0,1330.0,拉伸,,估计同步待核验
XY_Y-09-0.1-02,1790,176.17954495614035,7.0,8.0,7.5,1329.0,1331.0,1330.0,拉伸,,估计同步待核验
XY_Y-09-0.1-02,1791,176.2776759868421,7.0,8.0,7.5,1328.0,1330.0,1329.0,拉伸,,估计同步待核验
XY_Y-09-0.1-02,1792,176.37580701754385,7.0,8.0,7.5,1327.0,1329.0,1328.0,拉伸,,估计同步待核验
XY_Y-09-0.1-02,1793,176.4739380482456,7.0,8.0,7.5,1327.0,1329.0,1328.0,拉伸,,估计同步待核验
XY_Y-09-0.1-02,1794,176.57206907894735,7.0,8.0,7.5,1326.0,1328.0,1327.0,拉伸,,估计同步待核验
XY_Y-09-0.1-02,1795,176.6702001096491,7.0,8.0,7.5,1325.0,1327.0,1326.0,拉伸,,估计同步待核验
XY_Y-09-0.1-02,1796,176.76833114035088,8.0,8.0,8.0,1324.0,1326.0,1325.0,拉伸,,估计同步待核验
XY_Y-09-0.1-02,1797,176.86646217105263,8.46217105262896,8.0,8.23108552631448,1323.537828947371,1326.0,1324.7689144736855,拉伸,,估计同步待核验
XY_Y-09-0.1-02,1798,176.96459320175438,7.0,8.0,7.5,1323.0,1325.0,1324.0,拉伸,,估计同步待核验
XY_Y-09-0.1-02,1799,177.06272423245613,7.0,8.0,7.5,1321.0,1323.0,1322.0,拉伸,,估计同步待核验
XY_Y-09-0.1-02,1800,177.16085526315788,6.0,8.0,7.0,1321.0,1323.0,1322.0,拉伸,,估计同步待核验
XY_Y-09-0.1-02,1801,177.25898629385964,7.0,8.0,7.5,1320.0,1322.0,1321.0,拉伸,,估计同步待核验
XY_Y-09-0.1-02,1802,177.3571173245614,7.0,8.0,7.5,1319.0,1321.0,1320.0,拉伸,,估计同步待核验
XY_Y-09-0.1-02,1803,177.45524835526314,7.0,8.0,7.5,1318.0,1320.0,1319.0,拉伸,,估计同步待核验
XY_Y-09-0.1-02,1804,177.55337938596492,7.0,8.0,7.5,1317.0,1319.0,1318.0,拉伸,,估计同步待核验
XY_Y-09-0.1-02,1805,177.65151041666667,8.0,8.0,8.0,1316.0,1318.0,1317.0,拉伸,,估计同步待核验
XY_Y-09-0.1-02,1806,177.74964144736842,8.0,8.0,8.0,1315.0,1317.0,1316.0,拉伸,,估计同步待核验
XY_Y-09-0.1-02,1807,177.84777247807017,9.0,8.0,8.5,1314.0,1316.0,1315.0,拉伸,,估计同步待核验
XY_Y-09-0.1-02,1808,177.94590350877192,9.0,8.0,8.5,1312.0,1314.0,1313.0,拉伸,,估计同步待核验
XY_Y-09-0.1-02,1809,178.04403453947367,9.0,8.0,8.5,1311.0,1313.0,1312.0,拉伸,,估计同步待核验
XY_Y-09-0.1-02,1810,178.14216557017542,7.33114035085033,8.0,7.665570175425165,1309.0,1311.0,1310.0,拉伸,,估计同步待核验
XY_Y-09-0.1-02,1811,178.2402966008772,7.0,8.0,7.5,1307.0,1309.0,1308.0,拉伸,,估计同步待核验
XY_Y-09-0.1-02,1812,178.33842763157895,7.0,8.0,7.5,1305.0,1307.0,1306.0,拉伸,,估计同步待核验
XY_Y-09-0.1-02,1813,178.4365586622807,8.0,8.0,8.0,1303.0,1305.0,1304.0,拉伸,,估计同步待核验
XY_Y-09-0.1-02,1814,178.53468969298243,8.0,8.0,8.0,1300.0,1301.0,1300.5,拉伸,,估计同步待核验
XY_Y-09-0.1-02,1815,178.6328207236842,8.0,8.0,8.0,1297.0,1299.0,1298.0,拉伸,,估计同步待核验
XY_Y-09-0.1-02,1816,178.73095175438596,8.0,8.0,8.0,1292.0,1294.0,1293.0,拉伸,,估计同步待核验
XY_Y-09-0.1-02,1817,178.8290827850877,9.0,8.0,8.5,1285.0,1287.0,1286.0,拉伸,,估计同步待核验
XY_Y-09-0.1-02,1818,178.92721381578946,9.0,8.0,8.5,1270.0,1272.0,1271.0,拉伸,,估计同步待核验
XY_Y-09-0.1-02,1819,179.02534484649124,9.0,8.0,8.5,3.0,4.0,3.5,拉伸,峰后下降,估计同步待核验
XY_Y-09-0.1-02,1820,179.123475877193,9.0,8.0,8.5,4.0,3.0,3.5,拉伸,,估计同步待核验
XY_Y-09-0.1-02,1821,179.2216069078947,9.0,8.0,8.5,4.0,4.0,4.0,拉伸,,估计同步待核验
XY_Y-09-0.1-02,1822,179.3197379385965,8.737938596497429,8.262061403502571,8.5,3.73793859649743,3.0,3.368969298248715,拉伸,,估计同步待核验
XY_Y-09-0.1-02,1823,179.41786896929824,8.0,8.0,8.0,4.0,3.0,3.5,拉伸,,估计同步待核验
XY_Y-09-0.1-02,1824,179.516,8.0,8.0,8.0,4.0,3.0,3.5,拉伸,文件末帧、图像破坏候选,估计同步待核验
