试验编号,照片帧号,估计时间_s,Fx1力_N,Fx2力_N,Fy1力_N,Fy2力_N,事件标签,同步状态
XY_X-05-0.1-01,0,0.727,-39.0,-38.0,-5.0,-3.0,加载起点,估计同步待核验
XY_X-05-0.1-01,1,0.812530487804878,-46.0,-45.0,-4.0,-3.0,,估计同步待核验
XY_X-05-0.1-01,2,0.8980609756097561,-56.0,-55.0,-4.0,-3.0,,估计同步待核验
XY_X-05-0.1-01,3,0.9835914634146341,-64.0,-64.0,-4.0,-3.0,,估计同步待核验
XY_X-05-0.1-01,4,1.069121951219512,-75.0,-73.0,-4.0,-3.0,,估计同步待核验
XY_X-05-0.1-01,5,1.1546524390243902,-83.0,-82.0,-5.0,-3.0,,估计同步待核验
XY_X-05-0.1-01,6,1.2401829268292683,-91.0,-90.0,-4.0,-3.0,,估计同步待核验
XY_X-05-0.1-01,7,1.3257134146341465,-99.0,-100.0,-4.0,-3.0,,估计同步待核验
XY_X-05-0.1-01,8,1.4112439024390242,-111.0,-109.0,-4.0,-3.0,,估计同步待核验
XY_X-05-0.1-01,9,1.4967743902439024,-117.22560975609773,-118.54878048780454,-4.225609756097731,-3.0,,估计同步待核验
XY_X-05-0.1-01,10,1.5823048780487805,-126.0,-126.0,-4.0,-4.0,,估计同步待核验
XY_X-05-0.1-01,11,1.6678353658536587,-135.0,-136.0,-4.0,-3.0,,估计同步待核验
XY_X-05-0.1-01,12,1.7533658536585364,-146.0,-145.0,-4.0,-3.0,,估计同步待核验
XY_X-05-0.1-01,13,1.8388963414634145,-152.0,-154.0,-4.0,-3.0,,估计同步待核验
XY_X-05-0.1-01,14,1.9244268292682927,-161.0,-162.0,-4.0,-3.0,,估计同步待核验
XY_X-05-0.1-01,15,2.009957317073171,-171.0,-171.0,-4.0,-3.0,,估计同步待核验
XY_X-05-0.1-01,16,2.0954878048780485,-180.0,-179.0,-4.0,-3.0,,估计同步待核验
XY_X-05-0.1-01,17,2.1810182926829267,-187.0,-188.0,-4.0,-3.0,,估计同步待核验
XY_X-05-0.1-01,18,2.266548780487805,-196.64634146341464,-196.5487804878049,-4.0,-3.0,,估计同步待核验
XY_X-05-0.1-01,19,2.352079268292683,-206.0,-205.0,-4.0,-3.0,,估计同步待核验
XY_X-05-0.1-01,20,2.4376097560975607,-214.0,-214.0,-4.0,-3.0,,估计同步待核验
XY_X-05-0.1-01,21,2.523140243902439,-223.0,-223.0,-4.0,-3.0,,估计同步待核验
XY_X-05-0.1-01,22,2.608670731707317,-233.0,-232.0,-4.0,-3.0,,估计同步待核验
XY_X-05-0.1-01,23,2.694201219512195,-240.0,-239.0,-4.0,-3.0,,估计同步待核验
XY_X-05-0.1-01,24,2.779731707317073,-248.0,-248.0,-4.0,-3.0,,估计同步待核验
XY_X-05-0.1-01,25,2.865262195121951,-257.0,-257.0,-4.0,-3.0,,估计同步待核验
XY_X-05-0.1-01,26,2.950792682926829,-267.0,-266.0,-4.0,-3.0,,估计同步待核验
XY_X-05-0.1-01,27,3.0363231707317073,-274.6768292682927,-274.3231707317073,-4.0,-3.0,,估计同步待核验
XY_X-05-0.1-01,28,3.1218536585365855,-281.0,-282.0,-4.0,-3.0,,估计同步待核验
XY_X-05-0.1-01,29,3.207384146341463,-290.0,-291.0,-4.0,-3.0,,估计同步待核验
XY_X-05-0.1-01,30,3.2929146341463413,-301.0,-300.0,-4.0,-3.0,,估计同步待核验
XY_X-05-0.1-01,31,3.378445121951219,-307.0,-308.0,-4.0,-3.0,,估计同步待核验
XY_X-05-0.1-01,32,3.463975609756097,-315.0,-316.0,-4.0,-3.0,,估计同步待核验
XY_X-05-0.1-01,33,3.5495060975609753,-326.0,-325.0,-4.0,-3.0,,估计同步待核验
XY_X-05-0.1-01,34,3.635036585365853,-334.0,-334.0,-4.0,-3.0,,估计同步待核验
XY_X-05-0.1-01,35,3.720567073170731,-341.0,-342.0,-4.0,-3.0,,估计同步待核验
XY_X-05-0.1-01,36,3.8060975609756094,-348.3902439024373,-350.0975609756093,-4.0,-3.0,,估计同步待核验
XY_X-05-0.1-01,37,3.8916280487804875,-359.0,-358.0,-4.0,-3.0,,估计同步待核验
XY_X-05-0.1-01,38,3.9771585365853657,-367.0,-368.0,-4.0,-3.0,,估计同步待核验
XY_X-05-0.1-01,39,4.062689024390243,-375.0,-376.0,-4.0,-3.0,,估计同步待核验
XY_X-05-0.1-01,40,4.148219512195122,-386.0,-385.0,-4.0,-3.0,,估计同步待核验
XY_X-05-0.1-01,41,4.23375,-393.0,-392.0,-4.0,-3.0,,估计同步待核验
XY_X-05-0.1-01,42,4.319280487804878,-400.0,-401.0,-4.0,-3.0,,估计同步待核验
XY_X-05-0.1-01,43,4.404810975609756,-410.0,-410.0,-4.0,-3.0,,估计同步待核验
XY_X-05-0.1-01,44,4.490341463414635,-419.0,-418.0,-4.0,-3.0,,估计同步待核验
XY_X-05-0.1-01,45,4.575871951219512,-426.0,-425.0,-4.0,-3.0,,估计同步待核验
XY_X-05-0.1-01,46,4.661402439024391,-434.0,-435.0,-4.0,-3.0,,估计同步待核验
XY_X-05-0.1-01,47,4.746932926829268,-443.0,-443.0,-4.0,-3.0,,估计同步待核验
XY_X-05-0.1-01,48,4.832463414634146,-452.0,-452.0,-4.0,-4.0,,估计同步待核验
XY_X-05-0.1-01,49,4.917993902439024,-459.0060975609761,-459.9939024390239,-4.0,-3.0,,估计同步待核验
XY_X-05-0.1-01,50,5.003524390243903,-466.0,-468.0,-4.0,-3.0,,估计同步待核验
XY_X-05-0.1-01,51,5.08905487804878,-477.0,-476.0,-5.0,-3.0,,估计同步待核验
XY_X-05-0.1-01,52,5.174585365853659,-484.0,-485.0,-4.0,-3.0,,估计同步待核验
XY_X-05-0.1-01,53,5.260115853658537,-492.0,-493.0,-4.0,-3.0,,估计同步待核验
XY_X-05-0.1-01,54,5.345646341463415,-500.0,-502.0,-4.0,-3.0,,估计同步待核验
XY_X-05-0.1-01,55,5.431176829268293,-510.0,-509.0,-4.0,-4.0,,估计同步待核验
XY_X-05-0.1-01,56,5.5167073170731715,-518.0,-518.0,-4.0,-3.0,,估计同步待核验
XY_X-05-0.1-01,57,5.602237804878048,-526.0,-527.0,-4.0,-3.0,,估计同步待核验
XY_X-05-0.1-01,58,5.687768292682927,-535.3048780487812,-534.768292682927,-4.0,-3.0,,估计同步待核验
XY_X-05-0.1-01,59,5.773298780487805,-544.0,-542.0,-4.0,-3.0,,估计同步待核验
XY_X-05-0.1-01,60,5.858829268292683,-549.0,-551.0,-4.0,-3.0,,估计同步待核验
XY_X-05-0.1-01,61,5.944359756097561,-559.0,-559.0,-5.0,-3.0,,估计同步待核验
XY_X-05-0.1-01,62,6.029890243902439,-568.0,-568.0,-4.0,-3.0,,估计同步待核验
XY_X-05-0.1-01,63,6.115420731707317,-576.0,-575.0,-4.0,-3.0,,估计同步待核验
XY_X-05-0.1-01,64,6.200951219512195,-581.0,-583.0,-4.0,-3.0,,估计同步待核验
XY_X-05-0.1-01,65,6.286481707317074,-591.0,-591.0,-4.0,-3.0,,估计同步待核验
XY_X-05-0.1-01,66,6.372012195121951,-599.0,-600.0,-4.0,-3.0,,估计同步待核验
XY_X-05-0.1-01,67,6.457542682926829,-606.457317073171,-607.0853658536579,-4.0,-3.0,,估计同步待核验
XY_X-05-0.1-01,68,6.543073170731707,-613.0,-615.0,-4.0,-3.0,,估计同步待核验
XY_X-05-0.1-01,69,6.628603658536585,-624.0,-623.0,-5.0,-3.0,,估计同步待核验
XY_X-05-0.1-01,70,6.714134146341463,-630.0,-631.0,-4.0,-2.0,,估计同步待核验
XY_X-05-0.1-01,71,6.799664634146342,-638.0,-639.0,-4.0,-3.0,,估计同步待核验
XY_X-05-0.1-01,72,6.885195121951219,-645.0,-646.0,-4.0,-3.0,,估计同步待核验
XY_X-05-0.1-01,73,6.970725609756098,-655.0,-654.0,-4.0,-3.0,,估计同步待核验
XY_X-05-0.1-01,74,7.056256097560976,-661.0,-662.0,-4.0,-4.0,,估计同步待核验
XY_X-05-0.1-01,75,7.141786585365854,-669.0,-670.0,-4.0,-3.0,,估计同步待核验
XY_X-05-0.1-01,76,7.227317073170732,-675.9512195121953,-677.3170731707318,-4.0,-3.0,,估计同步待核验
XY_X-05-0.1-01,77,7.31284756097561,-685.0,-684.0,-4.0,-3.0,,估计同步待核验
XY_X-05-0.1-01,78,7.398378048780487,-691.0,-693.0,-4.0,-3.0,,估计同步待核验
XY_X-05-0.1-01,79,7.483908536585366,-700.0,-700.0,-5.0,-3.0,,估计同步待核验
XY_X-05-0.1-01,80,7.569439024390244,-708.0,-708.0,-4.0,-3.0,,估计同步待核验
XY_X-05-0.1-01,81,7.654969512195122,-716.0,-714.0,-4.0,-3.0,,估计同步待核验
XY_X-05-0.1-01,82,7.7405,-721.0,-723.0,-4.0,-3.0,,估计同步待核验
XY_X-05-0.1-01,83,7.826030487804878,-731.0,-730.0,-4.0,-3.0,,估计同步待核验
XY_X-05-0.1-01,84,7.911560975609756,-738.0,-738.0,-4.0,-3.0,,估计同步待核验
XY_X-05-0.1-01,85,7.997091463414634,-744.9085365853659,-744.0914634146341,-4.0,-3.0,,估计同步待核验
XY_X-05-0.1-01,86,8.082621951219512,-750.0,-752.0,-4.0,-3.0,,估计同步待核验
XY_X-05-0.1-01,87,8.16815243902439,-761.0,-759.0,-4.0,-3.0,,估计同步待核验
XY_X-05-0.1-01,88,8.253682926829269,-766.0,-768.0,-4.0,-3.0,,估计同步待核验
XY_X-05-0.1-01,89,8.339213414634147,-774.0,-774.0,-4.0,-3.0,,估计同步待核验
XY_X-05-0.1-01,90,8.424743902439024,-779.0,-781.0,-4.0,-3.0,,估计同步待核验
XY_X-05-0.1-01,91,8.510274390243902,-789.0,-788.0,-4.0,-3.0,,估计同步待核验
XY_X-05-0.1-01,92,8.595804878048781,-794.0,-796.0,-4.0,-3.0,,估计同步待核验
XY_X-05-0.1-01,93,8.681335365853657,-803.0,-803.0,-5.0,-3.0,,估计同步待核验
XY_X-05-0.1-01,94,8.766865853658535,-808.0,-810.0,-4.0,-3.0,,估计同步待核验
XY_X-05-0.1-01,95,8.852396341463415,-817.0,-816.0,-4.0,-3.0,,估计同步待核验
XY_X-05-0.1-01,96,8.937926829268292,-823.0,-824.0,-4.0,-3.0,,估计同步待核验
XY_X-05-0.1-01,97,9.02345731707317,-832.0,-831.0,-4.0,-3.0,,估计同步待核验
XY_X-05-0.1-01,98,9.108987804878048,-838.9756097560954,-838.9878048780478,-4.0,-3.0,,估计同步待核验
XY_X-05-0.1-01,99,9.194518292682927,-845.0,-844.0,-4.0,-3.0,,估计同步待核验
XY_X-05-0.1-01,100,9.280048780487805,-850.0,-852.0,-4.0,-3.0,,估计同步待核验
XY_X-05-0.1-01,101,9.365579268292683,-859.0,-859.0,-4.0,-3.0,,估计同步待核验
XY_X-05-0.1-01,102,9.45110975609756,-865.0,-866.0,-4.0,-3.0,,估计同步待核验
XY_X-05-0.1-01,103,9.536640243902438,-873.0,-872.0,-4.0,-3.0,,估计同步待核验
XY_X-05-0.1-01,104,9.622170731707318,-877.0,-879.0,-4.0,-3.0,,估计同步待核验
XY_X-05-0.1-01,105,9.707701219512195,-887.0,-886.0,-4.0,-3.0,,估计同步待核验
XY_X-05-0.1-01,106,9.793231707317073,-892.0,-894.0,-4.0,-3.0,,估计同步待核验
XY_X-05-0.1-01,107,9.87876219512195,-900.762195121951,-900.762195121951,-4.0,-3.0,,估计同步待核验
XY_X-05-0.1-01,108,9.96429268292683,-905.0,-906.0,-4.0,-3.0,,估计同步待核验
XY_X-05-0.1-01,109,10.049823170731708,-914.0,-913.0,-4.0,-3.0,,估计同步待核验
XY_X-05-0.1-01,110,10.135353658536586,-919.0,-920.0,-4.0,-3.0,,估计同步待核验
XY_X-05-0.1-01,111,10.220884146341463,-928.0,-927.0,-5.0,-3.0,,估计同步待核验
XY_X-05-0.1-01,112,10.306414634146343,-933.0,-933.0,-4.0,-3.0,,估计同步待核验
XY_X-05-0.1-01,113,10.391945121951219,-941.0,-940.0,-4.0,-3.0,,估计同步待核验
XY_X-05-0.1-01,114,10.477475609756096,-945.0,-947.0,-4.0,-3.0,,估计同步待核验
XY_X-05-0.1-01,115,10.563006097560974,-955.0,-954.0,-4.0,-3.0,,估计同步待核验
XY_X-05-0.1-01,116,10.648536585365854,-960.0,-961.0,-4.0,-3.0,,估计同步待核验
XY_X-05-0.1-01,117,10.734067073170731,-967.0,-967.0,-4.0,-3.0,,估计同步待核验
XY_X-05-0.1-01,118,10.819597560975609,-972.0,-973.0,-4.0,-3.0,,估计同步待核验
XY_X-05-0.1-01,119,10.905128048780487,-981.0,-979.0,-4.0,-3.0,,估计同步待核验
XY_X-05-0.1-01,120,10.990658536585366,-985.0,-987.0,-4.0,-3.0,,估计同步待核验
XY_X-05-0.1-01,121,11.076189024390244,-992.1890243902435,-993.1890243902435,-4.0,-3.0,,估计同步待核验
XY_X-05-0.1-01,122,11.161719512195122,-998.0,-999.0,-4.0,-3.0,,估计同步待核验
XY_X-05-0.1-01,123,11.24725,-1006.0,-1005.0,-4.0,-3.0,,估计同步待核验
XY_X-05-0.1-01,124,11.332780487804877,-1010.0,-1012.0,-4.0,-3.0,,估计同步待核验
XY_X-05-0.1-01,125,11.418310975609756,-1018.0,-1019.0,-4.0,-3.0,,估计同步待核验
XY_X-05-0.1-01,126,11.503841463414634,-1023.0,-1024.0,-4.0,-3.0,,估计同步待核验
XY_X-05-0.1-01,127,11.589371951219512,-1031.0,-1030.0,-4.0,-3.0,,估计同步待核验
XY_X-05-0.1-01,128,11.67490243902439,-1035.0,-1037.0,-4.0,-3.0,,估计同步待核验
XY_X-05-0.1-01,129,11.760432926829269,-1044.0,-1042.0,-4.0,-3.0,,估计同步待核验
XY_X-05-0.1-01,130,11.845963414634147,-1048.0,-1048.0,-4.0,-3.0,,估计同步待核验
XY_X-05-0.1-01,131,11.931493902439025,-1055.0,-1055.0,-4.0,-3.0,,估计同步待核验
XY_X-05-0.1-01,132,12.017024390243902,-1059.0,-1061.0,-4.0,-3.0,,估计同步待核验
XY_X-05-0.1-01,133,12.102554878048782,-1068.0,-1067.0,-4.0,-3.0,,估计同步待核验
XY_X-05-0.1-01,134,12.188085365853658,-1072.0,-1073.0,-4.0,-3.0,,估计同步待核验
XY_X-05-0.1-01,135,12.273615853658535,-1079.0,-1079.0,-4.0,-3.0,,估计同步待核验
XY_X-05-0.1-01,136,12.359146341463413,-1083.0,-1085.0,-4.0,-3.0,,估计同步待核验
XY_X-05-0.1-01,137,12.444676829268293,-1091.0,-1090.0,-4.0,-4.0,,估计同步待核验
XY_X-05-0.1-01,138,12.53020731707317,-1095.0,-1096.0,-4.0,-3.0,,估计同步待核验
XY_X-05-0.1-01,139,12.615737804878048,-1101.0,-1101.0,-4.0,-3.0,,估计同步待核验
XY_X-05-0.1-01,140,12.701268292682926,-1106.0,-1107.0,-4.0,-3.0,,估计同步待核验
XY_X-05-0.1-01,141,12.786798780487805,-1113.0,-1112.0,-4.0,-4.0,力峰值,估计同步待核验
XY_X-05-0.1-01,142,12.872329268292683,-7.0,-9.0,-4.0,-2.0,峰后下降,估计同步待核验
XY_X-05-0.1-01,143,12.95785975609756,-8.859756097560314,-8.140243902439686,-4.0,-3.0,,估计同步待核验
XY_X-05-0.1-01,144,13.043390243902438,-8.0,-8.0,-4.0,-3.0,,估计同步待核验
XY_X-05-0.1-01,145,13.128920731707316,-9.0,-7.0,-4.0,-3.0,,估计同步待核验
XY_X-05-0.1-01,146,13.214451219512195,-7.0,-8.0,-4.0,-3.0,,估计同步待核验
XY_X-05-0.1-01,147,13.299981707317073,-9.0,-8.0,-4.0,-3.0,,估计同步待核验
XY_X-05-0.1-01,148,13.385512195121951,-8.0,-8.0,-4.0,-3.0,,估计同步待核验
XY_X-05-0.1-01,149,13.471042682926829,-9.0,-8.0,-4.0,-3.0,,估计同步待核验
XY_X-05-0.1-01,150,13.556573170731708,-7.0,-8.0,-4.0,-3.0,,估计同步待核验
XY_X-05-0.1-01,151,13.642103658536586,-10.0,-7.0,-4.0,-3.0,,估计同步待核验
XY_X-05-0.1-01,152,13.727634146341464,-7.73170731707291,-8.634146341463545,-4.0,-3.0,,估计同步待核验
XY_X-05-0.1-01,153,13.813164634146341,-8.0,-8.0,-4.0,-3.0,,估计同步待核验
XY_X-05-0.1-01,154,13.898695121951219,-7.0,-8.0,-4.0,-3.0,,估计同步待核验
XY_X-05-0.1-01,155,13.984225609756097,-9.0,-8.0,-4.0,-3.0,,估计同步待核验
XY_X-05-0.1-01,156,14.069756097560974,-7.0,-8.0,-4.0,-3.0,,估计同步待核验
XY_X-05-0.1-01,157,14.155286585365852,-8.0,-8.0,-4.0,-3.0,,估计同步待核验
XY_X-05-0.1-01,158,14.240817073170732,-8.0,-8.0,-4.0,-3.0,,估计同步待核验
XY_X-05-0.1-01,159,14.32634756097561,-9.0,-8.0,-5.0,-3.0,,估计同步待核验
XY_X-05-0.1-01,160,14.411878048780487,-7.0,-8.0,-4.0,-3.0,,估计同步待核验
XY_X-05-0.1-01,161,14.497408536585365,-7.817073170729996,-7.591463414635002,-4.0,-3.0,,估计同步待核验
XY_X-05-0.1-01,162,14.582939024390244,-8.0,-7.0,-4.0,-3.0,,估计同步待核验
XY_X-05-0.1-01,163,14.668469512195122,-9.0,-8.0,-4.0,-3.0,,估计同步待核验
XY_X-05-0.1-01,164,14.754,-7.0,-8.0,-4.0,-3.0,文件末帧,估计同步待核验
XY_X-06-1.0-01,0,0.104,-83.0,-84.0,-4.0,-3.0,加载起点,估计同步待核验
XY_X-06-1.0-01,1,0.12434090909090909,-95.0,-95.0,-4.0,-3.0,,估计同步待核验
XY_X-06-1.0-01,2,0.1446818181818182,-118.0,-118.0,-4.0,-3.0,,估计同步待核验
XY_X-06-1.0-01,3,0.16502272727272727,-142.0,-141.0,-4.0,-3.0,,估计同步待核验
XY_X-06-1.0-01,4,0.18536363636363637,-165.0,-165.0,-4.0,-3.0,,估计同步待核验
XY_X-06-1.0-01,5,0.20570454545454547,-188.0,-189.0,-4.0,-3.0,,估计同步待核验
XY_X-06-1.0-01,6,0.22604545454545455,-212.0,-213.0,-4.0,-3.0,,估计同步待核验
XY_X-06-1.0-01,7,0.24638636363636363,-228.47727272727266,-229.02272727272717,-4.0,-3.0,,估计同步待核验
XY_X-06-1.0-01,8,0.26672727272727276,-248.0,-248.0,-5.0,-3.0,,估计同步待核验
XY_X-06-1.0-01,9,0.2870681818181818,-272.0,-272.0,-4.0,-3.0,,估计同步待核验
XY_X-06-1.0-01,10,0.3074090909090909,-295.0,-295.0,-4.0,-3.0,,估计同步待核验
XY_X-06-1.0-01,11,0.32775,-317.0,-318.0,-4.0,-3.0,,估计同步待核验
XY_X-06-1.0-01,12,0.3480909090909091,-340.0,-342.0,-4.0,-3.0,,估计同步待核验
XY_X-06-1.0-01,13,0.36843181818181814,-363.0,-365.0,-4.0,-3.0,,估计同步待核验
XY_X-06-1.0-01,14,0.38877272727272727,-377.0,-377.0,-4.0,-3.0,,估计同步待核验
XY_X-06-1.0-01,15,0.40911363636363635,-400.0,-400.0,-4.0,-3.0,,估计同步待核验
XY_X-06-1.0-01,16,0.4294545454545455,-422.0,-423.0,-4.0,-3.0,,估计同步待核验
XY_X-06-1.0-01,17,0.4497954545454545,-444.0,-446.0,-4.0,-3.0,,估计同步待核验
XY_X-06-1.0-01,18,0.4701363636363636,-467.0,-469.0,-4.0,-3.0,,估计同步待核验
XY_X-06-1.0-01,19,0.49047727272727276,-489.0,-491.0,-4.0,-3.0,,估计同步待核验
XY_X-06-1.0-01,20,0.5108181818181818,-509.36363636363643,-511.0000000000001,-4.0,-3.0,,估计同步待核验
XY_X-06-1.0-01,21,0.531159090909091,-524.0,-525.0,-4.0,-4.0,,估计同步待核验
XY_X-06-1.0-01,22,0.5515,-546.0,-547.0,-4.0,-3.0,,估计同步待核验
XY_X-06-1.0-01,23,0.5718409090909091,-567.0,-569.0,-4.0,-3.0,,估计同步待核验
XY_X-06-1.0-01,24,0.5921818181818183,-589.0,-592.0,-4.0,-3.0,,估计同步待核验
XY_X-06-1.0-01,25,0.6125227272727273,-612.0,-614.0,-4.0,-3.0,,估计同步待核验
XY_X-06-1.0-01,26,0.6328636363636363,-633.0,-635.0,-4.0,-3.0,,估计同步待核验
XY_X-06-1.0-01,27,0.6532045454545454,-647.2499999999994,-648.045454545454,-4.0,-3.0,,估计同步待核验
XY_X-06-1.0-01,28,0.6735454545454546,-666.0,-668.0,-4.0,-3.0,,估计同步待核验
XY_X-06-1.0-01,29,0.6938863636363636,-687.0,-689.0,-4.0,-3.0,,估计同步待核验
XY_X-06-1.0-01,30,0.7142272727272727,-708.0,-710.0,-4.0,-3.0,,估计同步待核验
XY_X-06-1.0-01,31,0.7345681818181818,-729.0,-731.0,-4.0,-3.0,,估计同步待核验
XY_X-06-1.0-01,32,0.754909090909091,-750.0,-751.0,-4.0,-3.0,,估计同步待核验
XY_X-06-1.0-01,33,0.77525,-772.0,-772.0,-4.0,-3.0,,估计同步待核验
XY_X-06-1.0-01,34,0.795590909090909,-781.0,-783.0,-4.0,-3.0,,估计同步待核验
XY_X-06-1.0-01,35,0.8159318181818181,-800.0,-803.0,-4.0,-3.0,,估计同步待核验
XY_X-06-1.0-01,36,0.8362727272727272,-820.0,-822.0,-4.0,-3.0,,估计同步待核验
XY_X-06-1.0-01,37,0.8566136363636363,-840.0,-842.0,-4.0,-3.0,,估计同步待核验
XY_X-06-1.0-01,38,0.8769545454545455,-860.0,-861.0,-4.0,-3.0,,估计同步待核验
XY_X-06-1.0-01,39,0.8972954545454546,-880.0,-880.0,-4.0,-3.0,,估计同步待核验
XY_X-06-1.0-01,40,0.9176363636363637,-895.6363636363639,-895.7272727272729,-4.0,-3.0,,估计同步待核验
XY_X-06-1.0-01,41,0.9379772727272727,-906.0,-908.0,-4.0,-3.0,,估计同步待核验
XY_X-06-1.0-01,42,0.9583181818181818,-925.0,-928.0,-4.0,-3.0,,估计同步待核验
XY_X-06-1.0-01,43,0.9786590909090909,-945.0,-946.0,-4.0,-3.0,,估计同步待核验
XY_X-06-1.0-01,44,0.999,-964.0,-964.0,-4.0,-3.0,,估计同步待核验
XY_X-06-1.0-01,45,1.0193409090909091,-983.0,-982.0,-4.0,-3.0,,估计同步待核验
XY_X-06-1.0-01,46,1.0396818181818184,-1001.0,-1000.0,-4.0,-3.0,,估计同步待核验
XY_X-06-1.0-01,47,1.0600227272727274,-1007.2500000000008,-1009.2045454545461,-4.0,-3.0,,估计同步待核验
XY_X-06-1.0-01,48,1.0803636363636364,-1026.0,-1027.0,-4.0,-3.0,,估计同步待核验
XY_X-06-1.0-01,49,1.1007045454545454,-1044.0,-1045.0,-5.0,-3.0,,估计同步待核验
XY_X-06-1.0-01,50,1.1210454545454547,-1062.0,-1062.0,-5.0,-3.0,,估计同步待核验
XY_X-06-1.0-01,51,1.1413863636363637,-1079.0,-1078.0,-4.0,-3.0,,估计同步待核验
XY_X-06-1.0-01,52,1.1617272727272727,-1095.0,-1095.0,-4.0,-3.0,,估计同步待核验
XY_X-06-1.0-01,53,1.182068181818182,-1111.0,-1112.0,-4.0,-3.0,,估计同步待核验
XY_X-06-1.0-01,54,1.202409090909091,-1119.0,-1121.0,-4.0,-3.0,,估计同步待核验
XY_X-06-1.0-01,55,1.2227500000000002,-1136.0,-1136.0,-4.0,-3.0,,估计同步待核验
XY_X-06-1.0-01,56,1.2430909090909092,-1152.0,-1152.0,-4.0,-3.0,,估计同步待核验
XY_X-06-1.0-01,57,1.2634318181818183,-1169.0,-1168.0,-4.0,-3.0,,估计同步待核验
XY_X-06-1.0-01,58,1.2837727272727273,-1182.0,-1183.0,-4.0,-3.0,力峰值,估计同步待核验
XY_X-06-1.0-01,59,1.3041136363636365,-907.0,-884.0,-4.0,-3.0,,估计同步待核验
XY_X-06-1.0-01,60,1.3244545454545456,-521.4545454545233,-477.72727272725103,-4.0,-3.4545454545455354,,估计同步待核验
XY_X-06-1.0-01,61,1.3447954545454546,-154.0,-114.0,-4.0,-4.0,峰后下降,估计同步待核验
XY_X-06-1.0-01,62,1.3651363636363638,-10.0,-8.0,-5.0,-3.0,,估计同步待核验
XY_X-06-1.0-01,63,1.3854772727272728,-10.0,-8.0,-5.0,-3.0,,估计同步待核验
XY_X-06-1.0-01,64,1.405818181818182,-9.0,-8.0,-5.0,-3.0,,估计同步待核验
XY_X-06-1.0-01,65,1.426159090909091,-8.0,-9.0,-5.0,-3.0,,估计同步待核验
XY_X-06-1.0-01,66,1.4465000000000001,-8.0,-9.0,-4.0,-3.0,,估计同步待核验
XY_X-06-1.0-01,67,1.4668409090909091,-9.0,-8.0,-5.0,-3.0,,估计同步待核验
XY_X-06-1.0-01,68,1.4871818181818182,-10.0,-8.0,-4.0,-3.0,,估计同步待核验
XY_X-06-1.0-01,69,1.5075227272727274,-9.0,-8.0,-4.0,-3.0,,估计同步待核验
XY_X-06-1.0-01,70,1.5278636363636364,-9.0,-8.0,-4.0,-3.0,,估计同步待核验
XY_X-06-1.0-01,71,1.5482045454545454,-8.0,-8.0,-4.0,-3.0,,估计同步待核验
XY_X-06-1.0-01,72,1.5685454545454545,-7.0,-8.0,-4.0,-3.0,,估计同步待核验
XY_X-06-1.0-01,73,1.5888863636363637,-7.340909090908818,-8.0,-4.0,-3.0,,估计同步待核验
XY_X-06-1.0-01,74,1.6092272727272727,-10.0,-8.0,-4.0,-3.0,,估计同步待核验
XY_X-06-1.0-01,75,1.629568181818182,-9.0,-8.0,-4.0,-3.0,,估计同步待核验
XY_X-06-1.0-01,76,1.6499090909090912,-8.0,-8.0,-4.0,-3.0,,估计同步待核验
XY_X-06-1.0-01,77,1.6702500000000002,-8.0,-8.0,-4.0,-3.0,,估计同步待核验
XY_X-06-1.0-01,78,1.6905909090909093,-7.0,-8.0,-4.0,-3.0,,估计同步待核验
XY_X-06-1.0-01,79,1.7109318181818183,-7.0,-8.0,-4.0,-3.0,,估计同步待核验
XY_X-06-1.0-01,80,1.7312727272727275,-9.45454545454509,-8.0,-4.0,-3.0,,估计同步待核验
XY_X-06-1.0-01,81,1.7516136363636365,-9.0,-8.0,-4.0,-3.0,,估计同步待核验
XY_X-06-1.0-01,82,1.7719545454545456,-8.0,-8.0,-4.0,-3.0,,估计同步待核验
XY_X-06-1.0-01,83,1.7922954545454546,-8.0,-8.0,-4.0,-3.0,,估计同步待核验
XY_X-06-1.0-01,84,1.8126363636363638,-7.0,-8.0,-4.0,-3.0,,估计同步待核验
XY_X-06-1.0-01,85,1.8329772727272728,-7.0,-8.0,-4.0,-3.0,,估计同步待核验
XY_X-06-1.0-01,86,1.8533181818181819,-8.0,-7.0,-4.0,-3.0,,估计同步待核验
XY_X-06-1.0-01,87,1.8736590909090909,-8.0,-8.0,-4.0,-3.0,,估计同步待核验
XY_X-06-1.0-01,88,1.8940000000000001,-7.0,-8.0,-4.0,-3.0,,估计同步待核验
XY_X-06-1.0-01,89,1.9143409090909091,-7.0,-8.0,-4.0,-3.0,,估计同步待核验
XY_X-06-1.0-01,90,1.9346818181818182,-7.0,-8.0,-4.0,-3.0,,估计同步待核验
XY_X-06-1.0-01,91,1.9550227272727276,-8.0,-8.0,-4.0,-3.0,,估计同步待核验
XY_X-06-1.0-01,92,1.9753636363636367,-9.0,-8.0,-4.0,-3.0,,估计同步待核验
XY_X-06-1.0-01,93,1.9957045454545457,-8.704545454545647,-8.0,-4.0,-3.0,,估计同步待核验
XY_X-06-1.0-01,94,2.0160454545454547,-7.0,-8.0,-4.0,-3.0,,估计同步待核验
XY_X-06-1.0-01,95,2.036386363636364,-7.0,-8.0,-4.0,-3.0,,估计同步待核验
XY_X-06-1.0-01,96,2.0567272727272727,-8.0,-8.0,-4.0,-3.0,,估计同步待核验
XY_X-06-1.0-01,97,2.077068181818182,-8.0,-8.0,-4.0,-3.0,,估计同步待核验
XY_X-06-1.0-01,98,2.097409090909091,-9.0,-8.0,-5.0,-3.0,,估计同步待核验
XY_X-06-1.0-01,99,2.11775,-10.0,-7.0,-5.0,-3.0,,估计同步待核验
XY_X-06-1.0-01,100,2.1380909090909093,-7.272727272728121,-7.909090909090627,-4.0,-3.0,,估计同步待核验
XY_X-06-1.0-01,101,2.158431818181818,-7.0,-8.0,-4.0,-3.0,,估计同步待核验
XY_X-06-1.0-01,102,2.1787727272727273,-8.0,-8.0,-4.0,-3.0,,估计同步待核验
XY_X-06-1.0-01,103,2.1991136363636365,-9.0,-8.0,-4.0,-3.0,,估计同步待核验
XY_X-06-1.0-01,104,2.2194545454545453,-9.0,-7.0,-4.0,-3.0,,估计同步待核验
XY_X-06-1.0-01,105,2.2397954545454546,-10.0,-7.0,-4.0,-3.0,,估计同步待核验
XY_X-06-1.0-01,106,2.260136363636364,-10.0,-8.0,-4.0,-3.0,,估计同步待核验
XY_X-06-1.0-01,107,2.2804772727272726,-7.0,-8.0,-4.0,-3.0,,估计同步待核验
XY_X-06-1.0-01,108,2.300818181818182,-8.0,-7.0,-4.0,-3.0,,估计同步待核验
XY_X-06-1.0-01,109,2.321159090909091,-9.0,-7.0,-4.0,-3.0,,估计同步待核验
XY_X-06-1.0-01,110,2.3415000000000004,-9.0,-7.0,-4.0,-3.0,,估计同步待核验
XY_X-06-1.0-01,111,2.361840909090909,-10.0,-7.0,-4.0,-3.0,,估计同步待核验
XY_X-06-1.0-01,112,2.3821818181818184,-10.0,-7.0,-4.0,-3.0,,估计同步待核验
XY_X-06-1.0-01,113,2.4025227272727276,-8.522727272727565,-7.522727272727566,-4.0,-3.0,,估计同步待核验
XY_X-06-1.0-01,114,2.4228636363636364,-9.0,-7.0,-4.0,-3.0,,估计同步待核验
XY_X-06-1.0-01,115,2.4432045454545457,-9.0,-7.0,-4.0,-3.0,,估计同步待核验
XY_X-06-1.0-01,116,2.4635454545454545,-10.0,-8.0,-5.0,-3.0,,估计同步待核验
XY_X-06-1.0-01,117,2.4838863636363637,-10.0,-7.0,-5.0,-3.0,,估计同步待核验
XY_X-06-1.0-01,118,2.504227272727273,-9.0,-7.0,-4.0,-3.0,,估计同步待核验
XY_X-06-1.0-01,119,2.5245681818181818,-8.0,-8.0,-4.0,-3.0,,估计同步待核验
XY_X-06-1.0-01,120,2.544909090909091,-9.0,-7.0,-4.0,-3.0,,估计同步待核验
XY_X-06-1.0-01,121,2.5652500000000003,-10.0,-7.0,-4.0,-3.0,,估计同步待核验
XY_X-06-1.0-01,122,2.585590909090909,-10.0,-8.0,-4.0,-3.0,,估计同步待核验
XY_X-06-1.0-01,123,2.6059318181818183,-9.0,-8.0,-4.0,-3.0,,估计同步待核验
XY_X-06-1.0-01,124,2.6262727272727275,-9.0,-8.0,-4.0,-3.0,,估计同步待核验
XY_X-06-1.0-01,125,2.646613636363637,-8.0,-8.0,-4.0,-3.0,,估计同步待核验
XY_X-06-1.0-01,126,2.6669545454545456,-8.045454545454243,-7.954545454545757,-4.0,-3.0,,估计同步待核验
XY_X-06-1.0-01,127,2.687295454545455,-10.0,-7.0,-4.0,-3.0,,估计同步待核验
XY_X-06-1.0-01,128,2.707636363636364,-10.0,-8.0,-4.0,-3.0,,估计同步待核验
XY_X-06-1.0-01,129,2.727977272727273,-9.0,-8.0,-4.0,-3.0,,估计同步待核验
XY_X-06-1.0-01,130,2.748318181818182,-8.0,-8.0,-4.0,-3.0,,估计同步待核验
XY_X-06-1.0-01,131,2.768659090909091,-8.0,-8.0,-4.0,-3.0,,估计同步待核验
XY_X-06-1.0-01,132,2.789,-7.0,-8.0,-4.0,-3.0,文件末帧、图像破坏候选,估计同步待核验
XY_X-07-10-01,0,0.05,-82.0,-89.0,-4.0,-3.0,加载起点,估计同步待核验
XY_X-07-10-01,1,0.054387500000000005,-82.0,-89.0,-4.0,-3.0,,估计同步待核验
XY_X-07-10-01,2,0.05877500000000001,-82.0,-89.0,-4.0,-3.0,,估计同步待核验
XY_X-07-10-01,3,0.06316250000000001,-150.0,-160.0,-4.0,-3.0,,估计同步待核验
XY_X-07-10-01,4,0.06755,-150.0,-160.0,-4.0,-3.0,,估计同步待核验
XY_X-07-10-01,5,0.0719375,-229.68750000000057,-247.18750000000063,-4.0,-3.0,,估计同步待核验
XY_X-07-10-01,6,0.076325,-235.0,-253.0,-4.0,-3.0,,估计同步待核验
XY_X-07-10-01,7,0.0807125,-235.0,-253.0,-4.0,-3.0,,估计同步待核验
XY_X-07-10-01,8,0.08510000000000001,-333.0,-344.0,-4.0,-3.0,,估计同步待核验
XY_X-07-10-01,9,0.0894875,-333.0,-344.0,-4.0,-3.0,,估计同步待核验
XY_X-07-10-01,10,0.09387500000000001,-413.50000000000125,-428.00000000000136,-4.0,-3.0,,估计同步待核验
XY_X-07-10-01,11,0.0982625,-425.0,-440.0,-4.0,-3.0,,估计同步待核验
XY_X-07-10-01,12,0.10265,-425.0,-440.0,-4.0,-3.0,,估计同步待核验
XY_X-07-10-01,13,0.10703750000000001,-520.0,-533.0,-4.0,-3.0,,估计同步待核验
XY_X-07-10-01,14,0.111425,-520.0,-533.0,-4.0,-3.0,,估计同步待核验
XY_X-07-10-01,15,0.11581250000000001,-591.5000000000006,-602.0625000000006,-4.0,-3.0,,估计同步待核验
XY_X-07-10-01,16,0.12020000000000002,-608.0,-618.0,-4.0,-3.0,,估计同步待核验
XY_X-07-10-01,17,0.1245875,-608.0,-618.0,-4.0,-3.0,,估计同步待核验
XY_X-07-10-01,18,0.128975,-690.0,-705.0,-4.0,-3.0,,估计同步待核验
XY_X-07-10-01,19,0.1333625,-690.0,-705.0,-4.0,-3.0,,估计同步待核验
XY_X-07-10-01,20,0.13775,-750.0,-762.0,-4.0,-3.0,,估计同步待核验
XY_X-07-10-01,21,0.14213750000000003,-770.0,-781.0,-4.0,-3.0,,估计同步待核验
XY_X-07-10-01,22,0.14652500000000002,-770.0,-781.0,-4.0,-3.0,,估计同步待核验
XY_X-07-10-01,23,0.1509125,-843.0,-855.0,-4.0,-3.0,,估计同步待核验
XY_X-07-10-01,24,0.1553,-843.0,-855.0,-4.0,-3.0,,估计同步待核验
XY_X-07-10-01,25,0.1596875,-889.7500000000005,-900.3750000000005,-4.0,-3.0,,估计同步待核验
XY_X-07-10-01,26,0.16407500000000003,-911.0,-921.0,-4.0,-3.0,,估计同步待核验
XY_X-07-10-01,27,0.16846250000000002,-911.0,-921.0,-4.0,-3.0,,估计同步待核验
XY_X-07-10-01,28,0.17285,-931.0,-940.0,-4.0,-3.0,力峰值,估计同步待核验
XY_X-07-10-01,29,0.1772375,-931.0,-940.0,-4.0,-3.0,,估计同步待核验
XY_X-07-10-01,30,0.18162500000000004,-875.9999999999964,-876.2499999999958,-4.0,-3.0,,估计同步待核验
XY_X-07-10-01,31,0.18601250000000003,-843.0,-838.0,-4.0,-3.0,,估计同步待核验
XY_X-07-10-01,32,0.1904,-843.0,-838.0,-4.0,-3.0,,估计同步待核验
XY_X-07-10-01,33,0.1947875,-673.0,-638.0,-4.0,-3.0,,估计同步待核验
XY_X-07-10-01,34,0.199175,-673.0,-638.0,-4.0,-3.0,,估计同步待核验
XY_X-07-10-01,35,0.20356250000000004,-544.7499999999917,-505.2499999999914,-4.0,-3.5625000000000364,,估计同步待核验
XY_X-07-10-01,36,0.20795000000000002,-445.0,-402.0,-4.0,-4.0,,估计同步待核验
XY_X-07-10-01,37,0.2123375,-445.0,-402.0,-4.0,-4.0,,估计同步待核验
XY_X-07-10-01,38,0.216725,-224.0,-181.0,-4.0,-4.0,,估计同步待核验
XY_X-07-10-01,39,0.2211125,-224.0,-181.0,-4.0,-4.0,,估计同步待核验
XY_X-07-10-01,40,0.22550000000000003,-147.49999999999574,-112.99999999999622,-4.0,-4.0,峰后下降,估计同步待核验
XY_X-07-10-01,41,0.22988750000000002,-71.0,-45.0,-4.0,-4.0,,估计同步待核验
XY_X-07-10-01,42,0.234275,-71.0,-45.0,-4.0,-4.0,,估计同步待核验
XY_X-07-10-01,43,0.2386625,-7.0,-8.0,-4.0,-4.0,,估计同步待核验
XY_X-07-10-01,44,0.24305000000000004,-7.0,-8.0,-4.0,-4.0,,估计同步待核验
XY_X-07-10-01,45,0.24743750000000003,-7.437500000000035,-8.0,-4.0,-4.0,,估计同步待核验
XY_X-07-10-01,46,0.251825,-8.0,-8.0,-4.0,-4.0,,估计同步待核验
XY_X-07-10-01,47,0.2562125,-8.0,-8.0,-4.0,-4.0,,估计同步待核验
XY_X-07-10-01,48,0.2606,-8.0,-7.0,-4.0,-4.0,,估计同步待核验
XY_X-07-10-01,49,0.26498750000000004,-8.0,-7.0,-4.0,-4.0,,估计同步待核验
XY_X-07-10-01,50,0.26937500000000003,-7.624999999999986,-7.375000000000014,-4.0,-3.6249999999999862,,估计同步待核验
XY_X-07-10-01,51,0.2737625,-7.0,-8.0,-4.0,-3.0,,估计同步待核验
XY_X-07-10-01,52,0.27815,-7.0,-8.0,-4.0,-3.0,,估计同步待核验
XY_X-07-10-01,53,0.2825375,-9.0,-7.0,-4.0,-3.0,,估计同步待核验
XY_X-07-10-01,54,0.28692500000000004,-9.0,-7.0,-4.0,-3.0,,估计同步待核验
XY_X-07-10-01,55,0.29131250000000003,-8.374999999999902,-7.312500000000049,-4.0,-3.0,,估计同步待核验
XY_X-07-10-01,56,0.2957,-7.0,-8.0,-4.0,-3.0,,估计同步待核验
XY_X-07-10-01,57,0.3000875,-7.0,-8.0,-4.0,-3.0,,估计同步待核验
XY_X-07-10-01,58,0.304475,-9.0,-7.0,-4.0,-3.0,,估计同步待核验
XY_X-07-10-01,59,0.30886250000000004,-9.0,-7.0,-4.0,-3.0,,估计同步待核验
XY_X-07-10-01,60,0.31325000000000003,-8.499999999999945,-7.2500000000000275,-4.0,-3.0,,估计同步待核验
XY_X-07-10-01,61,0.3176375,-7.0,-8.0,-4.0,-3.0,,估计同步待核验
XY_X-07-10-01,62,0.322025,-7.0,-8.0,-4.0,-3.0,,估计同步待核验
XY_X-07-10-01,63,0.3264125,-9.0,-7.0,-4.0,-3.0,,估计同步待核验
XY_X-07-10-01,64,0.33080000000000004,-9.0,-7.0,-4.0,-3.0,,估计同步待核验
XY_X-07-10-01,65,0.3351875,-8.624999999999986,-7.187500000000007,-4.0,-3.0,,估计同步待核验
XY_X-07-10-01,66,0.339575,-7.0,-8.0,-4.0,-3.0,,估计同步待核验
XY_X-07-10-01,67,0.3439625,-7.0,-8.0,-4.0,-3.0,,估计同步待核验
XY_X-07-10-01,68,0.34835,-8.0,-8.0,-4.0,-3.0,,估计同步待核验
XY_X-07-10-01,69,0.35273750000000004,-8.0,-8.0,-4.0,-3.0,,估计同步待核验
XY_X-07-10-01,70,0.357125,-8.0,-8.0,-4.0,-3.0,,估计同步待核验
XY_X-07-10-01,71,0.3615125,-8.0,-8.0,-4.0,-3.0,,估计同步待核验
XY_X-07-10-01,72,0.3659,-8.0,-8.0,-4.0,-3.0,,估计同步待核验
XY_X-07-10-01,73,0.3702875,-8.0,-8.0,-4.0,-3.0,,估计同步待核验
XY_X-07-10-01,74,0.37467500000000004,-8.0,-8.0,-4.0,-3.0,,估计同步待核验
XY_X-07-10-01,75,0.3790625,-8.062500000000021,-7.93749999999998,-4.06250000000002,-3.0,,估计同步待核验
XY_X-07-10-01,76,0.38345,-9.0,-7.0,-5.0,-3.0,,估计同步待核验
XY_X-07-10-01,77,0.38783750000000006,-9.0,-7.0,-5.0,-3.0,,估计同步待核验
XY_X-07-10-01,78,0.392225,-7.0,-8.0,-4.0,-3.0,,估计同步待核验
XY_X-07-10-01,79,0.39661250000000003,-7.0,-8.0,-4.0,-3.0,,估计同步待核验
XY_X-07-10-01,80,0.401,-7.0,-8.0,-4.0,-3.0,文件末帧,估计同步待核验
XY_Xy-0.1-01,0,0.202,-6.0,-11.0,-22.0,-16.0,加载起点,估计同步待核验
XY_Xy-0.1-01,1,0.32734027777777774,-22.0,-28.0,-38.0,-32.0,,估计同步待核验
XY_Xy-0.1-01,2,0.45268055555555553,-39.0,-45.0,-55.0,-49.0,,估计同步待核验
XY_Xy-0.1-01,3,0.5780208333333333,-60.0,-64.0,-74.0,-69.0,,估计同步待核验
XY_Xy-0.1-01,4,0.7033611111111111,-76.0,-81.0,-91.0,-85.0,,估计同步待核验
XY_Xy-0.1-01,5,0.828701388888889,-94.10416666666713,-99.70138888888904,-110.40277777777808,-104.40277777777808,,估计同步待核验
XY_Xy-0.1-01,6,0.9540416666666667,-114.0,-118.0,-128.0,-122.0,,估计同步待核验
XY_Xy-0.1-01,7,1.0793819444444444,-131.0,-136.0,-146.0,-140.0,,估计同步待核验
XY_Xy-0.1-01,8,1.204722222222222,-147.0,-155.0,-165.0,-159.0,,估计同步待核验
XY_Xy-0.1-01,9,1.3300625,-164.0,-172.0,-183.0,-176.0,,估计同步待核验
XY_Xy-0.1-01,10,1.4554027777777778,-182.8055555555556,-190.8055555555556,-200.8055555555556,-193.8055555555556,,估计同步待核验
XY_Xy-0.1-01,11,1.5807430555555555,-201.0,-209.0,-219.0,-213.0,,估计同步待核验
XY_Xy-0.1-01,12,1.7060833333333332,-217.0,-227.0,-237.0,-229.0,,估计同步待核验
XY_Xy-0.1-01,13,1.831423611111111,-238.0,-245.0,-255.0,-248.0,,估计同步待核验
XY_Xy-0.1-01,14,1.9567638888888887,-254.0,-262.0,-273.0,-264.0,,估计同步待核验
XY_Xy-0.1-01,15,2.082104166666667,-270.89583333333303,-278.20833333333394,-290.20833333333394,-282.20833333333394,,估计同步待核验
XY_Xy-0.1-01,16,2.207444444444444,-288.0,-297.0,-309.0,-301.0,,估计同步待核验
XY_Xy-0.1-01,17,2.332784722222222,-305.0,-314.0,-326.0,-317.0,,估计同步待核验
XY_Xy-0.1-01,18,2.458125,-322.0,-333.0,-343.0,-336.0,,估计同步待核验
XY_Xy-0.1-01,19,2.5834652777777776,-338.0,-350.0,-360.0,-352.0,,估计同步待核验
XY_Xy-0.1-01,20,2.7088055555555557,-355.0,-367.0,-377.0,-368.0,,估计同步待核验
XY_Xy-0.1-01,21,2.8341458333333334,-375.0,-385.0,-395.0,-386.0,,估计同步待核验
XY_Xy-0.1-01,22,2.959486111111111,-391.0,-400.0,-412.0,-403.0,,估计同步待核验
XY_Xy-0.1-01,23,3.0848263888888887,-408.0,-420.0,-430.0,-422.0,,估计同步待核验
XY_Xy-0.1-01,24,3.2101666666666664,-425.0,-436.0,-446.0,-437.0,,估计同步待核验
XY_Xy-0.1-01,25,3.335506944444444,-441.0,-453.0138888888883,-464.0138888888883,-454.5069444444442,,估计同步待核验
XY_Xy-0.1-01,26,3.460847222222222,-458.0,-471.0,-480.0,-471.0,,估计同步待核验
XY_Xy-0.1-01,27,3.5861875,-474.0,-487.0,-497.0,-488.0,,估计同步待核验
XY_Xy-0.1-01,28,3.7115277777777775,-492.0,-504.0,-515.0,-505.0,,估计同步待核验
XY_Xy-0.1-01,29,3.8368680555555557,-508.0,-520.0,-531.0,-521.0,,估计同步待核验
XY_Xy-0.1-01,30,3.9622083333333333,-525.0,-537.2083333333331,-546.4166666666663,-536.2083333333331,,估计同步待核验
XY_Xy-0.1-01,31,4.087548611111111,-541.0,-554.0,-564.0,-553.0,,估计同步待核验
XY_Xy-0.1-01,32,4.212888888888888,-558.0,-570.0,-581.0,-570.0,,估计同步待核验
XY_Xy-0.1-01,33,4.338229166666666,-573.0,-588.0,-597.0,-586.0,,估计同步待核验
XY_Xy-0.1-01,34,4.4635694444444445,-589.0,-604.0,-613.0,-602.0,,估计同步待核验
XY_Xy-0.1-01,35,4.588909722222222,-604.0,-620.0,-628.0,-618.0,,估计同步待核验
XY_Xy-0.1-01,36,4.71425,-623.0,-637.0,-646.0,-635.0,,估计同步待核验
XY_Xy-0.1-01,37,4.839590277777777,-638.0,-652.0,-662.0,-651.0,,估计同步待核验
XY_Xy-0.1-01,38,4.964930555555555,-655.0,-669.0,-679.0,-668.0,,估计同步待核验
XY_Xy-0.1-01,39,5.090270833333332,-671.0,-685.0,-695.0,-683.0,,估计同步待核验
XY_Xy-0.1-01,40,5.215611111111111,-687.0,-700.0,-710.0,-698.0,,估计同步待核验
XY_Xy-0.1-01,41,5.340951388888889,-700.0,-717.0,-727.0,-714.0,,估计同步待核验
XY_Xy-0.1-01,42,5.466291666666667,-716.0,-732.0,-742.0,-730.0,,估计同步待核验
XY_Xy-0.1-01,43,5.591631944444444,-734.0,-749.0,-759.0,-747.0,,估计同步待核验
XY_Xy-0.1-01,44,5.716972222222222,-749.0,-764.0,-774.0,-762.0,,估计同步待核验
XY_Xy-0.1-01,45,5.8423125,-763.0,-780.0,-790.0,-777.0,,估计同步待核验
XY_Xy-0.1-01,46,5.9676527777777775,-780.0,-795.0,-806.0,-793.0,,估计同步待核验
XY_Xy-0.1-01,47,6.092993055555556,-795.0,-810.0,-821.0,-808.0,,估计同步待核验
XY_Xy-0.1-01,48,6.218333333333333,-808.0,-826.0,-837.0,-824.0,,估计同步待核验
XY_Xy-0.1-01,49,6.343673611111111,-823.0,-841.0,-852.0,-838.0,,估计同步待核验
XY_Xy-0.1-01,50,6.469013888888888,-838.0,-856.0,-866.0,-853.0,,估计同步待核验
XY_Xy-0.1-01,51,6.594354166666667,-854.0,-871.0,-883.0,-869.0,,估计同步待核验
XY_Xy-0.1-01,52,6.719694444444444,-868.0,-886.0,-897.0,-884.0,,估计同步待核验
XY_Xy-0.1-01,53,6.8450347222222225,-885.0,-900.0,-913.0,-899.0,,估计同步待核验
XY_Xy-0.1-01,54,6.970375,-899.0,-914.0,-927.0,-912.0,,估计同步待核验
XY_Xy-0.1-01,55,7.095715277777777,-912.0,-927.0,-941.0,-927.0,,估计同步待核验
XY_Xy-0.1-01,56,7.221055555555555,-925.0,-944.0,-957.0,-942.0,,估计同步待核验
XY_Xy-0.1-01,57,7.346395833333332,-940.0,-957.0,-970.0,-956.0,,估计同步待核验
XY_Xy-0.1-01,58,7.471736111111111,-953.736111111111,-971.4722222222221,-984.736111111111,-970.736111111111,,估计同步待核验
XY_Xy-0.1-01,59,7.597076388888889,-967.0,-986.0,-999.0,-985.0,,估计同步待核验
XY_Xy-0.1-01,60,7.722416666666667,-980.0,-1000.0,-1012.0,-998.0,,估计同步待核验
XY_Xy-0.1-01,61,7.847756944444444,-996.0,-1013.0,-1028.0,-1013.0,,估计同步待核验
XY_Xy-0.1-01,62,7.973097222222222,-1010.0,-1027.0,-1041.0,-1027.0,,估计同步待核验
XY_Xy-0.1-01,63,8.0984375,-1022.5625000000013,-1039.8749999999975,-1055.4374999999989,-1040.4374999999989,,估计同步待核验
XY_Xy-0.1-01,64,8.223777777777777,-1035.0,-1054.0,-1069.0,-1055.0,,估计同步待核验
XY_Xy-0.1-01,65,8.349118055555556,-1048.0,-1066.0,-1082.0,-1067.0,,估计同步待核验
XY_Xy-0.1-01,66,8.474458333333333,-1061.0,-1081.0,-1096.0,-1081.0,,估计同步待核验
XY_Xy-0.1-01,67,8.599798611111112,-1073.0,-1093.0,-1107.0,-1094.0,,估计同步待核验
XY_Xy-0.1-01,68,8.725138888888889,-1085.4166666666677,-1105.0,-1120.2777777777783,-1106.2777777777783,,估计同步待核验
XY_Xy-0.1-01,69,8.850479166666666,-1100.0,-1117.0,-1135.0,-1120.0,,估计同步待核验
XY_Xy-0.1-01,70,8.975819444444443,-1112.0,-1130.0,-1146.0,-1133.0,,估计同步待核验
XY_Xy-0.1-01,71,9.101159722222222,-1125.0,-1143.0,-1160.0,-1145.0,,估计同步待核验
XY_Xy-0.1-01,72,9.2265,-1136.0,-1154.0,-1172.0,-1158.0,,估计同步待核验
XY_Xy-0.1-01,73,9.351840277777777,-1149.0,-1167.0,-1183.0,-1169.0,,估计同步待核验
XY_Xy-0.1-01,74,9.477180555555554,-1159.0,-1179.0,-1195.0,-1182.0,,估计同步待核验
XY_Xy-0.1-01,75,9.602520833333333,-1170.0,-1190.0,-1208.0,-1194.0,,估计同步待核验
XY_Xy-0.1-01,76,9.72786111111111,-1185.0,-1202.0,-1220.0,-1206.0,,估计同步待核验
XY_Xy-0.1-01,77,9.853201388888888,-1195.0,-1213.0,-1231.0,-1217.0,,估计同步待核验
XY_Xy-0.1-01,78,9.978541666666665,-1206.0,-1224.0,-1242.0,-1228.0,,估计同步待核验
XY_Xy-0.1-01,79,10.103881944444446,-1218.0,-1236.0,-1253.0,-1240.0,,估计同步待核验
XY_Xy-0.1-01,80,10.229222222222223,-1228.0,-1246.0,-1264.0,-1250.0,,估计同步待核验
XY_Xy-0.1-01,81,10.3545625,-1237.0,-1257.0,-1275.0,-1262.0,,估计同步待核验
XY_Xy-0.1-01,82,10.479902777777777,-1248.0,-1268.0,-1285.0,-1273.0,,估计同步待核验
XY_Xy-0.1-01,83,10.605243055555555,-1257.0,-1277.0,-1295.0,-1282.0,,估计同步待核验
XY_Xy-0.1-01,84,10.730583333333334,-1270.0,-1288.0,-1305.0,-1292.0,,估计同步待核验
XY_Xy-0.1-01,85,10.85592361111111,-1279.0,-1297.0,-1315.0,-1302.0,,估计同步待核验
XY_Xy-0.1-01,86,10.981263888888888,-1289.0,-1307.0,-1325.0,-1312.0,,估计同步待核验
XY_Xy-0.1-01,87,11.106604166666665,-1298.0,-1316.0,-1334.0,-1321.0,,估计同步待核验
XY_Xy-0.1-01,88,11.231944444444444,-1307.0,-1324.0,-1343.0,-1329.0,,估计同步待核验
XY_Xy-0.1-01,89,11.357284722222222,-1315.0,-1335.0,-1352.0,-1340.0,,估计同步待核验
XY_Xy-0.1-01,90,11.482625,-1323.0,-1343.0,-1360.0,-1347.0,,估计同步待核验
XY_Xy-0.1-01,91,11.607965277777778,-1332.9305555555545,-1351.0,-1368.9652777777771,-1355.9652777777771,,估计同步待核验
XY_Xy-0.1-01,92,11.733305555555555,-1340.0,-1359.0,-1376.0,-1363.0,,估计同步待核验
XY_Xy-0.1-01,93,11.858645833333334,-1347.0,-1367.0,-1383.0,-1370.0,,估计同步待核验
XY_Xy-0.1-01,94,11.983986111111111,-1356.0,-1374.0,-1391.0,-1378.0,,估计同步待核验
XY_Xy-0.1-01,95,12.109326388888888,-1363.0,-1380.0,-1398.0,-1385.0,,估计同步待核验
XY_Xy-0.1-01,96,12.234666666666666,-1368.6666666666679,-1387.666666666666,-1404.0,-1391.666666666666,,估计同步待核验
XY_Xy-0.1-01,97,12.360006944444445,-1374.0,-1394.0,-1410.0,-1397.0,,估计同步待核验
XY_Xy-0.1-01,98,12.485347222222222,-1381.0,-1400.0,-1416.0,-1403.0,,估计同步待核验
XY_Xy-0.1-01,99,12.6106875,-1387.0,-1406.0,-1421.0,-1408.0,,估计同步待核验
XY_Xy-0.1-01,100,12.736027777777776,-1391.0,-1411.0,-1426.0,-1413.0,,估计同步待核验
XY_Xy-0.1-01,101,12.861368055555554,-1396.7361111111063,-1416.0,-1430.3680555555532,-1418.0,,估计同步待核验
XY_Xy-0.1-01,102,12.986708333333334,-1402.0,-1419.0,-1435.0,-1423.0,,估计同步待核验
XY_Xy-0.1-01,103,13.112048611111112,-1407.0,-1424.0,-1439.0,-1425.0,,估计同步待核验
XY_Xy-0.1-01,104,13.237388888888889,-1408.0,-1428.0,-1442.0,-1430.0,,估计同步待核验
XY_Xy-0.1-01,105,13.362729166666666,-1413.0,-1431.0,-1446.0,-1433.0,,估计同步待核验
XY_Xy-0.1-01,106,13.488069444444445,-1416.0,-1434.0694444444455,-1449.0,-1436.0694444444455,,估计同步待核验
XY_Xy-0.1-01,107,13.613409722222222,-1418.0,-1438.0,-1450.0,-1438.0,,估计同步待核验
XY_Xy-0.1-01,108,13.73875,-1420.0,-1440.0,-1453.0,-1440.0,,估计同步待核验
XY_Xy-0.1-01,109,13.864090277777777,-1426.0,-1443.0,-1456.0,-1443.0,,估计同步待核验
XY_Xy-0.1-01,110,13.989430555555554,-1428.0,-1445.0,-1458.0,-1445.0,,估计同步待核验
XY_Xy-0.1-01,111,14.114770833333333,-1429.0,-1446.0,-1459.0,-1446.0,,估计同步待核验
XY_Xy-0.1-01,112,14.24011111111111,-1430.0,-1448.0,-1461.0,-1449.0,,估计同步待核验
XY_Xy-0.1-01,113,14.365451388888888,-1432.0,-1450.0,-1462.0,-1449.0,,估计同步待核验
XY_Xy-0.1-01,114,14.490791666666665,-1432.0,-1452.0,-1463.0,-1451.0,,估计同步待核验
XY_Xy-0.1-01,115,14.616131944444446,-1433.0,-1453.0,-1465.0,-1452.0,,估计同步待核验
XY_Xy-0.1-01,116,14.741472222222223,-1435.0,-1455.0,-1465.0,-1453.0,,估计同步待核验
XY_Xy-0.1-01,117,14.8668125,-1439.0,-1455.0,-1467.0,-1454.0,,估计同步待核验
XY_Xy-0.1-01,118,14.992152777777777,-1439.0,-1456.0,-1468.0,-1456.0,,估计同步待核验
XY_Xy-0.1-01,119,15.117493055555554,-1440.0,-1458.0,-1469.0,-1456.0,,估计同步待核验
XY_Xy-0.1-01,120,15.242833333333333,-1442.0,-1459.0,-1470.0,-1457.0,,估计同步待核验
XY_Xy-0.1-01,121,15.36817361111111,-1442.0,-1460.0,-1471.0,-1459.0,,估计同步待核验
XY_Xy-0.1-01,122,15.493513888888888,-1442.0,-1462.0,-1472.0,-1460.0,,估计同步待核验
XY_Xy-0.1-01,123,15.618854166666665,-1443.0,-1462.0,-1472.0,-1460.0,,估计同步待核验
XY_Xy-0.1-01,124,15.744194444444444,-1446.0,-1464.0,-1474.0,-1461.0,,估计同步待核验
XY_Xy-0.1-01,125,15.869534722222221,-1447.0,-1465.0,-1475.0,-1463.0,,估计同步待核验
XY_Xy-0.1-01,126,15.994874999999999,-1448.0,-1466.0,-1476.0,-1463.0,,估计同步待核验
XY_Xy-0.1-01,127,16.120215277777778,-1449.0,-1466.0,-1477.0,-1465.0,,估计同步待核验
XY_Xy-0.1-01,128,16.245555555555555,-1451.0,-1468.0,-1479.0,-1466.0,,估计同步待核验
XY_Xy-0.1-01,129,16.370895833333336,-1450.3124999999898,-1469.8958333333367,-1480.0,-1467.0,,估计同步待核验
XY_Xy-0.1-01,130,16.496236111111113,-1452.0,-1471.0,-1480.0,-1468.0,,估计同步待核验
XY_Xy-0.1-01,131,16.62157638888889,-1453.0,-1472.0,-1482.0,-1469.0,,估计同步待核验
XY_Xy-0.1-01,132,16.746916666666667,-1456.0,-1473.0,-1484.0,-1471.0,,估计同步待核验
XY_Xy-0.1-01,133,16.872256944444448,-1457.0,-1476.0,-1485.0,-1472.0,,估计同步待核验
XY_Xy-0.1-01,134,16.997597222222225,-1458.5972222222247,-1476.4027777777753,-1486.0,-1474.0,,估计同步待核验
XY_Xy-0.1-01,135,17.122937500000003,-1461.0,-1477.0,-1488.0,-1476.0,,估计同步待核验
XY_Xy-0.1-01,136,17.24827777777778,-1463.0,-1480.0,-1489.0,-1476.0,,估计同步待核验
XY_Xy-0.1-01,137,17.373618055555557,-1462.0,-1481.0,-1491.0,-1478.0,,估计同步待核验
XY_Xy-0.1-01,138,17.498958333333334,-1464.0,-1483.0,-1492.0,-1479.0,,估计同步待核验
XY_Xy-0.1-01,139,17.62429861111111,-1466.2986111111125,-1485.0,-1494.0,-1481.0,,估计同步待核验
XY_Xy-0.1-01,140,17.74963888888889,-1468.0,-1486.0,-1495.0,-1483.0,,估计同步待核验
XY_Xy-0.1-01,141,17.874979166666666,-1469.0,-1488.0,-1497.0,-1485.0,,估计同步待核验
XY_Xy-0.1-01,142,18.000319444444447,-1473.0,-1490.0,-1499.0,-1487.0,,估计同步待核验
XY_Xy-0.1-01,143,18.125659722222224,-1475.0,-1491.0,-1500.0,-1488.0,,估计同步待核验
XY_Xy-0.1-01,144,18.251,-1477.0,-1493.0,-1502.0,-1490.0,,估计同步待核验
XY_Xy-0.1-01,145,18.37634027777778,-1477.0,-1495.0,-1504.0,-1491.0,,估计同步待核验
XY_Xy-0.1-01,146,18.501680555555556,-1480.0,-1497.0,-1506.0,-1493.0,,估计同步待核验
XY_Xy-0.1-01,147,18.627020833333333,-1481.0,-1499.0,-1507.0,-1495.0,,估计同步待核验
XY_Xy-0.1-01,148,18.75236111111111,-1482.0,-1501.0,-1509.0,-1497.0,,估计同步待核验
XY_Xy-0.1-01,149,18.87770138888889,-1484.0,-1504.0,-1511.0,-1499.0,,估计同步待核验
XY_Xy-0.1-01,150,19.003041666666668,-1489.0,-1505.0,-1513.0,-1500.0,,估计同步待核验
XY_Xy-0.1-01,151,19.128381944444445,-1490.0,-1507.0,-1515.0,-1502.0,,估计同步待核验
XY_Xy-0.1-01,152,19.253722222222223,-1490.0,-1509.0,-1517.0,-1504.0,,估计同步待核验
XY_Xy-0.1-01,153,19.3790625,-1493.0,-1511.0,-1518.0,-1506.0,,估计同步待核验
XY_Xy-0.1-01,154,19.504402777777777,-1495.0,-1512.0,-1520.0,-1508.0,,估计同步待核验
XY_Xy-0.1-01,155,19.629743055555554,-1495.0,-1515.0,-1522.0,-1510.0,,估计同步待核验
XY_Xy-0.1-01,156,19.75508333333333,-1497.0,-1517.0,-1524.0,-1511.0,,估计同步待核验
XY_Xy-0.1-01,157,19.88042361111111,-1501.0,-1518.0,-1526.0,-1513.0,,估计同步待核验
XY_Xy-0.1-01,158,20.005763888888893,-1503.0,-1520.0,-1527.0,-1515.0,,估计同步待核验
XY_Xy-0.1-01,159,20.13110416666667,-1505.0,-1522.0,-1529.0,-1518.0,,估计同步待核验
XY_Xy-0.1-01,160,20.256444444444448,-1507.0,-1524.0,-1531.0,-1519.0,,估计同步待核验
XY_Xy-0.1-01,161,20.381784722222225,-1509.0,-1526.0,-1534.0,-1521.0,,估计同步待核验
XY_Xy-0.1-01,162,20.507125000000002,-1509.0,-1528.0,-1535.0,-1522.0,,估计同步待核验
XY_Xy-0.1-01,163,20.63246527777778,-1511.0,-1530.0,-1536.0,-1524.0,,估计同步待核验
XY_Xy-0.1-01,164,20.757805555555557,-1512.0,-1531.0,-1538.0,-1525.0,,估计同步待核验
XY_Xy-0.1-01,165,20.883145833333334,-1516.0,-1533.0,-1540.0,-1527.0,,估计同步待核验
XY_Xy-0.1-01,166,21.00848611111111,-1517.0,-1535.0,-1541.0,-1529.0,,估计同步待核验
XY_Xy-0.1-01,167,21.13382638888889,-1519.0,-1536.0,-1544.0,-1531.0,,估计同步待核验
XY_Xy-0.1-01,168,21.25916666666667,-1521.0,-1538.0,-1546.0,-1533.0,,估计同步待核验
XY_Xy-0.1-01,169,21.384506944444446,-1523.0,-1540.0,-1547.0,-1534.0,,估计同步待核验
XY_Xy-0.1-01,170,21.509847222222223,-1522.0,-1541.0,-1548.0,-1536.0,,估计同步待核验
XY_Xy-0.1-01,171,21.6351875,-1524.0,-1543.0,-1550.0,-1537.0,,估计同步待核验
XY_Xy-0.1-01,172,21.760527777777778,-1528.0,-1545.0,-1552.0,-1539.0,,估计同步待核验
XY_Xy-0.1-01,173,21.885868055555555,-1528.0,-1546.0,-1553.0,-1540.0,,估计同步待核验
XY_Xy-0.1-01,174,22.011208333333332,-1530.0,-1548.0,-1554.0,-1542.0,,估计同步待核验
XY_Xy-0.1-01,175,22.13654861111111,-1533.0,-1549.0,-1557.0,-1544.0,,估计同步待核验
XY_Xy-0.1-01,176,22.26188888888889,-1535.0,-1550.0,-1558.0,-1546.0,,估计同步待核验
XY_Xy-0.1-01,177,22.387229166666668,-1534.0,-1552.0,-1559.0,-1547.0,,估计同步待核验
XY_Xy-0.1-01,178,22.512569444444445,-1535.0,-1554.0,-1561.0,-1549.0,,估计同步待核验
XY_Xy-0.1-01,179,22.637909722222222,-1538.0,-1556.0,-1563.0,-1550.0,,估计同步待核验
XY_Xy-0.1-01,180,22.763250000000003,-1539.0,-1557.0,-1564.0,-1552.0,,估计同步待核验
XY_Xy-0.1-01,181,22.88859027777778,-1541.0,-1559.0,-1567.0,-1554.0,,估计同步待核验
XY_Xy-0.1-01,182,23.013930555555557,-1543.8611111111156,-1560.069444444442,-1567.930555555558,-1555.0,,估计同步待核验
XY_Xy-0.1-01,183,23.139270833333335,-1546.0,-1561.0,-1569.0,-1556.0,,估计同步待核验
XY_Xy-0.1-01,184,23.264611111111112,-1547.0,-1563.0,-1571.0,-1558.0,,估计同步待核验
XY_Xy-0.1-01,185,23.389951388888893,-1547.0,-1565.0,-1572.0,-1559.0,,估计同步待核验
XY_Xy-0.1-01,186,23.51529166666667,-1549.0,-1566.0,-1573.0,-1561.0,,估计同步待核验
XY_Xy-0.1-01,187,23.640631944444447,-1550.368055555552,-1567.631944444448,-1574.0,-1562.0,,估计同步待核验
XY_Xy-0.1-01,188,23.765972222222224,-1551.0,-1569.0,-1576.0,-1564.0,,估计同步待核验
XY_Xy-0.1-01,189,23.8913125,-1552.0,-1571.0,-1577.0,-1565.0,,估计同步待核验
XY_Xy-0.1-01,190,24.01665277777778,-1556.0,-1572.0,-1579.0,-1566.0,,估计同步待核验
XY_Xy-0.1-01,191,24.141993055555556,-1558.0,-1573.0,-1581.0,-1568.0,,估计同步待核验
XY_Xy-0.1-01,192,24.267333333333333,-1558.6666666666667,-1575.0,-1582.0,-1569.0,,估计同步待核验
XY_Xy-0.1-01,193,24.39267361111111,-1560.0,-1576.0,-1583.0,-1571.0,,估计同步待核验
XY_Xy-0.1-01,194,24.51801388888889,-1561.0,-1577.0,-1585.0,-1572.0,,估计同步待核验
XY_Xy-0.1-01,195,24.64335416666667,-1561.0,-1579.0,-1585.0,-1572.0,,估计同步待核验
XY_Xy-0.1-01,196,24.768694444444446,-1563.0,-1581.0,-1586.0,-1574.0,,估计同步待核验
XY_Xy-0.1-01,197,24.894034722222223,-1564.0694444444491,-1582.0,-1587.0347222222244,-1575.0,,估计同步待核验
XY_Xy-0.1-01,198,25.019375,-1567.0,-1583.0,-1589.0,-1577.0,,估计同步待核验
XY_Xy-0.1-01,199,25.144715277777777,-1568.0,-1584.0,-1590.0,-1578.0,,估计同步待核验
XY_Xy-0.1-01,200,25.270055555555555,-1569.0,-1585.0,-1591.0,-1579.0,,估计同步待核验
XY_Xy-0.1-01,201,25.395395833333332,-1571.0,-1587.0,-1593.0,-1579.0,,估计同步待核验
XY_Xy-0.1-01,202,25.52073611111111,-1573.0,-1588.0,-1594.0,-1581.0,,估计同步待核验
XY_Xy-0.1-01,203,25.646076388888893,-1571.0,-1589.0,-1594.0,-1581.0,,估计同步待核验
XY_Xy-0.1-01,204,25.77141666666667,-1572.0,-1590.0,-1595.0,-1583.0,,估计同步待核验
XY_Xy-0.1-01,205,25.896756944444448,-1576.0,-1592.0,-1597.0,-1584.0,,估计同步待核验
XY_Xy-0.1-01,206,26.022097222222225,-1577.0,-1593.0,-1597.0,-1585.0,,估计同步待核验
XY_Xy-0.1-01,207,26.147437500000002,-1577.0,-1594.0,-1598.0,-1585.0,,估计同步待核验
XY_Xy-0.1-01,208,26.27277777777778,-1579.0,-1594.0,-1599.0,-1587.0,,估计同步待核验
XY_Xy-0.1-01,209,26.398118055555557,-1580.0,-1595.0,-1601.0,-1588.0,,估计同步待核验
XY_Xy-0.1-01,210,26.523458333333334,-1579.0,-1597.0,-1601.0,-1589.0,,估计同步待核验
XY_Xy-0.1-01,211,26.64879861111111,-1580.0,-1598.0,-1602.0,-1589.0,,估计同步待核验
XY_Xy-0.1-01,212,26.774138888888892,-1581.0,-1598.0,-1603.0,-1590.0,,估计同步待核验
XY_Xy-0.1-01,213,26.89947916666667,-1583.0,-1600.0,-1603.0,-1591.0,,估计同步待核验
XY_Xy-0.1-01,214,27.024819444444447,-1583.0,-1600.0,-1604.0,-1592.0,,估计同步待核验
XY_Xy-0.1-01,215,27.150159722222224,-1586.0,-1601.0,-1605.0,-1593.0,,估计同步待核验
XY_Xy-0.1-01,216,27.2755,-1587.0,-1602.0,-1606.0,-1594.0,,估计同步待核验
XY_Xy-0.1-01,217,27.400840277777778,-1587.0,-1602.0,-1607.0,-1594.0,,估计同步待核验
XY_Xy-0.1-01,218,27.526180555555555,-1586.0,-1603.0,-1607.0,-1595.0,,估计同步待核验
XY_Xy-0.1-01,219,27.651520833333333,-1587.0,-1604.0,-1607.0,-1595.0,,估计同步待核验
XY_Xy-0.1-01,220,27.77686111111111,-1588.0,-1605.0,-1608.0,-1596.0,,估计同步待核验
XY_Xy-0.1-01,221,27.90220138888889,-1589.0,-1606.0,-1609.0,-1597.0,,估计同步待核验
XY_Xy-0.1-01,222,28.027541666666668,-1589.0,-1607.0,-1610.0,-1598.0,,估计同步待核验
XY_Xy-0.1-01,223,28.152881944444445,-1592.0,-1607.0,-1611.0,-1597.0,力峰值,估计同步待核验
XY_Xy-0.1-01,224,28.278222222222222,-1592.0,-1607.0,-1611.0,-1598.0,,估计同步待核验
XY_Xy-0.1-01,225,28.4035625,-1591.8749999999995,-1608.0,-1611.0,-1598.0,,估计同步待核验
XY_Xy-0.1-01,226,28.528902777777777,-11.0,-20.0,-15.0,-9.0,峰后下降,估计同步待核验
XY_Xy-0.1-01,227,28.654243055555554,-12.0,-19.0,-13.0,-8.0,,估计同步待核验
XY_Xy-0.1-01,228,28.77958333333333,-11.0,-19.0,-13.0,-7.0,,估计同步待核验
XY_Xy-0.1-01,229,28.90492361111111,-11.0,-19.0,-13.0,-6.0,,估计同步待核验
XY_Xy-0.1-01,230,29.030263888888893,-11.527777777784685,-19.0,-13.263888888892343,-6.0,,估计同步待核验
XY_Xy-0.1-01,231,29.15560416666667,-13.0,-19.0,-14.0,-7.0,,估计同步待核验
XY_Xy-0.1-01,232,29.280944444444447,-13.0,-20.0,-14.0,-7.0,,估计同步待核验
XY_Xy-0.1-01,233,29.406284722222225,-12.0,-19.0,-14.0,-7.0,,估计同步待核验
XY_Xy-0.1-01,234,29.531625000000002,-13.0,-19.0,-14.0,-7.0,,估计同步待核验
XY_Xy-0.1-01,235,29.65696527777778,-13.0,-20.0,-14.0,-7.0,,估计同步待核验
XY_Xy-0.1-01,236,29.782305555555556,-11.0,-20.0,-14.0,-7.0,,估计同步待核验
XY_Xy-0.1-01,237,29.907645833333333,-11.0,-20.0,-14.0,-7.0,,估计同步待核验
XY_Xy-0.1-01,238,30.03298611111111,-13.0,-20.0,-15.0,-7.0,,估计同步待核验
XY_Xy-0.1-01,239,30.15832638888889,-13.0,-20.0,-15.0,-7.0,,估计同步待核验
XY_Xy-0.1-01,240,30.28366666666667,-13.0,-20.0,-14.0,-7.0,,估计同步待核验
XY_Xy-0.1-01,241,30.409006944444446,-13.0,-20.0,-15.0,-7.0,,估计同步待核验
XY_Xy-0.1-01,242,30.534347222222223,-14.0,-20.0,-15.0,-7.0,,估计同步待核验
XY_Xy-0.1-01,243,30.6596875,-11.0,-21.0,-14.0,-7.0,,估计同步待核验
XY_Xy-0.1-01,244,30.785027777777778,-11.0,-21.0,-15.0,-7.0,,估计同步待核验
XY_Xy-0.1-01,245,30.910368055555555,-12.0,-21.0,-15.0,-8.0,,估计同步待核验
XY_Xy-0.1-01,246,31.035708333333332,-13.0,-21.0,-15.0,-7.0,,估计同步待核验
XY_Xy-0.1-01,247,31.16104861111111,-13.0,-21.0,-15.0,-8.0,,估计同步待核验
XY_Xy-0.1-01,248,31.28638888888889,-14.0,-21.0,-15.0,-7.0,,估计同步待核验
XY_Xy-0.1-01,249,31.411729166666667,-14.0,-21.0,-16.0,-7.0,,估计同步待核验
XY_Xy-0.1-01,250,31.537069444444445,-14.0,-21.0,-16.0,-8.0,,估计同步待核验
XY_Xy-0.1-01,251,31.662409722222222,-12.0,-21.0,-15.0,-7.0,,估计同步待核验
XY_Xy-0.1-01,252,31.78775,-12.0,-21.0,-16.0,-7.0,,估计同步待核验
XY_Xy-0.1-01,253,31.91309027777778,-13.0,-21.0,-16.0,-7.0,,估计同步待核验
XY_Xy-0.1-01,254,32.03843055555556,-13.0,-21.0,-16.0,-8.0,,估计同步待核验
XY_Xy-0.1-01,255,32.16377083333333,-13.0,-22.0,-16.0,-7.0,,估计同步待核验
XY_Xy-0.1-01,256,32.289111111111104,-14.0,-22.0,-16.0,-7.0,,估计同步待核验
XY_Xy-0.1-01,257,32.414451388888885,-14.0,-21.0,-16.0,-7.0,,估计同步待核验
XY_Xy-0.1-01,258,32.539791666666666,-12.41666666666726,-22.0,-16.20833333333363,-8.0,,估计同步待核验
XY_Xy-0.1-01,259,32.66513194444444,-12.0,-22.0,-17.0,-8.0,,估计同步待核验
XY_Xy-0.1-01,260,32.79047222222222,-13.0,-22.0,-16.0,-8.0,,估计同步待核验
XY_Xy-0.1-01,261,32.915812499999994,-13.0,-22.0,-17.0,-8.0,,估计同步待核验
XY_Xy-0.1-01,262,33.041152777777775,-12.0,-23.0,-16.0,-8.0,,估计同步待核验
XY_Xy-0.1-01,263,33.16649305555555,-13.479166666648311,-22.506944444450564,-16.493055555549436,-8.0,,估计同步待核验
XY_Xy-0.1-01,264,33.29183333333333,-15.0,-22.0,-17.0,-8.0,,估计同步待核验
XY_Xy-0.1-01,265,33.4171736111111,-14.0,-22.0,-17.0,-8.0,,估计同步待核验
XY_Xy-0.1-01,266,33.54251388888889,-13.0,-22.0,-17.0,-7.0,,估计同步待核验
XY_Xy-0.1-01,267,33.667854166666665,-14.0,-22.0,-17.0,-8.0,,估计同步待核验
XY_Xy-0.1-01,268,33.793194444444445,-13.805555555553385,-23.0,-17.0,-8.0,,估计同步待核验
XY_Xy-0.1-01,269,33.91853472222222,-12.0,-23.0,-17.0,-8.0,,估计同步待核验
XY_Xy-0.1-01,270,34.043875,-12.0,-23.0,-17.0,-8.0,,估计同步待核验
XY_Xy-0.1-01,271,34.169215277777774,-15.0,-23.0,-17.0,-9.0,,估计同步待核验
XY_Xy-0.1-01,272,34.294555555555554,-14.0,-23.0,-18.0,-8.0,,估计同步待核验
XY_Xy-0.1-01,273,34.41989583333333,-14.0,-23.0,-18.0,-8.0,,估计同步待核验
XY_Xy-0.1-01,274,34.54523611111111,-14.0,-23.0,-18.0,-8.0,,估计同步待核验
XY_Xy-0.1-01,275,34.67057638888889,-14.0,-23.0,-18.0,-8.0,,估计同步待核验
XY_Xy-0.1-01,276,34.79591666666666,-12.0,-24.0,-17.0,-8.0,,估计同步待核验
XY_Xy-0.1-01,277,34.921256944444444,-12.0,-24.0,-18.0,-8.0,,估计同步待核验
XY_Xy-0.1-01,278,35.04659722222222,-12.0,-24.0,-18.0,-8.0,,估计同步待核验
XY_Xy-0.1-01,279,35.1719375,-14.0,-24.0,-18.0,-8.0,,估计同步待核验
XY_Xy-0.1-01,280,35.29727777777777,-14.0,-24.0,-18.0,-8.0,,估计同步待核验
XY_Xy-0.1-01,281,35.42261805555555,-14.0,-24.0,-18.0,-8.0,,估计同步待核验
XY_Xy-0.1-01,282,35.54795833333333,-15.0,-24.0,-18.0,-8.0,,估计同步待核验
XY_Xy-0.1-01,283,35.67329861111111,-15.0,-23.0,-18.0,-8.0,,估计同步待核验
XY_Xy-0.1-01,284,35.79863888888889,-12.0,-24.0,-18.0,-9.0,,估计同步待核验
XY_Xy-0.1-01,285,35.92397916666666,-13.0,-24.0,-18.0,-9.0,,估计同步待核验
XY_Xy-0.1-01,286,36.04931944444444,-14.0,-24.0,-19.0,-9.0,,估计同步待核验
XY_Xy-0.1-01,287,36.174659722222216,-14.0,-24.0,-19.0,-8.0,,估计同步待核验
XY_Xy-0.1-01,288,36.3,-14.0,-25.0,-18.0,-9.0,文件末帧、图像破坏候选,估计同步待核验
XY_XY-0.1-02,0,0.313,-24.0,-23.0,-24.0,-18.0,加载起点,估计同步待核验
XY_XY-0.1-02,1,0.42050387596899225,-39.0,-37.0,-40.0,-33.0,,估计同步待核验
XY_XY-0.1-02,2,0.5280077519379844,-54.0,-56.0,-56.0,-49.0,,估计同步待核验
XY_XY-0.1-02,3,0.6355116279069768,-73.0,-73.0,-73.0,-66.0,,估计同步待核验
XY_XY-0.1-02,4,0.7430155038759689,-88.0,-90.0,-90.0,-83.0,,估计同步待核验
XY_XY-0.1-02,5,0.8505193798449613,-102.0,-105.0,-106.0,-99.0,,估计同步待核验
XY_XY-0.1-02,6,0.9580232558139534,-122.0,-122.0,-123.0,-114.0,,估计同步待核验
XY_XY-0.1-02,7,1.0655271317829458,-137.0,-139.0,-140.0,-131.0,,估计同步待核验
XY_XY-0.1-02,8,1.173031007751938,-155.0,-155.0,-155.0,-148.0,,估计同步待核验
XY_XY-0.1-02,9,1.2805348837209303,-170.4651162790697,-171.6046511627909,-172.06976744186062,-163.06976744186062,,估计同步待核验
XY_XY-0.1-02,10,1.3880387596899224,-185.0,-187.0,-187.0,-178.0,,估计同步待核验
XY_XY-0.1-02,11,1.4955426356589148,-204.0,-204.0,-204.0,-195.0,,估计同步待核验
XY_XY-0.1-02,12,1.603046511627907,-218.0,-220.0,-220.0,-210.0,,估计同步待核验
XY_XY-0.1-02,13,1.7105503875968993,-236.0,-237.0,-238.0,-228.0,,估计同步待核验
XY_XY-0.1-02,14,1.8180542635658914,-251.0,-251.0,-252.0,-241.0,,估计同步待核验
XY_XY-0.1-02,15,1.9255581395348838,-266.0,-268.0,-267.0,-257.0,,估计同步待核验
XY_XY-0.1-02,16,2.033062015503876,-284.0,-284.0,-283.0,-272.0,,估计同步待核验
XY_XY-0.1-02,17,2.1405658914728685,-299.0,-301.0,-300.0,-289.0,,估计同步待核验
XY_XY-0.1-02,18,2.2480697674418604,-313.27906976744066,-315.06976744186017,-314.13953488372033,-302.06976744186017,,估计同步待核验
XY_XY-0.1-02,19,2.355573643410853,-331.0,-331.0,-330.0,-318.0,,估计同步待核验
XY_XY-0.1-02,20,2.463077519379845,-345.0,-347.0,-346.0,-334.0,,估计同步待核验
XY_XY-0.1-02,21,2.5705813953488375,-363.0,-363.0,-362.0,-350.0,,估计同步待核验
XY_XY-0.1-02,22,2.67808527131783,-378.0,-380.0,-377.0,-364.0,,估计同步待核验
XY_XY-0.1-02,23,2.785589147286822,-392.0,-394.0,-391.0,-378.0,,估计同步待核验
XY_XY-0.1-02,24,2.893093023255814,-408.0,-409.0,-407.0,-393.0,,估计同步待核验
XY_XY-0.1-02,25,3.0005968992248064,-423.0,-425.0,-422.0,-409.0,,估计同步待核验
XY_XY-0.1-02,26,3.108100775193799,-440.0,-441.0,-438.0,-423.0,,估计同步待核验
XY_XY-0.1-02,27,3.215604651162791,-454.0,-455.0,-452.0,-437.0,,估计同步待核验
XY_XY-0.1-02,28,3.323108527131783,-469.0,-471.0,-467.0,-453.0,,估计同步待核验
XY_XY-0.1-02,29,3.4306124031007754,-485.0,-486.0,-482.0,-468.0,,估计同步待核验
XY_XY-0.1-02,30,3.5381162790697678,-501.0,-502.0,-497.0,-483.0,,估计同步待核验
XY_XY-0.1-02,31,3.64562015503876,-515.6201550387602,-516.6201550387602,-511.6201550387602,-496.24031007752035,,估计同步待核验
XY_XY-0.1-02,32,3.753124031007752,-530.0,-531.0,-526.0,-511.0,,估计同步待核验
XY_XY-0.1-02,33,3.8606279069767444,-546.0,-547.0,-542.0,-526.0,,估计同步待核验
XY_XY-0.1-02,34,3.968131782945737,-560.0,-562.0,-556.0,-540.0,,估计同步待核验
XY_XY-0.1-02,35,4.075635658914728,-576.0,-578.0,-571.0,-554.0,,估计同步待核验
XY_XY-0.1-02,36,4.183139534883721,-590.0,-592.0,-584.0,-568.0,,估计同步待核验
XY_XY-0.1-02,37,4.290643410852713,-605.0,-607.0,-600.0,-583.0,,估计同步待核验
XY_XY-0.1-02,38,4.398147286821706,-621.0,-622.0,-614.0,-597.0,,估计同步待核验
XY_XY-0.1-02,39,4.505651162790698,-635.0,-637.0,-629.0,-612.0,,估计同步待核验
XY_XY-0.1-02,40,4.61315503875969,-648.4651162790677,-651.1550387596892,-642.1550387596892,-624.3100775193784,,估计同步待核验
XY_XY-0.1-02,41,4.720658914728682,-664.0,-665.0,-657.0,-639.0,,估计同步待核验
XY_XY-0.1-02,42,4.828162790697674,-678.0,-681.0,-671.0,-653.0,,估计同步待核验
XY_XY-0.1-02,43,4.935666666666666,-694.0,-695.0,-686.0,-667.0,,估计同步待核验
XY_XY-0.1-02,44,5.043170542635659,-708.0,-710.0,-701.0,-682.0,,估计同步待核验
XY_XY-0.1-02,45,5.150674418604651,-721.0,-723.0,-713.0,-694.0,,估计同步待核验
XY_XY-0.1-02,46,5.258178294573644,-737.0,-737.0,-727.0,-707.0,,估计同步待核验
XY_XY-0.1-02,47,5.365682170542636,-750.0,-752.0,-742.0,-723.0,,估计同步待核验
XY_XY-0.1-02,48,5.4731860465116275,-766.0,-767.0,-757.0,-737.0,,估计同步待核验
XY_XY-0.1-02,49,5.58068992248062,-779.0,-779.0,-769.0,-749.0,,估计同步待核验
XY_XY-0.1-02,50,5.688193798449612,-791.0,-794.0,-782.0,-763.0,,估计同步待核验
XY_XY-0.1-02,51,5.795697674418604,-808.0,-808.0,-797.0,-777.0,,估计同步待核验
XY_XY-0.1-02,52,5.903201550387597,-820.0,-822.0,-812.0,-791.0,,估计同步待核验
XY_XY-0.1-02,53,6.010705426356589,-834.8217054263555,-835.7054263565889,-824.4108527131777,-803.7054263565889,,估计同步待核验
XY_XY-0.1-02,54,6.118209302325582,-849.0,-848.0,-837.0,-817.0,,估计同步待核验
XY_XY-0.1-02,55,6.225713178294574,-859.0,-862.0,-851.0,-830.0,,估计同步待核验
XY_XY-0.1-02,56,6.3332170542635655,-876.0,-875.0,-866.0,-844.0,,估计同步待核验
XY_XY-0.1-02,57,6.440720930232558,-887.0,-890.0,-878.0,-857.0,,估计同步待核验
XY_XY-0.1-02,58,6.54822480620155,-899.0,-902.0,-890.0,-870.0,,估计同步待核验
XY_XY-0.1-02,59,6.655728682170542,-915.0,-915.0,-904.0,-883.0,,估计同步待核验
XY_XY-0.1-02,60,6.763232558139535,-926.0,-929.0,-917.0,-896.0,,估计同步待核验
XY_XY-0.1-02,61,6.870736434108527,-942.0,-941.0,-930.0,-909.0,,估计同步待核验
XY_XY-0.1-02,62,6.97824031007752,-952.7596899224802,-953.2403100775198,-942.2403100775198,-921.2403100775198,,估计同步待核验
XY_XY-0.1-02,63,7.085744186046512,-963.0,-966.0,-955.0,-934.0,,估计同步待核验
XY_XY-0.1-02,64,7.1932480620155035,-979.0,-979.0,-969.0,-947.0,,估计同步待核验
XY_XY-0.1-02,65,7.300751937984496,-990.0,-992.0,-980.0,-960.0,,估计同步待核验
XY_XY-0.1-02,66,7.408255813953488,-1005.0,-1004.0,-994.0,-973.0,,估计同步待核验
XY_XY-0.1-02,67,7.515759689922481,-1016.0,-1015.0,-1005.0,-984.0,,估计同步待核验
XY_XY-0.1-02,68,7.623263565891474,-1026.0,-1028.0,-1018.0,-997.0,,估计同步待核验
XY_XY-0.1-02,69,7.730767441860464,-1041.0,-1040.0,-1030.0,-1009.0,,估计同步待核验
XY_XY-0.1-02,70,7.838271317829457,-1051.0,-1053.0,-1042.0,-1022.0,,估计同步待核验
XY_XY-0.1-02,71,7.9457751937984495,-1061.0,-1064.0,-1053.0,-1033.0,,估计同步待核验
XY_XY-0.1-02,72,8.053279069767441,-1076.0,-1075.0,-1066.0,-1046.0,,估计同步待核验
XY_XY-0.1-02,73,8.160782945736434,-1086.0,-1088.0,-1077.0,-1058.0,,估计同步待核验
XY_XY-0.1-02,74,8.268286821705427,-1100.0,-1099.0,-1090.0,-1070.0,,估计同步待核验
XY_XY-0.1-02,75,8.37579069767442,-1110.0,-1110.7906976744202,-1101.7906976744202,-1081.7906976744202,,估计同步待核验
XY_XY-0.1-02,76,8.483294573643413,-1121.0,-1122.0,-1112.0,-1092.0,,估计同步待核验
XY_XY-0.1-02,77,8.590798449612404,-1134.0,-1133.0,-1124.0,-1104.0,,估计同步待核验
XY_XY-0.1-02,78,8.698302325581396,-1144.0,-1145.0,-1136.0,-1116.0,,估计同步待核验
XY_XY-0.1-02,79,8.805806201550388,-1158.0,-1157.0,-1148.0,-1128.0,,估计同步待核验
XY_XY-0.1-02,80,8.91331007751938,-1169.0,-1168.0,-1158.0,-1138.0,,估计同步待核验
XY_XY-0.1-02,81,9.020813953488373,-1178.0,-1179.0,-1170.0,-1150.0,,估计同步待核验
XY_XY-0.1-02,82,9.128317829457366,-1192.0,-1190.0,-1180.0,-1160.0,,估计同步待核验
XY_XY-0.1-02,83,9.235821705426359,-1201.0,-1202.0,-1191.0,-1172.0,,估计同步待核验
XY_XY-0.1-02,84,9.34332558139535,-1212.6511627906998,-1212.32558139535,-1201.32558139535,-1181.32558139535,,估计同步待核验
XY_XY-0.1-02,85,9.45082945736434,-1224.0,-1222.0,-1212.0,-1191.0,,估计同步待核验
XY_XY-0.1-02,86,9.558333333333334,-1234.0,-1234.0,-1223.0,-1202.0,,估计同步待核验
XY_XY-0.1-02,87,9.665837209302326,-1246.0,-1245.0,-1233.0,-1212.0,,估计同步待核验
XY_XY-0.1-02,88,9.77334108527132,-1256.0,-1256.0,-1243.0,-1223.0,,估计同步待核验
XY_XY-0.1-02,89,9.88084496124031,-1265.0,-1265.0,-1253.0,-1231.0,,估计同步待核验
XY_XY-0.1-02,90,9.988348837209303,-1276.0,-1275.0,-1263.0,-1242.0,,估计同步待核验
XY_XY-0.1-02,91,10.095852713178296,-1286.0,-1285.0,-1273.0,-1252.0,,估计同步待核验
XY_XY-0.1-02,92,10.203356589147289,-1296.0,-1295.0,-1283.0,-1261.0,,估计同步待核验
XY_XY-0.1-02,93,10.31086046511628,-1305.0,-1303.0,-1291.0,-1270.0,,估计同步待核验
XY_XY-0.1-02,94,10.418364341085272,-1315.0,-1313.0,-1301.0,-1279.0,,估计同步待核验
XY_XY-0.1-02,95,10.525868217054263,-1325.0,-1324.0,-1310.0,-1289.0,,估计同步待核验
XY_XY-0.1-02,96,10.633372093023256,-1334.0,-1333.0,-1319.0,-1297.0,,估计同步待核验
XY_XY-0.1-02,97,10.740875968992249,-1342.8759689922492,-1341.8759689922492,-1327.8759689922492,-1305.8759689922492,,估计同步待核验
XY_XY-0.1-02,98,10.848379844961242,-1350.0,-1349.0,-1336.0,-1314.0,,估计同步待核验
XY_XY-0.1-02,99,10.955883720930235,-1360.0,-1358.0,-1344.0,-1321.0,,估计同步待核验
XY_XY-0.1-02,100,11.063387596899226,-1368.0,-1367.0,-1352.0,-1329.0,,估计同步待核验
XY_XY-0.1-02,101,11.170891472868217,-1376.0,-1375.0,-1360.0,-1337.0,,估计同步待核验
XY_XY-0.1-02,102,11.27839534883721,-1384.0,-1382.0,-1368.0,-1345.0,,估计同步待核验
XY_XY-0.1-02,103,11.385899224806202,-1391.0,-1390.0,-1375.0,-1352.0,,估计同步待核验
XY_XY-0.1-02,104,11.493403100775195,-1399.0,-1397.0,-1382.0,-1359.0,,估计同步待核验
XY_XY-0.1-02,105,11.600906976744186,-1405.0,-1404.0,-1389.0,-1366.0,,估计同步待核验
XY_XY-0.1-02,106,11.708410852713179,-1411.821705426358,-1410.4108527131789,-1395.4108527131789,-1372.0,,估计同步待核验
XY_XY-0.1-02,107,11.815914728682172,-1419.0,-1417.0,-1401.0,-1377.0,,估计同步待核验
XY_XY-0.1-02,108,11.923418604651165,-1424.0,-1424.0,-1408.0,-1384.0,,估计同步待核验
XY_XY-0.1-02,109,12.030922480620156,-1432.0,-1429.0,-1414.0,-1390.0,,估计同步待核验
XY_XY-0.1-02,110,12.138426356589148,-1435.0,-1435.0,-1419.0,-1395.0,,估计同步待核验
XY_XY-0.1-02,111,12.24593023255814,-1440.0,-1440.0,-1424.0,-1400.0,,估计同步待核验
XY_XY-0.1-02,112,12.353434108527132,-1447.0,-1444.0,-1429.0,-1405.0,,估计同步待核验
XY_XY-0.1-02,113,12.460937984496125,-1449.0,-1449.0,-1434.0,-1410.0,,估计同步待核验
XY_XY-0.1-02,114,12.568441860465118,-1456.0,-1453.0,-1439.0,-1414.0,,估计同步待核验
XY_XY-0.1-02,115,12.67594573643411,-1458.1085271317793,-1457.9457364341104,-1442.0,-1417.0,,估计同步待核验
XY_XY-0.1-02,116,12.783449612403102,-1461.0,-1461.0,-1446.0,-1421.0,,估计同步待核验
XY_XY-0.1-02,117,12.890953488372093,-1467.0,-1463.0,-1450.0,-1426.0,,估计同步待核验
XY_XY-0.1-02,118,12.998457364341085,-1467.0,-1467.0,-1452.0,-1428.0,,估计同步待核验
XY_XY-0.1-02,119,13.105961240310078,-1473.0,-1469.0,-1455.0,-1430.0,,估计同步待核验
XY_XY-0.1-02,120,13.213465116279071,-1475.0,-1471.0,-1458.0,-1433.0,,估计同步待核验
XY_XY-0.1-02,121,13.320968992248062,-1474.0,-1474.0,-1460.0,-1435.0,,估计同步待核验
XY_XY-0.1-02,122,13.428472868217055,-1479.0,-1475.0,-1462.0,-1437.0,,估计同步待核验
XY_XY-0.1-02,123,13.535976744186048,-1479.0,-1478.0,-1463.0,-1439.0,,估计同步待核验
XY_XY-0.1-02,124,13.64348062015504,-1480.4418604651203,-1478.0,-1465.48062015504,-1440.0,,估计同步待核验
XY_XY-0.1-02,125,13.750984496124032,-1483.0,-1479.0,-1467.0,-1442.0,,估计同步待核验
XY_XY-0.1-02,126,13.858488372093024,-1482.0,-1482.0,-1467.0,-1443.0,,估计同步待核验
XY_XY-0.1-02,127,13.965992248062015,-1486.0,-1482.0,-1469.0,-1444.0,,估计同步待核验
XY_XY-0.1-02,128,14.073496124031008,-1483.0,-1483.0,-1470.0,-1445.0,,估计同步待核验
XY_XY-0.1-02,129,14.181000000000001,-1485.0,-1484.0,-1471.0,-1447.0,,估计同步待核验
XY_XY-0.1-02,130,14.288503875968994,-1488.0,-1484.0,-1473.0,-1447.0,,估计同步待核验
XY_XY-0.1-02,131,14.396007751937987,-1486.0,-1485.0,-1472.0,-1447.0,,估计同步待核验
XY_XY-0.1-02,132,14.503511627906978,-1489.0,-1485.0,-1473.0,-1448.0,,估计同步待核验
XY_XY-0.1-02,133,14.61101550387597,-1488.9689922480607,-1486.0155038759697,-1475.0,-1449.0155038759697,,估计同步待核验
XY_XY-0.1-02,134,14.718519379844963,-1488.0,-1487.0,-1474.0,-1450.0,,估计同步待核验
XY_XY-0.1-02,135,14.826023255813956,-1490.0,-1487.0,-1476.0,-1450.0,,估计同步待核验
XY_XY-0.1-02,136,14.933527131782949,-1489.0,-1488.0,-1476.0,-1451.0,,估计同步待核验
XY_XY-0.1-02,137,15.04103100775194,-1491.0,-1488.0,-1477.0,-1452.0,,估计同步待核验
XY_XY-0.1-02,138,15.148534883720929,-1492.0,-1489.0,-1477.0,-1453.0,,估计同步待核验
XY_XY-0.1-02,139,15.256038759689922,-1491.0,-1490.0,-1479.0,-1454.0,,估计同步待核验
XY_XY-0.1-02,140,15.363542635658915,-1493.0,-1490.0,-1480.0,-1454.0,,估计同步待核验
XY_XY-0.1-02,141,15.471046511627907,-1492.0,-1491.0,-1480.0,-1455.0,,估计同步待核验
XY_XY-0.1-02,142,15.5785503875969,-1493.0,-1491.0,-1480.0,-1455.0,,估计同步待核验
XY_XY-0.1-02,143,15.686054263565891,-1495.0,-1491.0,-1482.0,-1457.0,,估计同步待核验
XY_XY-0.1-02,144,15.793558139534884,-1494.0,-1493.0,-1482.0,-1457.0,,估计同步待核验
XY_XY-0.1-02,145,15.901062015503877,-1496.0,-1493.0,-1484.0,-1459.0,,估计同步待核验
XY_XY-0.1-02,146,16.00856589147287,-1496.43410852713,-1494.0,-1484.0,-1459.0,,估计同步待核验
XY_XY-0.1-02,147,16.11606976744186,-1496.0,-1495.0,-1485.0,-1460.0,,估计同步待核验
XY_XY-0.1-02,148,16.22357364341085,-1498.0,-1495.0,-1487.0,-1461.0,,估计同步待核验
XY_XY-0.1-02,149,16.331077519379846,-1498.0,-1497.0,-1487.0,-1463.0,,估计同步待核验
XY_XY-0.1-02,150,16.438581395348837,-1500.0,-1497.0,-1489.0,-1464.0,,估计同步待核验
XY_XY-0.1-02,151,16.54608527131783,-1501.0,-1499.0,-1489.0,-1464.0,,估计同步待核验
XY_XY-0.1-02,152,16.653589147286823,-1502.0,-1500.0,-1491.0,-1466.0,,估计同步待核验
XY_XY-0.1-02,153,16.761093023255814,-1503.0,-1501.0,-1492.0,-1467.0,,估计同步待核验
XY_XY-0.1-02,154,16.868596899224805,-1504.0,-1502.0,-1492.0,-1467.0,,估计同步待核验
XY_XY-0.1-02,155,16.976100775193796,-1505.0,-1503.0,-1494.1007751937968,-1469.1007751937968,,估计同步待核验
XY_XY-0.1-02,156,17.08360465116279,-1507.0,-1504.0,-1496.0,-1471.0,,估计同步待核验
XY_XY-0.1-02,157,17.19110852713178,-1508.0,-1506.0,-1497.0,-1472.0,,估计同步待核验
XY_XY-0.1-02,158,17.298612403100773,-1509.0,-1507.0,-1499.0,-1473.0,,估计同步待核验
XY_XY-0.1-02,159,17.406116279069767,-1510.0,-1509.0,-1499.0,-1474.0,,估计同步待核验
XY_XY-0.1-02,160,17.51362015503876,-1512.0,-1510.0,-1501.0,-1477.0,,估计同步待核验
XY_XY-0.1-02,161,17.621124031007753,-1514.0,-1512.0,-1503.0,-1478.0,,估计同步待核验
XY_XY-0.1-02,162,17.728627906976744,-1515.0,-1513.0,-1504.0,-1479.0,,估计同步待核验
XY_XY-0.1-02,163,17.836131782945735,-1516.0,-1514.0,-1506.0,-1481.0,,估计同步待核验
XY_XY-0.1-02,164,17.94363565891473,-1517.0,-1516.0,-1507.0,-1482.0,,估计同步待核验
XY_XY-0.1-02,165,18.05113953488372,-1520.0,-1518.0,-1509.0,-1484.0,,估计同步待核验
XY_XY-0.1-02,166,18.158643410852715,-1521.0,-1519.0,-1510.0,-1485.0,,估计同步待核验
XY_XY-0.1-02,167,18.266147286821706,-1524.0,-1521.0,-1512.0,-1488.0,,估计同步待核验
XY_XY-0.1-02,168,18.373651162790697,-1524.3488372093025,-1522.6511627906975,-1514.0,-1488.6511627906975,,估计同步待核验
XY_XY-0.1-02,169,18.48115503875969,-1526.0,-1525.0,-1515.0,-1490.0,,估计同步待核验
XY_XY-0.1-02,170,18.58865891472868,-1529.0,-1527.0,-1517.0,-1491.0,,估计同步待核验
XY_XY-0.1-02,171,18.696162790697674,-1529.0,-1528.0,-1518.0,-1493.0,,估计同步待核验
XY_XY-0.1-02,172,18.803666666666665,-1533.0,-1530.0,-1521.0,-1496.0,,估计同步待核验
XY_XY-0.1-02,173,18.911170542635656,-1533.0,-1531.0,-1522.0,-1496.0,,估计同步待核验
XY_XY-0.1-02,174,19.01867441860465,-1533.0,-1533.0,-1523.0,-1498.0,,估计同步待核验
XY_XY-0.1-02,175,19.12617829457364,-1538.0,-1535.0,-1526.0,-1500.0,,估计同步待核验
XY_XY-0.1-02,176,19.233682170542636,-1536.0,-1536.0,-1527.0,-1502.0,,估计同步待核验
XY_XY-0.1-02,177,19.341186046511627,-1539.3720930232528,-1538.0,-1528.1860465116263,-1503.0,,估计同步待核验
XY_XY-0.1-02,178,19.448689922480618,-1542.0,-1539.0,-1530.0,-1505.0,,估计同步待核验
XY_XY-0.1-02,179,19.556193798449613,-1542.0,-1542.0,-1532.0,-1507.0,,估计同步待核验
XY_XY-0.1-02,180,19.663697674418604,-1546.0,-1543.0,-1534.0,-1509.0,,估计同步待核验
XY_XY-0.1-02,181,19.771201550387598,-1545.0,-1545.0,-1535.0,-1510.0,,估计同步待核验
XY_XY-0.1-02,182,19.87870542635659,-1547.0,-1546.0,-1537.0,-1511.0,,估计同步待核验
XY_XY-0.1-02,183,19.98620930232558,-1551.0,-1548.0,-1539.0,-1514.0,,估计同步待核验
XY_XY-0.1-02,184,20.093713178294575,-1550.0,-1550.0,-1540.0,-1515.0,,估计同步待核验
XY_XY-0.1-02,185,20.201217054263566,-1554.0,-1551.0,-1542.0,-1516.0,,估计同步待核验
XY_XY-0.1-02,186,20.308720930232557,-1556.0,-1553.0,-1544.0,-1518.0,,估计同步待核验
XY_XY-0.1-02,187,20.416224806201548,-1555.0,-1555.0,-1546.0,-1520.0,,估计同步待核验
XY_XY-0.1-02,188,20.523728682170542,-1559.0,-1556.0,-1547.0,-1521.0,,估计同步待核验
XY_XY-0.1-02,189,20.631232558139533,-1559.0,-1558.0,-1548.0,-1523.0,,估计同步待核验
XY_XY-0.1-02,190,20.738736434108525,-1561.2093023255723,-1559.0,-1550.0,-1524.0,,估计同步待核验
XY_XY-0.1-02,191,20.84624031007752,-1563.0,-1560.0,-1552.0,-1526.0,,估计同步待核验
XY_XY-0.1-02,192,20.95374418604651,-1563.0,-1563.0,-1553.0,-1528.0,,估计同步待核验
XY_XY-0.1-02,193,21.061248062015505,-1566.0,-1563.0,-1555.0,-1530.0,,估计同步待核验
XY_XY-0.1-02,194,21.168751937984496,-1566.0,-1565.0,-1557.0,-1531.0,,估计同步待核验
XY_XY-0.1-02,195,21.276255813953487,-1567.0,-1567.0,-1559.0,-1533.0,,估计同步待核验
XY_XY-0.1-02,196,21.38375968992248,-1572.0,-1568.0,-1560.0,-1534.0,,估计同步待核验
XY_XY-0.1-02,197,21.491263565891472,-1571.0,-1570.0,-1561.0,-1535.0,,估计同步待核验
XY_XY-0.1-02,198,21.598767441860467,-1574.0,-1571.0,-1563.0,-1537.0,,估计同步待核验
XY_XY-0.1-02,199,21.706271317829458,-1574.4573643410838,-1572.2713178294582,-1565.0,-1538.2713178294582,,估计同步待核验
XY_XY-0.1-02,200,21.81377519379845,-1575.0,-1575.0,-1566.0,-1540.0,,估计同步待核验
XY_XY-0.1-02,201,21.921279069767444,-1578.0,-1575.0,-1568.0,-1541.0,,估计同步待核验
XY_XY-0.1-02,202,22.02878294573643,-1577.0,-1577.0,-1569.0,-1543.0,,估计同步待核验
XY_XY-0.1-02,203,22.136286821705426,-1581.0,-1578.0,-1571.0,-1545.0,,估计同步待核验
XY_XY-0.1-02,204,22.243790697674417,-1582.0,-1580.0,-1572.0,-1546.0,,估计同步待核验
XY_XY-0.1-02,205,22.351294573643408,-1581.0,-1581.0,-1573.0,-1547.0,,估计同步待核验
XY_XY-0.1-02,206,22.458798449612402,-1585.0,-1582.0,-1575.0,-1549.0,,估计同步待核验
XY_XY-0.1-02,207,22.566302325581393,-1584.0,-1584.0,-1577.0,-1551.0,,估计同步待核验
XY_XY-0.1-02,208,22.673806201550388,-1586.0,-1585.0,-1578.0,-1551.0,,估计同步待核验
XY_XY-0.1-02,209,22.78131007751938,-1589.0,-1586.0,-1579.0,-1553.0,,估计同步待核验
XY_XY-0.1-02,210,22.88881395348837,-1588.0,-1588.0,-1581.0,-1555.0,,估计同步待核验
XY_XY-0.1-02,211,22.996317829457364,-1592.0,-1589.0,-1583.0,-1556.0,,估计同步待核验
XY_XY-0.1-02,212,23.103821705426355,-1591.3565891472883,-1590.821705426356,-1583.0,-1557.0,,估计同步待核验
XY_XY-0.1-02,213,23.21132558139535,-1592.0,-1592.0,-1585.0,-1558.0,,估计同步待核验
XY_XY-0.1-02,214,23.31882945736434,-1596.0,-1593.0,-1587.0,-1560.0,,估计同步待核验
XY_XY-0.1-02,215,23.426333333333332,-1595.0,-1595.0,-1588.0,-1561.0,,估计同步待核验
XY_XY-0.1-02,216,23.533837209302327,-1598.0,-1595.0,-1589.0,-1562.0,,估计同步待核验
XY_XY-0.1-02,217,23.641341085271318,-1599.0,-1596.0,-1590.0,-1564.0,,估计同步待核验
XY_XY-0.1-02,218,23.74884496124031,-1599.0,-1598.0,-1592.0,-1565.0,,估计同步待核验
XY_XY-0.1-02,219,23.8563488372093,-1602.0,-1599.0,-1593.0,-1567.0,,估计同步待核验
XY_XY-0.1-02,220,23.963852713178294,-1601.0,-1601.0,-1594.0,-1567.0,,估计同步待核验
XY_XY-0.1-02,221,24.071356589147285,-1603.3565891472847,-1601.6434108527153,-1595.0,-1568.0,,估计同步待核验
XY_XY-0.1-02,222,24.178860465116276,-1605.0,-1602.0,-1597.0,-1570.0,,估计同步待核验
XY_XY-0.1-02,223,24.28636434108527,-1606.0,-1605.0,-1598.0,-1571.0,,估计同步待核验
XY_XY-0.1-02,224,24.393868217054262,-1608.0,-1605.0,-1599.0,-1572.0,,估计同步待核验
XY_XY-0.1-02,225,24.501372093023257,-1608.0,-1607.0,-1600.0,-1573.0,,估计同步待核验
XY_XY-0.1-02,226,24.608875968992248,-1609.0,-1607.0,-1601.0,-1574.0,,估计同步待核验
XY_XY-0.1-02,227,24.71637984496124,-1610.0,-1609.0,-1602.0,-1575.0,,估计同步待核验
XY_XY-0.1-02,228,24.823883720930233,-1611.0,-1610.0,-1603.0,-1576.0,,估计同步待核验
XY_XY-0.1-02,229,24.931387596899224,-1612.0,-1610.0,-1605.0,-1577.0,,估计同步待核验
XY_XY-0.1-02,230,25.03889147286822,-1613.0,-1612.0,-1606.0,-1579.0,,估计同步待核验
XY_XY-0.1-02,231,25.14639534883721,-1615.0,-1612.0,-1606.0,-1579.0,,估计同步待核验
XY_XY-0.1-02,232,25.2538992248062,-1615.0,-1614.0,-1608.0,-1581.0,,估计同步待核验
XY_XY-0.1-02,233,25.361403100775195,-1617.0,-1614.0,-1609.0,-1581.0,,估计同步待核验
XY_XY-0.1-02,234,25.468906976744183,-1617.0,-1615.0,-1610.0,-1583.0,,估计同步待核验
XY_XY-0.1-02,235,25.576410852713177,-1617.0,-1616.0,-1610.0,-1583.0,力峰值,估计同步待核验
XY_XY-0.1-02,236,25.68391472868217,-1618.0,-1616.0,-1612.0,-1584.0,,估计同步待核验
XY_XY-0.1-02,237,25.79141860465116,-1435.0,-1421.0,-1408.0,-1381.0,峰后下降,估计同步待核验
XY_XY-0.1-02,238,25.898922480620154,-18.0,-17.0,-14.0,-11.0,,估计同步待核验
XY_XY-0.1-02,239,26.006426356589145,-18.0,-17.0,-14.0,-10.0,,估计同步待核验
XY_XY-0.1-02,240,26.11393023255814,-16.0,-17.0,-13.0,-9.0,,估计同步待核验
XY_XY-0.1-02,241,26.22143410852713,-18.0,-17.0,-14.0,-10.0,,估计同步待核验
XY_XY-0.1-02,242,26.32893798449612,-16.0,-17.0,-14.0,-9.0,,估计同步待核验
XY_XY-0.1-02,243,26.436441860465116,-16.883720930231732,-17.0,-14.0,-9.441860465115866,,估计同步待核验
XY_XY-0.1-02,244,26.543945736434107,-18.0,-17.0,-15.0,-10.0,,估计同步待核验
XY_XY-0.1-02,245,26.651449612403102,-16.0,-17.0,-14.0,-10.0,,估计同步待核验
XY_XY-0.1-02,246,26.758953488372093,-19.0,-17.0,-15.0,-10.0,,估计同步待核验
XY_XY-0.1-02,247,26.866457364341084,-17.0,-17.0,-15.0,-10.0,,估计同步待核验
XY_XY-0.1-02,248,26.97396124031008,-17.0,-17.0,-15.0,-10.0,,估计同步待核验
XY_XY-0.1-02,249,27.08146511627907,-20.0,-17.0,-15.0,-10.0,,估计同步待核验
XY_XY-0.1-02,250,27.18896899224806,-17.0,-17.0,-15.0,-10.0,,估计同步待核验
XY_XY-0.1-02,251,27.29647286821705,-19.0,-17.0,-16.0,-11.0,,估计同步待核验
XY_XY-0.1-02,252,27.403976744186046,-20.0,-17.0,-15.0,-10.0,,估计同步待核验
XY_XY-0.1-02,253,27.511480620155037,-17.0,-18.0,-15.0,-10.0,,估计同步待核验
XY_XY-0.1-02,254,27.61898449612403,-20.0,-17.0,-16.0,-10.0,,估计同步待核验
XY_XY-0.1-02,255,27.726488372093023,-17.0,-18.0,-15.0,-10.0,,估计同步待核验
XY_XY-0.1-02,256,27.833992248062014,-19.976744186042794,-18.0,-16.0,-10.0,,估计同步待核验
XY_XY-0.1-02,257,27.94149612403101,-20.0,-17.0,-16.0,-11.0,,估计同步待核验
XY_XY-0.1-02,258,28.049,-18.0,-18.0,-16.0,-10.0,文件末帧,估计同步待核验
XY_Xy-03-10-01,0,0.05,-80.0,-88.0,-88.0,-81.0,加载起点,估计同步待核验
XY_Xy-03-10-01,1,0.07300000000000001,-282.0,-305.0,-293.0,-281.0,,估计同步待核验
XY_Xy-03-10-01,2,0.096,-544.0,-567.0,-550.0,-532.0,,估计同步待核验
XY_Xy-03-10-01,3,0.11900000000000001,-798.0,-827.0,-807.0,-782.0,,估计同步待核验
XY_Xy-03-10-01,4,0.14200000000000002,-1051.0,-1076.0,-1055.0,-1026.0,,估计同步待核验
XY_Xy-03-10-01,5,0.165,-1282.0,-1311.0,-1288.0,-1257.0,,估计同步待核验
XY_Xy-03-10-01,6,0.188,-1499.0,-1528.0,-1499.0,-1463.0,,估计同步待核验
XY_Xy-03-10-01,7,0.21100000000000002,-1677.0,-1698.0,-1670.0,-1628.0,力峰值,估计同步待核验
XY_Xy-03-10-01,8,0.23400000000000004,-1634.9999999999925,-1632.9999999999914,-1613.9999999999916,-1566.9999999999916,,估计同步待核验
XY_Xy-03-10-01,9,0.257,-551.0,-481.0,-482.0,-441.0,峰后下降,估计同步待核验
XY_Xy-03-10-01,10,0.28,-38.0,-10.0,-6.0,9.0,,估计同步待核验
XY_Xy-03-10-01,11,0.30300000000000005,-7.0,-9.0,-4.0,3.0,,估计同步待核验
XY_Xy-03-10-01,12,0.326,-8.0,-8.0,-5.0,3.0,,估计同步待核验
XY_Xy-03-10-01,13,0.34900000000000003,-8.0,-9.0,-5.0,4.0,,估计同步待核验
XY_Xy-03-10-01,14,0.372,-9.0,-9.0,-6.0,4.0,,估计同步待核验
XY_Xy-03-10-01,15,0.395,-9.0,-8.0,-6.0,4.0,,估计同步待核验
XY_Xy-03-10-01,16,0.41800000000000004,-9.0,-8.0,-5.0,4.0,,估计同步待核验
XY_Xy-03-10-01,17,0.441,-9.0,-8.0,-5.0,4.0,,估计同步待核验
XY_Xy-03-10-01,18,0.464,-8.0,-8.0,-4.0,4.0,,估计同步待核验
XY_Xy-03-10-01,19,0.487,-7.0,-9.0,-4.0,3.0,,估计同步待核验
XY_Xy-03-10-01,20,0.51,-9.0,-8.0,-5.0,2.0,文件末帧、图像破坏候选,估计同步待核验
XY_Xy-04-1-01,0,0.053,-18.0,-21.0,-15.0,-9.0,加载起点,估计同步待核验
XY_Xy-04-1-01,1,0.07000375939849623,-27.0,-30.0,-25.0,-18.0,,估计同步待核验
XY_Xy-04-1-01,2,0.08700751879699248,-53.0,-57.0,-51.0,-43.0,,估计同步待核验
XY_Xy-04-1-01,3,0.10401127819548872,-64.0,-71.0,-65.0,-57.0,,估计同步待核验
XY_Xy-04-1-01,4,0.12101503759398496,-92.0,-100.0,-94.0,-85.0,,估计同步待核验
XY_Xy-04-1-01,5,0.13801879699248118,-109.0,-114.0,-109.0,-99.0,,估计同步待核验
XY_Xy-04-1-01,6,0.15502255639097742,-137.0,-144.0,-139.0,-127.0,,估计同步待核验
XY_Xy-04-1-01,7,0.17202631578947367,-152.0,-159.0,-154.0,-142.0,,估计同步待核验
XY_Xy-04-1-01,8,0.1890300751879699,-181.0,-189.0,-185.0,-172.0,,估计同步待核验
XY_Xy-04-1-01,9,0.20603383458646612,-195.57518796992431,-205.4736842105259,-199.5413533834582,-186.50751879699203,,估计同步待核验
XY_Xy-04-1-01,10,0.22303759398496237,-224.0,-236.0,-230.0,-215.0,,估计同步待核验
XY_Xy-04-1-01,11,0.2400413533834586,-254.0,-266.0,-260.0,-244.0,,估计同步待核验
XY_Xy-04-1-01,12,0.25704511278195485,-271.0,-281.0,-276.0,-259.0,,估计同步待核验
XY_Xy-04-1-01,13,0.2740488721804511,-300.0,-312.0,-306.0,-289.0,,估计同步待核验
XY_Xy-04-1-01,14,0.29105263157894734,-316.0,-327.0,-321.0,-303.0,,估计同步待核验
XY_Xy-04-1-01,15,0.3080563909774436,-346.0,-357.0,-352.0,-332.0,,估计同步待核验
XY_Xy-04-1-01,16,0.3250601503759398,-359.0,-373.0,-367.0,-347.0,,估计同步待核验
XY_Xy-04-1-01,17,0.34206390977443607,-389.0,-404.0,-397.0,-376.0,,估计同步待核验
XY_Xy-04-1-01,18,0.35906766917293226,-406.0,-418.0,-412.0,-390.0,,估计同步待核验
XY_Xy-04-1-01,19,0.3760714285714285,-434.0,-448.0,-442.0,-418.0,,估计同步待核验
XY_Xy-04-1-01,20,0.39307518796992474,-450.0526315789462,-464.20300751879563,-458.12781954887095,-434.0526315789462,,估计同步待核验
XY_Xy-04-1-01,21,0.410078947368421,-479.0,-493.0,-487.0,-462.0,,估计同步待核验
XY_Xy-04-1-01,22,0.42708270676691723,-508.0,-523.0,-517.0,-491.0,,估计同步待核验
XY_Xy-04-1-01,23,0.4440864661654135,-521.0,-539.0,-531.0,-504.0,,估计同步待核验
XY_Xy-04-1-01,24,0.4610902255639097,-550.0,-568.0,-561.0,-533.0,,估计同步待核验
XY_Xy-04-1-01,25,0.47809398496240596,-566.0,-583.0,-576.0,-547.0,,估计同步待核验
XY_Xy-04-1-01,26,0.4950977443609022,-594.0,-613.0,-605.0,-576.0,,估计同步待核验
XY_Xy-04-1-01,27,0.5121015037593984,-609.0,-628.0,-620.0,-590.0,,估计同步待核验
XY_Xy-04-1-01,28,0.5291052631578947,-639.0,-656.0,-649.0,-617.0,,估计同步待核验
XY_Xy-04-1-01,29,0.5461090225563909,-650.0,-672.0,-662.0,-631.0,,估计同步待核验
XY_Xy-04-1-01,30,0.5631127819548872,-678.0,-700.0,-691.0,-659.0,,估计同步待核验
XY_Xy-04-1-01,31,0.5801165413533834,-696.3984962406015,-714.7481203007519,-707.515037593985,-674.6315789473684,,估计同步待核验
XY_Xy-04-1-01,32,0.5971203007518797,-722.0,-742.0,-734.0,-701.0,,估计同步待核验
XY_Xy-04-1-01,33,0.6141240601503759,-749.0,-771.0,-762.0,-727.0,,估计同步待核验
XY_Xy-04-1-01,34,0.6311278195488722,-763.0,-783.0,-775.0,-740.0,,估计同步待核验
XY_Xy-04-1-01,35,0.6481315789473684,-790.0,-811.0,-803.0,-767.0,,估计同步待核验
XY_Xy-04-1-01,36,0.6651353383458646,-800.0,-824.0,-815.0,-780.0,,估计同步待核验
XY_Xy-04-1-01,37,0.6821390977443609,-827.0,-850.0,-843.0,-807.0,,估计同步待核验
XY_Xy-04-1-01,38,0.6991428571428571,-842.0,-863.0,-857.0,-820.0,,估计同步待核验
XY_Xy-04-1-01,39,0.7161466165413534,-867.0,-889.0,-883.0,-847.0,,估计同步待核验
XY_Xy-04-1-01,40,0.7331503759398496,-879.0,-902.0,-896.0,-860.0,,估计同步待核验
XY_Xy-04-1-01,41,0.7501541353383459,-904.0,-926.0,-922.0,-886.0,,估计同步待核验
XY_Xy-04-1-01,42,0.767157894736842,-916.3684210526303,-940.7368421052622,-936.0526315789463,-900.0526315789463,,估计同步待核验
XY_Xy-04-1-01,43,0.7841616541353383,-939.0,-963.0,-959.0,-923.0,,估计同步待核验
XY_Xy-04-1-01,44,0.8011654135338345,-962.0,-987.0,-984.0,-949.0,,估计同步待核验
XY_Xy-04-1-01,45,0.8181691729323308,-975.0,-999.0,-997.0,-962.0,,估计同步待核验
XY_Xy-04-1-01,46,0.835172932330827,-998.0,-1023.0,-1022.0,-986.0,,估计同步待核验
XY_Xy-04-1-01,47,0.8521766917293233,-1011.0,-1035.0,-1034.0,-997.0,,估计同步待核验
XY_Xy-04-1-01,48,0.8691804511278195,-1035.0,-1059.0,-1058.0,-1021.0,,估计同步待核验
XY_Xy-04-1-01,49,0.8861842105263157,-1045.0,-1071.0,-1070.0,-1033.0,,估计同步待核验
XY_Xy-04-1-01,50,0.903187969924812,-1068.0,-1094.0,-1094.0,-1056.0,,估计同步待核验
XY_Xy-04-1-01,51,0.9201917293233082,-1081.0,-1105.0,-1106.0,-1067.0,,估计同步待核验
XY_Xy-04-1-01,52,0.9371954887218045,-1103.0,-1128.0,-1129.0,-1089.0,,估计同步待核验
XY_Xy-04-1-01,53,0.9541992481203007,-1116.992481203007,-1141.5902255639091,-1141.992481203007,-1102.1917293233078,,估计同步待核验
XY_Xy-04-1-01,54,0.971203007518797,-1137.0,-1161.0,-1162.0,-1122.0,,估计同步待核验
XY_Xy-04-1-01,55,0.9882067669172931,-1158.0,-1182.0,-1184.0,-1143.0,,估计同步待核验
XY_Xy-04-1-01,56,1.0052105263157893,-1166.0,-1193.0,-1194.0,-1153.0,,估计同步待核验
XY_Xy-04-1-01,57,1.0222142857142855,-1188.0,-1213.0,-1214.0,-1173.0,,估计同步待核验
XY_Xy-04-1-01,58,1.039218045112782,-1198.0,-1223.0,-1225.0,-1183.0,,估计同步待核验
XY_Xy-04-1-01,59,1.0562218045112781,-1217.0,-1243.0,-1245.0,-1202.0,,估计同步待核验
XY_Xy-04-1-01,60,1.0732255639097743,-1228.0,-1252.0,-1255.0,-1211.0,,估计同步待核验
XY_Xy-04-1-01,61,1.0902293233082705,-1248.0,-1271.0,-1274.0,-1230.0,,估计同步待核验
XY_Xy-04-1-01,62,1.1072330827067667,-1254.0,-1280.0,-1283.0,-1239.0,,估计同步待核验
XY_Xy-04-1-01,63,1.1242368421052629,-1272.0,-1298.0,-1301.0,-1256.0,,估计同步待核验
XY_Xy-04-1-01,64,1.1412406015037593,-1284.9248120300742,-1308.1654135338335,-1312.1654135338335,-1265.9248120300742,,估计同步待核验
XY_Xy-04-1-01,65,1.1582443609022555,-1299.0,-1323.0,-1327.0,-1280.0,,估计同步待核验
XY_Xy-04-1-01,66,1.1752481203007517,-1314.0,-1340.0,-1343.0,-1296.0,,估计同步待核验
XY_Xy-04-1-01,67,1.192251879699248,-1324.0,-1346.0,-1351.0,-1303.0,,估计同步待核验
XY_Xy-04-1-01,68,1.2092556390977443,-1338.0,-1361.0,-1366.0,-1317.0,,估计同步待核验
XY_Xy-04-1-01,69,1.2262593984962404,-1343.0,-1368.0,-1372.0,-1324.0,,估计同步待核验
XY_Xy-04-1-01,70,1.2432631578947366,-1357.0,-1381.0,-1386.0,-1337.0,,估计同步待核验
XY_Xy-04-1-01,71,1.260266917293233,-1364.0,-1388.0,-1393.0,-1343.0,,估计同步待核验
XY_Xy-04-1-01,72,1.277270676691729,-1375.0,-1400.0,-1405.0,-1355.0,,估计同步待核验
XY_Xy-04-1-01,73,1.2942744360902254,-1382.0,-1405.0,-1411.0,-1361.0,,估计同步待核验
XY_Xy-04-1-01,74,1.3112781954887216,-1393.0,-1416.0,-1422.0,-1371.0,,估计同步待核验
XY_Xy-04-1-01,75,1.328281954887218,-1397.2556390977438,-1422.127819548872,-1428.40977443609,-1377.40977443609,,估计同步待核验
XY_Xy-04-1-01,76,1.345285714285714,-1404.0,-1429.0,-1437.0,-1385.0,,估计同步待核验
XY_Xy-04-1-01,77,1.3622894736842104,-1413.0,-1437.0,-1445.0,-1394.0,,估计同步待核验
XY_Xy-04-1-01,78,1.3792932330827066,-1417.0,-1441.0,-1449.0,-1397.0,,估计同步待核验
XY_Xy-04-1-01,79,1.396296992481203,-1423.0,-1448.0,-1456.0,-1404.0,,估计同步待核验
XY_Xy-04-1-01,80,1.413300751879699,-1428.0,-1450.0,-1459.0,-1407.0,,估计同步待核验
XY_Xy-04-1-01,81,1.4303045112781954,-1434.0,-1456.0,-1465.0,-1411.0,,估计同步待核验
XY_Xy-04-1-01,82,1.4473082706766915,-1434.0,-1458.0,-1467.0,-1413.0,,估计同步待核验
XY_Xy-04-1-01,83,1.464312030075188,-1438.0,-1462.0,-1471.0,-1418.0,,估计同步待核验
XY_Xy-04-1-01,84,1.481315789473684,-1441.0,-1464.0,-1473.0,-1420.0,,估计同步待核验
XY_Xy-04-1-01,85,1.4983195488721803,-1444.0,-1468.0,-1476.0,-1423.0,,估计同步待核验
XY_Xy-04-1-01,86,1.5153233082706765,-1446.6766917293235,-1469.646616541353,-1478.3233082706765,-1424.3233082706765,,估计同步待核验
XY_Xy-04-1-01,87,1.5323270676691727,-1449.0,-1471.0,-1480.0,-1427.0,,估计同步待核验
XY_Xy-04-1-01,88,1.549330827067669,-1452.0,-1473.0,-1482.0,-1429.0,,估计同步待核验
XY_Xy-04-1-01,89,1.5663345864661653,-1451.0,-1475.0,-1483.0,-1430.0,,估计同步待核验
XY_Xy-04-1-01,90,1.5833383458646615,-1453.0,-1476.0,-1485.0,-1432.0,,估计同步待核验
XY_Xy-04-1-01,91,1.6003421052631577,-1454.0,-1477.0,-1486.0,-1432.0,,估计同步待核验
XY_Xy-04-1-01,92,1.6173458646616539,-1454.0,-1479.0,-1487.0,-1434.0,,估计同步待核验
XY_Xy-04-1-01,93,1.6343496240601503,-1457.0,-1479.0,-1488.0,-1435.0,,估计同步待核验
XY_Xy-04-1-01,94,1.6513533834586465,-1459.0,-1480.0,-1490.0,-1436.0,,估计同步待核验
XY_Xy-04-1-01,95,1.6683571428571426,-1457.0,-1481.0,-1490.0,-1436.0,,估计同步待核验
XY_Xy-04-1-01,96,1.6853609022556388,-1459.0,-1482.0,-1492.0,-1438.0,,估计同步待核验
XY_Xy-04-1-01,97,1.7023646616541352,-1460.3646616541353,-1483.3646616541353,-1493.0,-1439.3646616541353,,估计同步待核验
XY_Xy-04-1-01,98,1.7193684210526312,-1461.0,-1485.0,-1494.0,-1440.0,,估计同步待核验
XY_Xy-04-1-01,99,1.7363721804511276,-1462.0,-1487.0,-1495.0,-1441.0,,估计同步待核验
XY_Xy-04-1-01,100,1.7533759398496238,-1465.0,-1487.0,-1497.0,-1442.0,,估计同步待核验
XY_Xy-04-1-01,101,1.7703796992481202,-1467.0,-1489.0,-1498.0,-1444.0,,估计同步待核验
XY_Xy-04-1-01,102,1.7873834586466162,-1465.0,-1490.0,-1498.0,-1445.0,,估计同步待核验
XY_Xy-04-1-01,103,1.8043872180451126,-1468.0,-1492.0,-1500.0,-1447.0,,估计同步待核验
XY_Xy-04-1-01,104,1.8213909774436088,-1469.0,-1493.0,-1501.0,-1447.0,,估计同步待核验
XY_Xy-04-1-01,105,1.8383947368421052,-1470.0,-1495.0,-1503.0,-1449.0,,估计同步待核验
XY_Xy-04-1-01,106,1.8553984962406012,-1473.0,-1495.0,-1504.0,-1449.0,,估计同步待核验
XY_Xy-04-1-01,107,1.8724022556390976,-1475.0,-1497.0,-1506.0,-1451.0,,估计同步待核验
XY_Xy-04-1-01,108,1.8894060150375938,-1474.2180451127813,-1498.4060150375938,-1507.4060150375938,-1452.4060150375938,,估计同步待核验
XY_Xy-04-1-01,109,1.9064097744360902,-1476.0,-1500.0,-1509.0,-1454.0,,估计同步待核验
XY_Xy-04-1-01,110,1.9234135338345861,-1478.0,-1502.0,-1511.0,-1456.0,,估计同步待核验
XY_Xy-04-1-01,111,1.9404172932330825,-1478.0,-1503.0,-1512.0,-1457.0,,估计同步待核验
XY_Xy-04-1-01,112,1.9574210526315787,-1479.0,-1505.0,-1514.0,-1459.0,,估计同步待核验
XY_Xy-04-1-01,113,1.974424812030075,-1483.0,-1505.0,-1515.0,-1460.0,,估计同步待核验
XY_Xy-04-1-01,114,1.991428571428571,-1484.0,-1507.0,-1517.0,-1462.0,,估计同步待核验
XY_Xy-04-1-01,115,2.0084323308270675,-1483.0,-1509.0,-1517.0,-1462.0,,估计同步待核验
XY_Xy-04-1-01,116,2.025436090225564,-1486.0,-1510.0,-1519.0,-1464.0,,估计同步待核验
XY_Xy-04-1-01,117,2.04243984962406,-1487.0,-1512.0,-1520.0,-1465.0,,估计同步待核验
XY_Xy-04-1-01,118,2.0594436090225563,-1488.0,-1514.0,-1522.0,-1466.0,,估计同步待核验
XY_Xy-04-1-01,119,2.0764473684210523,-1489.1052631578955,-1514.4473684210523,-1523.4473684210523,-1467.4473684210523,,估计同步待核验
XY_Xy-04-1-01,120,2.0934511278195487,-1492.0,-1515.0,-1525.0,-1469.0,,估计同步待核验
XY_Xy-04-1-01,121,2.110454887218045,-1493.0,-1517.0,-1526.0,-1470.0,,估计同步待核验
XY_Xy-04-1-01,122,2.127458646616541,-1493.0,-1518.0,-1527.0,-1471.0,,估计同步待核验
XY_Xy-04-1-01,123,2.1444624060150375,-1495.0,-1519.0,-1529.0,-1473.0,,估计同步待核验
XY_Xy-04-1-01,124,2.1614661654135334,-1494.0,-1520.0,-1529.0,-1474.0,,估计同步待核验
XY_Xy-04-1-01,125,2.17846992481203,-1495.0,-1522.0,-1531.0,-1475.0,,估计同步待核验
XY_Xy-04-1-01,126,2.195473684210526,-1498.0,-1522.0,-1532.0,-1476.0,,估计同步待核验
XY_Xy-04-1-01,127,2.212477443609022,-1499.0,-1523.0,-1534.0,-1478.0,,估计同步待核验
XY_Xy-04-1-01,128,2.2294812030075186,-1498.0,-1524.0,-1535.0,-1478.0,,估计同步待核验
XY_Xy-04-1-01,129,2.246484962406015,-1499.0,-1525.0,-1536.0,-1479.0,,估计同步待核验
XY_Xy-04-1-01,130,2.263488721804511,-1499.9774436090222,-1526.0,-1537.4887218045112,-1480.4887218045112,,估计同步待核验
XY_Xy-04-1-01,131,2.2804924812030074,-1500.0,-1527.0,-1538.0,-1482.0,,估计同步待核验
XY_Xy-04-1-01,132,2.2974962406015034,-1501.0,-1528.0,-1540.0,-1483.0,,估计同步待核验
XY_Xy-04-1-01,133,2.3145,-1504.0,-1528.0,-1541.0,-1484.0,,估计同步待核验
XY_Xy-04-1-01,134,2.331503759398496,-1504.0,-1529.0,-1542.0,-1486.0,,估计同步待核验
XY_Xy-04-1-01,135,2.3485075187969926,-1504.0,-1530.0,-1543.0,-1486.0,,估计同步待核验
XY_Xy-04-1-01,136,2.3655112781954886,-1505.0,-1530.0,-1544.0,-1487.0,,估计同步待核验
XY_Xy-04-1-01,137,2.3825150375939845,-1504.0,-1531.0,-1544.0,-1487.0,,估计同步待核验
XY_Xy-04-1-01,138,2.399518796992481,-1505.0,-1532.0,-1545.0,-1488.0,,估计同步待核验
XY_Xy-04-1-01,139,2.4165225563909773,-1508.0,-1532.0,-1546.0,-1489.0,,估计同步待核验
XY_Xy-04-1-01,140,2.4335263157894733,-1508.0,-1533.0,-1547.0,-1490.0,,估计同步待核验
XY_Xy-04-1-01,141,2.4505300751879697,-1507.0601503759392,-1533.5300751879697,-1547.5300751879697,-1490.0,,估计同步待核验
XY_Xy-04-1-01,142,2.467533834586466,-1508.0,-1534.0,-1548.0,-1490.0,力峰值,估计同步待核验
XY_Xy-04-1-01,143,2.4845375939849625,-1509.0,-1535.0,-1549.0,-1491.0,,估计同步待核验
XY_Xy-04-1-01,144,2.501541353383458,-1507.0,-1535.0,-1549.0,-1489.0,,估计同步待核验
XY_Xy-04-1-01,145,2.5185451127819545,-1139.0,-1142.0,-1153.0,-1093.0,,估计同步待核验
XY_Xy-04-1-01,146,2.535548872180451,-808.0,-777.0,-785.0,-735.0,,估计同步待核验
XY_Xy-04-1-01,147,2.5525526315789473,-202.0,-154.0,-153.0,-132.0,峰后下降,估计同步待核验
XY_Xy-04-1-01,148,2.5695563909774433,-38.0,-16.0,-15.0,-7.0,,估计同步待核验
XY_Xy-04-1-01,149,2.5865601503759397,-13.0,-15.0,-9.0,-9.0,,估计同步待核验
XY_Xy-04-1-01,150,2.603563909774436,-11.0,-16.0,-9.0,-7.0,,估计同步待核验
XY_Xy-04-1-01,151,2.6205676691729325,-10.0,-15.0,-9.0,-7.0,,估计同步待核验
XY_Xy-04-1-01,152,2.637571428571428,-11.285714285715809,-14.571428571428063,-8.857142857143872,-8.0,,估计同步待核验
XY_Xy-04-1-01,153,2.6545751879699244,-13.0,-14.0,-9.0,-8.0,,估计同步待核验
XY_Xy-04-1-01,154,2.671578947368421,-12.0,-14.0,-9.0,-7.0,,估计同步待核验
XY_Xy-04-1-01,155,2.6885827067669172,-11.0,-15.0,-9.0,-7.0,,估计同步待核验
XY_Xy-04-1-01,156,2.705586466165413,-12.0,-14.0,-9.0,-7.0,,估计同步待核验
XY_Xy-04-1-01,157,2.7225902255639096,-10.0,-15.0,-9.0,-7.0,,估计同步待核验
XY_Xy-04-1-01,158,2.739593984962406,-10.0,-15.0,-8.0,-7.0,,估计同步待核验
XY_Xy-04-1-01,159,2.7565977443609024,-13.0,-14.0,-9.0,-7.0,,估计同步待核验
XY_Xy-04-1-01,160,2.773601503759398,-12.0,-15.0,-9.0,-6.0,,估计同步待核验
XY_Xy-04-1-01,161,2.7906052631578944,-11.0,-15.0,-9.0,-6.0,,估计同步待核验
XY_Xy-04-1-01,162,2.8076090225563908,-12.0,-15.0,-9.0,-6.0,,估计同步待核验
XY_Xy-04-1-01,163,2.824612781954887,-12.225563909774277,-15.0,-9.0,-6.0,,估计同步待核验
XY_Xy-04-1-01,164,2.841616541353383,-11.0,-15.0,-9.0,-6.0,,估计同步待核验
XY_Xy-04-1-01,165,2.8586203007518796,-10.0,-15.0,-9.0,-6.0,,估计同步待核验
XY_Xy-04-1-01,166,2.875624060150376,-13.0,-15.0,-9.0,-6.0,,估计同步待核验
XY_Xy-04-1-01,167,2.892627819548872,-12.0,-15.0,-9.0,-6.0,,估计同步待核验
XY_Xy-04-1-01,168,2.909631578947368,-12.0,-15.0,-9.0,-7.0,,估计同步待核验
XY_Xy-04-1-01,169,2.9266353383458643,-13.0,-15.0,-10.0,-6.0,,估计同步待核验
XY_Xy-04-1-01,170,2.9436390977443607,-11.0,-16.0,-9.0,-6.0,,估计同步待核验
XY_Xy-04-1-01,171,2.960642857142857,-11.0,-16.0,-10.0,-6.0,,估计同步待核验
XY_Xy-04-1-01,172,2.977646616541353,-14.0,-15.0,-10.0,-6.0,,估计同步待核验
XY_Xy-04-1-01,173,2.9946503759398495,-13.0,-16.0,-10.0,-7.0,,估计同步待核验
XY_Xy-04-1-01,174,3.0116541353383455,-12.0,-16.0,-9.672932330827289,-7.0,,估计同步待核验
XY_Xy-04-1-01,175,3.028657894736842,-13.0,-16.0,-10.0,-7.0,,估计同步待核验
XY_Xy-04-1-01,176,3.045661654135338,-14.0,-15.0,-10.0,-6.0,,估计同步待核验
XY_Xy-04-1-01,177,3.0626654135338343,-12.0,-16.0,-10.0,-6.0,,估计同步待核验
XY_Xy-04-1-01,178,3.0796691729323307,-12.0,-16.0,-10.0,-6.0,,估计同步待核验
XY_Xy-04-1-01,179,3.096672932330827,-14.0,-16.0,-10.0,-7.0,,估计同步待核验
XY_Xy-04-1-01,180,3.113676691729323,-13.0,-16.0,-10.0,-7.0,,估计同步待核验
XY_Xy-04-1-01,181,3.130680451127819,-13.0,-16.0,-10.0,-7.0,,估计同步待核验
XY_Xy-04-1-01,182,3.1476842105263154,-14.0,-15.0,-10.0,-7.0,,估计同步待核验
XY_Xy-04-1-01,183,3.164687969924812,-12.0,-16.0,-10.0,-7.0,,估计同步待核验
XY_Xy-04-1-01,184,3.181691729323308,-12.0,-16.0,-10.0,-7.0,,估计同步待核验
XY_Xy-04-1-01,185,3.198695488721804,-12.609022556391349,-16.0,-10.304511278195674,-7.0,,估计同步待核验
XY_Xy-04-1-01,186,3.2156992481203006,-14.0,-16.0,-10.0,-7.0,,估计同步待核验
XY_Xy-04-1-01,187,3.232703007518797,-13.0,-16.0,-10.0,-7.0,,估计同步待核验
XY_Xy-04-1-01,188,3.249706766917293,-13.0,-16.0,-11.0,-7.0,,估计同步待核验
XY_Xy-04-1-01,189,3.266710526315789,-14.0,-16.0,-11.0,-8.0,,估计同步待核验
XY_Xy-04-1-01,190,3.2837142857142854,-12.0,-16.0,-10.0,-8.0,,估计同步待核验
XY_Xy-04-1-01,191,3.3007180451127818,-12.0,-16.0,-11.0,-7.0,,估计同步待核验
XY_Xy-04-1-01,192,3.3177218045112777,-14.0,-16.0,-11.0,-7.0,,估计同步待核验
XY_Xy-04-1-01,193,3.334725563909774,-14.0,-16.0,-11.0,-7.0,,估计同步待核验
XY_Xy-04-1-01,194,3.3517293233082706,-13.0,-16.0,-11.0,-7.0,,估计同步待核验
XY_Xy-04-1-01,195,3.368733082706767,-14.0,-16.0,-11.0,-8.0,,估计同步待核验
XY_Xy-04-1-01,196,3.3857368421052625,-13.473684210524913,-16.263157894737542,-11.0,-8.0,,估计同步待核验
XY_Xy-04-1-01,197,3.402740601503759,-12.0,-17.0,-11.0,-8.0,,估计同步待核验
XY_Xy-04-1-01,198,3.4197443609022553,-12.0,-17.0,-11.0,-8.0,,估计同步待核验
XY_Xy-04-1-01,199,3.4367481203007517,-14.0,-17.0,-11.0,-8.0,,估计同步待核验
XY_Xy-04-1-01,200,3.4537518796992477,-13.0,-17.0,-11.0,-8.0,,估计同步待核验
XY_Xy-04-1-01,201,3.470755639097744,-14.0,-16.0,-11.0,-8.0,,估计同步待核验
XY_Xy-04-1-01,202,3.4877593984962405,-15.0,-17.0,-12.0,-8.0,,估计同步待核验
XY_Xy-04-1-01,203,3.504763157894737,-12.0,-17.0,-11.0,-8.0,,估计同步待核验
XY_Xy-04-1-01,204,3.5217669172932324,-13.0,-17.0,-11.0,-8.0,,估计同步待核验
XY_Xy-04-1-01,205,3.538770676691729,-15.0,-17.0,-11.0,-8.0,,估计同步待核验
XY_Xy-04-1-01,206,3.5557744360902253,-14.0,-17.0,-11.0,-8.0,,估计同步待核验
XY_Xy-04-1-01,207,3.5727781954887217,-13.221804511278314,-17.778195488721686,-11.0,-8.0,,估计同步待核验
XY_Xy-04-1-01,208,3.5897819548872176,-15.0,-17.0,-12.0,-8.0,,估计同步待核验
XY_Xy-04-1-01,209,3.606785714285714,-15.0,-17.0,-12.0,-8.0,,估计同步待核验
XY_Xy-04-1-01,210,3.6237894736842104,-13.0,-17.0,-11.0,-8.0,,估计同步待核验
XY_Xy-04-1-01,211,3.6407932330827064,-13.0,-17.0,-12.0,-8.0,,估计同步待核验
XY_Xy-04-1-01,212,3.6577969924812024,-14.0,-17.0,-12.0,-8.0,,估计同步待核验
XY_Xy-04-1-01,213,3.674800751879699,-14.0,-18.0,-12.0,-8.0,,估计同步待核验
XY_Xy-04-1-01,214,3.691804511278195,-15.0,-17.0,-12.0,-8.0,,估计同步待核验
XY_Xy-04-1-01,215,3.7088082706766916,-15.0,-17.0,-12.0,-9.0,,估计同步待核验
XY_Xy-04-1-01,216,3.7258120300751876,-13.0,-18.0,-12.0,-9.0,,估计同步待核验
XY_Xy-04-1-01,217,3.742815789473684,-13.0,-18.0,-12.0,-9.0,,估计同步待核验
XY_Xy-04-1-01,218,3.7598195488721804,-14.180451127819412,-18.0,-12.0,-9.0,,估计同步待核验
XY_Xy-04-1-01,219,3.7768233082706764,-15.0,-18.0,-12.0,-9.0,,估计同步待核验
XY_Xy-04-1-01,220,3.7938270676691723,-14.0,-18.0,-12.0,-9.0,,估计同步待核验
XY_Xy-04-1-01,221,3.8108308270676687,-15.0,-18.0,-13.0,-8.0,,估计同步待核验
XY_Xy-04-1-01,222,3.827834586466165,-16.0,-18.0,-13.0,-8.0,,估计同步待核验
XY_Xy-04-1-01,223,3.8448383458646616,-13.0,-18.0,-12.0,-9.0,,估计同步待核验
XY_Xy-04-1-01,224,3.8618421052631575,-14.0,-18.0,-13.0,-9.0,,估计同步待核验
XY_Xy-04-1-01,225,3.878845864661654,-15.0,-18.0,-13.0,-9.0,,估计同步待核验
XY_Xy-04-1-01,226,3.89584962406015,-14.0,-19.0,-12.0,-9.0,,估计同步待核验
XY_Xy-04-1-01,227,3.9128533834586463,-15.0,-18.0,-12.0,-9.0,,估计同步待核验
XY_Xy-04-1-01,228,3.9298571428571423,-16.0,-18.0,-13.0,-9.0,,估计同步待核验
XY_Xy-04-1-01,229,3.9468609022556387,-15.582706766915805,-18.139097744361397,-12.860902255638601,-9.0,,估计同步待核验
XY_Xy-04-1-01,230,3.963864661654135,-14.0,-19.0,-13.0,-9.0,,估计同步待核验
XY_Xy-04-1-01,231,3.9808684210526315,-15.0,-19.0,-13.0,-9.0,,估计同步待核验
XY_Xy-04-1-01,232,3.9978721804511275,-15.0,-19.0,-13.0,-9.0,,估计同步待核验
XY_Xy-04-1-01,233,4.014875939849624,-14.0,-19.0,-13.0,-9.0,,估计同步待核验
XY_Xy-04-1-01,234,4.03187969924812,-16.0,-18.0,-13.0,-10.0,,估计同步待核验
XY_Xy-04-1-01,235,4.048883458646617,-16.0,-18.0,-13.0,-10.0,,估计同步待核验
XY_Xy-04-1-01,236,4.065887218045113,-13.0,-19.0,-13.0,-10.0,,估计同步待核验
XY_Xy-04-1-01,237,4.082890977443609,-14.0,-19.0,-13.0,-10.0,,估计同步待核验
XY_Xy-04-1-01,238,4.099894736842105,-15.0,-19.0,-13.0,-10.0,,估计同步待核验
XY_Xy-04-1-01,239,4.1168984962406014,-14.0,-19.0,-13.0,-10.0,,估计同步待核验
XY_Xy-04-1-01,240,4.133902255639097,-14.195488721805793,-19.0,-13.097744360902897,-10.0,,估计同步待核验
XY_Xy-04-1-01,241,4.150906015037593,-16.0,-19.0,-13.0,-10.0,,估计同步待核验
XY_Xy-04-1-01,242,4.16790977443609,-17.0,-19.0,-13.0,-10.0,,估计同步待核验
XY_Xy-04-1-01,243,4.184913533834586,-14.0,-19.0,-13.0,-10.0,,估计同步待核验
XY_Xy-04-1-01,244,4.201917293233082,-15.0,-19.0,-14.0,-10.0,,估计同步待核验
XY_Xy-04-1-01,245,4.218921052631578,-15.0,-20.0,-14.0,-10.0,,估计同步待核验
XY_Xy-04-1-01,246,4.235924812030075,-15.0,-20.0,-14.0,-10.0,,估计同步待核验
XY_Xy-04-1-01,247,4.252928571428571,-16.0,-19.0,-14.0,-10.0,,估计同步待核验
XY_Xy-04-1-01,248,4.269932330827067,-17.0,-19.0,-14.0,-10.0,,估计同步待核验
XY_Xy-04-1-01,249,4.286936090225564,-14.0,-20.0,-14.0,-10.0,,估计同步待核验
XY_Xy-04-1-01,250,4.30393984962406,-15.0,-20.0,-14.0,-10.0,,估计同步待核验
XY_Xy-04-1-01,251,4.320943609022557,-16.0,-20.0,-14.0,-10.0,,估计同步待核验
XY_Xy-04-1-01,252,4.337947368421052,-15.0,-20.0,-14.0,-11.0,,估计同步待核验
XY_Xy-04-1-01,253,4.3549511278195485,-15.0,-20.0,-14.0,-11.0,,估计同步待核验
XY_Xy-04-1-01,254,4.3719548872180445,-17.0,-20.0,-14.0,-11.0,,估计同步待核验
XY_Xy-04-1-01,255,4.388958646616541,-17.0,-20.0,-14.0,-11.0,,估计同步待核验
XY_Xy-04-1-01,256,4.405962406015037,-15.0,-20.0,-14.0,-11.0,,估计同步待核验
XY_Xy-04-1-01,257,4.422966165413533,-16.0,-20.0,-14.0,-11.0,,估计同步待核验
XY_Xy-04-1-01,258,4.43996992481203,-16.0,-21.0,-14.0,-10.0,,估计同步待核验
XY_Xy-04-1-01,259,4.456973684210526,-15.0,-21.0,-14.0,-10.0,,估计同步待核验
XY_Xy-04-1-01,260,4.473977443609022,-17.0,-20.0,-15.0,-11.0,,估计同步待核验
XY_Xy-04-1-01,261,4.490981203007518,-17.0,-21.0,-15.0,-11.0,,估计同步待核验
XY_Xy-04-1-01,262,4.507984962406015,-16.969924812029742,-21.0,-14.984962406014871,-11.0,,估计同步待核验
XY_Xy-04-1-01,263,4.524988721804511,-15.0,-21.0,-15.0,-11.0,,估计同步待核验
XY_Xy-04-1-01,264,4.541992481203007,-17.0,-20.0,-15.0,-11.0,,估计同步待核验
XY_Xy-04-1-01,265,4.558996240601504,-16.0,-21.0,-15.0,-11.0,,估计同步待核验
XY_Xy-04-1-01,266,4.576,-15.0,-21.0,-15.0,-11.0,文件末帧,估计同步待核验
XY_Y-09-0.1-02,0,0.525,-8.0,-8.0,-31.0,-30.0,加载起点,估计同步待核验
XY_Y-09-0.1-02,1,0.6231310307017544,-8.0,-8.0,-42.131030701754355,-41.131030701754355,,估计同步待核验
XY_Y-09-0.1-02,2,0.7212620614035088,-7.0,-9.0,-53.0,-52.0,,估计同步待核验
XY_Y-09-0.1-02,3,0.8193930921052631,-7.0,-8.0,-65.0,-63.0,,估计同步待核验
XY_Y-09-0.1-02,4,0.9175241228070175,-7.0,-8.0,-76.0,-75.0,,估计同步待核验
XY_Y-09-0.1-02,5,1.015655153508772,-7.0,-9.0,-88.0,-87.0,,估计同步待核验
XY_Y-09-0.1-02,6,1.113786184210526,-7.0,-8.0,-99.0,-99.0,,估计同步待核验
XY_Y-09-0.1-02,7,1.2119172149122805,-7.0,-8.0,-111.0,-110.0,,估计同步待核验
XY_Y-09-0.1-02,8,1.310048245614035,-7.0,-8.0,-122.0,-121.0,,估计同步待核验
XY_Y-09-0.1-02,9,1.4081792763157894,-7.0,-8.0,-133.0,-133.0,,估计同步待核验
XY_Y-09-0.1-02,10,1.5063103070175439,-8.0,-8.0,-146.0,-145.0,,估计同步待核验
XY_Y-09-0.1-02,11,1.6044413377192983,-8.0,-9.0,-157.0,-156.0,,估计同步待核验
XY_Y-09-0.1-02,12,1.7025723684210523,-9.0,-8.0,-168.0,-168.0,,估计同步待核验
XY_Y-09-0.1-02,13,1.8007033991228067,-8.40679824561356,-8.0,-178.7033991228068,-178.7033991228068,,估计同步待核验
XY_Y-09-0.1-02,14,1.8988344298245612,-7.0,-8.0,-190.0,-190.0,,估计同步待核验
XY_Y-09-0.1-02,15,1.9969654605263156,-7.0,-8.0,-201.0,-200.0,,估计同步待核验
XY_Y-09-0.1-02,16,2.09509649122807,-7.0,-8.0,-212.0,-211.0,,估计同步待核验
XY_Y-09-0.1-02,17,2.1932275219298245,-7.0,-8.0,-223.0,-223.0,,估计同步待核验
XY_Y-09-0.1-02,18,2.291358552631579,-8.0,-8.0,-235.0,-235.0,,估计同步待核验
XY_Y-09-0.1-02,19,2.389489583333333,-8.0,-8.0,-246.0,-246.0,,估计同步待核验
XY_Y-09-0.1-02,20,2.4876206140350874,-8.0,-8.0,-258.0,-257.0,,估计同步待核验
XY_Y-09-0.1-02,21,2.585751644736842,-9.0,-8.0,-268.0,-268.0,,估计同步待核验
XY_Y-09-0.1-02,22,2.6838826754385963,-9.0,-8.0,-281.0,-280.0,,估计同步待核验
XY_Y-09-0.1-02,23,2.7820137061403503,-9.0,-8.0,-292.0,-292.0,,估计同步待核验
XY_Y-09-0.1-02,24,2.8801447368421047,-9.0,-8.0,-302.0,-302.0,,估计同步待核验
XY_Y-09-0.1-02,25,2.978275767543859,-9.0,-8.0,-313.0,-313.0,,估计同步待核验
XY_Y-09-0.1-02,26,3.0764067982456136,-7.813596491227121,-8.59320175438644,-322.81359649122714,-322.4067982456136,,估计同步待核验
XY_Y-09-0.1-02,27,3.174537828947368,-7.0,-9.0,-333.0,-333.0,,估计同步待核验
XY_Y-09-0.1-02,28,3.2726688596491225,-8.0,-8.0,-345.0,-344.0,,估计同步待核验
XY_Y-09-0.1-02,29,3.370799890350877,-8.0,-8.0,-356.0,-356.0,,估计同步待核验
XY_Y-09-0.1-02,30,3.468930921052631,-8.0,-8.0,-365.0,-365.0,,估计同步待核验
XY_Y-09-0.1-02,31,3.567061951754386,-9.0,-8.0,-377.0,-376.0,,估计同步待核验
XY_Y-09-0.1-02,32,3.66519298245614,-10.0,-8.0,-387.0,-387.0,,估计同步待核验
XY_Y-09-0.1-02,33,3.7633240131578947,-9.0,-8.0,-398.0,-398.0,,估计同步待核验
XY_Y-09-0.1-02,34,3.8614550438596487,-10.0,-8.0,-409.0,-409.0,,估计同步待核验
XY_Y-09-0.1-02,35,3.959586074561403,-10.0,-8.0,-419.0,-419.0,,估计同步待核验
XY_Y-09-0.1-02,36,4.0577171052631575,-10.0,-8.0,-430.0,-430.0,,估计同步待核验
XY_Y-09-0.1-02,37,4.155848135964912,-9.0,-8.0,-440.0,-440.0,,估计同步待核验
XY_Y-09-0.1-02,38,4.253979166666666,-8.979166666666853,-8.0,-450.97916666666686,-450.97916666666686,,估计同步待核验
XY_Y-09-0.1-02,39,4.352110197368421,-8.11019736842061,-8.0,-460.1101973684206,-460.1101973684206,,估计同步待核验
XY_Y-09-0.1-02,40,4.450241228070175,-9.0,-8.0,-471.0,-471.0,,估计同步待核验
XY_Y-09-0.1-02,41,4.54837225877193,-9.0,-8.0,-481.0,-481.0,,估计同步待核验
XY_Y-09-0.1-02,42,4.646503289473684,-10.0,-8.0,-491.0,-490.0,,估计同步待核验
XY_Y-09-0.1-02,43,4.744634320175439,-10.0,-8.0,-501.0,-501.0,,估计同步待核验
XY_Y-09-0.1-02,44,4.842765350877193,-9.0,-8.0,-512.0,-511.0,,估计同步待核验
XY_Y-09-0.1-02,45,4.9408963815789475,-10.0,-8.0,-522.0,-521.0,,估计同步待核验
XY_Y-09-0.1-02,46,5.039027412280701,-9.0,-8.0,-532.0,-532.0,,估计同步待核验
XY_Y-09-0.1-02,47,5.137158442982456,-9.0,-8.0,-542.0,-542.0,,估计同步待核验
XY_Y-09-0.1-02,48,5.23528947368421,-8.0,-8.0,-552.0,-552.0,,估计同步待核验
XY_Y-09-0.1-02,49,5.333420504385965,-9.0,-8.0,-562.0,-562.0,,估计同步待核验
XY_Y-09-0.1-02,50,5.431551535087719,-8.0,-8.0,-571.0,-571.0,,估计同步待核验
XY_Y-09-0.1-02,51,5.529682565789473,-8.317434210526883,-8.0,-581.6825657894731,-581.3651315789463,,估计同步待核验
XY_Y-09-0.1-02,52,5.627813596491228,-9.0,-8.0,-591.0,-591.0,,估计同步待核验
XY_Y-09-0.1-02,53,5.725944627192982,-10.0,-8.0,-601.0,-601.0,,估计同步待核验
XY_Y-09-0.1-02,54,5.824075657894737,-10.0,-8.0,-610.0,-610.0,,估计同步待核验
XY_Y-09-0.1-02,55,5.922206688596491,-9.0,-8.0,-620.0,-620.0,,估计同步待核验
XY_Y-09-0.1-02,56,6.0203377192982455,-9.0,-8.0,-630.0,-630.0,,估计同步待核验
XY_Y-09-0.1-02,57,6.11846875,-9.0,-8.0,-639.0,-640.0,,估计同步待核验
XY_Y-09-0.1-02,58,6.216599780701754,-9.0,-8.0,-649.0,-650.0,,估计同步待核验
XY_Y-09-0.1-02,59,6.31473081140351,-8.0,-8.0,-658.0,-659.0,,估计同步待核验
XY_Y-09-0.1-02,60,6.412861842105262,-8.0,-8.0,-668.0,-669.0,,估计同步待核验
XY_Y-09-0.1-02,61,6.510992872807018,-7.0,-8.0,-679.0,-679.0,,估计同步待核验
XY_Y-09-0.1-02,62,6.609123903508772,-7.0,-8.0,-687.0,-688.0,,估计同步待核验
XY_Y-09-0.1-02,63,6.7072549342105265,-7.0,-8.0,-697.0,-698.0,,估计同步待核验
XY_Y-09-0.1-02,64,6.80538596491228,-8.2280701754395,-8.0,-706.3859649122802,-707.3859649122802,,估计同步待核验
XY_Y-09-0.1-02,65,6.9035169956140345,-9.0,-8.0,-715.0,-717.0,,估计同步待核验
XY_Y-09-0.1-02,66,7.00164802631579,-9.0,-8.0,-725.0,-725.0,,估计同步待核验
XY_Y-09-0.1-02,67,7.099779057017544,-9.0,-8.0,-734.0,-734.0,,估计同步待核验
XY_Y-09-0.1-02,68,7.197910087719298,-9.0,-8.0,-744.0,-744.0,,估计同步待核验
XY_Y-09-0.1-02,69,7.296041118421052,-8.0,-8.0,-753.0,-753.0,,估计同步待核验
XY_Y-09-0.1-02,70,7.394172149122807,-7.0,-8.0,-763.0,-763.0,,估计同步待核验
XY_Y-09-0.1-02,71,7.492303179824562,-7.0,-8.0,-771.0,-772.0,,估计同步待核验
XY_Y-09-0.1-02,72,7.590434210526316,-7.0,-8.0,-781.0,-782.0,,估计同步待核验
XY_Y-09-0.1-02,73,7.68856524122807,-7.0,-8.0,-791.0,-792.0,,估计同步待核验
XY_Y-09-0.1-02,74,7.7866962719298245,-7.0,-9.0,-800.0,-801.0,,估计同步待核验
XY_Y-09-0.1-02,75,7.884827302631579,-7.0,-8.0,-809.0,-809.0,,估计同步待核验
XY_Y-09-0.1-02,76,7.9829583333333325,-7.0833333333343695,-8.0,-817.9583333333328,-818.0,,估计同步待核验
XY_Y-09-0.1-02,77,8.081089364035087,-7.910635964912696,-8.0,-826.0893640350873,-826.0893640350873,,估计同步待核验
XY_Y-09-0.1-02,78,8.179220394736841,-8.0,-8.0,-836.0,-836.0,,估计同步待核验
XY_Y-09-0.1-02,79,8.277351425438596,-8.0,-8.0,-844.0,-844.0,,估计同步待核验
XY_Y-09-0.1-02,80,8.37548245614035,-7.0,-8.0,-853.0,-854.0,,估计同步待核验
XY_Y-09-0.1-02,81,8.473613486842105,-7.0,-8.0,-862.0,-864.0,,估计同步待核验
XY_Y-09-0.1-02,82,8.57174451754386,-7.0,-8.0,-871.0,-872.0,,估计同步待核验
XY_Y-09-0.1-02,83,8.669875548245614,-7.0,-8.0,-879.0,-880.0,,估计同步待核验
XY_Y-09-0.1-02,84,8.768006578947368,-7.0,-8.0,-888.0,-890.0,,估计同步待核验
XY_Y-09-0.1-02,85,8.866137609649122,-7.0,-8.0,-897.0,-898.0,,估计同步待核验
XY_Y-09-0.1-02,86,8.964268640350877,-7.0,-8.0,-906.0,-907.0,,估计同步待核验
XY_Y-09-0.1-02,87,9.062399671052631,-8.0,-8.0,-915.0,-916.0,,估计同步待核验
XY_Y-09-0.1-02,88,9.160530701754386,-8.0,-8.0,-923.0,-924.0,,估计同步待核验
XY_Y-09-0.1-02,89,9.25866173245614,-8.323464912280574,-8.0,-931.6617324561403,-932.6617324561403,,估计同步待核验
XY_Y-09-0.1-02,90,9.356792763157895,-7.0,-8.0,-939.0,-940.0,,估计同步待核验
XY_Y-09-0.1-02,91,9.454923793859649,-7.0,-8.0,-948.0,-949.0,,估计同步待核验
XY_Y-09-0.1-02,92,9.553054824561402,-7.0,-8.0,-957.0,-957.0,,估计同步待核验
XY_Y-09-0.1-02,93,9.651185855263158,-7.0,-8.0,-964.0,-966.0,,估计同步待核验
XY_Y-09-0.1-02,94,9.749316885964912,-7.0,-8.0,-972.0,-973.0,,估计同步待核验
XY_Y-09-0.1-02,95,9.847447916666667,-7.0,-8.0,-982.0,-983.0,,估计同步待核验
XY_Y-09-0.1-02,96,9.94557894736842,-8.0,-8.0,-989.0,-991.0,,估计同步待核验
XY_Y-09-0.1-02,97,10.043709978070174,-8.0,-8.0,-998.0,-999.0,,估计同步待核验
XY_Y-09-0.1-02,98,10.14184100877193,-8.0,-8.0,-1005.0,-1007.0,,估计同步待核验
XY_Y-09-0.1-02,99,10.239972039473685,-9.0,-8.0,-1014.0,-1014.0,,估计同步待核验
XY_Y-09-0.1-02,100,10.338103070175437,-9.0,-8.0,-1022.0,-1023.0,,估计同步待核验
XY_Y-09-0.1-02,101,10.436234100877192,-9.0,-8.0,-1029.0,-1030.0,,估计同步待核验
XY_Y-09-0.1-02,102,10.534365131578946,-8.095394736837005,-8.0,-1036.3651315789457,-1037.3651315789457,,估计同步待核验
XY_Y-09-0.1-02,103,10.632496162280702,-7.0,-8.0,-1044.0,-1045.0,,估计同步待核验
XY_Y-09-0.1-02,104,10.730627192982455,-7.0,-8.0,-1051.0,-1053.0,,估计同步待核验
XY_Y-09-0.1-02,105,10.82875822368421,-8.0,-8.0,-1059.0,-1060.0,,估计同步待核验
XY_Y-09-0.1-02,106,10.926889254385964,-8.0,-8.0,-1066.0,-1068.0,,估计同步待核验
XY_Y-09-0.1-02,107,11.025020285087718,-8.0,-8.0,-1074.0,-1075.0,,估计同步待核验
XY_Y-09-0.1-02,108,11.123151315789473,-9.0,-8.0,-1081.0,-1083.0,,估计同步待核验
XY_Y-09-0.1-02,109,11.221282346491227,-9.0,-8.0,-1088.0,-1089.0,,估计同步待核验
XY_Y-09-0.1-02,110,11.319413377192982,-9.0,-8.0,-1095.0,-1096.0,,估计同步待核验
XY_Y-09-0.1-02,111,11.417544407894736,-10.0,-8.0,-1103.0,-1104.0,,估计同步待核验
XY_Y-09-0.1-02,112,11.51567543859649,-9.0,-8.0,-1110.0,-1111.0,,估计同步待核验
XY_Y-09-0.1-02,113,11.613806469298245,-9.0,-8.0,-1116.0,-1118.0,,估计同步待核验
XY_Y-09-0.1-02,114,11.7119375,-8.937499999999666,-8.0,-1122.9374999999998,-1124.0,,估计同步待核验
XY_Y-09-0.1-02,115,11.810068530701754,-8.068530701753426,-8.0,-1129.0685307017534,-1130.0685307017534,,估计同步待核验
XY_Y-09-0.1-02,116,11.908199561403508,-8.0,-8.0,-1135.0,-1137.0,,估计同步待核验
XY_Y-09-0.1-02,117,12.006330592105263,-9.0,-8.0,-1142.0,-1143.0,,估计同步待核验
XY_Y-09-0.1-02,118,12.104461622807019,-9.0,-8.0,-1148.0,-1150.0,,估计同步待核验
XY_Y-09-0.1-02,119,12.20259265350877,-9.0,-8.0,-1155.0,-1156.0,,估计同步待核验
XY_Y-09-0.1-02,120,12.300723684210524,-10.0,-8.0,-1162.0,-1162.0,,估计同步待核验
XY_Y-09-0.1-02,121,12.39885471491228,-9.0,-8.0,-1167.0,-1168.0,,估计同步待核验
XY_Y-09-0.1-02,122,12.496985745614035,-9.0,-8.0,-1173.0,-1174.0,,估计同步待核验
XY_Y-09-0.1-02,123,12.59511677631579,-9.0,-8.0,-1179.0,-1180.0,,估计同步待核验
XY_Y-09-0.1-02,124,12.693247807017544,-9.0,-8.0,-1185.0,-1186.0,,估计同步待核验
XY_Y-09-0.1-02,125,12.791378837719298,-9.0,-8.0,-1191.0,-1193.0,,估计同步待核验
XY_Y-09-0.1-02,126,12.889509868421053,-8.0,-8.0,-1197.0,-1198.0,,估计同步待核验
XY_Y-09-0.1-02,127,12.987640899122805,-8.0,-8.0,-1202.0,-1204.0,,估计同步待核验
XY_Y-09-0.1-02,128,13.08577192982456,-9.0,-8.0,-1207.0,-1209.0,,估计同步待核验
XY_Y-09-0.1-02,129,13.183902960526314,-9.0,-8.0,-1213.0,-1214.0,,估计同步待核验
XY_Y-09-0.1-02,130,13.282033991228069,-9.0,-7.0,-1218.0,-1220.0,,估计同步待核验
XY_Y-09-0.1-02,131,13.380165021929825,-9.0,-8.0,-1224.0,-1225.0,,估计同步待核验
XY_Y-09-0.1-02,132,13.47829605263158,-9.0,-8.0,-1229.0,-1230.0,,估计同步待核验
XY_Y-09-0.1-02,133,13.576427083333334,-9.0,-8.0,-1234.0,-1236.0,,估计同步待核验
XY_Y-09-0.1-02,134,13.674558114035088,-9.0,-8.0,-1239.0,-1240.0,,估计同步待核验
XY_Y-09-0.1-02,135,13.772689144736841,-8.0,-8.0,-1243.0,-1246.0,,估计同步待核验
XY_Y-09-0.1-02,136,13.870820175438595,-8.0,-8.0,-1248.0,-1250.0,,估计同步待核验
XY_Y-09-0.1-02,137,13.96895120614035,-8.0,-8.0,-1253.0,-1255.0,,估计同步待核验
XY_Y-09-0.1-02,138,14.067082236842104,-7.0,-8.0,-1257.0,-1258.0,,估计同步待核验
XY_Y-09-0.1-02,139,14.165213267543859,-7.0,-8.0,-1262.0,-1264.0,,估计同步待核验
XY_Y-09-0.1-02,140,14.263344298245613,-7.0,-8.0,-1266.0,-1268.0,,估计同步待核验
XY_Y-09-0.1-02,141,14.361475328947368,-8.049342105265664,-8.0,-1271.0,-1273.0,,估计同步待核验
XY_Y-09-0.1-02,142,14.459606359649124,-9.0,-8.0,-1275.0,-1276.0,,估计同步待核验
XY_Y-09-0.1-02,143,14.557737390350875,-9.0,-8.0,-1279.0,-1280.0,,估计同步待核验
XY_Y-09-0.1-02,144,14.65586842105263,-8.0,-7.0,-1282.0,-1284.0,,估计同步待核验
XY_Y-09-0.1-02,145,14.753999451754385,-8.0,-8.0,-1286.0,-1288.0,,估计同步待核验
XY_Y-09-0.1-02,146,14.85213048245614,-8.0,-8.0,-1290.0,-1292.0,,估计同步待核验
XY_Y-09-0.1-02,147,14.950261513157894,-7.0,-8.0,-1293.0,-1295.0,,估计同步待核验
XY_Y-09-0.1-02,148,15.048392543859649,-7.0,-8.0,-1297.0,-1299.0,,估计同步待核验
XY_Y-09-0.1-02,149,15.146523574561403,-7.0,-8.0,-1301.0,-1302.0,,估计同步待核验
XY_Y-09-0.1-02,150,15.244654605263158,-7.0,-8.0,-1304.0,-1306.0,,估计同步待核验
XY_Y-09-0.1-02,151,15.34278563596491,-7.0,-8.0,-1307.0,-1309.0,,估计同步待核验
XY_Y-09-0.1-02,152,15.440916666666665,-7.0,-8.0,-1311.0,-1313.0,,估计同步待核验
XY_Y-09-0.1-02,153,15.539047697368419,-8.0,-8.0,-1313.0,-1315.0,,估计同步待核验
XY_Y-09-0.1-02,154,15.637178728070174,-8.0,-8.0,-1316.0,-1318.0,,估计同步待核验
XY_Y-09-0.1-02,155,15.73530975877193,-7.0,-8.0,-1318.0,-1320.0,,估计同步待核验
XY_Y-09-0.1-02,156,15.833440789473684,-7.0,-8.0,-1321.0,-1323.0,,估计同步待核验
XY_Y-09-0.1-02,157,15.931571820175439,-7.0,-8.0,-1324.0,-1325.0,,估计同步待核验
XY_Y-09-0.1-02,158,16.029702850877193,-7.0,-8.0,-1326.0,-1328.0,,估计同步待核验
XY_Y-09-0.1-02,159,16.127833881578944,-7.0,-8.0,-1329.0,-1330.0,,估计同步待核验
XY_Y-09-0.1-02,160,16.2259649122807,-7.0,-8.0,-1330.0,-1332.0,,估计同步待核验
XY_Y-09-0.1-02,161,16.324095942982453,-7.0,-8.0,-1333.0,-1334.0,,估计同步待核验
XY_Y-09-0.1-02,162,16.422226973684207,-8.0,-8.0,-1334.0,-1336.0,,估计同步待核验
XY_Y-09-0.1-02,163,16.52035800438596,-8.0,-8.0,-1337.0,-1339.0,,估计同步待核验
XY_Y-09-0.1-02,164,16.618489035087716,-8.0,-8.0,-1338.0,-1340.0,,估计同步待核验
XY_Y-09-0.1-02,165,16.71662006578947,-9.0,-8.0,-1340.0,-1342.0,,估计同步待核验
XY_Y-09-0.1-02,166,16.814751096491225,-8.502192982448076,-8.0,-1341.751096491224,-1343.0,,估计同步待核验
XY_Y-09-0.1-02,167,16.91288212719298,-7.0,-8.0,-1343.0,-1345.0,,估计同步待核验
XY_Y-09-0.1-02,168,17.011013157894734,-7.0,-8.0,-1344.0,-1345.0,,估计同步待核验
XY_Y-09-0.1-02,169,17.10914418859649,-7.0,-8.0,-1345.0,-1347.0,,估计同步待核验
XY_Y-09-0.1-02,170,17.207275219298243,-7.0,-8.0,-1346.0,-1348.0,,估计同步待核验
XY_Y-09-0.1-02,171,17.305406249999997,-7.0,-8.0,-1348.0,-1350.0,,估计同步待核验
XY_Y-09-0.1-02,172,17.40353728070175,-8.0,-8.0,-1348.0,-1350.0,,估计同步待核验
XY_Y-09-0.1-02,173,17.501668311403506,-9.0,-8.0,-1349.0,-1351.0,,估计同步待核验
XY_Y-09-0.1-02,174,17.59979934210526,-9.0,-8.0,-1350.0,-1352.0,,估计同步待核验
XY_Y-09-0.1-02,175,17.697930372807015,-9.0,-8.0,-1351.0,-1352.0,,估计同步待核验
XY_Y-09-0.1-02,176,17.79606140350877,-9.0,-8.0,-1352.0,-1354.0,,估计同步待核验
XY_Y-09-0.1-02,177,17.894192434210524,-9.0,-8.0,-1353.0,-1355.0,,估计同步待核验
XY_Y-09-0.1-02,178,17.99232346491228,-10.0,-8.0,-1353.0,-1355.0,,估计同步待核验
XY_Y-09-0.1-02,179,18.090454495614033,-7.9089912280646475,-8.0,-1353.0,-1355.0,,估计同步待核验
XY_Y-09-0.1-02,180,18.188585526315787,-8.0,-8.0,-1353.0,-1356.0,,估计同步待核验
XY_Y-09-0.1-02,181,18.28671655701754,-8.0,-8.0,-1354.0,-1356.0,,估计同步待核验
XY_Y-09-0.1-02,182,18.384847587719296,-8.0,-8.0,-1354.0,-1356.0,,估计同步待核验
XY_Y-09-0.1-02,183,18.48297861842105,-9.0,-8.0,-1354.0,-1356.0,,估计同步待核验
XY_Y-09-0.1-02,184,18.5811096491228,-9.0,-8.0,-1355.0,-1357.0,,估计同步待核验
XY_Y-09-0.1-02,185,18.67924067982456,-9.0,-8.0,-1355.0,-1357.0,,估计同步待核验
XY_Y-09-0.1-02,186,18.777371710526314,-10.0,-8.0,-1355.0,-1357.0,,估计同步待核验
XY_Y-09-0.1-02,187,18.87550274122807,-9.0,-8.0,-1356.0,-1358.0,,估计同步待核验
XY_Y-09-0.1-02,188,18.973633771929823,-9.0,-8.0,-1356.0,-1358.0,,估计同步待核验
XY_Y-09-0.1-02,189,19.071764802631577,-9.0,-8.0,-1356.0,-1357.0,,估计同步待核验
XY_Y-09-0.1-02,190,19.16989583333333,-9.0,-8.0,-1356.0,-1357.0,,估计同步待核验
XY_Y-09-0.1-02,191,19.268026864035086,-8.0,-8.0,-1356.0,-1358.0,,估计同步待核验
XY_Y-09-0.1-02,192,19.366157894736837,-8.842105263162944,-8.0,-1356.0,-1358.0,,估计同步待核验
XY_Y-09-0.1-02,193,19.46428892543859,-9.0,-8.0,-1356.0,-1358.0,,估计同步待核验
XY_Y-09-0.1-02,194,19.562419956140346,-9.0,-8.0,-1356.0,-1358.0,,估计同步待核验
XY_Y-09-0.1-02,195,19.660550986842104,-10.0,-8.0,-1356.0,-1358.0,,估计同步待核验
XY_Y-09-0.1-02,196,19.758682017543858,-9.0,-8.0,-1356.0,-1358.0,,估计同步待核验
XY_Y-09-0.1-02,197,19.856813048245613,-9.0,-8.0,-1357.0,-1358.0,,估计同步待核验
XY_Y-09-0.1-02,198,19.954944078947367,-9.0,-8.0,-1356.0,-1358.0,,估计同步待核验
XY_Y-09-0.1-02,199,20.05307510964912,-9.0,-8.0,-1355.0,-1357.0,,估计同步待核验
XY_Y-09-0.1-02,200,20.151206140350872,-8.0,-8.0,-1356.0,-1357.0,,估计同步待核验
XY_Y-09-0.1-02,201,20.249337171052627,-8.0,-8.0,-1355.0,-1357.0,,估计同步待核验
XY_Y-09-0.1-02,202,20.34746820175438,-8.0,-8.0,-1355.0,-1357.0,,估计同步待核验
XY_Y-09-0.1-02,203,20.445599232456136,-7.0,-8.0,-1355.0,-1357.0,,估计同步待核验
XY_Y-09-0.1-02,204,20.54373026315789,-7.809210526329883,-7.730263157890039,-1355.0,-1357.0,,估计同步待核验
XY_Y-09-0.1-02,205,20.641861293859648,-9.0,-7.0,-1355.0,-1356.0,,估计同步待核验
XY_Y-09-0.1-02,206,20.739992324561403,-9.0,-8.0,-1355.0,-1357.0,,估计同步待核验
XY_Y-09-0.1-02,207,20.838123355263157,-9.0,-8.0,-1355.0,-1356.0,,估计同步待核验
XY_Y-09-0.1-02,208,20.936254385964908,-9.0,-8.0,-1355.0,-1357.0,,估计同步待核验
XY_Y-09-0.1-02,209,21.034385416666662,-8.0,-8.0,-1355.0,-1357.0,,估计同步待核验
XY_Y-09-0.1-02,210,21.132516447368417,-8.0,-8.0,-1355.0,-1357.0,,估计同步待核验
XY_Y-09-0.1-02,211,21.23064747807017,-8.0,-8.0,-1355.0,-1357.0,,估计同步待核验
XY_Y-09-0.1-02,212,21.328778508771926,-7.0,-8.0,-1355.0,-1357.0,,估计同步待核验
XY_Y-09-0.1-02,213,21.42690953947368,-7.0,-8.0,-1355.0,-1357.0,,估计同步待核验
XY_Y-09-0.1-02,214,21.525040570175435,-7.0,-9.0,-1355.0,-1357.0,,估计同步待核验
XY_Y-09-0.1-02,215,21.623171600877193,-7.0,-8.0,-1354.0,-1356.0,,估计同步待核验
XY_Y-09-0.1-02,216,21.721302631578943,-7.0,-8.0,-1354.0,-1356.0,,估计同步待核验
XY_Y-09-0.1-02,217,21.819433662280698,-8.132675438603352,-8.0,-1355.0,-1357.0,,估计同步待核验
XY_Y-09-0.1-02,218,21.917564692982452,-8.0,-8.0,-1355.0,-1357.0,,估计同步待核验
XY_Y-09-0.1-02,219,22.015695723684207,-8.0,-8.0,-1355.0,-1357.0,,估计同步待核验
XY_Y-09-0.1-02,220,22.11382675438596,-7.0,-8.0,-1355.0,-1357.0,,估计同步待核验
XY_Y-09-0.1-02,221,22.211957785087716,-7.0,-8.0,-1355.0,-1357.0,,估计同步待核验
XY_Y-09-0.1-02,222,22.31008881578947,-7.0,-8.0,-1355.0,-1358.0,,估计同步待核验
XY_Y-09-0.1-02,223,22.408219846491225,-7.0,-8.0,-1355.0,-1357.0,,估计同步待核验
XY_Y-09-0.1-02,224,22.50635087719298,-7.0,-8.0,-1355.0,-1357.0,,估计同步待核验
XY_Y-09-0.1-02,225,22.604481907894733,-7.0,-9.0,-1355.0,-1357.0,,估计同步待核验
XY_Y-09-0.1-02,226,22.702612938596488,-8.0,-8.0,-1356.0,-1357.0,,估计同步待核验
XY_Y-09-0.1-02,227,22.800743969298242,-8.0,-8.0,-1355.0,-1357.0,,估计同步待核验
XY_Y-09-0.1-02,228,22.898874999999997,-8.0,-8.0,-1355.0,-1357.0,,估计同步待核验
XY_Y-09-0.1-02,229,22.997006030701748,-9.0,-8.0,-1355.0,-1357.0,,估计同步待核验
XY_Y-09-0.1-02,230,23.095137061403506,-7.27412280701322,-8.0,-1356.0,-1357.0,,估计同步待核验
XY_Y-09-0.1-02,231,23.19326809210526,-7.0,-8.0,-1356.0,-1358.0,,估计同步待核验
XY_Y-09-0.1-02,232,23.291399122807015,-7.0,-8.0,-1355.0,-1358.0,,估计同步待核验
XY_Y-09-0.1-02,233,23.38953015350877,-7.0,-8.0,-1355.0,-1357.0,,估计同步待核验
XY_Y-09-0.1-02,234,23.487661184210523,-7.0,-8.0,-1356.0,-1357.0,,估计同步待核验
XY_Y-09-0.1-02,235,23.585792214912278,-8.0,-8.0,-1356.0,-1357.0,,估计同步待核验
XY_Y-09-0.1-02,236,23.683923245614036,-8.0,-8.0,-1355.0,-1357.0,,估计同步待核验
XY_Y-09-0.1-02,237,23.782054276315787,-8.0,-8.0,-1355.0,-1356.0,,估计同步待核验
XY_Y-09-0.1-02,238,23.880185307017538,-9.0,-8.0,-1356.0,-1357.0,,估计同步待核验
XY_Y-09-0.1-02,239,23.978316337719296,-9.0,-8.0,-1356.0,-1358.0,,估计同步待核验
XY_Y-09-0.1-02,240,24.076447368421046,-9.0,-8.0,-1355.0,-1357.0,,估计同步待核验
XY_Y-09-0.1-02,241,24.174578399122804,-9.0,-8.0,-1356.0,-1357.0,,估计同步待核验
XY_Y-09-0.1-02,242,24.27270942982456,-8.418859649119184,-8.0,-1356.0,-1358.0,,估计同步待核验
XY_Y-09-0.1-02,243,24.370840460526313,-7.0,-8.0,-1356.0,-1358.0,,估计同步待核验
XY_Y-09-0.1-02,244,24.468971491228068,-7.0,-8.0,-1356.0,-1358.0,,估计同步待核验
XY_Y-09-0.1-02,245,24.56710252192982,-8.0,-8.0,-1355.0,-1358.0,,估计同步待核验
XY_Y-09-0.1-02,246,24.665233552631577,-8.0,-8.0,-1355.0,-1358.0,,估计同步待核验
XY_Y-09-0.1-02,247,24.763364583333328,-9.0,-8.0,-1356.0,-1357.0,,估计同步待核验
XY_Y-09-0.1-02,248,24.861495614035086,-9.0,-8.0,-1356.0,-1357.0,,估计同步待核验
XY_Y-09-0.1-02,249,24.959626644736836,-10.0,-8.0,-1355.0,-1357.0,,估计同步待核验
XY_Y-09-0.1-02,250,25.057757675438594,-10.0,-8.0,-1355.0,-1356.0,,估计同步待核验
XY_Y-09-0.1-02,251,25.155888706140345,-10.0,-8.0,-1356.0,-1357.0,,估计同步待核验
XY_Y-09-0.1-02,252,25.254019736842103,-9.0,-7.0,-1355.0,-1357.0,,估计同步待核验
XY_Y-09-0.1-02,253,25.352150767543858,-9.0,-8.0,-1355.0,-1357.0,,估计同步待核验
XY_Y-09-0.1-02,254,25.45028179824561,-9.0,-8.0,-1355.0,-1356.0,,估计同步待核验
XY_Y-09-0.1-02,255,25.548412828947367,-8.587171052632122,-8.0,-1355.0,-1356.4128289473679,,估计同步待核验
XY_Y-09-0.1-02,256,25.646543859649118,-9.0,-8.0,-1355.0,-1356.0,,估计同步待核验
XY_Y-09-0.1-02,257,25.744674890350876,-9.0,-8.0,-1354.0,-1355.0,,估计同步待核验
XY_Y-09-0.1-02,258,25.842805921052626,-9.0,-8.0,-1354.0,-1356.0,,估计同步待核验
XY_Y-09-0.1-02,259,25.940936951754384,-9.0,-8.0,-1354.0,-1356.0,,估计同步待核验
XY_Y-09-0.1-02,260,26.039067982456135,-9.0,-7.0,-1355.0,-1356.0,,估计同步待核验
XY_Y-09-0.1-02,261,26.13719901315789,-9.0,-8.0,-1355.0,-1356.0,,估计同步待核验
XY_Y-09-0.1-02,262,26.235330043859648,-9.0,-8.0,-1353.0,-1355.0,,估计同步待核验
XY_Y-09-0.1-02,263,26.3334610745614,-9.0,-8.0,-1354.0,-1356.0,,估计同步待核验
XY_Y-09-0.1-02,264,26.431592105263157,-8.0,-8.0,-1354.0,-1355.0,,估计同步待核验
XY_Y-09-0.1-02,265,26.529723135964907,-8.0,-8.0,-1354.0,-1356.0,,估计同步待核验
XY_Y-09-0.1-02,266,26.627854166666665,-7.0,-8.0,-1353.0,-1355.0,,估计同步待核验
XY_Y-09-0.1-02,267,26.725985197368416,-7.029605263165491,-8.0,-1353.0,-1355.0,,估计同步待核验
XY_Y-09-0.1-02,268,26.824116228070174,-8.767543859653953,-8.0,-1353.0,-1355.0,,估计同步待核验
XY_Y-09-0.1-02,269,26.922247258771925,-9.0,-8.0,-1354.0,-1355.0,,估计同步待核验
XY_Y-09-0.1-02,270,27.02037828947368,-9.0,-8.0,-1353.0,-1355.0,,估计同步待核验
XY_Y-09-0.1-02,271,27.118509320175434,-9.0,-8.0,-1353.0,-1355.0,,估计同步待核验
XY_Y-09-0.1-02,272,27.21664035087719,-8.0,-8.0,-1353.0,-1355.0,,估计同步待核验
XY_Y-09-0.1-02,273,27.314771381578947,-8.0,-8.0,-1353.0,-1355.0,,估计同步待核验
XY_Y-09-0.1-02,274,27.412902412280697,-7.0,-8.0,-1352.0,-1354.0,,估计同步待核验
XY_Y-09-0.1-02,275,27.511033442982455,-7.0,-8.0,-1353.0,-1355.0,,估计同步待核验
XY_Y-09-0.1-02,276,27.609164473684206,-7.0,-8.0,-1353.0,-1354.0,,估计同步待核验
XY_Y-09-0.1-02,277,27.707295504385957,-7.0,-8.0,-1352.0,-1355.0,,估计同步待核验
XY_Y-09-0.1-02,278,27.805426535087715,-7.0,-9.0,-1353.0,-1355.0,,估计同步待核验
XY_Y-09-0.1-02,279,27.90355756578947,-7.0,-8.0,-1352.0,-1354.0,,估计同步待核验
XY_Y-09-0.1-02,280,28.001688596491224,-7.311403508775514,-8.0,-1352.3114035087756,-1354.3114035087756,,估计同步待核验
XY_Y-09-0.1-02,281,28.09981962719298,-8.0,-8.0,-1353.0,-1355.0,,估计同步待核验
XY_Y-09-0.1-02,282,28.197950657894733,-8.0,-8.0,-1353.0,-1355.0,,估计同步待核验
XY_Y-09-0.1-02,283,28.296081688596487,-7.0,-8.0,-1352.0,-1354.0,,估计同步待核验
XY_Y-09-0.1-02,284,28.394212719298245,-7.0,-8.0,-1352.0,-1354.0,,估计同步待核验
XY_Y-09-0.1-02,285,28.492343749999996,-7.0,-8.0,-1353.0,-1354.0,,估计同步待核验
XY_Y-09-0.1-02,286,28.590474780701747,-7.0,-8.0,-1353.0,-1355.0,,估计同步待核验
XY_Y-09-0.1-02,287,28.688605811403505,-7.0,-9.0,-1352.0,-1354.0,,估计同步待核验
XY_Y-09-0.1-02,288,28.78673684210526,-7.0,-8.0,-1352.0,-1354.0,,估计同步待核验
XY_Y-09-0.1-02,289,28.884867872807014,-7.0,-8.0,-1353.0,-1354.0,,估计同步待核验
XY_Y-09-0.1-02,290,28.98299890350877,-8.0,-8.0,-1353.0,-1355.0,,估计同步待核验
XY_Y-09-0.1-02,291,29.081129934210523,-9.0,-8.0,-1353.0,-1355.0,,估计同步待核验
XY_Y-09-0.1-02,292,29.179260964912277,-9.0,-8.0,-1353.0,-1355.0,,估计同步待核验
XY_Y-09-0.1-02,293,29.277391995614035,-7.7839912280705414,-8.0,-1353.0,-1355.0,,估计同步待核验
XY_Y-09-0.1-02,294,29.375523026315786,-7.0,-8.0,-1353.0,-1356.0,,估计同步待核验
XY_Y-09-0.1-02,295,29.473654057017537,-7.0,-8.0,-1353.0,-1355.0,,估计同步待核验
XY_Y-09-0.1-02,296,29.571785087719295,-7.0,-8.0,-1353.0,-1355.0,,估计同步待核验
XY_Y-09-0.1-02,297,29.669916118421046,-7.0,-9.0,-1353.0,-1355.0,,估计同步待核验
XY_Y-09-0.1-02,298,29.768047149122804,-8.0,-9.0,-1354.0,-1356.0,,估计同步待核验
XY_Y-09-0.1-02,299,29.86617817982456,-8.0,-8.0,-1354.0,-1356.0,,估计同步待核验
XY_Y-09-0.1-02,300,29.964309210526313,-9.0,-8.0,-1354.0,-1356.0,,估计同步待核验
XY_Y-09-0.1-02,301,30.062440241228067,-9.0,-8.0,-1354.0,-1356.0,,估计同步待核验
XY_Y-09-0.1-02,302,30.16057127192982,-9.0,-8.0,-1355.0,-1356.0,,估计同步待核验
XY_Y-09-0.1-02,303,30.258702302631576,-10.0,-8.0,-1355.0,-1357.0,,估计同步待核验
XY_Y-09-0.1-02,304,30.356833333333327,-9.0,-8.0,-1355.0,-1356.0,,估计同步待核验
XY_Y-09-0.1-02,305,30.454964364035085,-9.0,-7.0,-1355.0,-1356.0,,估计同步待核验
XY_Y-09-0.1-02,306,30.553095394736836,-9.0,-7.0,-1356.0,-1357.0,,估计同步待核验
XY_Y-09-0.1-02,307,30.651226425438594,-8.0,-8.0,-1356.0,-1358.0,,估计同步待核验
XY_Y-09-0.1-02,308,30.749357456140345,-8.0,-8.0,-1356.0,-1357.0,,估计同步待核验
XY_Y-09-0.1-02,309,30.847488486842103,-9.0,-8.0,-1356.0,-1358.0,,估计同步待核验
XY_Y-09-0.1-02,310,30.945619517543857,-9.0,-8.0,-1357.0,-1358.0,,估计同步待核验
XY_Y-09-0.1-02,311,31.043750548245608,-9.0,-8.0,-1356.0,-1358.0,,估计同步待核验
XY_Y-09-0.1-02,312,31.141881578947366,-9.0,-8.0,-1357.0,-1358.0,,估计同步待核验
XY_Y-09-0.1-02,313,31.240012609649117,-9.0,-8.0,-1357.0,-1359.0,,估计同步待核验
XY_Y-09-0.1-02,314,31.338143640350875,-9.0,-8.0,-1357.0,-1359.0,,估计同步待核验
XY_Y-09-0.1-02,315,31.436274671052626,-9.0,-8.0,-1357.0,-1359.0,,估计同步待核验
XY_Y-09-0.1-02,316,31.534405701754384,-9.0,-8.0,-1358.0,-1359.0,,估计同步待核验
XY_Y-09-0.1-02,317,31.632536732456135,-8.0,-8.0,-1358.0,-1360.0,,估计同步待核验
XY_Y-09-0.1-02,318,31.73066776315789,-8.0,-8.0,-1358.0,-1360.0,,估计同步待核验
XY_Y-09-0.1-02,319,31.828798793859647,-7.402412280706207,-8.0,-1358.0,-1360.0,,估计同步待核验
XY_Y-09-0.1-02,320,31.926929824561398,-9.0,-8.0,-1359.0,-1360.0,,估计同步待核验
XY_Y-09-0.1-02,321,32.025060855263156,-10.0,-8.0,-1359.0,-1360.0,,估计同步待核验
XY_Y-09-0.1-02,322,32.12319188596491,-9.0,-8.0,-1359.0,-1360.0,,估计同步待核验
XY_Y-09-0.1-02,323,32.221322916666665,-9.0,-8.0,-1359.0,-1361.0,,估计同步待核验
XY_Y-09-0.1-02,324,32.319453947368416,-9.0,-8.0,-1360.0,-1361.0,,估计同步待核验
XY_Y-09-0.1-02,325,32.417584978070174,-8.0,-8.0,-1360.0,-1361.0,,估计同步待核验
XY_Y-09-0.1-02,326,32.515716008771925,-8.0,-8.0,-1359.0,-1361.0,,估计同步待核验
XY_Y-09-0.1-02,327,32.613847039473676,-7.0,-8.0,-1360.0,-1361.0,,估计同步待核验
XY_Y-09-0.1-02,328,32.711978070175434,-7.0,-8.0,-1360.0,-1362.0,,估计同步待核验
XY_Y-09-0.1-02,329,32.810109100877185,-7.0,-8.0,-1361.0,-1362.0,,估计同步待核验
XY_Y-09-0.1-02,330,32.90824013157894,-7.0,-8.0,-1360.0,-1362.0,,估计同步待核验
XY_Y-09-0.1-02,331,33.00637116228069,-7.0,-9.0,-1361.0,-1363.0,,估计同步待核验
XY_Y-09-0.1-02,332,33.10450219298245,-7.995614035093173,-8.0,-1361.0,-1363.0,,估计同步待核验
XY_Y-09-0.1-02,333,33.20263322368421,-8.0,-8.0,-1361.0,-1363.0,,估计同步待核验
XY_Y-09-0.1-02,334,33.30076425438596,-8.0,-8.0,-1361.0,-1363.0,,估计同步待核验
XY_Y-09-0.1-02,335,33.39889528508772,-7.0,-8.0,-1361.0,-1363.0,,估计同步待核验
XY_Y-09-0.1-02,336,33.49702631578947,-7.0,-8.0,-1362.0,-1364.0,,估计同步待核验
XY_Y-09-0.1-02,337,33.59515734649123,-7.0,-8.0,-1362.0,-1364.0,,估计同步待核验
XY_Y-09-0.1-02,338,33.69328837719298,-7.0,-8.0,-1362.0,-1363.0,,估计同步待核验
XY_Y-09-0.1-02,339,33.791419407894736,-7.0,-8.0,-1362.0,-1363.0,,估计同步待核验
XY_Y-09-0.1-02,340,33.88955043859649,-7.0,-8.0,-1362.0,-1364.0,,估计同步待核验
XY_Y-09-0.1-02,341,33.987681469298245,-7.0,-8.0,-1363.0,-1365.0,,估计同步待核验
XY_Y-09-0.1-02,342,34.085812499999996,-8.0,-8.0,-1363.0,-1365.0,,估计同步待核验
XY_Y-09-0.1-02,343,34.18394353070175,-9.0,-8.0,-1363.0,-1365.0,,估计同步待核验
XY_Y-09-0.1-02,344,34.282074561403505,-9.0,-8.0,-1364.0,-1365.0,,估计同步待核验
XY_Y-09-0.1-02,345,34.380205592105256,-7.41118421050708,-8.0,-1364.0,-1366.0,,估计同步待核验
XY_Y-09-0.1-02,346,34.478336622807014,-7.0,-8.0,-1364.0,-1366.0,,估计同步待核验
XY_Y-09-0.1-02,347,34.576467653508764,-7.0,-8.0,-1364.0,-1365.0,,估计同步待核验
XY_Y-09-0.1-02,348,34.67459868421052,-7.0,-8.0,-1364.0,-1366.0,,估计同步待核验
XY_Y-09-0.1-02,349,34.77272971491227,-7.0,-8.0,-1365.0,-1366.0,,估计同步待核验
XY_Y-09-0.1-02,350,34.87086074561403,-8.0,-8.0,-1365.0,-1367.0,,估计同步待核验
XY_Y-09-0.1-02,351,34.96899177631578,-8.0,-9.0,-1364.0,-1366.0,,估计同步待核验
XY_Y-09-0.1-02,352,35.06712280701754,-9.0,-8.0,-1365.0,-1366.0,,估计同步待核验
XY_Y-09-0.1-02,353,35.1652538377193,-9.0,-8.0,-1366.0,-1367.0,,估计同步待核验
XY_Y-09-0.1-02,354,35.26338486842105,-9.0,-8.0,-1366.0,-1367.0,,估计同步待核验
XY_Y-09-0.1-02,355,35.36151589912281,-10.0,-8.0,-1366.0,-1367.0,,估计同步待核验
XY_Y-09-0.1-02,356,35.45964692982456,-10.0,-8.0,-1366.0,-1367.0,,估计同步待核验
XY_Y-09-0.1-02,357,35.557777960526316,-8.555921052631321,-8.0,-1366.0,-1367.0,,估计同步待核验
XY_Y-09-0.1-02,358,35.65590899122807,-7.0,-8.0,-1367.0,-1368.0,,估计同步待核验
XY_Y-09-0.1-02,359,35.75404002192982,-8.0,-8.0,-1367.0,-1368.0,,估计同步待核验
XY_Y-09-0.1-02,360,35.852171052631576,-8.0,-8.0,-1367.0,-1369.0,,估计同步待核验
XY_Y-09-0.1-02,361,35.95030208333333,-9.0,-8.0,-1368.0,-1369.0,,估计同步待核验
XY_Y-09-0.1-02,362,36.048433114035085,-9.0,-8.0,-1368.0,-1369.0,,估计同步待核验
XY_Y-09-0.1-02,363,36.146564144736836,-9.0,-8.0,-1368.0,-1369.0,,估计同步待核验
XY_Y-09-0.1-02,364,36.24469517543859,-10.0,-8.0,-1368.0,-1369.0,,估计同步待核验
XY_Y-09-0.1-02,365,36.342826206140344,-9.0,-8.0,-1368.0,-1371.0,,估计同步待核验
XY_Y-09-0.1-02,366,36.4409572368421,-9.0,-8.0,-1369.0,-1371.0,,估计同步待核验
XY_Y-09-0.1-02,367,36.53908826754385,-9.0,-8.0,-1369.0,-1370.0,,估计同步待核验
XY_Y-09-0.1-02,368,36.637219298245604,-8.0,-8.0,-1369.0,-1371.0,,估计同步待核验
XY_Y-09-0.1-02,369,36.73535032894736,-8.0,-8.0,-1370.0,-1371.0,,估计同步待核验
XY_Y-09-0.1-02,370,36.83348135964912,-8.518640350880528,-8.0,-1370.0,-1372.0,,估计同步待核验
XY_Y-09-0.1-02,371,36.93161239035087,-9.0,-8.0,-1370.0,-1372.0,,估计同步待核验
XY_Y-09-0.1-02,372,37.02974342105263,-9.0,-8.0,-1370.0,-1372.0,,估计同步待核验
XY_Y-09-0.1-02,373,37.12787445175439,-9.0,-8.0,-1371.0,-1373.0,,估计同步待核验
XY_Y-09-0.1-02,374,37.22600548245614,-9.0,-8.0,-1371.0,-1373.0,,估计同步待核验
XY_Y-09-0.1-02,375,37.32413651315789,-9.0,-8.0,-1372.0,-1373.0,,估计同步待核验
XY_Y-09-0.1-02,376,37.42226754385965,-9.0,-8.0,-1372.0,-1374.0,,估计同步待核验
XY_Y-09-0.1-02,377,37.5203985745614,-8.0,-8.0,-1372.0,-1374.0,,估计同步待核验
XY_Y-09-0.1-02,378,37.618529605263156,-8.0,-8.0,-1373.0,-1374.0,,估计同步待核验
XY_Y-09-0.1-02,379,37.71666063596491,-7.0,-8.0,-1373.0,-1375.0,,估计同步待核验
XY_Y-09-0.1-02,380,37.814791666666665,-7.0,-8.0,-1373.0,-1374.0,,估计同步待核验
XY_Y-09-0.1-02,381,37.912922697368415,-7.0,-8.0,-1373.0,-1375.0,,估计同步待核验
XY_Y-09-0.1-02,382,38.01105372807017,-7.0,-8.0,-1374.0,-1376.0,,估计同步待核验
XY_Y-09-0.1-02,383,38.109184758771924,-8.630482456153961,-8.0,-1375.0,-1376.0,,估计同步待核验
XY_Y-09-0.1-02,384,38.207315789473675,-9.0,-8.0,-1375.0,-1376.0,,估计同步待核验
XY_Y-09-0.1-02,385,38.30544682017543,-9.0,-8.0,-1375.0,-1376.0,,估计同步待核验
XY_Y-09-0.1-02,386,38.403577850877184,-8.0,-8.0,-1375.0,-1377.0,,估计同步待核验
XY_Y-09-0.1-02,387,38.50170888157894,-8.0,-8.0,-1375.0,-1377.0,,估计同步待核验
XY_Y-09-0.1-02,388,38.59983991228069,-7.0,-8.0,-1376.0,-1378.0,,估计同步待核验
XY_Y-09-0.1-02,389,38.69797094298245,-7.0,-8.0,-1376.0,-1378.0,,估计同步待核验
XY_Y-09-0.1-02,390,38.79610197368421,-7.0,-8.0,-1376.0,-1378.0,,估计同步待核验
XY_Y-09-0.1-02,391,38.89423300438596,-7.0,-8.0,-1377.0,-1379.0,,估计同步待核验
XY_Y-09-0.1-02,392,38.99236403508772,-7.0,-8.0,-1377.0,-1379.0,,估计同步待核验
XY_Y-09-0.1-02,393,39.09049506578947,-7.0,-8.0,-1377.0,-1379.0,,估计同步待核验
XY_Y-09-0.1-02,394,39.18862609649123,-8.0,-8.0,-1377.0,-1379.0,,估计同步待核验
XY_Y-09-0.1-02,395,39.28675712719298,-8.0,-8.0,-1377.242872807022,-1380.0,,估计同步待核验
XY_Y-09-0.1-02,396,39.384888157894736,-7.0,-8.0,-1378.0,-1380.0,,估计同步待核验
XY_Y-09-0.1-02,397,39.48301918859649,-7.0,-8.0,-1378.0,-1380.0,,估计同步待核验
XY_Y-09-0.1-02,398,39.581150219298245,-7.0,-8.0,-1379.0,-1381.0,,估计同步待核验
XY_Y-09-0.1-02,399,39.679281249999995,-7.0,-8.0,-1379.0,-1381.0,,估计同步待核验
XY_Y-09-0.1-02,400,39.777412280701746,-7.0,-8.0,-1380.0,-1381.0,,估计同步待核验
XY_Y-09-0.1-02,401,39.875543311403504,-7.0,-8.0,-1380.0,-1382.0,,估计同步待核验
XY_Y-09-0.1-02,402,39.973674342105255,-7.0,-8.0,-1380.0,-1382.0,,估计同步待核验
XY_Y-09-0.1-02,403,40.07180537280701,-8.0,-8.0,-1380.0,-1382.0,,估计同步待核验
XY_Y-09-0.1-02,404,40.169936403508764,-8.0,-8.0,-1381.0,-1382.0,,估计同步待核验
XY_Y-09-0.1-02,405,40.26806743421052,-9.0,-8.0,-1381.0,-1383.0,,估计同步待核验
XY_Y-09-0.1-02,406,40.36619846491227,-9.0,-8.0,-1381.0,-1383.0,,估计同步待核验
XY_Y-09-0.1-02,407,40.46432949561403,-9.0,-8.0,-1381.0,-1383.0,,估计同步待核验
XY_Y-09-0.1-02,408,40.56246052631578,-8.381578947345982,-8.0,-1381.460526315782,-1383.460526315782,,估计同步待核验
XY_Y-09-0.1-02,409,40.66059155701754,-7.0,-8.0,-1381.0,-1383.0,,估计同步待核验
XY_Y-09-0.1-02,410,40.7587225877193,-8.0,-8.0,-1382.0,-1383.0,,估计同步待核验
XY_Y-09-0.1-02,411,40.85685361842105,-8.0,-8.0,-1382.0,-1384.0,,估计同步待核验
XY_Y-09-0.1-02,412,40.95498464912281,-9.0,-8.0,-1382.0,-1384.0,,估计同步待核验
XY_Y-09-0.1-02,413,41.05311567982456,-9.0,-8.0,-1383.0,-1385.0,,估计同步待核验
XY_Y-09-0.1-02,414,41.151246710526316,-9.0,-8.0,-1383.0,-1384.0,,估计同步待核验
XY_Y-09-0.1-02,415,41.249377741228066,-9.0,-8.0,-1383.0,-1385.0,,估计同步待核验
XY_Y-09-0.1-02,416,41.34750877192982,-9.0,-8.0,-1384.0,-1385.0,,估计同步待核验
XY_Y-09-0.1-02,417,41.445639802631575,-9.0,-8.0,-1384.0,-1385.0,,估计同步待核验
XY_Y-09-0.1-02,418,41.543770833333326,-9.0,-8.0,-1385.0,-1386.0,,估计同步待核验
XY_Y-09-0.1-02,419,41.641901864035084,-9.0,-8.0,-1384.0,-1386.0,,估计同步待核验
XY_Y-09-0.1-02,420,41.740032894736835,-9.0,-8.0,-1384.0,-1386.0,,估计同步待核验
XY_Y-09-0.1-02,421,41.83816392543859,-8.0,-8.0,-1385.0,-1386.1639254385925,,估计同步待核验
XY_Y-09-0.1-02,422,41.936294956140344,-9.0,-8.0,-1385.0,-1387.0,,估计同步待核验
XY_Y-09-0.1-02,423,42.0344259868421,-9.0,-8.0,-1385.0,-1387.0,,估计同步待核验
XY_Y-09-0.1-02,424,42.13255701754385,-10.0,-8.0,-1386.0,-1387.0,,估计同步待核验
XY_Y-09-0.1-02,425,42.230688048245604,-10.0,-8.0,-1386.0,-1387.0,,估计同步待核验
XY_Y-09-0.1-02,426,42.32881907894736,-9.0,-8.0,-1387.0,-1388.0,,估计同步待核验
XY_Y-09-0.1-02,427,42.42695010964912,-9.0,-8.0,-1386.0,-1388.0,,估计同步待核验
XY_Y-09-0.1-02,428,42.52508114035087,-9.0,-8.0,-1386.0,-1388.0,,估计同步待核验
XY_Y-09-0.1-02,429,42.62321217105263,-8.0,-8.0,-1387.0,-1387.0,,估计同步待核验
XY_Y-09-0.1-02,430,42.72134320175439,-8.0,-8.0,-1388.0,-1389.0,,估计同步待核验
XY_Y-09-0.1-02,431,42.81947423245614,-8.0,-8.0,-1388.0,-1389.0,,估计同步待核验
XY_Y-09-0.1-02,432,42.91760526315789,-7.0,-8.0,-1388.0,-1389.0,,估计同步待核验
XY_Y-09-0.1-02,433,43.015736293859646,-7.791118421057458,-8.0,-1388.0,-1390.0,,估计同步待核验
XY_Y-09-0.1-02,434,43.1138673245614,-9.0,-8.0,-1389.0,-1391.0,,估计同步待核验
XY_Y-09-0.1-02,435,43.211998355263155,-9.0,-8.0,-1389.0,-1391.0,,估计同步待核验
XY_Y-09-0.1-02,436,43.310129385964906,-9.0,-8.0,-1389.0,-1390.0,,估计同步待核验
XY_Y-09-0.1-02,437,43.408260416666664,-9.0,-8.0,-1390.0,-1391.0,,估计同步待核验
XY_Y-09-0.1-02,438,43.506391447368415,-8.0,-8.0,-1390.0,-1392.0,,估计同步待核验
XY_Y-09-0.1-02,439,43.60452247807017,-8.0,-8.0,-1390.0,-1392.0,,估计同步待核验
XY_Y-09-0.1-02,440,43.702653508771924,-8.0,-8.0,-1390.0,-1392.0,,估计同步待核验
XY_Y-09-0.1-02,441,43.800784539473675,-7.0,-8.0,-1390.0,-1392.0,,估计同步待核验
XY_Y-09-0.1-02,442,43.89891557017543,-7.0,-8.0,-1391.0,-1393.0,,估计同步待核验
XY_Y-09-0.1-02,443,43.997046600877184,-7.0,-9.0,-1391.0,-1393.0,,估计同步待核验
XY_Y-09-0.1-02,444,44.09517763157894,-7.0,-8.0,-1392.0,-1393.0,,估计同步待核验
XY_Y-09-0.1-02,445,44.19330866228069,-7.0,-9.0,-1392.0,-1394.0,,估计同步待核验
XY_Y-09-0.1-02,446,44.29143969298245,-8.0,-8.0,-1392.0,-1394.0,,估计同步待核验
XY_Y-09-0.1-02,447,44.38957072368421,-8.0,-8.0,-1393.0,-1395.0,,估计同步待核验
XY_Y-09-0.1-02,448,44.48770175438596,-8.0,-8.0,-1393.0,-1395.0,,估计同步待核验
XY_Y-09-0.1-02,449,44.58583278508772,-7.0,-8.0,-1393.0,-1395.0,,估计同步待核验
XY_Y-09-0.1-02,450,44.68396381578947,-7.0,-8.0,-1394.0,-1396.0,,估计同步待核验
XY_Y-09-0.1-02,451,44.782094846491226,-7.0,-8.0,-1394.0,-1396.0,,估计同步待核验
XY_Y-09-0.1-02,452,44.88022587719298,-7.0,-8.0,-1394.0,-1396.0,,估计同步待核验
XY_Y-09-0.1-02,453,44.978356907894735,-7.0,-8.0,-1394.0,-1396.0,,估计同步待核验
XY_Y-09-0.1-02,454,45.076487938596486,-7.0,-8.0,-1395.0,-1396.0,,估计同步待核验
XY_Y-09-0.1-02,455,45.174618969298244,-8.0,-8.0,-1396.0,-1397.0,,估计同步待核验
XY_Y-09-0.1-02,456,45.272749999999995,-8.0,-8.0,-1396.0,-1397.0,,估计同步待核验
XY_Y-09-0.1-02,457,45.37088103070175,-9.0,-8.0,-1395.0,-1397.0,,估计同步待核验
XY_Y-09-0.1-02,458,45.4690120614035,-9.0,-8.0,-1396.0,-1398.0,,估计同步待核验
XY_Y-09-0.1-02,459,45.567143092105255,-7.286184210509744,-8.0,-1397.0,-1398.0,,估计同步待核验
XY_Y-09-0.1-02,460,45.66527412280701,-7.0,-8.0,-1397.0,-1398.0,,估计同步待核验
XY_Y-09-0.1-02,461,45.76340515350877,-7.0,-8.0,-1397.0,-1399.0,,估计同步待核验
XY_Y-09-0.1-02,462,45.86153618421052,-7.0,-8.0,-1397.0,-1399.0,,估计同步待核验
XY_Y-09-0.1-02,463,45.95966721491227,-8.0,-8.0,-1398.0,-1399.0,,估计同步待核验
XY_Y-09-0.1-02,464,46.05779824561403,-8.0,-8.0,-1399.0,-1400.0,,估计同步待核验
XY_Y-09-0.1-02,465,46.15592927631578,-8.0,-8.0,-1398.0,-1400.0,,估计同步待核验
XY_Y-09-0.1-02,466,46.25406030701754,-9.0,-8.0,-1398.0,-1401.0,,估计同步待核验
XY_Y-09-0.1-02,467,46.3521913377193,-9.0,-8.0,-1398.0,-1400.0,,估计同步待核验
XY_Y-09-0.1-02,468,46.45032236842105,-9.0,-8.0,-1400.0,-1401.0,,估计同步待核验
XY_Y-09-0.1-02,469,46.5484533991228,-9.0,-8.0,-1399.0,-1401.0,,估计同步待核验
XY_Y-09-0.1-02,470,46.64658442982456,-9.0,-8.0,-1400.0,-1401.0,,估计同步待核验
XY_Y-09-0.1-02,471,46.744715460526315,-8.430921052633986,-8.0,-1400.0,-1402.0,,估计同步待核验
XY_Y-09-0.1-02,472,46.84284649122807,-8.0,-8.0,-1400.0,-1402.0,,估计同步待核验
XY_Y-09-0.1-02,473,46.94097752192982,-8.0,-8.0,-1400.0,-1402.0,,估计同步待核验
XY_Y-09-0.1-02,474,47.039108552631575,-8.0,-8.0,-1401.0,-1402.0,,估计同步待核验
XY_Y-09-0.1-02,475,47.13723958333333,-9.0,-8.0,-1401.0,-1403.0,,估计同步待核验
XY_Y-09-0.1-02,476,47.23537061403508,-9.0,-8.0,-1401.0,-1403.0,,估计同步待核验
XY_Y-09-0.1-02,477,47.333501644736835,-9.0,-8.0,-1402.0,-1404.0,,估计同步待核验
XY_Y-09-0.1-02,478,47.43163267543859,-9.0,-8.0,-1402.0,-1403.0,,估计同步待核验
XY_Y-09-0.1-02,479,47.52976370614035,-9.0,-8.0,-1402.0,-1404.0,,估计同步待核验
XY_Y-09-0.1-02,480,47.627894736842094,-9.0,-8.0,-1403.0,-1404.0,,估计同步待核验
XY_Y-09-0.1-02,481,47.72602576754385,-9.0,-8.0,-1403.0,-1404.0,,估计同步待核验
XY_Y-09-0.1-02,482,47.82415679824561,-9.0,-8.0,-1402.0,-1404.0,,估计同步待核验
XY_Y-09-0.1-02,483,47.92228782894736,-8.0,-8.0,-1403.0,-1404.0,,估计同步待核验
XY_Y-09-0.1-02,484,48.02041885964912,-8.162280701765761,-8.0,-1403.0,-1405.0,,估计同步待核验
XY_Y-09-0.1-02,485,48.11854989035087,-8.350328947391993,-8.0,-1403.4501096491306,-1405.0,,估计同步待核验
XY_Y-09-0.1-02,486,48.21668092105263,-9.0,-8.0,-1403.0,-1405.0,,估计同步待核验
XY_Y-09-0.1-02,487,48.31481195175438,-9.0,-8.0,-1403.0,-1405.0,,估计同步待核验
XY_Y-09-0.1-02,488,48.41294298245614,-9.0,-8.0,-1404.0,-1405.0,,估计同步待核验
XY_Y-09-0.1-02,489,48.511074013157895,-9.0,-8.0,-1405.0,-1406.0,,估计同步待核验
XY_Y-09-0.1-02,490,48.60920504385964,-8.0,-8.0,-1404.0,-1406.0,,估计同步待核验
XY_Y-09-0.1-02,491,48.7073360745614,-8.0,-8.0,-1404.0,-1406.0,,估计同步待核验
XY_Y-09-0.1-02,492,48.805467105263155,-7.0,-8.0,-1404.0,-1406.0,,估计同步待核验
XY_Y-09-0.1-02,493,48.90359813596491,-7.0,-8.0,-1405.0,-1407.0,,估计同步待核验
XY_Y-09-0.1-02,494,49.00172916666666,-7.0,-8.0,-1405.0,-1407.0,,估计同步待核验
XY_Y-09-0.1-02,495,49.099860197368415,-7.0,-9.0,-1405.0,-1408.0,,估计同步待核验
XY_Y-09-0.1-02,496,49.19799122807017,-7.0,-9.0,-1405.0,-1407.0,,估计同步待核验
XY_Y-09-0.1-02,497,49.296122258771916,-7.0,-8.0,-1406.0,-1408.0,,估计同步待核验
XY_Y-09-0.1-02,498,49.394253289473674,-7.7467105263252325,-8.0,-1406.0,-1408.0,,估计同步待核验
XY_Y-09-0.1-02,499,49.49238432017543,-8.0,-8.0,-1406.0,-1408.0,,估计同步待核验
XY_Y-09-0.1-02,500,49.59051535087719,-8.0,-8.0,-1406.0,-1408.0,,估计同步待核验
XY_Y-09-0.1-02,501,49.68864638157894,-7.0,-8.0,-1407.0,-1408.0,,估计同步待核验
XY_Y-09-0.1-02,502,49.78677741228069,-7.0,-8.0,-1407.0,-1409.0,,估计同步待核验
XY_Y-09-0.1-02,503,49.88490844298245,-7.0,-8.0,-1407.0,-1409.0,,估计同步待核验
XY_Y-09-0.1-02,504,49.98303947368421,-7.0,-8.0,-1407.0,-1409.0,,估计同步待核验
XY_Y-09-0.1-02,505,50.08117050438596,-7.0,-8.0,-1408.0,-1410.0,,估计同步待核验
XY_Y-09-0.1-02,506,50.17930153508772,-7.0,-8.0,-1408.0,-1409.0,,估计同步待核验
XY_Y-09-0.1-02,507,50.27743256578947,-7.0,-8.0,-1408.0,-1410.0,,估计同步待核验
XY_Y-09-0.1-02,508,50.37556359649122,-8.0,-8.0,-1408.0,-1410.0,,估计同步待核验
XY_Y-09-0.1-02,509,50.47369462719298,-8.0,-8.0,-1409.0,-1410.0,,估计同步待核验
XY_Y-09-0.1-02,510,50.571825657894735,-8.651315789465643,-8.0,-1409.0,-1410.8256578947328,,估计同步待核验
XY_Y-09-0.1-02,511,50.66995668859649,-7.0,-8.0,-1409.0,-1411.0,,估计同步待核验
XY_Y-09-0.1-02,512,50.76808771929824,-7.0,-8.0,-1409.0,-1411.0,,估计同步待核验
XY_Y-09-0.1-02,513,50.866218749999994,-7.0,-8.0,-1410.0,-1412.0,,估计同步待核验
XY_Y-09-0.1-02,514,50.96434978070175,-7.0,-8.0,-1410.0,-1412.0,,估计同步待核验
XY_Y-09-0.1-02,515,51.062480811403496,-7.0,-8.0,-1410.0,-1412.0,,估计同步待核验
XY_Y-09-0.1-02,516,51.160611842105254,-8.0,-8.0,-1410.0,-1412.0,,估计同步待核验
XY_Y-09-0.1-02,517,51.25874287280701,-8.0,-8.0,-1411.0,-1413.0,,估计同步待核验
XY_Y-09-0.1-02,518,51.35687390350877,-8.0,-8.0,-1411.0,-1413.0,,估计同步待核验
XY_Y-09-0.1-02,519,51.45500493421052,-9.0,-8.0,-1411.0,-1413.0,,估计同步待核验
XY_Y-09-0.1-02,520,51.55313596491227,-9.0,-8.0,-1412.0,-1414.0,,估计同步待核验
XY_Y-09-0.1-02,521,51.65126699561403,-9.0,-8.0,-1412.0,-1414.0,,估计同步待核验
XY_Y-09-0.1-02,522,51.74939802631578,-9.0,-8.0,-1413.0,-1414.0,,估计同步待核验
XY_Y-09-0.1-02,523,51.84752905701754,-8.05811403507763,-7.470942982461185,-1413.0,-1415.0,,估计同步待核验
XY_Y-09-0.1-02,524,51.9456600877193,-7.0,-9.0,-1413.0,-1415.0,,估计同步待核验
XY_Y-09-0.1-02,525,52.04379111842105,-8.0,-9.0,-1413.0,-1415.0,,估计同步待核验
XY_Y-09-0.1-02,526,52.1419221491228,-8.0,-8.0,-1414.0,-1415.0,,估计同步待核验
XY_Y-09-0.1-02,527,52.24005317982456,-9.0,-8.0,-1414.0,-1416.0,,估计同步待核验
XY_Y-09-0.1-02,528,52.338184210526315,-9.0,-8.0,-1415.0,-1416.0,,估计同步待核验
XY_Y-09-0.1-02,529,52.43631524122807,-9.0,-8.0,-1415.0,-1416.0,,估计同步待核验
XY_Y-09-0.1-02,530,52.534446271929816,-10.0,-8.0,-1415.0,-1416.0,,估计同步待核验
XY_Y-09-0.1-02,531,52.632577302631574,-10.0,-8.0,-1415.0,-1417.0,,估计同步待核验
XY_Y-09-0.1-02,532,52.73070833333333,-9.0,-8.0,-1416.0,-1417.0,,估计同步待核验
XY_Y-09-0.1-02,533,52.828839364035076,-9.0,-7.0,-1416.0,-1417.0,,估计同步待核验
XY_Y-09-0.1-02,534,52.926970394736834,-9.0,-8.0,-1416.0,-1417.0,,估计同步待核验
XY_Y-09-0.1-02,535,53.02510142543859,-8.0,-8.0,-1416.0,-1418.0,,估计同步待核验
XY_Y-09-0.1-02,536,53.12323245614035,-8.535087719297,-8.0,-1417.0,-1418.0,,估计同步待核验
XY_Y-09-0.1-02,537,53.221363486842094,-9.0,-8.0,-1417.0,-1419.0,,估计同步待核验
XY_Y-09-0.1-02,538,53.31949451754385,-10.0,-8.0,-1417.0,-1419.0,,估计同步待核验
XY_Y-09-0.1-02,539,53.41762554824561,-9.0,-8.0,-1418.0,-1419.0,,估计同步待核验
XY_Y-09-0.1-02,540,53.51575657894736,-9.0,-8.0,-1418.0,-1420.0,,估计同步待核验
XY_Y-09-0.1-02,541,53.61388760964912,-9.0,-8.0,-1418.0,-1420.0,,估计同步待核验
XY_Y-09-0.1-02,542,53.71201864035087,-9.0,-8.0,-1418.0,-1420.0,,估计同步待核验
XY_Y-09-0.1-02,543,53.81014967105263,-9.0,-8.0,-1419.0,-1420.0,,估计同步待核验
XY_Y-09-0.1-02,544,53.90828070175438,-8.0,-8.0,-1419.0,-1420.0,,估计同步待核验
XY_Y-09-0.1-02,545,54.00641173245614,-8.0,-8.0,-1419.0,-1421.0,,估计同步待核验
XY_Y-09-0.1-02,546,54.104542763157895,-7.0,-8.0,-1419.0,-1421.0,,估计同步待核验
XY_Y-09-0.1-02,547,54.20267379385964,-7.0,-8.0,-1419.0,-1421.0,,估计同步待核验
XY_Y-09-0.1-02,548,54.300804824561396,-7.390350877209313,-8.0,-1420.0,-1421.0,,估计同步待核验
XY_Y-09-0.1-02,549,54.398935855263154,-9.0,-8.0,-1420.0,-1422.0,,估计同步待核验
XY_Y-09-0.1-02,550,54.49706688596491,-9.0,-8.0,-1420.0,-1422.0,,估计同步待核验
XY_Y-09-0.1-02,551,54.595197916666656,-8.0,-8.0,-1421.0,-1422.0,,估计同步待核验
XY_Y-09-0.1-02,552,54.693328947368414,-8.0,-8.0,-1420.0,-1422.0,,估计同步待核验
XY_Y-09-0.1-02,553,54.79145997807017,-8.0,-8.0,-1421.0,-1423.0,,估计同步待核验
XY_Y-09-0.1-02,554,54.889591008771916,-7.0,-8.0,-1421.0,-1423.0,,估计同步待核验
XY_Y-09-0.1-02,555,54.987722039473674,-7.0,-8.0,-1421.0,-1423.0,,估计同步待核验
XY_Y-09-0.1-02,556,55.08585307017543,-7.0,-8.0,-1421.0,-1423.0,,估计同步待核验
XY_Y-09-0.1-02,557,55.18398410087719,-7.0,-8.0,-1421.0,-1423.0,,估计同步待核验
XY_Y-09-0.1-02,558,55.28211513157894,-7.0,-8.0,-1422.0,-1423.0,,估计同步待核验
XY_Y-09-0.1-02,559,55.38024616228069,-7.0,-8.0,-1422.0,-1424.0,,估计同步待核验
XY_Y-09-0.1-02,560,55.47837719298245,-8.0,-8.0,-1422.0,-1424.0,,估计同步待核验
XY_Y-09-0.1-02,561,55.57650822368421,-8.0,-8.0,-1422.0,-1425.0,,估计同步待核验
XY_Y-09-0.1-02,562,55.67463925438596,-8.0,-8.0,-1423.0,-1425.0,,估计同步待核验
XY_Y-09-0.1-02,563,55.77277028508772,-7.0,-8.0,-1423.0,-1425.0,,估计同步待核验
XY_Y-09-0.1-02,564,55.87090131578947,-7.0,-8.0,-1423.0,-1425.0,,估计同步待核验
XY_Y-09-0.1-02,565,55.96903234649122,-7.0,-8.0,-1424.0,-1425.0,,估计同步待核验
XY_Y-09-0.1-02,566,56.067163377192976,-7.0,-9.0,-1424.0,-1425.0,,估计同步待核验
XY_Y-09-0.1-02,567,56.165294407894734,-7.0,-8.0,-1423.0,-1425.0,,估计同步待核验
XY_Y-09-0.1-02,568,56.26342543859649,-7.0,-8.0,-1424.0,-1426.0,,估计同步待核验
XY_Y-09-0.1-02,569,56.361556469298236,-7.0,-8.0,-1424.0,-1426.0,,估计同步待核验
XY_Y-09-0.1-02,570,56.459687499999994,-8.0,-8.0,-1424.0,-1426.0,,估计同步待核验
XY_Y-09-0.1-02,571,56.55781853070175,-9.0,-8.0,-1425.0,-1426.0,,估计同步待核验
XY_Y-09-0.1-02,572,56.655949561403496,-9.0,-8.0,-1425.0,-1427.0,,估计同步待核验
XY_Y-09-0.1-02,573,56.754080592105254,-9.0,-8.0,-1425.0,-1427.0,,估计同步待核验
XY_Y-09-0.1-02,574,56.85221162280701,-7.423245614028045,-8.0,-1425.0,-1427.0,,估计同步待核验
XY_Y-09-0.1-02,575,56.95034265350877,-7.0,-8.0,-1425.0,-1428.0,,估计同步待核验
XY_Y-09-0.1-02,576,57.04847368421052,-7.0,-8.0,-1426.0,-1427.0,,估计同步待核验
XY_Y-09-0.1-02,577,57.14660471491227,-7.0,-8.0,-1426.0,-1428.0,,估计同步待核验
XY_Y-09-0.1-02,578,57.24473574561403,-8.0,-8.0,-1426.0,-1429.0,,估计同步待核验
XY_Y-09-0.1-02,579,57.34286677631578,-8.0,-8.0,-1427.0,-1429.0,,估计同步待核验
XY_Y-09-0.1-02,580,57.44099780701754,-9.0,-8.0,-1427.0,-1428.0,,估计同步待核验
XY_Y-09-0.1-02,581,57.539128837719296,-9.0,-8.0,-1427.0,-1429.0,,估计同步待核验
XY_Y-09-0.1-02,582,57.63725986842105,-9.0,-8.0,-1428.0,-1429.0,,估计同步待核验
XY_Y-09-0.1-02,583,57.7353908991228,-9.0,-8.0,-1428.0,-1429.0,,估计同步待核验
XY_Y-09-0.1-02,584,57.833521929824556,-9.0,-7.0,-1428.0,-1430.0,,估计同步待核验
XY_Y-09-0.1-02,585,57.931652960526314,-9.0,-8.0,-1428.0,-1430.0,,估计同步待核验
XY_Y-09-0.1-02,586,58.02978399122807,-8.783991228070542,-8.0,-1429.0,-1430.0,,估计同步待核验
XY_Y-09-0.1-02,587,58.127915021929816,-8.0,-8.0,-1429.0,-1431.0,,估计同步待核验
XY_Y-09-0.1-02,588,58.226046052631574,-8.0,-8.0,-1429.0,-1431.0,,估计同步待核验
XY_Y-09-0.1-02,589,58.32417708333333,-9.0,-8.0,-1429.0,-1431.0,,估计同步待核验
XY_Y-09-0.1-02,590,58.422308114035076,-9.0,-8.0,-1430.0,-1431.0,,估计同步待核验
XY_Y-09-0.1-02,591,58.520439144736834,-9.0,-8.0,-1430.0,-1432.0,,估计同步待核验
XY_Y-09-0.1-02,592,58.61857017543859,-9.0,-8.0,-1431.0,-1432.0,,估计同步待核验
XY_Y-09-0.1-02,593,58.71670120614035,-9.0,-8.0,-1431.0,-1432.0,,估计同步待核验
XY_Y-09-0.1-02,594,58.81483223684209,-9.0,-8.0,-1431.0,-1432.0,,估计同步待核验
XY_Y-09-0.1-02,595,58.91296326754385,-9.0,-8.0,-1431.0,-1433.0,,估计同步待核验
XY_Y-09-0.1-02,596,59.01109429824561,-8.0,-8.0,-1432.0,-1434.0,,估计同步待核验
XY_Y-09-0.1-02,597,59.10922532894736,-8.0,-8.0,-1431.0,-1433.0,,估计同步待核验
XY_Y-09-0.1-02,598,59.20735635964912,-8.0,-8.0,-1432.0,-1433.0,,估计同步待核验
XY_Y-09-0.1-02,599,59.30548739035087,-8.025219298258664,-8.0,-1432.0,-1434.0,,估计同步待核验
XY_Y-09-0.1-02,600,59.40361842105263,-9.0,-8.0,-1433.0,-1434.0,,估计同步待核验
XY_Y-09-0.1-02,601,59.50174945175438,-9.0,-8.0,-1433.0,-1434.0,,估计同步待核验
XY_Y-09-0.1-02,602,59.599880482456136,-9.0,-8.0,-1433.0,-1435.0,,估计同步待核验
XY_Y-09-0.1-02,603,59.698011513157894,-9.0,-8.0,-1434.0,-1435.0,,估计同步待核验
XY_Y-09-0.1-02,604,59.79614254385964,-9.0,-8.0,-1434.0,-1436.0,,估计同步待核验
XY_Y-09-0.1-02,605,59.894273574561396,-8.0,-8.0,-1434.0,-1436.0,,估计同步待核验
XY_Y-09-0.1-02,606,59.992404605263154,-8.0,-8.0,-1435.0,-1436.0,,估计同步待核验
XY_Y-09-0.1-02,607,60.09053563596491,-7.0,-8.0,-1435.0,-1436.0,,估计同步待核验
XY_Y-09-0.1-02,608,60.188666666666656,-7.0,-8.0,-1435.0,-1436.0,,估计同步待核验
XY_Y-09-0.1-02,609,60.286797697368414,-7.0,-8.0,-1435.0,-1437.0,,估计同步待核验
XY_Y-09-0.1-02,610,60.38492872807017,-7.0,-8.0,-1436.0,-1438.0,,估计同步待核验
XY_Y-09-0.1-02,611,60.483059758771915,-7.0,-8.0,-1435.0,-1438.0,,估计同步待核验
XY_Y-09-0.1-02,612,60.58119078947367,-8.61842105265841,-8.0,-1436.0,-1438.0,,估计同步待核验
XY_Y-09-0.1-02,613,60.67932182017543,-9.0,-8.0,-1437.0,-1438.0,,估计同步待核验
XY_Y-09-0.1-02,614,60.77745285087719,-8.0,-8.0,-1436.0,-1438.0,,估计同步待核验
XY_Y-09-0.1-02,615,60.87558388157894,-7.0,-8.0,-1437.0,-1438.0,,估计同步待核验
XY_Y-09-0.1-02,616,60.97371491228069,-7.0,-8.0,-1437.0,-1439.0,,估计同步待核验
XY_Y-09-0.1-02,617,61.07184594298245,-7.0,-8.0,-1438.0,-1439.0,,估计同步待核验
XY_Y-09-0.1-02,618,61.16997697368421,-7.0,-8.0,-1437.0,-1439.0,,估计同步待核验
XY_Y-09-0.1-02,619,61.26810800438596,-7.0,-8.0,-1437.0,-1440.0,,估计同步待核验
XY_Y-09-0.1-02,620,61.366239035087716,-7.0,-8.0,-1438.0,-1440.0,,估计同步待核验
XY_Y-09-0.1-02,621,61.46437006578947,-7.0,-8.0,-1438.0,-1439.0,,估计同步待核验
XY_Y-09-0.1-02,622,61.56250109649122,-7.0,-8.0,-1438.0,-1441.0,,估计同步待核验
XY_Y-09-0.1-02,623,61.660632127192976,-8.0,-8.0,-1439.0,-1440.0,,估计同步待核验
XY_Y-09-0.1-02,624,61.758763157894734,-8.0,-8.0,-1439.0,-1440.0,,估计同步待核验
XY_Y-09-0.1-02,625,61.85689418859649,-7.0,-8.0,-1439.0,-1441.0,,估计同步待核验
XY_Y-09-0.1-02,626,61.955025219298236,-7.0,-8.0,-1439.0,-1441.0,,估计同步待核验
XY_Y-09-0.1-02,627,62.053156249999994,-7.0,-8.0,-1439.0,-1441.0,,估计同步待核验
XY_Y-09-0.1-02,628,62.15128728070175,-7.0,-8.0,-1439.0,-1441.0,,估计同步待核验
XY_Y-09-0.1-02,629,62.249418311403495,-7.0,-8.0,-1440.0,-1442.0,,估计同步待核验
XY_Y-09-0.1-02,630,62.34754934210525,-8.0,-8.0,-1439.0,-1442.0,,估计同步待核验
XY_Y-09-0.1-02,631,62.44568037280701,-8.0,-8.0,-1439.0,-1441.0,,估计同步待核验
XY_Y-09-0.1-02,632,62.54381140350877,-8.0,-8.0,-1440.0,-1442.0,,估计同步待核验
XY_Y-09-0.1-02,633,62.64194243421052,-8.0,-8.0,-1440.0,-1442.0,,估计同步待核验
XY_Y-09-0.1-02,634,62.74007346491227,-9.0,-8.0,-1441.0,-1443.0,,估计同步待核验
XY_Y-09-0.1-02,635,62.83820449561403,-9.0,-8.0,-1441.0,-1442.0,,估计同步待核验
XY_Y-09-0.1-02,636,62.93633552631578,-10.0,-8.0,-1441.0,-1442.0,,估计同步待核验
XY_Y-09-0.1-02,637,63.03446655701754,-7.933114035080294,-8.533442982459853,-1441.0,-1443.0,,估计同步待核验
XY_Y-09-0.1-02,638,63.132597587719296,-7.0,-8.0,-1441.0,-1443.0,,估计同步待核验
XY_Y-09-0.1-02,639,63.23072861842105,-8.0,-8.0,-1441.0,-1443.0,,估计同步待核验
XY_Y-09-0.1-02,640,63.3288596491228,-8.0,-8.0,-1441.0,-1443.0,,估计同步待核验
XY_Y-09-0.1-02,641,63.426990679824556,-8.0,-8.0,-1441.0,-1443.0,,估计同步待核验
XY_Y-09-0.1-02,642,63.525121710526314,-8.0,-8.0,-1442.0,-1444.0,,估计同步待核验
XY_Y-09-0.1-02,643,63.62325274122807,-9.0,-8.0,-1442.0,-1444.0,,估计同步待核验
XY_Y-09-0.1-02,644,63.721383771929816,-9.0,-8.0,-1442.0,-1444.0,,估计同步待核验
XY_Y-09-0.1-02,645,63.81951480263157,-9.0,-8.0,-1442.0,-1444.0,,估计同步待核验
XY_Y-09-0.1-02,646,63.91764583333333,-9.0,-8.0,-1443.0,-1444.0,,估计同步待核验
XY_Y-09-0.1-02,647,64.01577686403508,-9.0,-7.0,-1443.0,-1445.0,,估计同步待核验
XY_Y-09-0.1-02,648,64.11390789473684,-9.0,-7.0,-1443.0,-1445.0,,估计同步待核验
XY_Y-09-0.1-02,649,64.21203892543859,-9.0,-8.0,-1443.0,-1444.0,,估计同步待核验
XY_Y-09-0.1-02,650,64.31016995614036,-8.169956140353277,-8.0,-1443.0,-1445.0,,估计同步待核验
XY_Y-09-0.1-02,651,64.4083009868421,-8.699013157909649,-8.0,-1443.0,-1445.6990131579096,,估计同步待核验
XY_Y-09-0.1-02,652,64.50643201754386,-9.0,-8.0,-1443.0,-1445.0,,估计同步待核验
XY_Y-09-0.1-02,653,64.60456304824562,-9.0,-8.0,-1443.0,-1445.0,,估计同步待核验
XY_Y-09-0.1-02,654,64.70269407894736,-9.0,-8.0,-1444.0,-1445.0,,估计同步待核验
XY_Y-09-0.1-02,655,64.80082510964913,-10.0,-8.0,-1444.0,-1446.0,,估计同步待核验
XY_Y-09-0.1-02,656,64.89895614035088,-9.0,-8.0,-1444.0,-1446.0,,估计同步待核验
XY_Y-09-0.1-02,657,64.99708717105264,-9.0,-8.0,-1444.0,-1446.0,,估计同步待核验
XY_Y-09-0.1-02,658,65.09521820175438,-9.0,-8.0,-1445.0,-1446.0,,估计同步待核验
XY_Y-09-0.1-02,659,65.19334923245614,-9.0,-8.0,-1445.0,-1446.0,,估计同步待核验
XY_Y-09-0.1-02,660,65.2914802631579,-8.0,-8.0,-1445.0,-1446.0,,估计同步待核验
XY_Y-09-0.1-02,661,65.38961129385964,-8.0,-8.0,-1445.0,-1446.0,,估计同步待核验
XY_Y-09-0.1-02,662,65.4877423245614,-7.0,-8.0,-1445.0,-1447.0,,估计同步待核验
XY_Y-09-0.1-02,663,65.58587335526316,-7.2532894736747675,-8.0,-1445.1266447368373,-1447.0,,估计同步待核验
XY_Y-09-0.1-02,664,65.68400438596491,-9.0,-8.0,-1446.0,-1447.0,,估计同步待核验
XY_Y-09-0.1-02,665,65.78213541666666,-10.0,-8.0,-1445.0,-1447.0,,估计同步待核验
XY_Y-09-0.1-02,666,65.88026644736843,-9.0,-8.0,-1446.0,-1447.0,,估计同步待核验
XY_Y-09-0.1-02,667,65.97839747807018,-9.0,-8.0,-1446.0,-1447.0,,估计同步待核验
XY_Y-09-0.1-02,668,66.07652850877193,-8.0,-8.0,-1446.0,-1448.0,,估计同步待核验
XY_Y-09-0.1-02,669,66.17465953947368,-8.0,-8.0,-1446.0,-1447.0,,估计同步待核验
XY_Y-09-0.1-02,670,66.27279057017545,-8.0,-8.0,-1446.0,-1448.0,,估计同步待核验
XY_Y-09-0.1-02,671,66.3709216008772,-7.0,-8.0,-1447.0,-1449.0,,估计同步待核验
XY_Y-09-0.1-02,672,66.46905263157895,-7.0,-8.0,-1447.0,-1448.0,,估计同步待核验
XY_Y-09-0.1-02,673,66.5671836622807,-7.0,-8.0,-1447.0,-1449.0,,估计同步待核验
XY_Y-09-0.1-02,674,66.66531469298246,-7.0,-9.0,-1447.0,-1449.0,,估计同步待核验
XY_Y-09-0.1-02,675,66.76344572368421,-7.0,-8.0,-1447.0,-1449.0,,估计同步待核验
XY_Y-09-0.1-02,676,66.86157675438596,-7.8464912280681185,-8.0,-1448.0,-1450.0,,估计同步待核验
XY_Y-09-0.1-02,677,66.95970778508772,-9.0,-8.0,-1448.0,-1450.0,,估计同步待核验
XY_Y-09-0.1-02,678,67.05783881578948,-8.0,-8.0,-1448.0,-1450.0,,估计同步待核验
XY_Y-09-0.1-02,679,67.15596984649122,-7.0,-8.0,-1449.0,-1450.0,,估计同步待核验
XY_Y-09-0.1-02,680,67.25410087719298,-7.0,-8.0,-1449.0,-1451.0,,估计同步待核验
XY_Y-09-0.1-02,681,67.35223190789473,-7.0,-8.0,-1448.0,-1451.0,,估计同步待核验
XY_Y-09-0.1-02,682,67.4503629385965,-7.0,-8.0,-1449.0,-1452.0,,估计同步待核验
XY_Y-09-0.1-02,683,67.54849396929825,-7.0,-8.0,-1449.0,-1451.0,,估计同步待核验
XY_Y-09-0.1-02,684,67.646625,-7.0,-8.0,-1450.0,-1451.0,,估计同步待核验
XY_Y-09-0.1-02,685,67.74475603070175,-7.0,-8.0,-1450.0,-1452.0,,估计同步待核验
XY_Y-09-0.1-02,686,67.8428870614035,-8.0,-8.0,-1450.0,-1452.0,,估计同步待核验
XY_Y-09-0.1-02,687,67.94101809210527,-8.0,-8.0,-1451.0,-1452.0,,估计同步待核验
XY_Y-09-0.1-02,688,68.03914912280702,-8.0,-8.0,-1451.0,-1453.0,,估计同步待核验
XY_Y-09-0.1-02,689,68.13728015350878,-7.5603070175625895,-8.0,-1451.2801535087813,-1453.0,,估计同步待核验
XY_Y-09-0.1-02,690,68.23541118421052,-7.0,-8.0,-1451.0,-1452.0,,估计同步待核验
XY_Y-09-0.1-02,691,68.33354221491228,-7.0,-8.0,-1451.0,-1454.0,,估计同步待核验
XY_Y-09-0.1-02,692,68.43167324561404,-7.0,-8.0,-1451.0,-1453.0,,估计同步待核验
XY_Y-09-0.1-02,693,68.52980427631579,-7.0,-8.0,-1452.0,-1454.0,,估计同步待核验
XY_Y-09-0.1-02,694,68.62793530701754,-8.0,-8.0,-1452.0,-1454.0,,估计同步待核验
XY_Y-09-0.1-02,695,68.7260663377193,-8.0,-8.0,-1452.0,-1454.0,,估计同步待核验
XY_Y-09-0.1-02,696,68.82419736842105,-8.0,-8.0,-1453.0,-1454.0,,估计同步待核验
XY_Y-09-0.1-02,697,68.9223283991228,-8.0,-8.0,-1453.0,-1455.0,,估计同步待核验
XY_Y-09-0.1-02,698,69.02045942982456,-9.0,-8.0,-1453.0,-1454.0,,估计同步待核验
XY_Y-09-0.1-02,699,69.11859046052632,-9.0,-8.0,-1454.0,-1455.0,,估计同步待核验
XY_Y-09-0.1-02,700,69.21672149122807,-10.0,-8.0,-1454.0,-1455.0,,估计同步待核验
XY_Y-09-0.1-02,701,69.31485252192982,-8.705043859650276,-8.0,-1454.0,-1456.0,,估计同步待核验
XY_Y-09-0.1-02,702,69.41298355263157,-7.0,-8.0,-1454.0,-1457.0,,估计同步待核验
XY_Y-09-0.1-02,703,69.51111458333334,-7.0,-8.0,-1454.0,-1456.0,,估计同步待核验
XY_Y-09-0.1-02,704,69.60924561403509,-8.0,-8.0,-1454.0,-1456.0,,估计同步待核验
XY_Y-09-0.1-02,705,69.70737664473684,-8.0,-8.0,-1455.0,-1457.0,,估计同步待核验
XY_Y-09-0.1-02,706,69.8055076754386,-8.0,-8.0,-1455.0,-1457.0,,估计同步待核验
XY_Y-09-0.1-02,707,69.90363870614036,-9.0,-8.0,-1455.0,-1457.0,,估计同步待核验
XY_Y-09-0.1-02,708,70.0017697368421,-9.0,-8.0,-1455.0,-1457.0,,估计同步待核验
XY_Y-09-0.1-02,709,70.09990076754386,-9.0,-8.0,-1456.0,-1458.0,,估计同步待核验
XY_Y-09-0.1-02,710,70.19803179824562,-9.0,-8.0,-1457.0,-1458.0,,估计同步待核验
XY_Y-09-0.1-02,711,70.29616282894736,-9.0,-8.0,-1457.0,-1458.0,,估计同步待核验
XY_Y-09-0.1-02,712,70.39429385964912,-9.0,-8.0,-1456.0,-1458.0,,估计同步待核验
XY_Y-09-0.1-02,713,70.49242489035088,-9.0,-8.0,-1456.0,-1458.0,,估计同步待核验
XY_Y-09-0.1-02,714,70.59055592105264,-8.555921052642377,-8.0,-1456.5559210526424,-1458.0,,估计同步待核验
XY_Y-09-0.1-02,715,70.68868695175438,-8.0,-7.0,-1457.0,-1458.0,,估计同步待核验
XY_Y-09-0.1-02,716,70.78681798245614,-9.0,-8.0,-1456.0,-1458.0,,估计同步待核验
XY_Y-09-0.1-02,717,70.8849490131579,-9.0,-8.0,-1457.0,-1459.0,,估计同步待核验
XY_Y-09-0.1-02,718,70.98308004385964,-9.0,-8.0,-1458.0,-1459.0,,估计同步待核验
XY_Y-09-0.1-02,719,71.0812110745614,-9.0,-8.0,-1457.0,-1459.0,,估计同步待核验
XY_Y-09-0.1-02,720,71.17934210526316,-9.0,-7.0,-1457.0,-1458.0,,估计同步待核验
XY_Y-09-0.1-02,721,71.27747313596491,-9.0,-8.0,-1457.0,-1458.0,,估计同步待核验
XY_Y-09-0.1-02,722,71.37560416666666,-9.0,-8.0,-1458.0,-1459.0,,估计同步待核验
XY_Y-09-0.1-02,723,71.47373519736843,-9.0,-8.0,-1458.0,-1459.0,,估计同步待核验
XY_Y-09-0.1-02,724,71.57186622807018,-8.0,-8.0,-1457.0,-1459.0,,估计同步待核验
XY_Y-09-0.1-02,725,71.66999725877193,-8.0,-8.0,-1458.0,-1459.0,,估计同步待核验
XY_Y-09-0.1-02,726,71.76812828947368,-8.0,-8.0,-1458.0,-1459.0,,估计同步待核验
XY_Y-09-0.1-02,727,71.86625932017544,-8.481359649112367,-8.0,-1458.0,-1460.0,,估计同步待核验
XY_Y-09-0.1-02,728,71.9643903508772,-9.0,-8.0,-1459.0,-1460.0,,估计同步待核验
XY_Y-09-0.1-02,729,72.06252138157895,-9.0,-8.0,-1458.0,-1460.0,,估计同步待核验
XY_Y-09-0.1-02,730,72.1606524122807,-9.0,-8.0,-1459.0,-1461.0,,估计同步待核验
XY_Y-09-0.1-02,731,72.25878344298246,-9.0,-8.0,-1459.0,-1460.0,,估计同步待核验
XY_Y-09-0.1-02,732,72.35691447368421,-9.0,-8.0,-1459.0,-1461.0,,估计同步待核验
XY_Y-09-0.1-02,733,72.45504550438596,-8.0,-8.0,-1459.0,-1461.0,,估计同步待核验
XY_Y-09-0.1-02,734,72.55317653508772,-8.0,-8.0,-1459.0,-1461.0,,估计同步待核验
XY_Y-09-0.1-02,735,72.65130756578948,-8.0,-8.0,-1460.0,-1462.0,,估计同步待核验
XY_Y-09-0.1-02,736,72.74943859649122,-7.0,-8.0,-1459.0,-1462.0,,估计同步待核验
XY_Y-09-0.1-02,737,72.84756962719298,-7.0,-8.0,-1459.0,-1461.0,,估计同步待核验
XY_Y-09-0.1-02,738,72.94570065789473,-7.0,-8.0,-1459.0,-1462.0,,估计同步待核验
XY_Y-09-0.1-02,739,73.0438316885965,-7.336622807001042,-8.0,-1460.0,-1461.8316885964996,,估计同步待核验
XY_Y-09-0.1-02,740,73.14196271929825,-9.0,-8.0,-1460.0,-1462.0,,估计同步待核验
XY_Y-09-0.1-02,741,73.24009375,-8.0,-8.0,-1460.0,-1462.0,,估计同步待核验
XY_Y-09-0.1-02,742,73.33822478070175,-8.0,-8.0,-1460.0,-1462.0,,估计同步待核验
XY_Y-09-0.1-02,743,73.4363558114035,-8.0,-8.0,-1460.0,-1462.0,,估计同步待核验
XY_Y-09-0.1-02,744,73.53448684210527,-7.0,-8.0,-1461.0,-1462.0,,估计同步待核验
XY_Y-09-0.1-02,745,73.63261787280702,-7.0,-8.0,-1460.0,-1462.0,,估计同步待核验
XY_Y-09-0.1-02,746,73.73074890350878,-7.0,-8.0,-1460.0,-1462.0,,估计同步待核验
XY_Y-09-0.1-02,747,73.82887993421052,-7.0,-8.0,-1461.0,-1462.0,,估计同步待核验
XY_Y-09-0.1-02,748,73.92701096491228,-7.0,-8.0,-1461.0,-1463.0,,估计同步待核验
XY_Y-09-0.1-02,749,74.02514199561404,-7.0,-8.0,-1461.0,-1463.0,,估计同步待核验
XY_Y-09-0.1-02,750,74.12327302631579,-7.0,-8.0,-1461.0,-1463.0,,估计同步待核验
XY_Y-09-0.1-02,751,74.22140405701754,-8.0,-8.0,-1461.0,-1463.0,,估计同步待核验
XY_Y-09-0.1-02,752,74.3195350877193,-8.535087719304602,-8.0,-1461.0,-1463.0,,估计同步待核验
XY_Y-09-0.1-02,753,74.41766611842105,-7.0,-8.0,-1462.0,-1463.0,,估计同步待核验
XY_Y-09-0.1-02,754,74.5157971491228,-7.0,-8.0,-1462.0,-1463.0,,估计同步待核验
XY_Y-09-0.1-02,755,74.61392817982455,-7.0,-8.0,-1462.0,-1464.0,,估计同步待核验
XY_Y-09-0.1-02,756,74.71205921052632,-7.0,-8.0,-1462.0,-1464.0,,估计同步待核验
XY_Y-09-0.1-02,757,74.81019024122807,-7.0,-8.0,-1462.0,-1464.0,,估计同步待核验
XY_Y-09-0.1-02,758,74.90832127192982,-7.0,-8.0,-1462.0,-1464.0,,估计同步待核验
XY_Y-09-0.1-02,759,75.00645230263157,-8.0,-8.0,-1463.0,-1464.0,,估计同步待核验
XY_Y-09-0.1-02,760,75.10458333333334,-8.0,-8.0,-1463.0,-1465.0,,估计同步待核验
XY_Y-09-0.1-02,761,75.20271436403509,-8.0,-8.0,-1463.0,-1464.0,,估计同步待核验
XY_Y-09-0.1-02,762,75.30084539473684,-9.0,-8.0,-1464.0,-1465.0,,估计同步待核验
XY_Y-09-0.1-02,763,75.3989764254386,-9.0,-8.0,-1464.0,-1465.0,,估计同步待核验
XY_Y-09-0.1-02,764,75.49710745614036,-9.0,-8.0,-1464.0,-1465.0,,估计同步待核验
XY_Y-09-0.1-02,765,75.5952384868421,-7.715460526319015,-8.0,-1463.2384868421063,-1466.0,,估计同步待核验
XY_Y-09-0.1-02,766,75.69336951754386,-7.0,-8.0,-1464.0,-1466.0,,估计同步待核验
XY_Y-09-0.1-02,767,75.79150054824562,-7.0,-8.0,-1464.0,-1465.0,,估计同步待核验
XY_Y-09-0.1-02,768,75.88963157894736,-8.0,-8.0,-1464.0,-1466.0,,估计同步待核验
XY_Y-09-0.1-02,769,75.98776260964912,-8.0,-8.0,-1465.0,-1467.0,,估计同步待核验
XY_Y-09-0.1-02,770,76.08589364035087,-8.0,-8.0,-1465.0,-1466.0,,估计同步待核验
XY_Y-09-0.1-02,771,76.18402467105264,-9.0,-8.0,-1465.0,-1466.0,,估计同步待核验
XY_Y-09-0.1-02,772,76.28215570175438,-9.0,-8.0,-1465.0,-1467.0,,估计同步待核验
XY_Y-09-0.1-02,773,76.38028673245614,-9.0,-8.0,-1465.0,-1467.0,,估计同步待核验
XY_Y-09-0.1-02,774,76.47841776315789,-9.0,-8.0,-1465.0,-1468.0,,估计同步待核验
XY_Y-09-0.1-02,775,76.57654879385964,-9.0,-8.0,-1466.0,-1467.0,,估计同步待核验
XY_Y-09-0.1-02,776,76.6746798245614,-9.0,-8.0,-1465.0,-1467.0,,估计同步待核验
XY_Y-09-0.1-02,777,76.77281085526316,-8.621710526323408,-8.0,-1466.0,-1467.0,,估计同步待核验
XY_Y-09-0.1-02,778,76.87094188596491,-8.0,-8.0,-1466.0,-1467.0,,估计同步待核验
XY_Y-09-0.1-02,779,76.96907291666666,-8.0,-8.0,-1466.0,-1468.0,,估计同步待核验
XY_Y-09-0.1-02,780,77.06720394736843,-9.0,-8.0,-1466.0,-1468.0,,估计同步待核验
XY_Y-09-0.1-02,781,77.16533497807018,-9.0,-8.0,-1466.0,-1468.0,,估计同步待核验
XY_Y-09-0.1-02,782,77.26346600877193,-9.0,-8.0,-1467.0,-1468.0,,估计同步待核验
XY_Y-09-0.1-02,783,77.36159703947368,-10.0,-8.0,-1467.0,-1469.0,,估计同步待核验
XY_Y-09-0.1-02,784,77.45972807017544,-9.0,-7.0,-1467.0,-1469.0,,估计同步待核验
XY_Y-09-0.1-02,785,77.5578591008772,-9.0,-8.0,-1467.0,-1469.0,,估计同步待核验
XY_Y-09-0.1-02,786,77.65599013157895,-9.0,-8.0,-1468.0,-1469.0,,估计同步待核验
XY_Y-09-0.1-02,787,77.7541211622807,-9.0,-8.0,-1468.0,-1470.0,,估计同步待核验
XY_Y-09-0.1-02,788,77.85225219298246,-8.0,-8.0,-1468.0,-1470.0,,估计同步待核验
XY_Y-09-0.1-02,789,77.95038322368421,-8.0,-8.0,-1468.0,-1470.0,,估计同步待核验
XY_Y-09-0.1-02,790,78.04851425438596,-8.485745614040479,-8.0,-1468.0,-1470.0,,估计同步待核验
XY_Y-09-0.1-02,791,78.14664528508771,-9.0,-8.0,-1469.0,-1470.0,,估计同步待核验
XY_Y-09-0.1-02,792,78.24477631578948,-10.0,-8.0,-1468.0,-1470.0,,估计同步待核验
XY_Y-09-0.1-02,793,78.34290734649122,-9.0,-8.0,-1469.0,-1470.0,,估计同步待核验
XY_Y-09-0.1-02,794,78.44103837719298,-9.0,-8.0,-1469.0,-1470.0,,估计同步待核验
XY_Y-09-0.1-02,795,78.53916940789473,-9.0,-8.0,-1469.0,-1471.0,,估计同步待核验
XY_Y-09-0.1-02,796,78.6373004385965,-9.0,-8.0,-1469.0,-1471.0,,估计同步待核验
XY_Y-09-0.1-02,797,78.73543146929825,-8.0,-8.0,-1469.0,-1471.0,,估计同步待核验
XY_Y-09-0.1-02,798,78.8335625,-8.0,-8.0,-1469.0,-1471.0,,估计同步待核验
XY_Y-09-0.1-02,799,78.93169353070175,-8.0,-8.0,-1469.0,-1471.0,,估计同步待核验
XY_Y-09-0.1-02,800,79.0298245614035,-7.0,-8.0,-1469.0,-1471.0,,估计同步待核验
XY_Y-09-0.1-02,801,79.12795559210527,-7.0,-8.0,-1469.0,-1471.0,,估计同步待核验
XY_Y-09-0.1-02,802,79.22608662280702,-7.0,-8.0,-1470.0,-1471.0,,估计同步待核验
XY_Y-09-0.1-02,803,79.32421765350878,-8.564692982433858,-8.0,-1470.0,-1471.0,,估计同步待核验
XY_Y-09-0.1-02,804,79.42234868421052,-9.0,-8.0,-1470.0,-1472.0,,估计同步待核验
XY_Y-09-0.1-02,805,79.52047971491228,-9.0,-8.0,-1470.0,-1472.0,,估计同步待核验
XY_Y-09-0.1-02,806,79.61861074561403,-9.0,-8.0,-1470.0,-1472.0,,估计同步待核验
XY_Y-09-0.1-02,807,79.71674177631579,-8.0,-8.0,-1470.0,-1472.0,,估计同步待核验
XY_Y-09-0.1-02,808,79.81487280701754,-8.0,-8.0,-1471.0,-1472.0,,估计同步待核验
XY_Y-09-0.1-02,809,79.9130038377193,-7.0,-8.0,-1470.0,-1472.0,,估计同步待核验
XY_Y-09-0.1-02,810,80.01113486842105,-7.0,-8.0,-1470.0,-1472.0,,估计同步待核验
XY_Y-09-0.1-02,811,80.1092658991228,-7.0,-8.0,-1471.0,-1472.0,,估计同步待核验
XY_Y-09-0.1-02,812,80.20739692982455,-7.0,-8.0,-1471.0,-1472.0,,估计同步待核验
XY_Y-09-0.1-02,813,80.30552796052632,-7.0,-8.0,-1471.0,-1473.0,,估计同步待核验
XY_Y-09-0.1-02,814,80.40365899122807,-7.0,-8.0,-1471.0,-1472.0,,估计同步待核验
XY_Y-09-0.1-02,815,80.50179002192982,-8.209978070176069,-8.0,-1471.0,-1472.0,,估计同步待核验
XY_Y-09-0.1-02,816,80.59992105263157,-8.0,-8.0,-1471.0,-1472.0,,估计同步待核验
XY_Y-09-0.1-02,817,80.69805208333334,-8.0,-8.0,-1471.0,-1473.0,,估计同步待核验
XY_Y-09-0.1-02,818,80.79618311403509,-7.0,-8.0,-1471.0,-1473.0,,估计同步待核验
XY_Y-09-0.1-02,819,80.89431414473684,-7.0,-8.0,-1472.0,-1473.0,,估计同步待核验
XY_Y-09-0.1-02,820,80.9924451754386,-7.0,-8.0,-1472.0,-1473.0,,估计同步待核验
XY_Y-09-0.1-02,821,81.09057620614035,-7.0,-8.0,-1472.0,-1474.0,,估计同步待核验
XY_Y-09-0.1-02,822,81.1887072368421,-7.0,-8.0,-1471.0,-1473.0,,估计同步待核验
XY_Y-09-0.1-02,823,81.28683826754386,-7.0,-8.0,-1472.0,-1473.0,,估计同步待核验
XY_Y-09-0.1-02,824,81.38496929824562,-8.0,-8.0,-1472.0,-1474.0,,估计同步待核验
XY_Y-09-0.1-02,825,81.48310032894736,-8.0,-8.0,-1472.0,-1474.0,,估计同步待核验
XY_Y-09-0.1-02,826,81.58123135964912,-8.0,-8.0,-1472.0,-1474.0,,估计同步待核验
XY_Y-09-0.1-02,827,81.67936239035087,-9.0,-8.0,-1472.0,-1474.0,,估计同步待核验
XY_Y-09-0.1-02,828,81.77749342105264,-7.986842105272507,-8.0,-1472.4934210526362,-1474.0,,估计同步待核验
XY_Y-09-0.1-02,829,81.87562445175438,-7.0,-8.0,-1472.0,-1474.0,,估计同步待核验
XY_Y-09-0.1-02,830,81.97375548245614,-7.0,-8.0,-1473.0,-1474.0,,估计同步待核验
XY_Y-09-0.1-02,831,82.07188651315789,-7.0,-8.0,-1472.0,-1474.0,,估计同步待核验
XY_Y-09-0.1-02,832,82.17001754385964,-7.0,-8.0,-1473.0,-1475.0,,估计同步待核验
XY_Y-09-0.1-02,833,82.2681485745614,-7.0,-8.0,-1473.0,-1475.0,,估计同步待核验
XY_Y-09-0.1-02,834,82.36627960526316,-8.0,-8.0,-1473.0,-1475.0,,估计同步待核验
XY_Y-09-0.1-02,835,82.46441063596491,-8.0,-8.0,-1473.0,-1475.0,,估计同步待核验
XY_Y-09-0.1-02,836,82.56254166666666,-9.0,-8.0,-1473.0,-1475.0,,估计同步待核验
XY_Y-09-0.1-02,837,82.66067269736843,-9.0,-8.0,-1473.0,-1475.0,,估计同步待核验
XY_Y-09-0.1-02,838,82.75880372807018,-9.0,-8.0,-1474.0,-1475.0,,估计同步待核验
XY_Y-09-0.1-02,839,82.85693475877193,-9.0,-8.0,-1474.0,-1475.0,,估计同步待核验
XY_Y-09-0.1-02,840,82.95506578947368,-9.0,-8.0,-1474.0,-1475.0,,估计同步待核验
XY_Y-09-0.1-02,841,83.05319682017544,-9.0,-8.0,-1474.0,-1476.0,,估计同步待核验
XY_Y-09-0.1-02,842,83.1513278508772,-7.655701754393756,-7.672149122803122,-1474.0,-1476.0,,估计同步待核验
XY_Y-09-0.1-02,843,83.24945888157895,-8.0,-8.0,-1474.0,-1476.0,,估计同步待核验
XY_Y-09-0.1-02,844,83.3475899122807,-8.0,-8.0,-1474.0,-1476.0,,估计同步待核验
XY_Y-09-0.1-02,845,83.44572094298246,-8.0,-8.0,-1474.0,-1476.0,,估计同步待核验
XY_Y-09-0.1-02,846,83.54385197368421,-9.0,-8.0,-1475.0,-1476.0,,估计同步待核验
XY_Y-09-0.1-02,847,83.64198300438596,-9.0,-8.0,-1474.0,-1476.0,,估计同步待核验
XY_Y-09-0.1-02,848,83.74011403508771,-9.0,-8.0,-1474.0,-1476.0,,估计同步待核验
XY_Y-09-0.1-02,849,83.83824506578948,-9.0,-8.0,-1475.0,-1476.0,,估计同步待核验
XY_Y-09-0.1-02,850,83.93637609649122,-9.0,-8.0,-1475.0,-1477.0,,估计同步待核验
XY_Y-09-0.1-02,851,84.03450712719298,-9.0,-8.0,-1475.0,-1477.0,,估计同步待核验
XY_Y-09-0.1-02,852,84.13263815789473,-9.0,-8.0,-1475.0,-1477.0,,估计同步待核验
XY_Y-09-0.1-02,853,84.2307691885965,-9.0,-8.0,-1475.0,-1477.0,,估计同步待核验
XY_Y-09-0.1-02,854,84.32890021929825,-8.0,-8.0,-1475.9002192982534,-1477.0,,估计同步待核验
XY_Y-09-0.1-02,855,84.42703125,-8.96875000000755,-8.0,-1476.0,-1477.0,,估计同步待核验
XY_Y-09-0.1-02,856,84.52516228070175,-9.0,-8.0,-1476.0,-1477.0,,估计同步待核验
XY_Y-09-0.1-02,857,84.6232933114035,-9.0,-8.0,-1476.0,-1478.0,,估计同步待核验
XY_Y-09-0.1-02,858,84.72142434210527,-9.0,-7.0,-1476.0,-1477.0,,估计同步待核验
XY_Y-09-0.1-02,859,84.81955537280702,-9.0,-8.0,-1476.0,-1478.0,,估计同步待核验
XY_Y-09-0.1-02,860,84.91768640350878,-9.0,-8.0,-1476.0,-1478.0,,估计同步待核验
XY_Y-09-0.1-02,861,85.01581743421052,-9.0,-8.0,-1476.0,-1478.0,,估计同步待核验
XY_Y-09-0.1-02,862,85.11394846491228,-9.0,-8.0,-1476.0,-1478.0,,估计同步待核验
XY_Y-09-0.1-02,863,85.21207949561403,-8.0,-8.0,-1476.0,-1479.0,,估计同步待核验
XY_Y-09-0.1-02,864,85.31021052631579,-8.0,-8.0,-1477.0,-1478.0,,估计同步待核验
XY_Y-09-0.1-02,865,85.40834155701754,-7.0,-8.0,-1476.0,-1478.0,,估计同步待核验
XY_Y-09-0.1-02,866,85.5064725877193,-7.0,-8.0,-1476.0,-1478.0,,估计同步待核验
XY_Y-09-0.1-02,867,85.60460361842105,-7.792763157899879,-8.0,-1476.39638157895,-1479.0,,估计同步待核验
XY_Y-09-0.1-02,868,85.7027346491228,-9.0,-8.0,-1477.0,-1478.0,,估计同步待核验
XY_Y-09-0.1-02,869,85.80086567982455,-9.0,-8.0,-1477.0,-1478.0,,估计同步待核验
XY_Y-09-0.1-02,870,85.89899671052632,-9.0,-8.0,-1477.0,-1479.0,,估计同步待核验
XY_Y-09-0.1-02,871,85.99712774122807,-9.0,-8.0,-1477.0,-1479.0,,估计同步待核验
XY_Y-09-0.1-02,872,86.09525877192982,-8.0,-7.0,-1477.0,-1479.0,,估计同步待核验
XY_Y-09-0.1-02,873,86.19338980263157,-8.0,-8.0,-1477.0,-1479.0,,估计同步待核验
XY_Y-09-0.1-02,874,86.29152083333334,-8.0,-8.0,-1477.0,-1479.0,,估计同步待核验
XY_Y-09-0.1-02,875,86.38965186403509,-7.0,-8.0,-1477.0,-1479.0,,估计同步待核验
XY_Y-09-0.1-02,876,86.48778289473684,-7.0,-8.0,-1477.0,-1480.0,,估计同步待核验
XY_Y-09-0.1-02,877,86.5859139254386,-7.0,-8.0,-1477.0,-1479.0,,估计同步待核验
XY_Y-09-0.1-02,878,86.68404495614035,-7.0,-8.0,-1477.0,-1478.0,,估计同步待核验
XY_Y-09-0.1-02,879,86.7821759868421,-7.0,-8.0,-1477.0,-1479.0,,估计同步待核验
XY_Y-09-0.1-02,880,86.88030701754386,-8.3859649122812,-8.0,-1477.6929824561405,-1480.0,,估计同步待核验
XY_Y-09-0.1-02,881,86.97843804824562,-9.0,-8.0,-1478.0,-1479.0,,估计同步待核验
XY_Y-09-0.1-02,882,87.07656907894736,-8.0,-8.0,-1477.0,-1479.0,,估计同步待核验
XY_Y-09-0.1-02,883,87.17470010964912,-8.0,-8.0,-1478.0,-1479.0,,估计同步待核验
XY_Y-09-0.1-02,884,87.27283114035087,-7.0,-8.0,-1477.0,-1479.0,,估计同步待核验
XY_Y-09-0.1-02,885,87.37096217105264,-7.0,-8.0,-1478.0,-1480.0,,估计同步待核验
XY_Y-09-0.1-02,886,87.46909320175438,-7.0,-8.0,-1477.0,-1479.0,,估计同步待核验
XY_Y-09-0.1-02,887,87.56722423245614,-7.0,-8.0,-1477.0,-1479.0,,估计同步待核验
XY_Y-09-0.1-02,888,87.66535526315789,-7.0,-8.0,-1478.0,-1480.0,,估计同步待核验
XY_Y-09-0.1-02,889,87.76348629385964,-7.0,-8.0,-1477.0,-1480.0,,估计同步待核验
XY_Y-09-0.1-02,890,87.8616173245614,-7.0,-8.0,-1478.0,-1479.0,,估计同步待核验
XY_Y-09-0.1-02,891,87.95974835526316,-8.0,-8.0,-1478.0,-1480.0,,估计同步待核验
XY_Y-09-0.1-02,892,88.05787938596491,-8.0,-8.879385964903243,-1478.0,-1480.0,,估计同步待核验
XY_Y-09-0.1-02,893,88.15601041666666,-7.0104166666546766,-8.0,-1478.0,-1480.0,,估计同步待核验
XY_Y-09-0.1-02,894,88.25414144736843,-7.0,-9.0,-1478.0,-1480.0,,估计同步待核验
XY_Y-09-0.1-02,895,88.35227247807018,-7.0,-8.0,-1478.0,-1480.0,,估计同步待核验
XY_Y-09-0.1-02,896,88.45040350877193,-7.0,-9.0,-1478.0,-1480.0,,估计同步待核验
XY_Y-09-0.1-02,897,88.54853453947368,-7.0,-8.0,-1477.0,-1480.0,,估计同步待核验
XY_Y-09-0.1-02,898,88.64666557017544,-7.0,-8.0,-1478.0,-1480.0,,估计同步待核验
XY_Y-09-0.1-02,899,88.7447966008772,-7.0,-8.0,-1477.0,-1480.0,,估计同步待核验
XY_Y-09-0.1-02,900,88.84292763157895,-8.0,-8.0,-1478.0,-1480.0,,估计同步待核验
XY_Y-09-0.1-02,901,88.9410586622807,-8.0,-8.0,-1478.0,-1480.0,,估计同步待核验
XY_Y-09-0.1-02,902,89.03918969298246,-8.0,-8.0,-1478.0,-1480.0,,估计同步待核验
XY_Y-09-0.1-02,903,89.13732072368421,-9.0,-8.0,-1478.0,-1480.0,,估计同步待核验
XY_Y-09-0.1-02,904,89.23545175438596,-9.0,-8.0,-1479.0,-1481.0,,估计同步待核验
XY_Y-09-0.1-02,905,89.33358278508771,-8.165570175425165,-8.417214912287417,-1478.0,-1480.0,,估计同步待核验
XY_Y-09-0.1-02,906,89.43171381578948,-7.0,-8.0,-1478.0,-1481.0,,估计同步待核验
XY_Y-09-0.1-02,907,89.52984484649122,-7.0,-8.0,-1478.0,-1480.0,,估计同步待核验
XY_Y-09-0.1-02,908,89.62797587719298,-7.0,-9.0,-1478.0,-1480.0,,估计同步待核验
XY_Y-09-0.1-02,909,89.72610690789473,-7.0,-8.0,-1479.0,-1480.0,,估计同步待核验
XY_Y-09-0.1-02,910,89.8242379385965,-8.0,-8.0,-1479.0,-1481.0,,估计同步待核验
XY_Y-09-0.1-02,911,89.92236896929825,-8.0,-8.0,-1478.0,-1480.0,,估计同步待核验
XY_Y-09-0.1-02,912,90.0205,-9.0,-8.0,-1479.0,-1481.0,,估计同步待核验
XY_Y-09-0.1-02,913,90.11863103070175,-9.0,-8.0,-1479.0,-1481.0,,估计同步待核验
XY_Y-09-0.1-02,914,90.21676206140351,-9.0,-8.0,-1479.0,-1481.0,,估计同步待核验
XY_Y-09-0.1-02,915,90.31489309210527,-9.0,-7.0,-1479.0,-1481.0,,估计同步待核验
XY_Y-09-0.1-02,916,90.413024122807,-9.0,-8.0,-1479.0,-1480.0,,估计同步待核验
XY_Y-09-0.1-02,917,90.51115515350877,-9.0,-8.0,-1479.0,-1481.0,,估计同步待核验
XY_Y-09-0.1-02,918,90.60928618421052,-7.572368421043843,-8.0,-1479.0,-1481.0,,估计同步待核验
XY_Y-09-0.1-02,919,90.70741721491228,-8.0,-8.0,-1479.0,-1481.0,,估计同步待核验
XY_Y-09-0.1-02,920,90.80554824561403,-8.0,-8.0,-1479.0,-1481.0,,估计同步待核验
XY_Y-09-0.1-02,921,90.9036792763158,-8.0,-8.0,-1479.0,-1480.0,,估计同步待核验
XY_Y-09-0.1-02,922,91.00181030701755,-9.0,-8.0,-1479.0,-1481.0,,估计同步待核验
XY_Y-09-0.1-02,923,91.09994133771929,-9.0,-8.0,-1480.0,-1482.0,,估计同步待核验
XY_Y-09-0.1-02,924,91.19807236842105,-9.0,-8.0,-1480.0,-1481.0,,估计同步待核验
XY_Y-09-0.1-02,925,91.2962033991228,-9.0,-8.0,-1480.0,-1481.0,,估计同步待核验
XY_Y-09-0.1-02,926,91.39433442982455,-9.0,-8.0,-1480.0,-1482.0,,估计同步待核验
XY_Y-09-0.1-02,927,91.49246546052632,-9.0,-7.0,-1480.0,-1482.0,,估计同步待核验
XY_Y-09-0.1-02,928,91.59059649122807,-9.0,-8.0,-1480.0,-1482.0,,估计同步待核验
XY_Y-09-0.1-02,929,91.68872752192983,-8.0,-8.0,-1480.0,-1481.0,,估计同步待核验
XY_Y-09-0.1-02,930,91.78685855263157,-8.0,-8.0,-1480.0,-1482.0,,估计同步待核验
XY_Y-09-0.1-02,931,91.88498958333332,-9.0,-8.0,-1480.0,-1482.0,,估计同步待核验
XY_Y-09-0.1-02,932,91.98312061403509,-9.0,-8.0,-1480.0,-1482.0,,估计同步待核验
XY_Y-09-0.1-02,933,92.08125164473684,-9.0,-8.0,-1480.0,-1481.0,,估计同步待核验
XY_Y-09-0.1-02,934,92.1793826754386,-9.0,-8.0,-1480.0,-1482.0,,估计同步待核验
XY_Y-09-0.1-02,935,92.27751370614035,-9.0,-8.0,-1481.0,-1483.0,,估计同步待核验
XY_Y-09-0.1-02,936,92.3756447368421,-9.0,-8.0,-1481.0,-1482.0,,估计同步待核验
XY_Y-09-0.1-02,937,92.47377576754384,-9.0,-8.0,-1481.0,-1482.0,,估计同步待核验
XY_Y-09-0.1-02,938,92.5719067982456,-9.0,-8.0,-1481.0,-1483.0,,估计同步待核验
XY_Y-09-0.1-02,939,92.67003782894736,-9.0,-8.0,-1481.0,-1483.0,,估计同步待核验
XY_Y-09-0.1-02,940,92.76816885964912,-8.0,-8.0,-1481.0,-1483.0,,估计同步待核验
XY_Y-09-0.1-02,941,92.86629989035087,-8.0,-8.0,-1481.0,-1483.0,,估计同步待核验
XY_Y-09-0.1-02,942,92.96443092105264,-7.0,-8.0,-1481.0,-1483.0,,估计同步待核验
XY_Y-09-0.1-02,943,93.06256195175439,-7.87609649122137,-8.0,-1481.0,-1483.0,,估计同步待核验
XY_Y-09-0.1-02,944,93.16069298245615,-9.0,-8.0,-1482.0,-1483.0,,估计同步待核验
XY_Y-09-0.1-02,945,93.25882401315789,-9.0,-8.0,-1481.0,-1483.0,,估计同步待核验
XY_Y-09-0.1-02,946,93.35695504385964,-9.0,-8.0,-1482.0,-1483.0,,估计同步待核验
XY_Y-09-0.1-02,947,93.4550860745614,-9.0,-8.0,-1482.0,-1484.0,,估计同步待核验
XY_Y-09-0.1-02,948,93.55321710526316,-8.0,-8.0,-1482.0,-1483.0,,估计同步待核验
XY_Y-09-0.1-02,949,93.65134813596491,-8.0,-8.0,-1482.0,-1483.0,,估计同步待核验
XY_Y-09-0.1-02,950,93.74947916666667,-8.0,-8.0,-1482.0,-1484.0,,估计同步待核验
XY_Y-09-0.1-02,951,93.84761019736843,-7.0,-8.0,-1482.0,-1484.0,,估计同步待核验
XY_Y-09-0.1-02,952,93.94574122807016,-7.0,-8.0,-1482.0,-1484.0,,估计同步待核验
XY_Y-09-0.1-02,953,94.04387225877193,-7.0,-8.0,-1482.0,-1484.0,,估计同步待核验
XY_Y-09-0.1-02,954,94.14200328947368,-7.0,-8.0,-1481.0,-1483.0,,估计同步待核验
XY_Y-09-0.1-02,955,94.24013432017544,-7.0,-8.0,-1482.0,-1484.0,,估计同步待核验
XY_Y-09-0.1-02,956,94.3382653508772,-8.46929824560269,-8.0,-1482.7346491228013,-1484.0,,估计同步待核验
XY_Y-09-0.1-02,957,94.43639638157894,-9.0,-8.0,-1483.0,-1485.0,,估计同步待核验
XY_Y-09-0.1-02,958,94.53452741228071,-9.0,-8.0,-1483.0,-1484.0,,估计同步待核验
XY_Y-09-0.1-02,959,94.63265844298245,-8.0,-8.0,-1482.0,-1485.0,,估计同步待核验
XY_Y-09-0.1-02,960,94.7307894736842,-8.0,-8.0,-1483.0,-1485.0,,估计同步待核验
XY_Y-09-0.1-02,961,94.82892050438596,-7.0,-8.0,-1482.0,-1485.0,,估计同步待核验
XY_Y-09-0.1-02,962,94.92705153508771,-7.0,-8.0,-1482.0,-1485.0,,估计同步待核验
XY_Y-09-0.1-02,963,95.02518256578948,-7.0,-8.0,-1482.0,-1484.0,,估计同步待核验
XY_Y-09-0.1-02,964,95.12331359649123,-6.0,-8.0,-1483.0,-1485.0,,估计同步待核验
XY_Y-09-0.1-02,965,95.221444627193,-7.0,-8.0,-1483.0,-1485.0,,估计同步待核验
XY_Y-09-0.1-02,966,95.31957565789473,-7.0,-8.0,-1483.0,-1485.0,,估计同步待核验
XY_Y-09-0.1-02,967,95.41770668859648,-7.0,-8.0,-1483.0,-1485.0,,估计同步待核验
XY_Y-09-0.1-02,968,95.51583771929825,-7.162280701757503,-8.837719298242497,-1483.0,-1484.1622807017575,,估计同步待核验
XY_Y-09-0.1-02,969,95.61396875,-8.0,-8.0,-1483.0,-1485.0,,估计同步待核验
XY_Y-09-0.1-02,970,95.71209978070175,-8.0,-8.0,-1483.0,-1485.0,,估计同步待核验
XY_Y-09-0.1-02,971,95.81023081140351,-7.0,-8.0,-1483.0,-1484.0,,估计同步待核验
XY_Y-09-0.1-02,972,95.90836184210526,-7.0,-8.0,-1483.0,-1485.0,,估计同步待核验
XY_Y-09-0.1-02,973,96.006492872807,-7.0,-8.0,-1483.0,-1485.0,,估计同步待核验
XY_Y-09-0.1-02,974,96.10462390350877,-7.0,-8.0,-1484.0,-1485.0,,估计同步待核验
XY_Y-09-0.1-02,975,96.20275493421052,-7.0,-8.0,-1483.0,-1485.0,,估计同步待核验
XY_Y-09-0.1-02,976,96.30088596491228,-7.0,-9.0,-1483.0,-1485.0,,估计同步待核验
XY_Y-09-0.1-02,977,96.39901699561403,-7.0,-8.0,-1483.0,-1485.0,,估计同步待核验
XY_Y-09-0.1-02,978,96.4971480263158,-8.0,-8.0,-1483.0,-1486.0,,估计同步待核验
XY_Y-09-0.1-02,979,96.59527905701755,-8.0,-8.0,-1483.0,-1485.0,,估计同步待核验
XY_Y-09-0.1-02,980,96.69341008771929,-9.0,-8.0,-1483.0,-1485.0,,估计同步待核验
XY_Y-09-0.1-02,981,96.79154111842105,-8.082236842103674,-8.0,-1483.0,-1485.0,,估计同步待核验
XY_Y-09-0.1-02,982,96.8896721491228,-7.0,-8.0,-1484.0,-1486.0,,估计同步待核验
XY_Y-09-0.1-02,983,96.98780317982455,-7.0,-8.0,-1483.0,-1485.0,,估计同步待核验
XY_Y-09-0.1-02,984,97.08593421052632,-7.0,-8.0,-1483.0,-1485.0,,估计同步待核验
XY_Y-09-0.1-02,985,97.18406524122807,-7.0,-8.0,-1483.0,-1485.0,,估计同步待核验
XY_Y-09-0.1-02,986,97.28219627192983,-7.0,-8.0,-1483.0,-1485.0,,估计同步待核验
XY_Y-09-0.1-02,987,97.38032730263157,-7.0,-8.0,-1484.0,-1486.0,,估计同步待核验
XY_Y-09-0.1-02,988,97.47845833333332,-8.0,-8.0,-1484.0,-1485.0,,估计同步待核验
XY_Y-09-0.1-02,989,97.57658936403509,-8.0,-8.0,-1484.0,-1486.0,,估计同步待核验
XY_Y-09-0.1-02,990,97.67472039473684,-9.0,-8.0,-1484.0,-1486.0,,估计同步待核验
XY_Y-09-0.1-02,991,97.7728514254386,-9.0,-8.0,-1484.0,-1486.0,,估计同步待核验
XY_Y-09-0.1-02,992,97.87098245614035,-9.0,-8.0,-1484.0,-1485.0,,估计同步待核验
XY_Y-09-0.1-02,993,97.9691134868421,-9.0,-8.0,-1484.0,-1485.0,,估计同步待核验
XY_Y-09-0.1-02,994,98.06724451754384,-7.489035087693931,-8.0,-1484.0,-1485.0,,估计同步待核验
XY_Y-09-0.1-02,995,98.1653755482456,-7.0,-8.0,-1484.0,-1486.0,,估计同步待核验
XY_Y-09-0.1-02,996,98.26350657894736,-7.0,-8.0,-1483.0,-1485.0,,估计同步待核验
XY_Y-09-0.1-02,997,98.36163760964912,-8.0,-8.0,-1484.0,-1485.0,,估计同步待核验
XY_Y-09-0.1-02,998,98.45976864035087,-8.0,-8.0,-1484.0,-1486.0,,估计同步待核验
XY_Y-09-0.1-02,999,98.55789967105264,-8.0,-8.0,-1484.0,-1486.0,,估计同步待核验
XY_Y-09-0.1-02,1000,98.65603070175439,-9.0,-8.0,-1484.0,-1486.0,,估计同步待核验
XY_Y-09-0.1-02,1001,98.75416173245615,-9.0,-8.0,-1484.0,-1485.0,,估计同步待核验
XY_Y-09-0.1-02,1002,98.85229276315789,-9.0,-8.0,-1484.0,-1486.0,,估计同步待核验
XY_Y-09-0.1-02,1003,98.95042379385964,-10.0,-8.0,-1484.0,-1486.0,,估计同步待核验
XY_Y-09-0.1-02,1004,99.04855482456139,-9.0,-8.0,-1485.0,-1486.0,,估计同步待核验
XY_Y-09-0.1-02,1005,99.14668585526316,-9.0,-8.0,-1484.0,-1486.0,,估计同步待核验
XY_Y-09-0.1-02,1006,99.24481688596491,-8.633771929810038,-8.0,-1484.0,-1486.0,,估计同步待核验
XY_Y-09-0.1-02,1007,99.34294791666667,-7.0,-8.0,-1484.0,-1486.0,,估计同步待核验
XY_Y-09-0.1-02,1008,99.44107894736842,-8.0,-8.0,-1484.0,-1486.0,,估计同步待核验
XY_Y-09-0.1-02,1009,99.53920997807016,-9.0,-8.0,-1484.0,-1486.0,,估计同步待核验
XY_Y-09-0.1-02,1010,99.63734100877193,-9.0,-8.0,-1485.0,-1486.0,,估计同步待核验
XY_Y-09-0.1-02,1011,99.73547203947368,-9.0,-8.0,-1485.0,-1486.0,,估计同步待核验
XY_Y-09-0.1-02,1012,99.83360307017544,-9.0,-8.0,-1485.0,-1487.0,,估计同步待核验
XY_Y-09-0.1-02,1013,99.9317341008772,-9.0,-8.0,-1484.0,-1486.0,,估计同步待核验
XY_Y-09-0.1-02,1014,100.02986513157894,-9.0,-8.0,-1485.0,-1486.0,,估计同步待核验
XY_Y-09-0.1-02,1015,100.12799616228071,-9.0,-8.0,-1485.0,-1486.0,,估计同步待核验
XY_Y-09-0.1-02,1016,100.22612719298245,-9.0,-8.0,-1485.0,-1487.0,,估计同步待核验
XY_Y-09-0.1-02,1017,100.3242582236842,-8.0,-7.0,-1485.0,-1487.0,,估计同步待核验
XY_Y-09-0.1-02,1018,100.42238925438596,-8.0,-8.0,-1485.0,-1486.0,,估计同步待核验
XY_Y-09-0.1-02,1019,100.52052028508771,-8.0,-8.0,-1485.0,-1487.0,,估计同步待核验
XY_Y-09-0.1-02,1020,100.61865131578948,-8.348684210520146,-8.0,-1485.0,-1487.0,,估计同步待核验
XY_Y-09-0.1-02,1021,100.71678234649123,-9.0,-8.0,-1485.0,-1487.0,,估计同步待核验
XY_Y-09-0.1-02,1022,100.814913377193,-9.0,-7.0,-1485.0,-1486.0,,估计同步待核验
XY_Y-09-0.1-02,1023,100.91304440789473,-9.0,-8.0,-1485.0,-1487.0,,估计同步待核验
XY_Y-09-0.1-02,1024,101.01117543859648,-9.0,-8.0,-1485.0,-1487.0,,估计同步待核验
XY_Y-09-0.1-02,1025,101.10930646929825,-9.0,-8.0,-1485.0,-1487.0,,估计同步待核验
XY_Y-09-0.1-02,1026,101.2074375,-9.0,-8.0,-1485.0,-1486.0,,估计同步待核验
XY_Y-09-0.1-02,1027,101.30556853070175,-8.0,-8.0,-1485.0,-1487.0,,估计同步待核验
XY_Y-09-0.1-02,1028,101.40369956140351,-8.0,-8.0,-1485.0,-1488.0,,估计同步待核验
XY_Y-09-0.1-02,1029,101.50183059210526,-8.0,-8.0,-1485.0,-1487.0,,估计同步待核验
XY_Y-09-0.1-02,1030,101.599961622807,-7.0,-8.0,-1485.0,-1487.0,,估计同步待核验
XY_Y-09-0.1-02,1031,101.69809265350877,-7.0,-8.0,-1485.0,-1487.0,,估计同步待核验
XY_Y-09-0.1-02,1032,101.79622368421052,-7.0,-8.0,-1485.0,-1487.0,,估计同步待核验
XY_Y-09-0.1-02,1033,101.89435471491228,-8.290570175439953,-8.0,-1485.64528508772,-1487.0,,估计同步待核验
XY_Y-09-0.1-02,1034,101.99248574561403,-9.0,-8.0,-1486.0,-1487.0,,估计同步待核验
XY_Y-09-0.1-02,1035,102.0906167763158,-9.0,-8.0,-1485.0,-1487.0,,估计同步待核验
XY_Y-09-0.1-02,1036,102.18874780701755,-9.0,-8.0,-1486.0,-1487.0,,估计同步待核验
XY_Y-09-0.1-02,1037,102.28687883771929,-9.0,-7.0,-1485.0,-1487.0,,估计同步待核验
XY_Y-09-0.1-02,1038,102.38500986842105,-8.0,-8.0,-1485.0,-1487.0,,估计同步待核验
XY_Y-09-0.1-02,1039,102.4831408991228,-7.0,-8.0,-1485.0,-1487.0,,估计同步待核验
XY_Y-09-0.1-02,1040,102.58127192982455,-7.0,-8.0,-1485.0,-1487.0,,估计同步待核验
XY_Y-09-0.1-02,1041,102.67940296052632,-7.0,-8.0,-1485.0,-1487.0,,估计同步待核验
XY_Y-09-0.1-02,1042,102.77753399122807,-7.0,-8.0,-1485.0,-1488.0,,估计同步待核验
XY_Y-09-0.1-02,1043,102.87566502192983,-7.0,-8.0,-1485.0,-1487.0,,估计同步待核验
XY_Y-09-0.1-02,1044,102.97379605263157,-7.0,-9.0,-1485.0,-1487.0,,估计同步待核验
XY_Y-09-0.1-02,1045,103.07192708333332,-7.145833333362347,-8.0,-1485.0,-1487.0,,估计同步待核验
XY_Y-09-0.1-02,1046,103.17005811403509,-8.883771929831354,-8.0,-1486.0,-1488.0,,估计同步待核验
XY_Y-09-0.1-02,1047,103.26818914473684,-8.0,-8.0,-1486.0,-1486.0,,估计同步待核验
XY_Y-09-0.1-02,1048,103.3663201754386,-8.0,-8.0,-1486.0,-1487.0,,估计同步待核验
XY_Y-09-0.1-02,1049,103.46445120614035,-7.0,-8.0,-1485.0,-1487.0,,估计同步待核验
XY_Y-09-0.1-02,1050,103.5625822368421,-7.0,-8.0,-1486.0,-1487.0,,估计同步待核验
XY_Y-09-0.1-02,1051,103.66071326754384,-7.0,-8.0,-1485.0,-1487.0,,估计同步待核验
XY_Y-09-0.1-02,1052,103.7588442982456,-7.0,-8.0,-1486.0,-1487.0,,估计同步待核验
XY_Y-09-0.1-02,1053,103.85697532894736,-7.0,-8.0,-1485.0,-1487.0,,估计同步待核验
XY_Y-09-0.1-02,1054,103.95510635964912,-7.0,-8.0,-1486.0,-1488.0,,估计同步待核验
XY_Y-09-0.1-02,1055,104.05323739035087,-7.0,-8.0,-1485.0,-1487.0,,估计同步待核验
XY_Y-09-0.1-02,1056,104.15136842105264,-7.0,-8.0,-1485.0,-1487.0,,估计同步待核验
XY_Y-09-0.1-02,1057,104.24949945175439,-8.0,-8.0,-1485.0,-1488.0,,估计同步待核验
XY_Y-09-0.1-02,1058,104.34763048245615,-7.630482456156587,-8.0,-1486.0,-1487.3695175438434,,估计同步待核验
XY_Y-09-0.1-02,1059,104.44576151315789,-7.0,-8.0,-1486.0,-1488.0,,估计同步待核验
XY_Y-09-0.1-02,1060,104.54389254385964,-7.0,-8.0,-1486.0,-1487.0,,估计同步待核验
XY_Y-09-0.1-02,1061,104.64202357456139,-7.0,-8.0,-1486.0,-1488.0,,估计同步待核验
XY_Y-09-0.1-02,1062,104.74015460526316,-7.0,-8.0,-1486.0,-1487.0,,估计同步待核验
XY_Y-09-0.1-02,1063,104.83828563596491,-7.0,-8.0,-1485.0,-1488.0,,估计同步待核验
XY_Y-09-0.1-02,1064,104.93641666666667,-7.0,-8.0,-1486.0,-1488.0,,估计同步待核验
XY_Y-09-0.1-02,1065,105.03454769736842,-7.0,-9.0,-1486.0,-1487.0,,估计同步待核验
XY_Y-09-0.1-02,1066,105.13267872807016,-8.0,-8.0,-1486.0,-1487.0,,估计同步待核验
XY_Y-09-0.1-02,1067,105.23080975877193,-8.0,-8.0,-1486.0,-1488.0,,估计同步待核验
XY_Y-09-0.1-02,1068,105.32894078947368,-8.0,-8.0,-1486.0,-1488.0,,估计同步待核验
XY_Y-09-0.1-02,1069,105.42707182017544,-9.0,-8.0,-1486.0,-1487.0,,估计同步待核验
XY_Y-09-0.1-02,1070,105.52520285087719,-9.0,-8.0,-1486.0,-1488.0,,估计同步待核验
XY_Y-09-0.1-02,1071,105.62333388157894,-7.667763157884499,-8.0,-1486.0,-1488.0,,估计同步待核验
XY_Y-09-0.1-02,1072,105.72146491228071,-7.0,-8.0,-1486.0,-1487.0,,估计同步待核验
XY_Y-09-0.1-02,1073,105.81959594298245,-7.0,-8.0,-1486.0,-1487.0,,估计同步待核验
XY_Y-09-0.1-02,1074,105.9177269736842,-7.0,-8.0,-1485.0,-1488.0,,估计同步待核验
XY_Y-09-0.1-02,1075,106.01585800438596,-8.0,-8.0,-1486.0,-1488.0,,估计同步待核验
XY_Y-09-0.1-02,1076,106.11398903508771,-8.0,-8.0,-1486.0,-1488.0,,估计同步待核验
XY_Y-09-0.1-02,1077,106.21212006578948,-8.0,-8.0,-1485.0,-1487.0,,估计同步待核验
XY_Y-09-0.1-02,1078,106.31025109649123,-9.0,-8.0,-1486.0,-1488.0,,估计同步待核验
XY_Y-09-0.1-02,1079,106.408382127193,-9.0,-8.0,-1486.0,-1487.0,,估计同步待核验
XY_Y-09-0.1-02,1080,106.50651315789473,-9.0,-8.0,-1486.0,-1487.0,,估计同步待核验
XY_Y-09-0.1-02,1081,106.60464418859648,-9.0,-8.0,-1486.0,-1488.0,,估计同步待核验
XY_Y-09-0.1-02,1082,106.70277521929825,-9.0,-8.0,-1486.0,-1488.0,,估计同步待核验
XY_Y-09-0.1-02,1083,106.80090625,-8.812499999991118,-7.093750000004441,-1486.0,-1487.0,,估计同步待核验
XY_Y-09-0.1-02,1084,106.89903728070175,-7.074561403493688,-8.0,-1486.0,-1488.0,,估计同步待核验
XY_Y-09-0.1-02,1085,106.99716831140351,-8.0,-8.0,-1486.0,-1487.0,,估计同步待核验
XY_Y-09-0.1-02,1086,107.09529934210526,-8.0,-8.0,-1486.0,-1488.0,,估计同步待核验
XY_Y-09-0.1-02,1087,107.193430372807,-8.0,-8.0,-1486.0,-1488.0,,估计同步待核验
XY_Y-09-0.1-02,1088,107.29156140350877,-9.0,-8.0,-1486.0,-1488.0,,估计同步待核验
XY_Y-09-0.1-02,1089,107.38969243421052,-9.0,-8.0,-1486.0,-1488.0,,估计同步待核验
XY_Y-09-0.1-02,1090,107.48782346491228,-9.0,-8.0,-1486.0,-1488.0,,估计同步待核验
XY_Y-09-0.1-02,1091,107.58595449561403,-9.0,-8.0,-1486.0,-1487.0,,估计同步待核验
XY_Y-09-0.1-02,1092,107.6840855263158,-9.0,-8.0,-1486.0,-1488.0,,估计同步待核验
XY_Y-09-0.1-02,1093,107.78221655701755,-9.0,-8.0,-1486.0,-1488.0,,估计同步待核验
XY_Y-09-0.1-02,1094,107.88034758771929,-9.0,-8.0,-1486.0,-1488.0,,估计同步待核验
XY_Y-09-0.1-02,1095,107.97847861842105,-9.0,-8.0,-1486.0,-1488.0,,估计同步待核验
XY_Y-09-0.1-02,1096,108.0766096491228,-8.0,-8.0,-1486.0,-1488.0,,估计同步待核验
XY_Y-09-0.1-02,1097,108.17474067982455,-8.0,-8.0,-1486.0,-1488.0,,估计同步待核验
XY_Y-09-0.1-02,1098,108.27287171052632,-9.0,-8.0,-1486.0,-1488.0,,估计同步待核验
XY_Y-09-0.1-02,1099,108.37100274122807,-9.0,-8.0,-1486.0,-1488.0,,估计同步待核验
XY_Y-09-0.1-02,1100,108.46913377192983,-9.0,-8.0,-1486.0,-1488.0,,估计同步待核验
XY_Y-09-0.1-02,1101,108.56726480263157,-9.0,-8.0,-1486.0,-1488.0,,估计同步待核验
XY_Y-09-0.1-02,1102,108.66539583333332,-9.0,-8.0,-1486.0,-1488.0,,估计同步待核验
XY_Y-09-0.1-02,1103,108.76352686403509,-9.0,-8.0,-1486.0,-1487.0,,估计同步待核验
XY_Y-09-0.1-02,1104,108.86165789473684,-9.0,-8.0,-1487.0,-1488.0,,估计同步待核验
XY_Y-09-0.1-02,1105,108.9597889254386,-9.0,-8.0,-1486.0,-1488.0,,估计同步待核验
XY_Y-09-0.1-02,1106,109.05791995614035,-8.0,-8.0,-1486.0,-1488.0,,估计同步待核验
XY_Y-09-0.1-02,1107,109.1560509868421,-8.0,-8.0,-1486.0,-1488.0,,估计同步待核验
XY_Y-09-0.1-02,1108,109.25418201754384,-7.0,-8.0,-1486.0,-1488.0,,估计同步待核验
XY_Y-09-0.1-02,1109,109.3523130482456,-8.373903508791049,-8.0,-1486.6869517543955,-1488.0,,估计同步待核验
XY_Y-09-0.1-02,1110,109.45044407894736,-9.0,-8.0,-1487.0,-1488.0,,估计同步待核验
XY_Y-09-0.1-02,1111,109.54857510964912,-9.0,-8.0,-1486.0,-1488.0,,估计同步待核验
XY_Y-09-0.1-02,1112,109.64670614035087,-9.0,-8.0,-1486.0,-1488.0,力峰值,估计同步待核验
XY_Y-09-0.1-02,1113,109.74483717105264,-9.0,-8.0,-1487.0,-1488.0,,估计同步待核验
XY_Y-09-0.1-02,1114,109.84296820175439,-9.0,-8.0,-1487.0,-1488.0,,估计同步待核验
XY_Y-09-0.1-02,1115,109.94109923245615,-8.0,-8.0,-1486.0,-1488.0,,估计同步待核验
XY_Y-09-0.1-02,1116,110.03923026315789,-8.0,-8.0,-1486.0,-1488.0,,估计同步待核验
XY_Y-09-0.1-02,1117,110.13736129385964,-7.0,-8.0,-1487.0,-1489.0,,估计同步待核验
XY_Y-09-0.1-02,1118,110.23549232456139,-7.0,-8.0,-1486.0,-1489.0,,估计同步待核验
XY_Y-09-0.1-02,1119,110.33362335526316,-7.0,-8.0,-1486.0,-1487.0,,估计同步待核验
XY_Y-09-0.1-02,1120,110.43175438596491,-7.0,-8.0,-1486.0,-1489.0,,估计同步待核验
XY_Y-09-0.1-02,1121,110.52988541666667,-7.229166666655416,-8.0,-1486.1145833333278,-1488.0,,估计同步待核验
XY_Y-09-0.1-02,1122,110.62801644736842,-8.967105263152845,-8.0,-1486.9835526315765,-1488.0,,估计同步待核验
XY_Y-09-0.1-02,1123,110.72614747807016,-9.0,-8.0,-1486.0,-1488.0,,估计同步待核验
XY_Y-09-0.1-02,1124,110.82427850877193,-8.0,-8.0,-1486.0,-1488.0,,估计同步待核验
XY_Y-09-0.1-02,1125,110.92240953947368,-8.0,-8.0,-1486.0,-1488.0,,估计同步待核验
XY_Y-09-0.1-02,1126,111.02054057017544,-8.0,-8.0,-1486.0,-1488.0,,估计同步待核验
XY_Y-09-0.1-02,1127,111.11867160087719,-8.0,-8.0,-1486.0,-1488.0,,估计同步待核验
XY_Y-09-0.1-02,1128,111.21680263157894,-7.0,-8.0,-1486.0,-1488.0,,估计同步待核验
XY_Y-09-0.1-02,1129,111.31493366228071,-7.0,-8.0,-1486.0,-1488.0,,估计同步待核验
XY_Y-09-0.1-02,1130,111.41306469298245,-7.0,-8.0,-1486.0,-1488.0,,估计同步待核验
XY_Y-09-0.1-02,1131,111.5111957236842,-7.0,-8.0,-1486.0,-1488.0,,估计同步待核验
XY_Y-09-0.1-02,1132,111.60932675438596,-7.0,-8.0,-1485.0,-1487.0,,估计同步待核验
XY_Y-09-0.1-02,1133,111.70745778508771,-7.0,-8.0,-1486.0,-1488.0,,估计同步待核验
XY_Y-09-0.1-02,1134,111.80558881578948,-7.411184210524212,-8.0,-1486.0,-1488.0,,估计同步待核验
XY_Y-09-0.1-02,1135,111.90371984649123,-8.0,-8.0,-1487.0,-1488.0,,估计同步待核验
XY_Y-09-0.1-02,1136,112.001850877193,-7.0,-8.0,-1486.0,-1488.0,,估计同步待核验
XY_Y-09-0.1-02,1137,112.09998190789473,-7.0,-8.0,-1486.0,-1487.0,,估计同步待核验
XY_Y-09-0.1-02,1138,112.19811293859648,-7.0,-8.0,-1486.0,-1487.0,,估计同步待核验
XY_Y-09-0.1-02,1139,112.29624396929825,-7.0,-8.0,-1486.0,-1487.0,,估计同步待核验
XY_Y-09-0.1-02,1140,112.394375,-7.0,-8.0,-1486.0,-1487.0,,估计同步待核验
XY_Y-09-0.1-02,1141,112.49250603070175,-7.0,-8.0,-1485.0,-1487.0,,估计同步待核验
XY_Y-09-0.1-02,1142,112.59063706140351,-7.0,-8.0,-1485.0,-1487.0,,估计同步待核验
XY_Y-09-0.1-02,1143,112.68876809210526,-7.0,-8.0,-1486.0,-1488.0,,估计同步待核验
XY_Y-09-0.1-02,1144,112.786899122807,-8.0,-8.0,-1485.0,-1488.0,,估计同步待核验
XY_Y-09-0.1-02,1145,112.88503015350877,-8.0,-8.0,-1485.0,-1488.0,,估计同步待核验
XY_Y-09-0.1-02,1146,112.98316118421052,-8.0,-8.0,-1486.0,-1487.0,,估计同步待核验
XY_Y-09-0.1-02,1147,113.08129221491228,-7.584429824561824,-8.0,-1486.0,-1487.0,,估计同步待核验
XY_Y-09-0.1-02,1148,113.17942324561403,-7.0,-8.0,-1485.0,-1487.0,,估计同步待核验
XY_Y-09-0.1-02,1149,113.2775542763158,-7.0,-8.0,-1485.0,-1487.0,,估计同步待核验
XY_Y-09-0.1-02,1150,113.37568530701755,-7.0,-8.0,-1485.0,-1487.0,,估计同步待核验
XY_Y-09-0.1-02,1151,113.47381633771928,-7.0,-8.0,-1485.0,-1487.0,,估计同步待核验
XY_Y-09-0.1-02,1152,113.57194736842105,-7.0,-9.0,-1486.0,-1488.0,,估计同步待核验
XY_Y-09-0.1-02,1153,113.6700783991228,-8.0,-8.0,-1485.0,-1487.0,,估计同步待核验
XY_Y-09-0.1-02,1154,113.76820942982455,-8.0,-8.0,-1485.0,-1487.0,,估计同步待核验
XY_Y-09-0.1-02,1155,113.86634046052632,-8.0,-8.0,-1485.0,-1487.0,,估计同步待核验
XY_Y-09-0.1-02,1156,113.96447149122807,-9.0,-8.0,-1486.0,-1487.0,,估计同步待核验
XY_Y-09-0.1-02,1157,114.06260252192983,-9.0,-8.0,-1485.0,-1487.0,,估计同步待核验
XY_Y-09-0.1-02,1158,114.16073355263157,-9.0,-8.0,-1485.0,-1487.0,,估计同步待核验
XY_Y-09-0.1-02,1159,114.25886458333332,-8.729166666641206,-8.0,-1485.0,-1487.0,,估计同步待核验
XY_Y-09-0.1-02,1160,114.35699561403509,-7.0,-8.0,-1485.0,-1487.0,,估计同步待核验
XY_Y-09-0.1-02,1161,114.45512664473684,-7.0,-8.0,-1485.0,-1487.0,,估计同步待核验
XY_Y-09-0.1-02,1162,114.5532576754386,-7.0,-8.0,-1485.0,-1487.0,,估计同步待核验
XY_Y-09-0.1-02,1163,114.65138870614035,-7.0,-8.0,-1485.0,-1487.0,,估计同步待核验
XY_Y-09-0.1-02,1164,114.7495197368421,-8.0,-8.0,-1486.0,-1487.0,,估计同步待核验
XY_Y-09-0.1-02,1165,114.84765076754384,-8.0,-8.0,-1485.0,-1487.0,,估计同步待核验
XY_Y-09-0.1-02,1166,114.9457817982456,-9.0,-8.0,-1485.0,-1487.0,,估计同步待核验
XY_Y-09-0.1-02,1167,115.04391282894736,-9.0,-8.0,-1485.0,-1486.0,,估计同步待核验
XY_Y-09-0.1-02,1168,115.14204385964912,-9.0,-8.0,-1485.0,-1487.0,,估计同步待核验
XY_Y-09-0.1-02,1169,115.24017489035087,-9.0,-8.0,-1485.0,-1487.0,,估计同步待核验
XY_Y-09-0.1-02,1170,115.33830592105264,-9.0,-8.0,-1485.0,-1487.0,,估计同步待核验
XY_Y-09-0.1-02,1171,115.43643695175439,-9.0,-8.0,-1485.0,-1487.0,,估计同步待核验
XY_Y-09-0.1-02,1172,115.53456798245615,-8.567982456152224,-8.0,-1486.0,-1487.4320175438477,,估计同步待核验
XY_Y-09-0.1-02,1173,115.63269901315789,-8.0,-8.0,-1485.0,-1487.0,,估计同步待核验
XY_Y-09-0.1-02,1174,115.73083004385964,-8.0,-8.0,-1485.0,-1487.0,,估计同步待核验
XY_Y-09-0.1-02,1175,115.82896107456139,-8.0,-8.0,-1485.0,-1488.0,,估计同步待核验
XY_Y-09-0.1-02,1176,115.92709210526316,-9.0,-8.0,-1485.0,-1487.0,,估计同步待核验
XY_Y-09-0.1-02,1177,116.02522313596491,-9.0,-8.0,-1486.0,-1488.0,,估计同步待核验
XY_Y-09-0.1-02,1178,116.12335416666667,-9.0,-8.0,-1486.0,-1487.0,,估计同步待核验
XY_Y-09-0.1-02,1179,116.22148519736842,-9.0,-8.0,-1485.0,-1487.0,,估计同步待核验
XY_Y-09-0.1-02,1180,116.31961622807016,-9.0,-8.0,-1485.0,-1487.0,,估计同步待核验
XY_Y-09-0.1-02,1181,116.41774725877193,-9.0,-8.0,-1485.0,-1487.0,,估计同步待核验
XY_Y-09-0.1-02,1182,116.51587828947368,-9.0,-8.0,-1486.0,-1487.0,,估计同步待核验
XY_Y-09-0.1-02,1183,116.61400932017544,-8.0,-8.0,-1485.0,-1487.0,,估计同步待核验
XY_Y-09-0.1-02,1184,116.71214035087719,-8.0,-8.0,-1485.0,-1487.0,,估计同步待核验
XY_Y-09-0.1-02,1185,116.81027138157894,-8.728618421060718,-8.0,-1485.0,-1487.0,,估计同步待核验
XY_Y-09-0.1-02,1186,116.90840241228071,-8.195175438590445,-7.402412280704778,-1486.0,-1487.0,,估计同步待核验
XY_Y-09-0.1-02,1187,117.00653344298244,-9.0,-8.0,-1485.0,-1487.0,,估计同步待核验
XY_Y-09-0.1-02,1188,117.1046644736842,-9.0,-7.0,-1486.0,-1487.0,,估计同步待核验
XY_Y-09-0.1-02,1189,117.20279550438596,-9.0,-8.0,-1486.0,-1488.0,,估计同步待核验
XY_Y-09-0.1-02,1190,117.30092653508771,-9.0,-8.0,-1486.0,-1488.0,,估计同步待核验
XY_Y-09-0.1-02,1191,117.39905756578948,-9.0,-8.0,-1486.0,-1487.0,,估计同步待核验
XY_Y-09-0.1-02,1192,117.49718859649123,-9.0,-8.0,-1485.0,-1487.0,,估计同步待核验
XY_Y-09-0.1-02,1193,117.59531962719299,-9.0,-8.0,-1486.0,-1488.0,,估计同步待核验
XY_Y-09-0.1-02,1194,117.69345065789473,-8.0,-8.0,-1486.0,-1488.0,,估计同步待核验
XY_Y-09-0.1-02,1195,117.79158168859648,-7.0,-8.0,-1486.0,-1488.0,,估计同步待核验
XY_Y-09-0.1-02,1196,117.88971271929825,-7.0,-8.0,-1485.0,-1487.0,,估计同步待核验
XY_Y-09-0.1-02,1197,117.98784375,-7.0,-8.0,-1485.0,-1487.0,,估计同步待核验
XY_Y-09-0.1-02,1198,118.08597478070175,-7.075657894754138,-8.0,-1486.0,-1488.0,,估计同步待核验
XY_Y-09-0.1-02,1199,118.18410581140351,-9.0,-8.0,-1486.0,-1487.0,,估计同步待核验
XY_Y-09-0.1-02,1200,118.28223684210526,-9.0,-8.0,-1486.0,-1487.0,,估计同步待核验
XY_Y-09-0.1-02,1201,118.380367872807,-9.0,-8.0,-1486.0,-1488.0,,估计同步待核验
XY_Y-09-0.1-02,1202,118.47849890350876,-9.0,-8.0,-1486.0,-1488.0,,估计同步待核验
XY_Y-09-0.1-02,1203,118.57662993421052,-8.0,-8.0,-1486.0,-1488.0,,估计同步待核验
XY_Y-09-0.1-02,1204,118.67476096491228,-8.0,-8.0,-1486.0,-1487.0,,估计同步待核验
XY_Y-09-0.1-02,1205,118.77289199561403,-7.0,-8.0,-1485.0,-1487.0,,估计同步待核验
XY_Y-09-0.1-02,1206,118.8710230263158,-7.0,-8.0,-1486.0,-1488.0,,估计同步待核验
XY_Y-09-0.1-02,1207,118.96915405701755,-7.0,-8.0,-1485.0,-1487.0,,估计同步待核验
XY_Y-09-0.1-02,1208,119.06728508771928,-7.0,-8.0,-1485.0,-1487.0,,估计同步待核验
XY_Y-09-0.1-02,1209,119.16541611842105,-7.0,-8.0,-1486.0,-1487.0,,估计同步待核验
XY_Y-09-0.1-02,1210,119.2635471491228,-7.0,-8.0,-1485.0,-1487.0,,估计同步待核验
XY_Y-09-0.1-02,1211,119.36167817982455,-7.643640350893227,-8.0,-1485.3218201754466,-1488.0,,估计同步待核验
XY_Y-09-0.1-02,1212,119.45980921052632,-8.0,-8.0,-1486.0,-1488.0,,估计同步待核验
XY_Y-09-0.1-02,1213,119.55794024122807,-8.0,-8.0,-1486.0,-1487.0,,估计同步待核验
XY_Y-09-0.1-02,1214,119.65607127192983,-8.0,-8.0,-1486.0,-1488.0,,估计同步待核验
XY_Y-09-0.1-02,1215,119.75420230263157,-7.0,-8.0,-1486.0,-1488.0,,估计同步待核验
XY_Y-09-0.1-02,1216,119.85233333333332,-7.0,-8.0,-1486.0,-1488.0,,估计同步待核验
XY_Y-09-0.1-02,1217,119.95046436403508,-7.0,-8.0,-1485.0,-1487.0,,估计同步待核验
XY_Y-09-0.1-02,1218,120.04859539473684,-7.0,-8.0,-1486.0,-1488.0,,估计同步待核验
XY_Y-09-0.1-02,1219,120.1467264254386,-7.0,-8.0,-1485.0,-1487.0,,估计同步待核验
XY_Y-09-0.1-02,1220,120.24485745614035,-7.0,-9.0,-1486.0,-1488.0,,估计同步待核验
XY_Y-09-0.1-02,1221,120.3429884868421,-7.0,-9.0,-1485.0,-1487.0,,估计同步待核验
XY_Y-09-0.1-02,1222,120.44111951754384,-8.0,-8.0,-1485.0,-1487.0,,估计同步待核验
XY_Y-09-0.1-02,1223,120.5392505482456,-8.0,-8.0,-1486.0,-1487.0,,估计同步待核验
XY_Y-09-0.1-02,1224,120.63738157894736,-7.381578947353089,-8.0,-1485.0,-1487.0,,估计同步待核验
XY_Y-09-0.1-02,1225,120.73551260964912,-7.0,-8.0,-1485.0,-1487.0,,估计同步待核验
XY_Y-09-0.1-02,1226,120.83364364035087,-7.0,-8.0,-1484.0,-1487.0,,估计同步待核验
XY_Y-09-0.1-02,1227,120.93177467105264,-7.0,-8.0,-1485.0,-1488.0,,估计同步待核验
XY_Y-09-0.1-02,1228,121.02990570175439,-7.0,-9.0,-1485.0,-1487.0,,估计同步待核验
XY_Y-09-0.1-02,1229,121.12803673245615,-7.0,-8.0,-1485.0,-1487.0,,估计同步待核验
XY_Y-09-0.1-02,1230,121.22616776315789,-7.0,-8.0,-1484.0,-1486.0,,估计同步待核验
XY_Y-09-0.1-02,1231,121.32429879385964,-8.0,-8.0,-1485.0,-1488.0,,估计同步待核验
XY_Y-09-0.1-02,1232,121.42242982456139,-8.0,-8.0,-1485.0,-1487.0,,估计同步待核验
XY_Y-09-0.1-02,1233,121.52056085526316,-8.0,-8.0,-1485.0,-1487.0,,估计同步待核验
XY_Y-09-0.1-02,1234,121.6186918859649,-9.0,-8.0,-1485.0,-1486.0,,估计同步待核验
XY_Y-09-0.1-02,1235,121.71682291666667,-9.0,-8.0,-1484.0,-1486.0,,估计同步待核验
XY_Y-09-0.1-02,1236,121.81495394736842,-8.907894736850707,-8.0,-1485.0,-1487.0,,估计同步待核验
XY_Y-09-0.1-02,1237,121.91308497807016,-7.169956140324855,-8.0,-1485.0,-1487.0,,估计同步待核验
XY_Y-09-0.1-02,1238,122.01121600877192,-7.0,-8.0,-1485.0,-1487.0,,估计同步待核验
XY_Y-09-0.1-02,1239,122.10934703947368,-7.0,-8.0,-1485.0,-1487.0,,估计同步待核验
XY_Y-09-0.1-02,1240,122.20747807017544,-7.0,-8.0,-1485.0,-1487.0,,估计同步待核验
XY_Y-09-0.1-02,1241,122.30560910087719,-7.0,-8.0,-1485.0,-1487.0,,估计同步待核验
XY_Y-09-0.1-02,1242,122.40374013157894,-8.0,-8.0,-1484.0,-1486.0,,估计同步待核验
XY_Y-09-0.1-02,1243,122.50187116228071,-8.0,-8.0,-1485.0,-1486.0,,估计同步待核验
XY_Y-09-0.1-02,1244,122.60000219298244,-9.0,-8.0,-1484.0,-1487.0,,估计同步待核验
XY_Y-09-0.1-02,1245,122.6981332236842,-9.0,-8.0,-1485.0,-1487.0,,估计同步待核验
XY_Y-09-0.1-02,1246,122.79626425438596,-9.0,-8.0,-1484.0,-1487.0,,估计同步待核验
XY_Y-09-0.1-02,1247,122.89439528508771,-9.0,-8.0,-1484.0,-1486.0,,估计同步待核验
XY_Y-09-0.1-02,1248,122.99252631578948,-9.0,-8.0,-1484.0,-1486.0,,估计同步待核验
XY_Y-09-0.1-02,1249,123.09065734649123,-9.314692982459647,-8.0,-1484.0,-1486.6573464912299,,估计同步待核验
XY_Y-09-0.1-02,1250,123.18878837719299,-8.0,-8.0,-1484.0,-1487.0,,估计同步待核验
XY_Y-09-0.1-02,1251,123.28691940789473,-8.0,-8.0,-1484.0,-1486.0,,估计同步待核验
XY_Y-09-0.1-02,1252,123.38505043859648,-8.0,-8.0,-1484.0,-1486.0,,估计同步待核验
XY_Y-09-0.1-02,1253,123.48318146929824,-9.0,-8.0,-1484.0,-1487.0,,估计同步待核验
XY_Y-09-0.1-02,1254,123.5813125,-9.0,-8.0,-1485.0,-1487.0,,估计同步待核验
XY_Y-09-0.1-02,1255,123.67944353070175,-9.0,-8.0,-1484.0,-1486.0,,估计同步待核验
XY_Y-09-0.1-02,1256,123.77757456140351,-9.0,-8.0,-1484.0,-1486.0,,估计同步待核验
XY_Y-09-0.1-02,1257,123.87570559210526,-9.0,-8.0,-1484.0,-1486.0,,估计同步待核验
XY_Y-09-0.1-02,1258,123.973836622807,-9.0,-8.0,-1484.0,-1486.0,,估计同步待核验
XY_Y-09-0.1-02,1259,124.07196765350876,-9.0,-8.0,-1485.0,-1486.0,,估计同步待核验
XY_Y-09-0.1-02,1260,124.17009868421052,-9.0,-8.0,-1484.0,-1485.0,,估计同步待核验
XY_Y-09-0.1-02,1261,124.26822971491228,-8.0,-8.0,-1484.0,-1486.0,,估计同步待核验
XY_Y-09-0.1-02,1262,124.36636074561403,-8.0,-8.0,-1484.0,-1486.0,,估计同步待核验
XY_Y-09-0.1-02,1263,124.4644917763158,-9.0,-8.0,-1484.0,-1486.0,,估计同步待核验
XY_Y-09-0.1-02,1264,124.56262280701755,-9.0,-8.0,-1484.0,-1486.0,,估计同步待核验
XY_Y-09-0.1-02,1265,124.66075383771928,-9.0,-8.0,-1484.0,-1486.0,,估计同步待核验
XY_Y-09-0.1-02,1266,124.75888486842105,-9.0,-8.0,-1484.0,-1486.0,,估计同步待核验
XY_Y-09-0.1-02,1267,124.8570158991228,-9.0,-8.0,-1484.0,-1486.0,,估计同步待核验
XY_Y-09-0.1-02,1268,124.95514692982455,-9.0,-8.0,-1484.0,-1485.0,,估计同步待核验
XY_Y-09-0.1-02,1269,125.05327796052632,-9.0,-8.0,-1484.0,-1486.0,,估计同步待核验
XY_Y-09-0.1-02,1270,125.15140899122807,-9.0,-8.0,-1484.0,-1486.0,,估计同步待核验
XY_Y-09-0.1-02,1271,125.24954002192983,-8.0,-8.0,-1484.0,-1486.0,,估计同步待核验
XY_Y-09-0.1-02,1272,125.34767105263157,-8.0,-8.0,-1484.0,-1486.0,,估计同步待核验
XY_Y-09-0.1-02,1273,125.44580208333332,-7.0,-8.0,-1484.0,-1485.0,,估计同步待核验
XY_Y-09-0.1-02,1274,125.54393311403508,-7.133771929826151,-8.0,-1484.0,-1486.0,,估计同步待核验
XY_Y-09-0.1-02,1275,125.64206414473684,-8.87171052632168,-8.0,-1483.9358552631609,-1485.0,,估计同步待核验
XY_Y-09-0.1-02,1276,125.7401951754386,-9.0,-8.0,-1483.0,-1485.0,,估计同步待核验
XY_Y-09-0.1-02,1277,125.83832620614035,-9.0,-8.0,-1483.0,-1485.0,,估计同步待核验
XY_Y-09-0.1-02,1278,125.9364572368421,-9.0,-8.0,-1483.0,-1485.0,,估计同步待核验
XY_Y-09-0.1-02,1279,126.03458826754384,-9.0,-8.0,-1483.0,-1485.0,,估计同步待核验
XY_Y-09-0.1-02,1280,126.1327192982456,-8.0,-8.0,-1484.0,-1485.0,,估计同步待核验
XY_Y-09-0.1-02,1281,126.23085032894735,-8.0,-8.0,-1483.0,-1485.0,,估计同步待核验
XY_Y-09-0.1-02,1282,126.32898135964912,-8.0,-8.0,-1483.0,-1485.0,,估计同步待核验
XY_Y-09-0.1-02,1283,126.42711239035087,-7.0,-8.0,-1483.0,-1485.0,,估计同步待核验
XY_Y-09-0.1-02,1284,126.52524342105264,-7.0,-8.0,-1483.0,-1485.0,,估计同步待核验
XY_Y-09-0.1-02,1285,126.62337445175439,-7.0,-8.0,-1483.0,-1484.0,,估计同步待核验
XY_Y-09-0.1-02,1286,126.72150548245615,-7.0,-8.0,-1483.0,-1485.0,,估计同步待核验
XY_Y-09-0.1-02,1287,126.81963651315789,-7.726973684215902,-8.0,-1482.363486842108,-1485.0,,估计同步待核验
XY_Y-09-0.1-02,1288,126.91776754385964,-9.0,-8.0,-1483.0,-1485.0,,估计同步待核验
XY_Y-09-0.1-02,1289,127.01589857456139,-9.0,-8.0,-1483.0,-1484.0,,估计同步待核验
XY_Y-09-0.1-02,1290,127.11402960526316,-8.0,-8.0,-1483.0,-1484.0,,估计同步待核验
XY_Y-09-0.1-02,1291,127.2121606359649,-8.0,-8.0,-1482.0,-1484.0,,估计同步待核验
XY_Y-09-0.1-02,1292,127.31029166666667,-8.0,-8.0,-1482.0,-1485.0,,估计同步待核验
XY_Y-09-0.1-02,1293,127.40842269736842,-7.0,-8.0,-1482.0,-1484.0,,估计同步待核验
XY_Y-09-0.1-02,1294,127.50655372807016,-7.0,-8.0,-1482.0,-1484.0,,估计同步待核验
XY_Y-09-0.1-02,1295,127.60468475877192,-7.0,-8.0,-1482.0,-1484.0,,估计同步待核验
XY_Y-09-0.1-02,1296,127.70281578947368,-7.0,-9.0,-1482.0,-1484.0,,估计同步待核验
XY_Y-09-0.1-02,1297,127.80094682017544,-7.0,-8.0,-1481.0,-1484.0,,估计同步待核验
XY_Y-09-0.1-02,1298,127.89907785087719,-7.0,-8.0,-1482.0,-1483.0,,估计同步待核验
XY_Y-09-0.1-02,1299,127.99720888157894,-7.0,-8.0,-1482.0,-1484.0,,估计同步待核验
XY_Y-09-0.1-02,1300,128.0953399122807,-8.0,-8.0,-1482.0,-1484.0,,估计同步待核验
XY_Y-09-0.1-02,1301,128.19347094298243,-8.0,-8.0,-1482.0,-1483.0,,估计同步待核验
XY_Y-09-0.1-02,1302,128.29160197368418,-7.0,-8.0,-1481.0,-1483.0,,估计同步待核验
XY_Y-09-0.1-02,1303,128.38973300438596,-7.0,-8.0,-1481.0,-1483.0,,估计同步待核验
XY_Y-09-0.1-02,1304,128.4878640350877,-7.0,-8.0,-1481.0,-1483.0,,估计同步待核验
XY_Y-09-0.1-02,1305,128.58599506578946,-7.0,-8.0,-1481.0,-1483.0,,估计同步待核验
XY_Y-09-0.1-02,1306,128.68412609649124,-7.0,-8.0,-1481.0,-1483.0,,估计同步待核验
XY_Y-09-0.1-02,1307,128.782257127193,-7.0,-8.0,-1481.0,-1483.0,,估计同步待核验
XY_Y-09-0.1-02,1308,128.8803881578947,-7.0,-8.0,-1480.0,-1483.0,,估计同步待核验
XY_Y-09-0.1-02,1309,128.9785191885965,-8.0,-8.0,-1481.0,-1483.0,,估计同步待核验
XY_Y-09-0.1-02,1310,129.07665021929824,-8.0,-8.0,-1481.0,-1482.0,,估计同步待核验
XY_Y-09-0.1-02,1311,129.17478125,-8.0,-8.0,-1480.0,-1482.0,,估计同步待核验
XY_Y-09-0.1-02,1312,129.27291228070175,-8.824561403500795,-8.0,-1480.0,-1483.0,,估计同步待核验
XY_Y-09-0.1-02,1313,129.3710433114035,-7.086622806974942,-8.0,-1480.0433114034875,-1482.0,,估计同步待核验
XY_Y-09-0.1-02,1314,129.46917434210528,-7.0,-8.0,-1480.0,-1482.0,,估计同步待核验
XY_Y-09-0.1-02,1315,129.567305372807,-7.0,-8.0,-1480.0,-1482.0,,估计同步待核验
XY_Y-09-0.1-02,1316,129.66543640350875,-7.0,-8.0,-1480.0,-1482.0,,估计同步待核验
XY_Y-09-0.1-02,1317,129.76356743421053,-7.0,-8.0,-1480.0,-1482.0,,估计同步待核验
XY_Y-09-0.1-02,1318,129.86169846491228,-7.0,-8.0,-1480.0,-1482.0,,估计同步待核验
XY_Y-09-0.1-02,1319,129.95982949561403,-8.0,-8.0,-1480.0,-1482.0,,估计同步待核验
XY_Y-09-0.1-02,1320,130.05796052631578,-8.0,-8.0,-1480.0,-1482.0,,估计同步待核验
XY_Y-09-0.1-02,1321,130.15609155701756,-9.0,-8.0,-1480.0,-1482.0,,估计同步待核验
XY_Y-09-0.1-02,1322,130.25422258771928,-9.0,-8.0,-1480.0,-1482.0,,估计同步待核验
XY_Y-09-0.1-02,1323,130.35235361842103,-9.0,-8.0,-1480.0,-1481.0,,估计同步待核验
XY_Y-09-0.1-02,1324,130.45048464912279,-9.0,-8.0,-1479.0,-1481.0,,估计同步待核验
XY_Y-09-0.1-02,1325,130.54861567982456,-8.231359649119472,-8.0,-1479.6156798245597,-1482.0,,估计同步待核验
XY_Y-09-0.1-02,1326,130.64674671052632,-7.0,-8.0,-1479.0,-1481.0,,估计同步待核验
XY_Y-09-0.1-02,1327,130.74487774122807,-8.0,-8.0,-1479.0,-1481.0,,估计同步待核验
XY_Y-09-0.1-02,1328,130.84300877192982,-8.0,-8.0,-1479.0,-1481.0,,估计同步待核验
XY_Y-09-0.1-02,1329,130.94113980263157,-8.0,-8.0,-1479.0,-1481.0,,估计同步待核验
XY_Y-09-0.1-02,1330,131.03927083333332,-9.0,-8.0,-1479.0,-1481.0,,估计同步待核验
XY_Y-09-0.1-02,1331,131.13740186403507,-9.0,-8.0,-1479.0,-1481.0,,估计同步待核验
XY_Y-09-0.1-02,1332,131.23553289473685,-9.0,-8.0,-1480.0,-1481.0,,估计同步待核验
XY_Y-09-0.1-02,1333,131.3336639254386,-9.0,-7.0,-1479.0,-1481.0,,估计同步待核验
XY_Y-09-0.1-02,1334,131.43179495614035,-9.0,-8.0,-1479.0,-1481.0,,估计同步待核验
XY_Y-09-0.1-02,1335,131.5299259868421,-9.0,-8.0,-1479.0,-1481.0,,估计同步待核验
XY_Y-09-0.1-02,1336,131.62805701754385,-9.0,-8.0,-1479.0,-1481.0,,估计同步待核验
XY_Y-09-0.1-02,1337,131.7261880482456,-9.0,-8.0,-1479.0,-1480.0,,估计同步待核验
XY_Y-09-0.1-02,1338,131.82431907894735,-8.319078947349723,-8.0,-1479.0,-1481.0,,估计同步待核验
XY_Y-09-0.1-02,1339,131.9224501096491,-8.0,-8.0,-1479.0,-1481.0,,估计同步待核验
XY_Y-09-0.1-02,1340,132.02058114035088,-9.0,-8.0,-1479.0,-1481.0,,估计同步待核验
XY_Y-09-0.1-02,1341,132.11871217105264,-9.0,-8.0,-1479.0,-1481.0,,估计同步待核验
XY_Y-09-0.1-02,1342,132.2168432017544,-9.0,-8.0,-1479.0,-1481.0,,估计同步待核验
XY_Y-09-0.1-02,1343,132.31497423245614,-9.0,-8.0,-1479.0,-1480.0,,估计同步待核验
XY_Y-09-0.1-02,1344,132.4131052631579,-9.0,-8.0,-1478.0,-1480.0,,估计同步待核验
XY_Y-09-0.1-02,1345,132.51123629385964,-9.0,-7.0,-1479.0,-1480.0,,估计同步待核验
XY_Y-09-0.1-02,1346,132.6093673245614,-9.0,-7.0,-1479.0,-1481.0,,估计同步待核验
XY_Y-09-0.1-02,1347,132.70749835526314,-9.0,-8.0,-1478.0,-1480.0,,估计同步待核验
XY_Y-09-0.1-02,1348,132.80562938596492,-8.0,-8.0,-1478.0,-1480.0,,估计同步待核验
XY_Y-09-0.1-02,1349,132.90376041666667,-8.0,-8.0,-1478.0,-1480.0,,估计同步待核验
XY_Y-09-0.1-02,1350,133.00189144736842,-7.217105263174163,-8.0,-1479.0,-1480.0,,估计同步待核验
XY_Y-09-0.1-02,1351,133.10002247807017,-8.95504385964317,-7.022478070178415,-1478.9775219298215,-1480.0,,估计同步待核验
XY_Y-09-0.1-02,1352,133.19815350877192,-9.0,-8.0,-1478.0,-1480.0,,估计同步待核验
XY_Y-09-0.1-02,1353,133.29628453947367,-9.0,-8.0,-1478.0,-1480.0,,估计同步待核验
XY_Y-09-0.1-02,1354,133.39441557017543,-9.0,-8.0,-1478.0,-1480.0,,估计同步待核验
XY_Y-09-0.1-02,1355,133.4925466008772,-9.0,-8.0,-1479.0,-1480.0,,估计同步待核验
XY_Y-09-0.1-02,1356,133.59067763157896,-8.0,-8.0,-1478.0,-1480.0,,估计同步待核验
XY_Y-09-0.1-02,1357,133.6888086622807,-8.0,-8.0,-1478.0,-1479.0,,估计同步待核验
XY_Y-09-0.1-02,1358,133.78693969298243,-8.0,-8.0,-1478.0,-1480.0,,估计同步待核验
XY_Y-09-0.1-02,1359,133.8850707236842,-7.0,-8.0,-1478.0,-1480.0,,估计同步待核验
XY_Y-09-0.1-02,1360,133.98320175438596,-7.0,-8.0,-1478.0,-1480.0,,估计同步待核验
XY_Y-09-0.1-02,1361,134.0813327850877,-6.0,-8.0,-1477.0,-1479.0,,估计同步待核验
XY_Y-09-0.1-02,1362,134.17946381578946,-7.0,-8.0,-1477.0,-1479.0,,估计同步待核验
XY_Y-09-0.1-02,1363,134.27759484649124,-7.810307017498641,-8.0,-1477.4051535087492,-1479.0,,估计同步待核验
XY_Y-09-0.1-02,1364,134.375725877193,-9.0,-8.0,-1477.0,-1480.0,,估计同步待核验
XY_Y-09-0.1-02,1365,134.4738569078947,-8.0,-8.0,-1478.0,-1479.0,,估计同步待核验
XY_Y-09-0.1-02,1366,134.5719879385965,-8.0,-8.0,-1477.0,-1479.0,,估计同步待核验
XY_Y-09-0.1-02,1367,134.67011896929824,-8.0,-8.0,-1477.0,-1479.0,,估计同步待核验
XY_Y-09-0.1-02,1368,134.76825,-8.0,-8.0,-1477.0,-1479.0,,估计同步待核验
XY_Y-09-0.1-02,1369,134.86638103070175,-7.0,-8.0,-1477.0,-1479.0,,估计同步待核验
XY_Y-09-0.1-02,1370,134.9645120614035,-7.0,-8.0,-1476.0,-1478.0,,估计同步待核验
XY_Y-09-0.1-02,1371,135.06264309210528,-7.0,-8.0,-1476.0,-1479.0,,估计同步待核验
XY_Y-09-0.1-02,1372,135.160774122807,-7.0,-8.0,-1477.0,-1479.0,,估计同步待核验
XY_Y-09-0.1-02,1373,135.25890515350875,-7.0,-8.0,-1476.0,-1478.0,,估计同步待核验
XY_Y-09-0.1-02,1374,135.35703618421053,-7.0,-8.0,-1476.0,-1478.0,,估计同步待核验
XY_Y-09-0.1-02,1375,135.45516721491228,-7.0,-8.0,-1476.0,-1478.0,,估计同步待核验
XY_Y-09-0.1-02,1376,135.55329824561403,-8.0,-8.0,-1476.0,-1478.0,,估计同步待核验
XY_Y-09-0.1-02,1377,135.65142927631578,-7.429276315780872,-8.0,-1476.0,-1478.0,,估计同步待核验
XY_Y-09-0.1-02,1378,135.74956030701756,-7.0,-8.0,-1476.0,-1478.0,,估计同步待核验
XY_Y-09-0.1-02,1379,135.84769133771928,-7.0,-8.0,-1476.0,-1478.0,,估计同步待核验
XY_Y-09-0.1-02,1380,135.94582236842103,-7.0,-8.0,-1475.0,-1477.0,,估计同步待核验
XY_Y-09-0.1-02,1381,136.04395339912278,-7.0,-8.0,-1476.0,-1478.0,,估计同步待核验
XY_Y-09-0.1-02,1382,136.14208442982456,-7.0,-8.0,-1475.0,-1477.0,,估计同步待核验
XY_Y-09-0.1-02,1383,136.24021546052631,-7.0,-8.0,-1475.0,-1477.0,,估计同步待核验
XY_Y-09-0.1-02,1384,136.33834649122807,-8.0,-8.0,-1475.0,-1477.0,,估计同步待核验
XY_Y-09-0.1-02,1385,136.43647752192982,-8.0,-8.0,-1475.0,-1477.0,,估计同步待核验
XY_Y-09-0.1-02,1386,136.53460855263157,-8.0,-8.0,-1475.0,-1477.0,,估计同步待核验
XY_Y-09-0.1-02,1387,136.63273958333332,-9.0,-8.0,-1475.0,-1476.0,,估计同步待核验
XY_Y-09-0.1-02,1388,136.73087061403507,-9.0,-8.0,-1475.0,-1477.0,,估计同步待核验
XY_Y-09-0.1-02,1389,136.82900164473685,-9.0,-8.0,-1475.0,-1477.0,,估计同步待核验
XY_Y-09-0.1-02,1390,136.9271326754386,-7.265350877212866,-8.0,-1474.1326754386064,-1477.0,,估计同步待核验
XY_Y-09-0.1-02,1391,137.02526370614035,-7.0,-8.0,-1474.0,-1476.0,,估计同步待核验
XY_Y-09-0.1-02,1392,137.1233947368421,-7.0,-8.0,-1475.0,-1477.0,,估计同步待核验
XY_Y-09-0.1-02,1393,137.22152576754385,-8.0,-8.0,-1474.0,-1476.0,,估计同步待核验
XY_Y-09-0.1-02,1394,137.3196567982456,-8.0,-8.0,-1475.0,-1476.0,,估计同步待核验
XY_Y-09-0.1-02,1395,137.41778782894735,-9.0,-8.0,-1474.0,-1476.0,,估计同步待核验
XY_Y-09-0.1-02,1396,137.5159188596491,-9.0,-8.0,-1474.0,-1476.0,,估计同步待核验
XY_Y-09-0.1-02,1397,137.61404989035088,-9.0,-8.0,-1474.0,-1476.0,,估计同步待核验
XY_Y-09-0.1-02,1398,137.71218092105264,-9.0,-8.0,-1474.0,-1476.0,,估计同步待核验
XY_Y-09-0.1-02,1399,137.8103119517544,-9.0,-8.0,-1474.0,-1475.0,,估计同步待核验
XY_Y-09-0.1-02,1400,137.90844298245614,-9.0,-8.0,-1474.0,-1475.0,,估计同步待核验
XY_Y-09-0.1-02,1401,138.0065740131579,-9.0,-8.0,-1474.0,-1476.0,,估计同步待核验
XY_Y-09-0.1-02,1402,138.10470504385964,-8.705043859641894,-8.0,-1473.7050438596418,-1475.0,,估计同步待核验
XY_Y-09-0.1-02,1403,138.2028360745614,-8.0,-8.0,-1474.0,-1476.0,,估计同步待核验
XY_Y-09-0.1-02,1404,138.30096710526314,-8.0,-8.0,-1474.0,-1476.0,,估计同步待核验
XY_Y-09-0.1-02,1405,138.39909813596492,-9.0,-7.0,-1474.0,-1475.0,,估计同步待核验
XY_Y-09-0.1-02,1406,138.49722916666667,-9.0,-8.0,-1474.0,-1475.0,,估计同步待核验
XY_Y-09-0.1-02,1407,138.59536019736842,-9.0,-8.0,-1473.0,-1475.0,,估计同步待核验
XY_Y-09-0.1-02,1408,138.69349122807017,-9.0,-8.0,-1474.0,-1476.0,,估计同步待核验
XY_Y-09-0.1-02,1409,138.79162225877192,-9.0,-8.0,-1474.0,-1475.0,,估计同步待核验
XY_Y-09-0.1-02,1410,138.88975328947367,-9.0,-8.0,-1474.0,-1475.0,,估计同步待核验
XY_Y-09-0.1-02,1411,138.98788432017543,-8.0,-8.0,-1473.0,-1475.0,,估计同步待核验
XY_Y-09-0.1-02,1412,139.0860153508772,-8.0,-8.0,-1473.0,-1475.0,,估计同步待核验
XY_Y-09-0.1-02,1413,139.18414638157896,-8.0,-8.0,-1473.0,-1475.0,,估计同步待核验
XY_Y-09-0.1-02,1414,139.2822774122807,-7.0,-8.0,-1473.0,-1475.0,,估计同步待核验
XY_Y-09-0.1-02,1415,139.38040844298243,-8.183114035137613,-8.0,-1473.0,-1475.0,,估计同步待核验
XY_Y-09-0.1-02,1416,139.4785394736842,-9.0,-8.0,-1473.0,-1475.0,,估计同步待核验
XY_Y-09-0.1-02,1417,139.57667050438596,-9.0,-8.0,-1473.0,-1475.0,,估计同步待核验
XY_Y-09-0.1-02,1418,139.6748015350877,-9.0,-8.0,-1473.0,-1474.0,,估计同步待核验
XY_Y-09-0.1-02,1419,139.77293256578946,-8.0,-8.0,-1473.0,-1475.0,,估计同步待核验
XY_Y-09-0.1-02,1420,139.87106359649124,-8.0,-8.0,-1473.0,-1475.0,,估计同步待核验
XY_Y-09-0.1-02,1421,139.969194627193,-8.0,-8.0,-1473.0,-1475.0,,估计同步待核验
XY_Y-09-0.1-02,1422,140.0673256578947,-7.0,-8.0,-1473.0,-1474.0,,估计同步待核验
XY_Y-09-0.1-02,1423,140.1654566885965,-7.0,-8.0,-1473.0,-1475.0,,估计同步待核验
XY_Y-09-0.1-02,1424,140.26358771929824,-7.0,-8.0,-1472.0,-1474.0,,估计同步待核验
XY_Y-09-0.1-02,1425,140.36171875,-7.0,-8.0,-1473.0,-1474.0,,估计同步待核验
XY_Y-09-0.1-02,1426,140.45984978070175,-7.0,-8.0,-1472.0,-1474.0,,估计同步待核验
XY_Y-09-0.1-02,1427,140.5579808114035,-7.038377192993083,-8.0,-1472.0191885964966,-1474.9808114035034,,估计同步待核验
XY_Y-09-0.1-02,1428,140.65611184210528,-8.77631578946209,-8.0,-1472.0,-1474.0,,估计同步待核验
XY_Y-09-0.1-02,1429,140.754242872807,-8.0,-8.0,-1472.0,-1474.0,,估计同步待核验
XY_Y-09-0.1-02,1430,140.85237390350875,-8.0,-8.0,-1472.0,-1473.0,,估计同步待核验
XY_Y-09-0.1-02,1431,140.95050493421053,-7.0,-8.0,-1471.0,-1473.0,,估计同步待核验
XY_Y-09-0.1-02,1432,141.04863596491228,-7.0,-8.0,-1471.0,-1473.0,,估计同步待核验
XY_Y-09-0.1-02,1433,141.14676699561403,-7.0,-8.0,-1471.0,-1473.0,,估计同步待核验
XY_Y-09-0.1-02,1434,141.24489802631578,-7.0,-8.0,-1471.0,-1473.0,,估计同步待核验
XY_Y-09-0.1-02,1435,141.34302905701756,-7.0,-8.0,-1471.0,-1473.0,,估计同步待核验
XY_Y-09-0.1-02,1436,141.44116008771928,-7.0,-8.0,-1471.0,-1473.0,,估计同步待核验
XY_Y-09-0.1-02,1437,141.53929111842103,-7.0,-8.0,-1471.0,-1473.0,,估计同步待核验
XY_Y-09-0.1-02,1438,141.63742214912278,-8.0,-8.0,-1470.0,-1472.0,,估计同步待核验
XY_Y-09-0.1-02,1439,141.73555317982456,-8.0,-8.0,-1471.0,-1472.0,,估计同步待核验
XY_Y-09-0.1-02,1440,141.83368421052631,-8.368421052625596,-8.0,-1470.0,-1472.0,,估计同步待核验
XY_Y-09-0.1-02,1441,141.93181524122807,-7.0,-8.0,-1470.0,-1472.0,,估计同步待核验
XY_Y-09-0.1-02,1442,142.02994627192982,-7.0,-8.0,-1470.0,-1472.0,,估计同步待核验
XY_Y-09-0.1-02,1443,142.12807730263157,-7.0,-8.0,-1469.0,-1472.0,,估计同步待核验
XY_Y-09-0.1-02,1444,142.22620833333332,-7.0,-8.0,-1469.0,-1471.0,,估计同步待核验
XY_Y-09-0.1-02,1445,142.32433936403507,-7.0,-8.0,-1470.0,-1471.0,,估计同步待核验
XY_Y-09-0.1-02,1446,142.42247039473685,-8.0,-8.0,-1469.0,-1471.0,,估计同步待核验
XY_Y-09-0.1-02,1447,142.5206014254386,-8.0,-8.0,-1468.0,-1470.0,,估计同步待核验
XY_Y-09-0.1-02,1448,142.61873245614035,-8.0,-8.0,-1469.0,-1471.0,,估计同步待核验
XY_Y-09-0.1-02,1449,142.7168634868421,-9.0,-8.0,-1469.0,-1470.0,,估计同步待核验
XY_Y-09-0.1-02,1450,142.81499451754385,-9.0,-8.0,-1468.0,-1470.0,,估计同步待核验
XY_Y-09-0.1-02,1451,142.9131255482456,-9.0,-8.0,-1468.0,-1470.0,,估计同步待核验
XY_Y-09-0.1-02,1452,143.01125657894735,-9.0,-8.0,-1468.0,-1470.0,,估计同步待核验
XY_Y-09-0.1-02,1453,143.1093876096491,-7.77521929818743,-8.0,-1468.3876096490937,-1470.0,,估计同步待核验
XY_Y-09-0.1-02,1454,143.20751864035088,-7.0,-8.0,-1467.0,-1469.0,,估计同步待核验
XY_Y-09-0.1-02,1455,143.30564967105263,-8.0,-8.0,-1467.0,-1469.0,,估计同步待核验
XY_Y-09-0.1-02,1456,143.40378070175439,-8.0,-8.0,-1467.0,-1469.0,,估计同步待核验
XY_Y-09-0.1-02,1457,143.50191173245614,-8.0,-8.0,-1467.0,-1469.0,,估计同步待核验
XY_Y-09-0.1-02,1458,143.6000427631579,-9.0,-8.0,-1467.0,-1468.0,,估计同步待核验
XY_Y-09-0.1-02,1459,143.69817379385964,-9.0,-8.0,-1467.0,-1468.0,,估计同步待核验
XY_Y-09-0.1-02,1460,143.7963048245614,-9.0,-8.0,-1467.0,-1468.0,,估计同步待核验
XY_Y-09-0.1-02,1461,143.89443585526314,-9.0,-8.0,-1467.0,-1468.0,,估计同步待核验
XY_Y-09-0.1-02,1462,143.99256688596492,-9.0,-8.0,-1467.0,-1468.0,,估计同步待核验
XY_Y-09-0.1-02,1463,144.09069791666667,-9.0,-7.0,-1466.0,-1468.0,,估计同步待核验
XY_Y-09-0.1-02,1464,144.18882894736842,-8.0,-8.0,-1466.0,-1468.0,,估计同步待核验
XY_Y-09-0.1-02,1465,144.28695997807017,-8.0,-8.0,-1466.0,-1468.0,,估计同步待核验
XY_Y-09-0.1-02,1466,144.38509100877192,-8.817982456137047,-8.0,-1466.0,-1468.0,,估计同步待核验
XY_Y-09-0.1-02,1467,144.48322203947367,-9.0,-8.0,-1466.0,-1468.0,,估计同步待核验
XY_Y-09-0.1-02,1468,144.58135307017542,-9.0,-8.0,-1465.0,-1467.0,,估计同步待核验
XY_Y-09-0.1-02,1469,144.6794841008772,-9.0,-7.0,-1465.0,-1467.0,,估计同步待核验
XY_Y-09-0.1-02,1470,144.77761513157895,-9.0,-8.0,-1465.0,-1467.0,,估计同步待核验
XY_Y-09-0.1-02,1471,144.8757461622807,-9.0,-7.0,-1465.0,-1467.0,,估计同步待核验
XY_Y-09-0.1-02,1472,144.97387719298243,-9.0,-8.0,-1465.0,-1467.0,,估计同步待核验
XY_Y-09-0.1-02,1473,145.0720082236842,-8.0,-7.0,-1465.0,-1466.0,,估计同步待核验
XY_Y-09-0.1-02,1474,145.17013925438596,-8.0,-8.0,-1465.0,-1466.0,,估计同步待核验
XY_Y-09-0.1-02,1475,145.2682702850877,-7.0,-8.0,-1465.0,-1467.0,,估计同步待核验
XY_Y-09-0.1-02,1476,145.36640131578946,-7.0,-8.0,-1464.0,-1466.0,,估计同步待核验
XY_Y-09-0.1-02,1477,145.46453234649124,-7.0,-8.0,-1464.0,-1466.0,,估计同步待核验
XY_Y-09-0.1-02,1478,145.562663377193,-7.673245614011652,-8.0,-1464.3366228070058,-1466.3366228070058,,估计同步待核验
XY_Y-09-0.1-02,1479,145.6607944078947,-9.0,-7.0,-1464.0,-1466.0,,估计同步待核验
XY_Y-09-0.1-02,1480,145.7589254385965,-9.0,-7.0,-1464.0,-1466.0,,估计同步待核验
XY_Y-09-0.1-02,1481,145.85705646929824,-8.0,-8.0,-1464.0,-1466.0,,估计同步待核验
XY_Y-09-0.1-02,1482,145.9551875,-8.0,-8.0,-1464.0,-1466.0,,估计同步待核验
XY_Y-09-0.1-02,1483,146.05331853070174,-7.0,-8.0,-1464.0,-1465.0,,估计同步待核验
XY_Y-09-0.1-02,1484,146.1514495614035,-7.0,-8.0,-1463.0,-1466.0,,估计同步待核验
XY_Y-09-0.1-02,1485,146.24958059210527,-7.0,-8.0,-1463.0,-1465.0,,估计同步待核验
XY_Y-09-0.1-02,1486,146.347711622807,-7.0,-8.0,-1463.0,-1465.0,,估计同步待核验
XY_Y-09-0.1-02,1487,146.44584265350875,-7.0,-8.0,-1463.0,-1465.0,,估计同步待核验
XY_Y-09-0.1-02,1488,146.54397368421053,-7.0,-8.0,-1463.0,-1465.0,,估计同步待核验
XY_Y-09-0.1-02,1489,146.64210471491228,-7.0,-8.0,-1463.0,-1465.0,,估计同步待核验
XY_Y-09-0.1-02,1490,146.74023574561403,-7.0,-8.0,-1463.0,-1465.0,,估计同步待核验
XY_Y-09-0.1-02,1491,146.83836677631578,-7.366776315784659,-8.0,-1463.0,-1464.3667763157846,,估计同步待核验
XY_Y-09-0.1-02,1492,146.93649780701756,-7.0,-8.0,-1463.0,-1464.0,,估计同步待核验
XY_Y-09-0.1-02,1493,147.03462883771928,-7.0,-8.0,-1462.0,-1464.0,,估计同步待核验
XY_Y-09-0.1-02,1494,147.13275986842103,-7.0,-8.0,-1462.0,-1465.0,,估计同步待核验
XY_Y-09-0.1-02,1495,147.23089089912278,-7.0,-8.0,-1463.0,-1464.0,,估计同步待核验
XY_Y-09-0.1-02,1496,147.32902192982456,-7.0,-8.0,-1463.0,-1464.0,,估计同步待核验
XY_Y-09-0.1-02,1497,147.4271529605263,-7.0,-9.0,-1462.0,-1464.0,,估计同步待核验
XY_Y-09-0.1-02,1498,147.52528399122806,-8.0,-8.0,-1462.0,-1464.0,,估计同步待核验
XY_Y-09-0.1-02,1499,147.62341502192982,-8.0,-8.0,-1462.0,-1464.0,,估计同步待核验
XY_Y-09-0.1-02,1500,147.72154605263157,-8.0,-8.0,-1463.0,-1464.0,,估计同步待核验
XY_Y-09-0.1-02,1501,147.81967708333332,-9.0,-7.0,-1462.0,-1464.0,,估计同步待核验
XY_Y-09-0.1-02,1502,147.91780811403507,-9.0,-7.0,-1462.0,-1463.0,,估计同步待核验
XY_Y-09-0.1-02,1503,148.01593914473685,-8.878289473713847,-8.0,-1461.9391447368569,-1463.9391447368569,,估计同步待核验
XY_Y-09-0.1-02,1504,148.1140701754386,-7.210526315781994,-8.0,-1461.070175438594,-1464.0,,估计同步待核验
XY_Y-09-0.1-02,1505,148.21220120614035,-7.0,-8.0,-1462.0,-1463.0,,估计同步待核验
XY_Y-09-0.1-02,1506,148.3103322368421,-8.0,-8.0,-1461.0,-1463.0,,估计同步待核验
XY_Y-09-0.1-02,1507,148.40846326754385,-8.0,-8.0,-1461.0,-1463.0,,估计同步待核验
XY_Y-09-0.1-02,1508,148.5065942982456,-8.0,-8.0,-1462.0,-1463.0,,估计同步待核验
XY_Y-09-0.1-02,1509,148.60472532894735,-9.0,-8.0,-1462.0,-1463.0,,估计同步待核验
XY_Y-09-0.1-02,1510,148.7028563596491,-9.0,-8.0,-1461.0,-1462.0,,估计同步待核验
XY_Y-09-0.1-02,1511,148.80098739035088,-9.0,-8.0,-1461.0,-1463.0,,估计同步待核验
XY_Y-09-0.1-02,1512,148.89911842105263,-9.0,-8.0,-1461.0,-1463.0,,估计同步待核验
XY_Y-09-0.1-02,1513,148.99724945175439,-9.0,-8.0,-1460.0,-1463.0,,估计同步待核验
XY_Y-09-0.1-02,1514,149.09538048245614,-9.0,-8.0,-1461.0,-1462.0,,估计同步待核验
XY_Y-09-0.1-02,1515,149.1935115131579,-9.0,-8.0,-1460.0,-1462.0,,估计同步待核验
XY_Y-09-0.1-02,1516,149.29164254385964,-8.0,-8.0,-1460.0,-1462.0,,估计同步待核验
XY_Y-09-0.1-02,1517,149.3897735745614,-8.0,-8.0,-1460.0,-1462.0,,估计同步待核验
XY_Y-09-0.1-02,1518,149.48790460526314,-9.0,-8.0,-1460.0,-1462.0,,估计同步待核验
XY_Y-09-0.1-02,1519,149.58603563596492,-10.0,-8.0,-1460.0,-1461.0,,估计同步待核验
XY_Y-09-0.1-02,1520,149.68416666666667,-9.0,-8.0,-1460.0,-1461.0,,估计同步待核验
XY_Y-09-0.1-02,1521,149.78229769736842,-9.0,-8.0,-1459.0,-1461.0,,估计同步待核验
XY_Y-09-0.1-02,1522,149.88042872807017,-9.0,-7.0,-1459.0,-1461.0,,估计同步待核验
XY_Y-09-0.1-02,1523,149.97855975877192,-9.0,-8.0,-1459.0,-1461.0,,估计同步待核验
XY_Y-09-0.1-02,1524,150.07669078947367,-8.0,-8.0,-1459.0,-1460.0,,估计同步待核验
XY_Y-09-0.1-02,1525,150.17482182017542,-8.0,-8.0,-1459.0,-1460.0,,估计同步待核验
XY_Y-09-0.1-02,1526,150.2729528508772,-8.0,-8.0,-1458.0,-1460.0,,估计同步待核验
XY_Y-09-0.1-02,1527,150.37108388157895,-7.0,-8.0,-1458.0,-1460.0,,估计同步待核验
XY_Y-09-0.1-02,1528,150.4692149122807,-7.0,-9.0,-1457.0,-1459.0,,估计同步待核验
XY_Y-09-0.1-02,1529,150.56734594298243,-8.308114035162482,-8.0,-1457.6540570175812,-1459.6540570175812,,估计同步待核验
XY_Y-09-0.1-02,1530,150.6654769736842,-9.0,-8.0,-1457.0,-1459.0,,估计同步待核验
XY_Y-09-0.1-02,1531,150.76360800438596,-9.0,-8.0,-1457.0,-1459.0,,估计同步待核验
XY_Y-09-0.1-02,1532,150.8617390350877,-9.0,-8.0,-1457.0,-1459.0,,估计同步待核验
XY_Y-09-0.1-02,1533,150.95987006578946,-8.0,-8.0,-1456.0,-1458.0,,估计同步待核验
XY_Y-09-0.1-02,1534,151.05800109649124,-8.0,-8.0,-1456.0,-1458.0,,估计同步待核验
XY_Y-09-0.1-02,1535,151.156132127193,-7.0,-8.0,-1456.0,-1458.0,,估计同步待核验
XY_Y-09-0.1-02,1536,151.2542631578947,-7.0,-8.0,-1456.0,-1458.0,,估计同步待核验
XY_Y-09-0.1-02,1537,151.3523941885965,-7.0,-8.0,-1455.0,-1457.0,,估计同步待核验
XY_Y-09-0.1-02,1538,151.45052521929824,-7.0,-8.0,-1456.0,-1458.0,,估计同步待核验
XY_Y-09-0.1-02,1539,151.54865625,-7.0,-9.0,-1455.0,-1457.0,,估计同步待核验
XY_Y-09-0.1-02,1540,151.64678728070174,-7.0,-9.0,-1455.0,-1457.0,,估计同步待核验
XY_Y-09-0.1-02,1541,151.7449183114035,-7.081688596508976,-7.918311403491024,-1455.0,-1457.0,,估计同步待核验
XY_Y-09-0.1-02,1542,151.84304934210527,-7.0,-8.0,-1455.0,-1457.0,,估计同步待核验
XY_Y-09-0.1-02,1543,151.941180372807,-8.0,-8.0,-1455.0,-1457.0,,估计同步待核验
XY_Y-09-0.1-02,1544,152.03931140350875,-7.0,-8.0,-1454.0,-1456.0,,估计同步待核验
XY_Y-09-0.1-02,1545,152.13744243421053,-7.0,-8.0,-1454.0,-1456.0,,估计同步待核验
XY_Y-09-0.1-02,1546,152.23557346491228,-7.0,-8.0,-1454.0,-1457.0,,估计同步待核验
XY_Y-09-0.1-02,1547,152.33370449561403,-7.0,-8.0,-1454.0,-1455.0,,估计同步待核验
XY_Y-09-0.1-02,1548,152.43183552631578,-7.0,-9.0,-1453.0,-1456.0,,估计同步待核验
XY_Y-09-0.1-02,1549,152.52996655701756,-7.0,-8.0,-1453.0,-1455.0,,估计同步待核验
XY_Y-09-0.1-02,1550,152.62809758771928,-7.0,-8.0,-1453.0,-1455.0,,估计同步待核验
XY_Y-09-0.1-02,1551,152.72622861842103,-8.0,-8.0,-1453.0,-1455.0,,估计同步待核验
XY_Y-09-0.1-02,1552,152.82435964912278,-8.0,-8.0,-1453.0,-1454.0,,估计同步待核验
XY_Y-09-0.1-02,1553,152.92249067982456,-9.0,-8.0,-1453.0,-1454.0,,估计同步待核验
XY_Y-09-0.1-02,1554,153.0206217105263,-9.0,-8.0,-1452.0,-1454.0,,估计同步待核验
XY_Y-09-0.1-02,1555,153.11875274122806,-8.505482456131718,-8.0,-1452.7527412280658,-1455.0,,估计同步待核验
XY_Y-09-0.1-02,1556,153.21688377192982,-7.0,-8.0,-1452.0,-1454.0,,估计同步待核验
XY_Y-09-0.1-02,1557,153.31501480263157,-7.0,-8.0,-1452.0,-1454.0,,估计同步待核验
XY_Y-09-0.1-02,1558,153.41314583333332,-7.0,-8.0,-1452.0,-1453.0,,估计同步待核验
XY_Y-09-0.1-02,1559,153.51127686403507,-8.0,-8.0,-1451.0,-1454.0,,估计同步待核验
XY_Y-09-0.1-02,1560,153.60940789473685,-8.0,-8.0,-1452.0,-1453.0,,估计同步待核验
XY_Y-09-0.1-02,1561,153.7075389254386,-9.0,-8.0,-1451.0,-1453.0,,估计同步待核验
XY_Y-09-0.1-02,1562,153.80566995614035,-9.0,-8.0,-1451.0,-1453.0,,估计同步待核验
XY_Y-09-0.1-02,1563,153.9038009868421,-9.0,-8.0,-1451.0,-1453.0,,估计同步待核验
XY_Y-09-0.1-02,1564,154.00193201754385,-9.0,-8.0,-1451.0,-1452.0,,估计同步待核验
XY_Y-09-0.1-02,1565,154.1000630482456,-9.0,-8.0,-1451.0,-1452.0,,估计同步待核验
XY_Y-09-0.1-02,1566,154.19819407894735,-9.0,-8.0,-1451.0,-1452.0,,估计同步待核验
XY_Y-09-0.1-02,1567,154.2963251096491,-9.0,-8.0,-1450.0,-1452.0,,估计同步待核验
XY_Y-09-0.1-02,1568,154.39445614035088,-8.456140350875199,-8.0,-1450.0,-1452.0,,估计同步待核验
XY_Y-09-0.1-02,1569,154.49258717105263,-9.0,-8.0,-1449.0,-1452.0,,估计同步待核验
XY_Y-09-0.1-02,1570,154.59071820175438,-9.0,-8.0,-1449.0,-1451.0,,估计同步待核验
XY_Y-09-0.1-02,1571,154.68884923245614,-10.0,-8.0,-1449.0,-1451.0,,估计同步待核验
XY_Y-09-0.1-02,1572,154.7869802631579,-9.0,-8.0,-1450.0,-1451.0,,估计同步待核验
XY_Y-09-0.1-02,1573,154.88511129385964,-9.0,-7.0,-1449.0,-1451.0,,估计同步待核验
XY_Y-09-0.1-02,1574,154.9832423245614,-9.0,-8.0,-1449.0,-1451.0,,估计同步待核验
XY_Y-09-0.1-02,1575,155.08137335526314,-9.0,-8.0,-1449.0,-1450.0,,估计同步待核验
XY_Y-09-0.1-02,1576,155.17950438596492,-9.0,-8.0,-1449.0,-1450.0,,估计同步待核验
XY_Y-09-0.1-02,1577,155.27763541666667,-8.0,-8.0,-1449.0,-1450.0,,估计同步待核验
XY_Y-09-0.1-02,1578,155.37576644736842,-8.0,-8.0,-1447.0,-1449.0,,估计同步待核验
XY_Y-09-0.1-02,1579,155.47389747807017,-7.0,-8.0,-1447.0,-1449.0,,估计同步待核验
XY_Y-09-0.1-02,1580,155.57202850877192,-7.0,-8.0,-1447.0,-1449.0,,估计同步待核验
XY_Y-09-0.1-02,1581,155.67015953947367,-8.680921052630925,-8.159539473684537,-1447.0,-1449.0,,估计同步待核验
XY_Y-09-0.1-02,1582,155.76829057017542,-9.0,-8.0,-1446.0,-1448.0,,估计同步待核验
XY_Y-09-0.1-02,1583,155.8664216008772,-9.0,-8.0,-1446.0,-1448.0,,估计同步待核验
XY_Y-09-0.1-02,1584,155.96455263157895,-9.0,-8.0,-1445.0,-1447.0,,估计同步待核验
XY_Y-09-0.1-02,1585,156.0626836622807,-8.0,-8.0,-1446.0,-1448.0,,估计同步待核验
XY_Y-09-0.1-02,1586,156.16081469298243,-8.0,-8.0,-1445.0,-1447.0,,估计同步待核验
XY_Y-09-0.1-02,1587,156.2589457236842,-8.0,-8.0,-1445.0,-1447.0,,估计同步待核验
XY_Y-09-0.1-02,1588,156.35707675438596,-7.0,-8.0,-1444.0,-1446.0,,估计同步待核验
XY_Y-09-0.1-02,1589,156.4552077850877,-7.0,-8.0,-1444.0,-1446.0,,估计同步待核验
XY_Y-09-0.1-02,1590,156.55333881578946,-7.0,-8.0,-1444.0,-1446.0,,估计同步待核验
XY_Y-09-0.1-02,1591,156.65146984649124,-7.0,-8.0,-1443.0,-1445.0,,估计同步待核验
XY_Y-09-0.1-02,1592,156.749600877193,-7.0,-8.0,-1443.0,-1445.0,,估计同步待核验
XY_Y-09-0.1-02,1593,156.8477319078947,-7.536184210600082,-8.0,-1443.0,-1445.0,,估计同步待核验
XY_Y-09-0.1-02,1594,156.9458629385965,-8.0,-8.0,-1443.0,-1445.0,,估计同步待核验
XY_Y-09-0.1-02,1595,157.04399396929824,-8.0,-8.0,-1442.0,-1444.0,,估计同步待核验
XY_Y-09-0.1-02,1596,157.142125,-7.0,-8.0,-1442.0,-1444.0,,估计同步待核验
XY_Y-09-0.1-02,1597,157.24025603070174,-7.0,-8.0,-1441.0,-1444.0,,估计同步待核验
XY_Y-09-0.1-02,1598,157.3383870614035,-7.0,-8.0,-1442.0,-1444.0,,估计同步待核验
XY_Y-09-0.1-02,1599,157.43651809210527,-7.0,-8.0,-1441.0,-1443.0,,估计同步待核验
XY_Y-09-0.1-02,1600,157.534649122807,-7.0,-8.0,-1440.0,-1442.0,,估计同步待核验
XY_Y-09-0.1-02,1601,157.63278015350875,-7.0,-8.0,-1440.0,-1442.0,,估计同步待核验
XY_Y-09-0.1-02,1602,157.73091118421053,-7.0,-8.0,-1440.0,-1442.0,,估计同步待核验
XY_Y-09-0.1-02,1603,157.82904221491228,-8.0,-8.0,-1439.0,-1441.0,,估计同步待核验
XY_Y-09-0.1-02,1604,157.92717324561403,-8.0,-8.0,-1439.0,-1441.0,,估计同步待核验
XY_Y-09-0.1-02,1605,158.02530427631578,-8.0,-8.0,-1439.0,-1440.0,,估计同步待核验
XY_Y-09-0.1-02,1606,158.12343530701756,-7.870614035132284,-8.0,-1438.4353070175662,-1440.0,,估计同步待核验
XY_Y-09-0.1-02,1607,158.22156633771928,-7.0,-8.0,-1438.0,-1440.0,,估计同步待核验
XY_Y-09-0.1-02,1608,158.31969736842103,-7.0,-8.0,-1437.0,-1440.0,,估计同步待核验
XY_Y-09-0.1-02,1609,158.41782839912278,-7.0,-8.0,-1437.0,-1439.0,,估计同步待核验
XY_Y-09-0.1-02,1610,158.51595942982456,-7.0,-8.0,-1437.0,-1438.0,,估计同步待核验
XY_Y-09-0.1-02,1611,158.6140904605263,-7.0,-8.0,-1436.0,-1438.0,,估计同步待核验
XY_Y-09-0.1-02,1612,158.71222149122806,-8.0,-8.0,-1436.0,-1438.0,,估计同步待核验
XY_Y-09-0.1-02,1613,158.81035252192981,-8.0,-8.0,-1436.0,-1438.0,,估计同步待核验
XY_Y-09-0.1-02,1614,158.90848355263157,-8.0,-8.0,-1436.0,-1437.0,,估计同步待核验
XY_Y-09-0.1-02,1615,159.00661458333332,-9.0,-8.0,-1435.0,-1437.0,,估计同步待核验
XY_Y-09-0.1-02,1616,159.10474561403507,-9.0,-8.0,-1435.0,-1436.0,,估计同步待核验
XY_Y-09-0.1-02,1617,159.20287664473685,-9.0,-8.0,-1435.0,-1436.0,,估计同步待核验
XY_Y-09-0.1-02,1618,159.3010076754386,-9.0,-8.0,-1434.0,-1435.0,,估计同步待核验
XY_Y-09-0.1-02,1619,159.39913870614035,-7.2774122806941195,-7.861293859652941,-1434.0,-1436.0,,估计同步待核验
XY_Y-09-0.1-02,1620,159.4972697368421,-8.0,-8.0,-1433.0,-1435.0,,估计同步待核验
XY_Y-09-0.1-02,1621,159.59540076754385,-8.0,-8.0,-1433.0,-1434.0,,估计同步待核验
XY_Y-09-0.1-02,1622,159.6935317982456,-8.0,-8.0,-1433.0,-1435.0,,估计同步待核验
XY_Y-09-0.1-02,1623,159.79166282894735,-9.0,-8.0,-1433.0,-1434.0,,估计同步待核验
XY_Y-09-0.1-02,1624,159.8897938596491,-9.0,-8.0,-1432.0,-1434.0,,估计同步待核验
XY_Y-09-0.1-02,1625,159.98792489035088,-9.0,-8.0,-1432.0,-1433.0,,估计同步待核验
XY_Y-09-0.1-02,1626,160.08605592105263,-9.0,-8.0,-1431.0,-1433.0,,估计同步待核验
XY_Y-09-0.1-02,1627,160.18418695175438,-9.0,-7.0,-1431.0,-1433.0,,估计同步待核验
XY_Y-09-0.1-02,1628,160.28231798245614,-9.0,-7.0,-1431.0,-1433.0,,估计同步待核验
XY_Y-09-0.1-02,1629,160.3804490131579,-9.0,-8.0,-1430.0,-1432.0,,估计同步待核验
XY_Y-09-0.1-02,1630,160.47858004385964,-8.0,-8.0,-1430.0,-1432.0,,估计同步待核验
XY_Y-09-0.1-02,1631,160.5767110745614,-8.288925438609096,-8.0,-1430.0,-1431.0,,估计同步待核验
XY_Y-09-0.1-02,1632,160.67484210526314,-9.0,-8.0,-1429.0,-1431.0,,估计同步待核验
XY_Y-09-0.1-02,1633,160.77297313596492,-9.0,-8.0,-1429.0,-1431.0,,估计同步待核验
XY_Y-09-0.1-02,1634,160.87110416666667,-9.0,-8.0,-1428.0,-1430.0,,估计同步待核验
XY_Y-09-0.1-02,1635,160.96923519736842,-9.0,-8.0,-1428.0,-1430.0,,估计同步待核验
XY_Y-09-0.1-02,1636,161.06736622807017,-9.0,-8.0,-1428.0,-1430.0,,估计同步待核验
XY_Y-09-0.1-02,1637,161.16549725877192,-9.0,-8.0,-1427.0,-1429.0,,估计同步待核验
XY_Y-09-0.1-02,1638,161.26362828947367,-9.0,-8.0,-1427.0,-1428.0,,估计同步待核验
XY_Y-09-0.1-02,1639,161.36175932017542,-8.0,-8.0,-1426.0,-1428.0,,估计同步待核验
XY_Y-09-0.1-02,1640,161.4598903508772,-7.0,-8.0,-1426.0,-1428.0,,估计同步待核验
XY_Y-09-0.1-02,1641,161.55802138157895,-7.0,-8.0,-1426.0,-1427.0,,估计同步待核验
XY_Y-09-0.1-02,1642,161.6561524122807,-7.0,-8.0,-1425.0,-1427.0,,估计同步待核验
XY_Y-09-0.1-02,1643,161.75428344298243,-7.0,-8.0,-1425.0,-1427.0,,估计同步待核验
XY_Y-09-0.1-02,1644,161.8524144736842,-8.171052631599515,-8.0,-1424.5855263157998,-1426.0,,估计同步待核验
XY_Y-09-0.1-02,1645,161.95054550438596,-9.0,-8.0,-1424.0,-1426.0,,估计同步待核验
XY_Y-09-0.1-02,1646,162.0486765350877,-9.0,-8.0,-1423.0,-1425.0,,估计同步待核验
XY_Y-09-0.1-02,1647,162.14680756578946,-8.0,-8.0,-1423.0,-1425.0,,估计同步待核验
XY_Y-09-0.1-02,1648,162.24493859649124,-8.0,-8.0,-1423.0,-1424.0,,估计同步待核验
XY_Y-09-0.1-02,1649,162.343069627193,-7.0,-8.0,-1422.0,-1424.0,,估计同步待核验
XY_Y-09-0.1-02,1650,162.4412006578947,-7.0,-8.0,-1421.0,-1424.0,,估计同步待核验
XY_Y-09-0.1-02,1651,162.5393316885965,-7.0,-8.0,-1421.0,-1423.0,,估计同步待核验
XY_Y-09-0.1-02,1652,162.63746271929824,-7.0,-8.0,-1421.0,-1423.0,,估计同步待核验
XY_Y-09-0.1-02,1653,162.73559375,-7.0,-8.0,-1420.0,-1422.0,,估计同步待核验
XY_Y-09-0.1-02,1654,162.83372478070174,-7.0,-8.0,-1419.0,-1421.0,,估计同步待核验
XY_Y-09-0.1-02,1655,162.9318558114035,-7.0,-8.0,-1419.0,-1420.0,,估计同步待核验
XY_Y-09-0.1-02,1656,163.02998684210527,-7.013157894727493,-8.0,-1418.0131578947276,-1420.0,,估计同步待核验
XY_Y-09-0.1-02,1657,163.128117872807,-8.0,-8.0,-1417.8821271929903,-1419.0,,估计同步待核验
XY_Y-09-0.1-02,1658,163.22624890350875,-7.0,-8.0,-1418.0,-1419.0,,估计同步待核验
XY_Y-09-0.1-02,1659,163.32437993421053,-7.0,-8.0,-1416.0,-1418.0,,估计同步待核验
XY_Y-09-0.1-02,1660,163.42251096491228,-7.0,-8.0,-1416.0,-1418.0,,估计同步待核验
XY_Y-09-0.1-02,1661,163.52064199561403,-7.0,-8.0,-1415.0,-1417.0,,估计同步待核验
XY_Y-09-0.1-02,1662,163.61877302631578,-7.0,-8.0,-1415.0,-1417.0,,估计同步待核验
XY_Y-09-0.1-02,1663,163.71690405701756,-7.0,-8.0,-1414.0,-1416.0,,估计同步待核验
XY_Y-09-0.1-02,1664,163.81503508771928,-7.0,-8.0,-1414.0,-1416.0,,估计同步待核验
XY_Y-09-0.1-02,1665,163.91316611842103,-8.0,-8.0,-1413.0,-1415.0,,估计同步待核验
XY_Y-09-0.1-02,1666,164.01129714912278,-8.0,-8.0,-1413.0,-1415.0,,估计同步待核验
XY_Y-09-0.1-02,1667,164.10942817982456,-8.0,-8.0,-1412.0,-1414.0,,估计同步待核验
XY_Y-09-0.1-02,1668,164.2075592105263,-9.0,-8.0,-1412.0,-1413.0,,估计同步待核验
XY_Y-09-0.1-02,1669,164.30569024122806,-8.380482456106849,-8.0,-1411.0,-1412.3097587719465,,估计同步待核验
XY_Y-09-0.1-02,1670,164.40382127192981,-7.0,-8.0,-1411.0,-1413.0,,估计同步待核验
XY_Y-09-0.1-02,1671,164.50195230263157,-7.0,-8.0,-1409.0,-1412.0,,估计同步待核验
XY_Y-09-0.1-02,1672,164.60008333333332,-7.0,-8.0,-1409.0,-1411.0,,估计同步待核验
XY_Y-09-0.1-02,1673,164.69821436403507,-7.0,-8.0,-1409.0,-1411.0,,估计同步待核验
XY_Y-09-0.1-02,1674,164.79634539473685,-7.0,-8.0,-1408.0,-1410.0,,估计同步待核验
XY_Y-09-0.1-02,1675,164.8944764254386,-8.0,-8.0,-1408.0,-1409.0,,估计同步待核验
XY_Y-09-0.1-02,1676,164.99260745614035,-9.0,-8.0,-1407.0,-1409.0,,估计同步待核验
XY_Y-09-0.1-02,1677,165.0907384868421,-9.0,-8.0,-1407.0,-1408.0,,估计同步待核验
XY_Y-09-0.1-02,1678,165.18886951754385,-9.0,-8.0,-1406.0,-1407.0,,估计同步待核验
XY_Y-09-0.1-02,1679,165.2870005482456,-9.0,-8.0,-1405.0,-1407.0,,估计同步待核验
XY_Y-09-0.1-02,1680,165.38513157894735,-9.0,-8.0,-1405.0,-1407.0,,估计同步待核验
XY_Y-09-0.1-02,1681,165.4832626096491,-9.0,-8.0,-1404.0,-1406.0,,估计同步待核验
XY_Y-09-0.1-02,1682,165.58139364035088,-7.787280701782372,-8.0,-1403.3936403508912,-1405.0,,估计同步待核验
XY_Y-09-0.1-02,1683,165.67952467105263,-8.0,-8.0,-1403.0,-1405.0,,估计同步待核验
XY_Y-09-0.1-02,1684,165.77765570175438,-8.0,-8.0,-1402.0,-1405.0,,估计同步待核验
XY_Y-09-0.1-02,1685,165.87578673245613,-8.0,-8.0,-1402.0,-1404.0,,估计同步待核验
XY_Y-09-0.1-02,1686,165.97391776315789,-9.0,-8.0,-1402.0,-1402.0,,估计同步待核验
XY_Y-09-0.1-02,1687,166.07204879385964,-9.0,-8.0,-1401.0,-1403.0,,估计同步待核验
XY_Y-09-0.1-02,1688,166.1701798245614,-9.0,-8.0,-1401.0,-1403.0,,估计同步待核验
XY_Y-09-0.1-02,1689,166.26831085526314,-9.0,-8.0,-1399.0,-1401.0,,估计同步待核验
XY_Y-09-0.1-02,1690,166.36644188596492,-9.0,-8.0,-1399.0,-1401.0,,估计同步待核验
XY_Y-09-0.1-02,1691,166.46457291666667,-9.0,-8.0,-1399.0,-1400.0,,估计同步待核验
XY_Y-09-0.1-02,1692,166.56270394736842,-9.0,-8.0,-1398.0,-1400.0,,估计同步待核验
XY_Y-09-0.1-02,1693,166.66083497807017,-8.0,-8.0,-1397.0,-1399.0,,估计同步待核验
XY_Y-09-0.1-02,1694,166.75896600877192,-8.0,-8.0,-1397.0,-1399.0,,估计同步待核验
XY_Y-09-0.1-02,1695,166.85709703947367,-8.902960526327897,-8.0,-1397.0,-1399.0,,估计同步待核验
XY_Y-09-0.1-02,1696,166.95522807017542,-9.0,-8.0,-1396.0,-1397.0,,估计同步待核验
XY_Y-09-0.1-02,1697,167.0533591008772,-9.0,-8.0,-1396.0,-1397.0,,估计同步待核验
XY_Y-09-0.1-02,1698,167.15149013157895,-9.0,-8.0,-1395.0,-1397.0,,估计同步待核验
XY_Y-09-0.1-02,1699,167.2496211622807,-9.0,-8.0,-1394.0,-1396.0,,估计同步待核验
XY_Y-09-0.1-02,1700,167.34775219298243,-9.0,-8.0,-1393.0,-1395.0,,估计同步待核验
XY_Y-09-0.1-02,1701,167.4458832236842,-9.0,-8.0,-1393.0,-1395.0,,估计同步待核验
XY_Y-09-0.1-02,1702,167.54401425438596,-9.0,-8.0,-1392.0,-1394.0,,估计同步待核验
XY_Y-09-0.1-02,1703,167.6421452850877,-8.0,-8.0,-1392.0,-1394.0,,估计同步待核验
XY_Y-09-0.1-02,1704,167.74027631578946,-8.0,-8.0,-1391.0,-1394.0,,估计同步待核验
XY_Y-09-0.1-02,1705,167.83840734649124,-7.0,-8.0,-1390.0,-1392.0,,估计同步待核验
XY_Y-09-0.1-02,1706,167.936538377193,-7.0,-8.0,-1390.0,-1391.0,,估计同步待核验
XY_Y-09-0.1-02,1707,168.0346694078947,-7.661184210568107,-8.0,-1389.0,-1391.0,,估计同步待核验
XY_Y-09-0.1-02,1708,168.1328004385965,-9.0,-8.0,-1389.0,-1391.0,,估计同步待核验
XY_Y-09-0.1-02,1709,168.23093146929824,-9.0,-8.0,-1388.0,-1390.0,,估计同步待核验
XY_Y-09-0.1-02,1710,168.3290625,-9.0,-8.0,-1387.0,-1389.0,,估计同步待核验
XY_Y-09-0.1-02,1711,168.42719353070174,-8.0,-8.0,-1387.0,-1389.0,,估计同步待核验
XY_Y-09-0.1-02,1712,168.5253245614035,-8.0,-8.0,-1386.0,-1388.0,,估计同步待核验
XY_Y-09-0.1-02,1713,168.62345559210527,-8.0,-8.0,-1385.0,-1387.0,,估计同步待核验
XY_Y-09-0.1-02,1714,168.721586622807,-7.0,-8.0,-1384.0,-1386.0,,估计同步待核验
XY_Y-09-0.1-02,1715,168.81971765350875,-7.0,-8.0,-1384.0,-1386.0,,估计同步待核验
XY_Y-09-0.1-02,1716,168.91784868421053,-7.0,-8.0,-1383.0,-1385.0,,估计同步待核验
XY_Y-09-0.1-02,1717,169.01597971491228,-7.0,-8.0,-1383.0,-1384.0,,估计同步待核验
XY_Y-09-0.1-02,1718,169.11411074561403,-7.0,-8.0,-1382.0,-1384.0,,估计同步待核验
XY_Y-09-0.1-02,1719,169.21224177631578,-7.0,-8.0,-1381.0,-1383.0,,估计同步待核验
XY_Y-09-0.1-02,1720,169.31037280701756,-7.0,-8.0,-1381.0,-1383.0,,估计同步待核验
XY_Y-09-0.1-02,1721,169.40850383771928,-8.0,-8.0,-1380.0,-1382.0,,估计同步待核验
XY_Y-09-0.1-02,1722,169.50663486842103,-7.0,-8.0,-1379.0,-1381.0,,估计同步待核验
XY_Y-09-0.1-02,1723,169.60476589912278,-7.0,-8.0,-1378.0,-1381.0,,估计同步待核验
XY_Y-09-0.1-02,1724,169.70289692982456,-7.0,-8.0,-1378.0,-1380.0,,估计同步待核验
XY_Y-09-0.1-02,1725,169.8010279605263,-7.0,-8.0,-1377.0,-1379.0,,估计同步待核验
XY_Y-09-0.1-02,1726,169.89915899122806,-6.0,-8.0,-1377.0,-1378.0,,估计同步待核验
XY_Y-09-0.1-02,1727,169.9972900219298,-7.0,-8.0,-1376.0,-1378.0,,估计同步待核验
XY_Y-09-0.1-02,1728,170.09542105263156,-7.0,-8.0,-1375.0,-1377.0,,估计同步待核验
XY_Y-09-0.1-02,1729,170.19355208333332,-7.0,-8.0,-1374.0,-1376.0,,估计同步待核验
XY_Y-09-0.1-02,1730,170.29168311403507,-8.0,-8.0,-1374.0,-1376.0,,估计同步待核验
XY_Y-09-0.1-02,1731,170.38981414473685,-8.0,-8.0,-1373.0,-1375.0,,估计同步待核验
XY_Y-09-0.1-02,1732,170.4879451754386,-8.0,-8.0,-1372.0,-1374.0,,估计同步待核验
XY_Y-09-0.1-02,1733,170.58607620614035,-9.0,-8.0,-1371.0,-1373.0,,估计同步待核验
XY_Y-09-0.1-02,1734,170.6842072368421,-7.414473684200242,-8.0,-1371.0,-1373.0,,估计同步待核验
XY_Y-09-0.1-02,1735,170.78233826754385,-7.0,-8.0,-1369.0,-1372.0,,估计同步待核验
XY_Y-09-0.1-02,1736,170.8804692982456,-7.0,-8.0,-1368.0,-1371.0,,估计同步待核验
XY_Y-09-0.1-02,1737,170.97860032894735,-7.0,-8.0,-1368.0,-1370.0,,估计同步待核验
XY_Y-09-0.1-02,1738,171.0767313596491,-7.0,-8.0,-1367.0,-1369.0,,估计同步待核验
XY_Y-09-0.1-02,1739,171.17486239035088,-7.0,-8.0,-1366.0,-1369.0,,估计同步待核验
XY_Y-09-0.1-02,1740,171.27299342105263,-8.0,-8.0,-1366.0,-1367.0,,估计同步待核验
XY_Y-09-0.1-02,1741,171.37112445175438,-8.0,-8.0,-1365.0,-1367.0,,估计同步待核验
XY_Y-09-0.1-02,1742,171.46925548245613,-9.0,-8.0,-1364.0,-1366.0,,估计同步待核验
XY_Y-09-0.1-02,1743,171.56738651315789,-9.0,-8.0,-1364.0,-1365.0,,估计同步待核验
XY_Y-09-0.1-02,1744,171.66551754385964,-9.0,-8.0,-1362.0,-1364.0,,估计同步待核验
XY_Y-09-0.1-02,1745,171.7636485745614,-9.0,-8.0,-1362.0,-1363.0,,估计同步待核验
XY_Y-09-0.1-02,1746,171.86177960526314,-8.559210526287929,-7.2203947368560355,-1361.779605263144,-1363.0,,估计同步待核验
XY_Y-09-0.1-02,1747,171.95991063596492,-7.0,-9.0,-1360.0,-1362.0,,估计同步待核验
XY_Y-09-0.1-02,1748,172.05804166666667,-8.0,-8.0,-1359.0,-1361.0,,估计同步待核验
XY_Y-09-0.1-02,1749,172.15617269736842,-8.0,-8.0,-1359.0,-1360.0,,估计同步待核验
XY_Y-09-0.1-02,1750,172.25430372807017,-9.0,-8.0,-1358.0,-1360.0,,估计同步待核验
XY_Y-09-0.1-02,1751,172.35243475877192,-9.0,-8.0,-1357.0,-1358.0,,估计同步待核验
XY_Y-09-0.1-02,1752,172.45056578947367,-9.0,-8.0,-1356.0,-1358.0,,估计同步待核验
XY_Y-09-0.1-02,1753,172.54869682017542,-9.0,-8.0,-1356.0,-1358.0,,估计同步待核验
XY_Y-09-0.1-02,1754,172.6468278508772,-9.0,-8.0,-1355.0,-1356.0,,估计同步待核验
XY_Y-09-0.1-02,1755,172.74495888157895,-9.0,-8.0,-1355.0,-1356.0,,估计同步待核验
XY_Y-09-0.1-02,1756,172.8430899122807,-9.0,-8.0,-1353.0,-1354.0,,估计同步待核验
XY_Y-09-0.1-02,1757,172.94122094298243,-9.0,-8.0,-1352.0,-1355.0,,估计同步待核验
XY_Y-09-0.1-02,1758,173.0393519736842,-8.0,-8.0,-1352.0,-1354.0,,估计同步待核验
XY_Y-09-0.1-02,1759,173.13748300438596,-8.516995614046696,-8.0,-1351.0,-1352.0,,估计同步待核验
XY_Y-09-0.1-02,1760,173.2356140350877,-9.0,-8.0,-1351.0,-1352.0,,估计同步待核验
XY_Y-09-0.1-02,1761,173.33374506578946,-9.0,-8.0,-1349.0,-1351.0,,估计同步待核验
XY_Y-09-0.1-02,1762,173.43187609649124,-9.0,-8.0,-1349.0,-1350.0,,估计同步待核验
XY_Y-09-0.1-02,1763,173.530007127193,-9.0,-8.0,-1348.0,-1350.0,,估计同步待核验
XY_Y-09-0.1-02,1764,173.6281381578947,-9.0,-7.0,-1348.0,-1349.0,,估计同步待核验
XY_Y-09-0.1-02,1765,173.7262691885965,-9.0,-7.0,-1346.0,-1348.0,,估计同步待核验
XY_Y-09-0.1-02,1766,173.82440021929824,-9.0,-8.0,-1346.0,-1348.0,,估计同步待核验
XY_Y-09-0.1-02,1767,173.92253125,-8.0,-8.0,-1345.0,-1347.0,,估计同步待核验
XY_Y-09-0.1-02,1768,174.02066228070174,-8.0,-8.0,-1344.0,-1347.0,,估计同步待核验
XY_Y-09-0.1-02,1769,174.1187933114035,-8.0,-8.0,-1344.0,-1345.0,,估计同步待核验
XY_Y-09-0.1-02,1770,174.21692434210527,-7.0,-8.0,-1342.0,-1344.0,,估计同步待核验
XY_Y-09-0.1-02,1771,174.315055372807,-7.0,-8.0,-1342.0,-1344.0,,估计同步待核验
XY_Y-09-0.1-02,1772,174.41318640350875,-8.627192982520961,-8.0,-1341.8135964912606,-1343.0,,估计同步待核验
XY_Y-09-0.1-02,1773,174.51131743421053,-9.0,-8.0,-1341.0,-1343.0,,估计同步待核验
XY_Y-09-0.1-02,1774,174.60944846491228,-9.0,-8.0,-1341.0,-1342.0,,估计同步待核验
XY_Y-09-0.1-02,1775,174.70757949561403,-9.0,-8.0,-1340.0,-1342.0,,估计同步待核验
XY_Y-09-0.1-02,1776,174.80571052631578,-9.0,-8.0,-1339.0,-1341.0,,估计同步待核验
XY_Y-09-0.1-02,1777,174.90384155701756,-8.0,-8.0,-1338.0,-1340.0,,估计同步待核验
XY_Y-09-0.1-02,1778,175.00197258771928,-8.0,-8.0,-1338.0,-1340.0,,估计同步待核验
XY_Y-09-0.1-02,1779,175.10010361842103,-7.0,-8.0,-1337.0,-1339.0,,估计同步待核验
XY_Y-09-0.1-02,1780,175.19823464912278,-7.0,-8.0,-1336.0,-1338.0,,估计同步待核验
XY_Y-09-0.1-02,1781,175.29636567982456,-7.0,-8.0,-1336.0,-1338.0,,估计同步待核验
XY_Y-09-0.1-02,1782,175.3944967105263,-7.0,-8.0,-1334.0,-1336.0,,估计同步待核验
XY_Y-09-0.1-02,1783,175.49262774122806,-7.0,-8.0,-1334.0,-1336.0,,估计同步待核验
XY_Y-09-0.1-02,1784,175.5907587719298,-7.482456140387027,-8.0,-1333.0,-1335.0,,估计同步待核验
XY_Y-09-0.1-02,1785,175.68888980263156,-8.0,-8.0,-1334.0,-1335.0,,估计同步待核验
XY_Y-09-0.1-02,1786,175.78702083333332,-9.0,-8.0,-1332.0,-1333.0,,估计同步待核验
XY_Y-09-0.1-02,1787,175.88515186403507,-8.0,-8.0,-1331.0,-1333.0,,估计同步待核验
XY_Y-09-0.1-02,1788,175.98328289473685,-7.0,-8.0,-1331.0,-1333.0,,估计同步待核验
XY_Y-09-0.1-02,1789,176.0814139254386,-7.0,-8.0,-1329.0,-1331.0,,估计同步待核验
XY_Y-09-0.1-02,1790,176.17954495614035,-7.0,-8.0,-1329.0,-1331.0,,估计同步待核验
XY_Y-09-0.1-02,1791,176.2776759868421,-7.0,-8.0,-1328.0,-1330.0,,估计同步待核验
XY_Y-09-0.1-02,1792,176.37580701754385,-7.0,-8.0,-1327.0,-1329.0,,估计同步待核验
XY_Y-09-0.1-02,1793,176.4739380482456,-7.0,-8.0,-1327.0,-1329.0,,估计同步待核验
XY_Y-09-0.1-02,1794,176.57206907894735,-7.0,-8.0,-1326.0,-1328.0,,估计同步待核验
XY_Y-09-0.1-02,1795,176.6702001096491,-7.0,-8.0,-1325.0,-1327.0,,估计同步待核验
XY_Y-09-0.1-02,1796,176.76833114035088,-8.0,-8.0,-1324.0,-1326.0,,估计同步待核验
XY_Y-09-0.1-02,1797,176.86646217105263,-8.46217105262896,-8.0,-1323.537828947371,-1326.0,,估计同步待核验
XY_Y-09-0.1-02,1798,176.96459320175438,-7.0,-8.0,-1323.0,-1325.0,,估计同步待核验
XY_Y-09-0.1-02,1799,177.06272423245613,-7.0,-8.0,-1321.0,-1323.0,,估计同步待核验
XY_Y-09-0.1-02,1800,177.16085526315788,-6.0,-8.0,-1321.0,-1323.0,,估计同步待核验
XY_Y-09-0.1-02,1801,177.25898629385964,-7.0,-8.0,-1320.0,-1322.0,,估计同步待核验
XY_Y-09-0.1-02,1802,177.3571173245614,-7.0,-8.0,-1319.0,-1321.0,,估计同步待核验
XY_Y-09-0.1-02,1803,177.45524835526314,-7.0,-8.0,-1318.0,-1320.0,,估计同步待核验
XY_Y-09-0.1-02,1804,177.55337938596492,-7.0,-8.0,-1317.0,-1319.0,,估计同步待核验
XY_Y-09-0.1-02,1805,177.65151041666667,-8.0,-8.0,-1316.0,-1318.0,,估计同步待核验
XY_Y-09-0.1-02,1806,177.74964144736842,-8.0,-8.0,-1315.0,-1317.0,,估计同步待核验
XY_Y-09-0.1-02,1807,177.84777247807017,-9.0,-8.0,-1314.0,-1316.0,,估计同步待核验
XY_Y-09-0.1-02,1808,177.94590350877192,-9.0,-8.0,-1312.0,-1314.0,,估计同步待核验
XY_Y-09-0.1-02,1809,178.04403453947367,-9.0,-8.0,-1311.0,-1313.0,,估计同步待核验
XY_Y-09-0.1-02,1810,178.14216557017542,-7.33114035085033,-8.0,-1309.0,-1311.0,,估计同步待核验
XY_Y-09-0.1-02,1811,178.2402966008772,-7.0,-8.0,-1307.0,-1309.0,,估计同步待核验
XY_Y-09-0.1-02,1812,178.33842763157895,-7.0,-8.0,-1305.0,-1307.0,,估计同步待核验
XY_Y-09-0.1-02,1813,178.4365586622807,-8.0,-8.0,-1303.0,-1305.0,,估计同步待核验
XY_Y-09-0.1-02,1814,178.53468969298243,-8.0,-8.0,-1300.0,-1301.0,,估计同步待核验
XY_Y-09-0.1-02,1815,178.6328207236842,-8.0,-8.0,-1297.0,-1299.0,,估计同步待核验
XY_Y-09-0.1-02,1816,178.73095175438596,-8.0,-8.0,-1292.0,-1294.0,,估计同步待核验
XY_Y-09-0.1-02,1817,178.8290827850877,-9.0,-8.0,-1285.0,-1287.0,,估计同步待核验
XY_Y-09-0.1-02,1818,178.92721381578946,-9.0,-8.0,-1270.0,-1272.0,,估计同步待核验
XY_Y-09-0.1-02,1819,179.02534484649124,-9.0,-8.0,-3.0,-4.0,峰后下降,估计同步待核验
XY_Y-09-0.1-02,1820,179.123475877193,-9.0,-8.0,-4.0,-3.0,,估计同步待核验
XY_Y-09-0.1-02,1821,179.2216069078947,-9.0,-8.0,-4.0,-4.0,,估计同步待核验
XY_Y-09-0.1-02,1822,179.3197379385965,-8.737938596497429,-8.262061403502571,-3.73793859649743,-3.0,,估计同步待核验
XY_Y-09-0.1-02,1823,179.41786896929824,-8.0,-8.0,-4.0,-3.0,,估计同步待核验
XY_Y-09-0.1-02,1824,179.516,-8.0,-8.0,-4.0,-3.0,文件末帧、图像破坏候选,估计同步待核验
XY_Y-10-1-01,0,0.095,-7.0,-8.0,-31.0,-29.0,加载起点,估计同步待核验
XY_Y-10-1-01,1,0.10479576107899807,-7.0,-8.0,-31.0,-29.0,,估计同步待核验
XY_Y-10-1-01,2,0.11459152215799615,-9.0,-7.0,-42.0,-40.0,,估计同步待核验
XY_Y-10-1-01,3,0.12438728323699422,-8.0,-7.0,-53.0,-51.0,,估计同步待核验
XY_Y-10-1-01,4,0.1341830443159923,-9.0,-7.0,-64.0,-62.0,,估计同步待核验
XY_Y-10-1-01,5,0.14397880539499036,-8.0,-7.0,-75.0,-74.0,,估计同步待核验
XY_Y-10-1-01,6,0.15377456647398843,-8.0,-8.0,-86.0,-84.0,,估计同步待核验
XY_Y-10-1-01,7,0.1635703275529865,-9.0,-7.0,-97.0,-96.0,,估计同步待核验
XY_Y-10-1-01,8,0.17336608863198458,-7.0,-8.0,-108.0,-107.0,,估计同步待核验
XY_Y-10-1-01,9,0.18316184971098265,-10.0,-7.0,-120.0,-119.0,,估计同步待核验
XY_Y-10-1-01,10,0.19295761078998072,-10.0,-7.0,-120.0,-119.0,,估计同步待核验
XY_Y-10-1-01,11,0.2027533718689788,-7.0,-8.0,-130.0,-130.0,,估计同步待核验
XY_Y-10-1-01,12,0.21254913294797687,-9.0,-7.0,-142.0,-142.0,,估计同步待核验
XY_Y-10-1-01,13,0.22234489402697497,-7.0,-8.0,-154.0,-153.0,,估计同步待核验
XY_Y-10-1-01,14,0.232140655105973,-8.0,-8.0,-165.0,-165.0,,估计同步待核验
XY_Y-10-1-01,15,0.24193641618497108,-8.0,-8.0,-178.0,-176.0,,估计同步待核验
XY_Y-10-1-01,16,0.2517321772639691,-8.0,-8.0,-189.0,-188.0,,估计同步待核验
XY_Y-10-1-01,17,0.2615279383429672,-9.0,-8.0,-202.0,-200.0,,估计同步待核验
XY_Y-10-1-01,18,0.2713236994219653,-7.0,-8.0,-213.0,-212.0,,估计同步待核验
XY_Y-10-1-01,19,0.28111946050096337,-7.238921001926697,-8.0,-214.4335260115602,-213.31406551059683,,估计同步待核验
XY_Y-10-1-01,20,0.2909152215799614,-9.0,-8.0,-225.0,-223.0,,估计同步待核验
XY_Y-10-1-01,21,0.3007109826589595,-7.0,-8.0,-236.0,-235.0,,估计同步待核验
XY_Y-10-1-01,22,0.3105067437379576,-9.0,-8.0,-248.0,-247.0,,估计同步待核验
XY_Y-10-1-01,23,0.32030250481695566,-7.0,-8.0,-259.0,-259.0,,估计同步待核验
XY_Y-10-1-01,24,0.3300982658959537,-9.0,-8.0,-270.0,-270.0,,估计同步待核验
XY_Y-10-1-01,25,0.33989402697495186,-8.0,-8.0,-282.0,-282.0,,估计同步待核验
XY_Y-10-1-01,26,0.3496897880539499,-8.0,-8.0,-294.0,-293.0,,估计同步待核验
XY_Y-10-1-01,27,0.35948554913294795,-8.0,-7.0,-306.0,-305.0,,估计同步待核验
XY_Y-10-1-01,28,0.369281310211946,-7.718689788054005,-7.281310211945995,-309.3757225433519,-308.3757225433519,,估计同步待核验
XY_Y-10-1-01,29,0.37907707129094403,-7.0,-8.0,-318.0,-317.0,,估计同步待核验
XY_Y-10-1-01,30,0.3888728323699422,-9.0,-7.0,-330.0,-329.0,,估计同步待核验
XY_Y-10-1-01,31,0.39866859344894023,-7.0,-8.0,-341.0,-341.0,,估计同步待核验
XY_Y-10-1-01,32,0.4084643545279383,-9.0,-7.0,-354.0,-352.0,,估计同步待核验
XY_Y-10-1-01,33,0.4182601156069363,-7.0,-8.0,-365.0,-364.0,,估计同步待核验
XY_Y-10-1-01,34,0.4280558766859345,-9.0,-8.0,-377.0,-376.0,,估计同步待核验
XY_Y-10-1-01,35,0.4378516377649325,-7.0,-8.0,-389.0,-388.0,,估计同步待核验
XY_Y-10-1-01,36,0.44764739884393057,-8.0,-8.0,-400.0,-400.0,,估计同步待核验
XY_Y-10-1-01,37,0.4574431599229287,-8.0,-8.0,-405.31791907514446,-404.87475915221574,,估计同步待核验
XY_Y-10-1-01,38,0.46723892100192677,-8.0,-8.0,-412.0,-411.0,,估计同步待核验
XY_Y-10-1-01,39,0.4770346820809248,-8.0,-8.0,-424.0,-423.0,,估计同步待核验
XY_Y-10-1-01,40,0.48683044315992285,-9.0,-7.0,-436.0,-435.0,,估计同步待核验
XY_Y-10-1-01,41,0.496626204238921,-8.0,-8.0,-447.0,-447.0,,估计同步待核验
XY_Y-10-1-01,42,0.506421965317919,-9.0,-8.0,-460.0,-458.0,,估计同步待核验
XY_Y-10-1-01,43,0.5162177263969171,-7.0,-8.0,-470.0,-470.0,,估计同步待核验
XY_Y-10-1-01,44,0.5260134874759151,-9.0,-7.0,-482.0,-482.0,,估计同步待核验
XY_Y-10-1-01,45,0.5358092485549133,-7.0,-8.0,-493.0,-493.0,,估计同步待核验
XY_Y-10-1-01,46,0.5456050096339113,-8.210019267822602,-8.0,-500.26011560693564,-500.26011560693564,,估计同步待核验
XY_Y-10-1-01,47,0.5554007707129094,-9.0,-8.0,-505.0,-505.0,,估计同步待核验
XY_Y-10-1-01,48,0.5651965317919074,-7.0,-8.0,-517.0,-517.0,,估计同步待核验
XY_Y-10-1-01,49,0.5749922928709056,-8.0,-8.0,-528.0,-528.0,,估计同步待核验
XY_Y-10-1-01,50,0.5847880539499036,-9.0,-8.0,-540.0,-540.0,,估计同步待核验
XY_Y-10-1-01,51,0.5945838150289017,-8.0,-8.0,-550.0,-551.0,,估计同步待核验
XY_Y-10-1-01,52,0.6043795761078998,-9.0,-7.0,-562.0,-562.0,,估计同步待核验
XY_Y-10-1-01,53,0.6141753371868978,-7.0,-8.0,-573.0,-573.0,,估计同步待核验
XY_Y-10-1-01,54,0.6239710982658958,-9.0,-8.0,-585.0,-585.0,,估计同步待核验
XY_Y-10-1-01,55,0.633766859344894,-7.466281310212091,-8.0,-593.4354527938335,-593.4354527938335,,估计同步待核验
XY_Y-10-1-01,56,0.643562620423892,-7.0,-8.0,-596.0,-596.0,,估计同步待核验
XY_Y-10-1-01,57,0.6533583815028902,-9.0,-8.0,-608.0,-608.0,,估计同步待核验
XY_Y-10-1-01,58,0.6631541425818881,-7.0,-8.0,-619.0,-619.0,,估计同步待核验
XY_Y-10-1-01,59,0.6729499036608863,-8.0,-8.0,-630.0,-630.0,,估计同步待核验
XY_Y-10-1-01,60,0.6827456647398843,-8.0,-8.0,-641.0,-641.0,,估计同步待核验
XY_Y-10-1-01,61,0.6925414258188825,-8.0,-8.0,-652.0,-652.0,,估计同步待核验
XY_Y-10-1-01,62,0.7023371868978804,-9.0,-8.0,-663.0,-663.0,,估计同步待核验
XY_Y-10-1-01,63,0.7121329479768785,-7.0,-8.0,-673.0,-674.0,,估计同步待核验
XY_Y-10-1-01,64,0.7219287090558766,-8.857418111753216,-8.0,-683.2157996146427,-683.2870905587661,,估计同步待核验
XY_Y-10-1-01,65,0.7317244701348747,-9.0,-8.0,-684.0,-684.0,,估计同步待核验
XY_Y-10-1-01,66,0.7415202312138727,-7.0,-8.0,-694.0,-695.0,,估计同步待核验
XY_Y-10-1-01,67,0.7513159922928708,-10.0,-8.0,-706.0,-705.0,,估计同步待核验
XY_Y-10-1-01,68,0.7611117533718689,-7.0,-8.0,-715.0,-716.0,,估计同步待核验
XY_Y-10-1-01,69,0.770907514450867,-9.0,-8.0,-726.0,-726.0,,估计同步待核验
XY_Y-10-1-01,70,0.780703275529865,-8.0,-8.0,-736.0,-737.0,,估计同步待核验
XY_Y-10-1-01,71,0.7904990366088631,-8.0,-8.0,-747.0,-747.0,,估计同步待核验
XY_Y-10-1-01,72,0.8002947976878612,-9.0,-7.0,-758.0,-758.0,,估计同步待核验
XY_Y-10-1-01,73,0.8100905587668593,-7.0,-8.0,-768.0,-768.0,,估计同步待核验
XY_Y-10-1-01,74,0.8198863198458574,-7.0,-8.0,-768.0,-768.0,,估计同步待核验
XY_Y-10-1-01,75,0.8296820809248554,-9.0,-7.0,-779.0,-778.0,,估计同步待核验
XY_Y-10-1-01,76,0.8394778420038534,-7.0,-8.0,-788.0,-788.0,,估计同步待核验
XY_Y-10-1-01,77,0.8492736030828516,-9.0,-8.0,-799.0,-799.0,,估计同步待核验
XY_Y-10-1-01,78,0.8590693641618496,-7.0,-8.0,-809.0,-809.0,,估计同步待核验
XY_Y-10-1-01,79,0.8688651252408477,-10.0,-8.0,-819.0,-819.0,,估计同步待核验
XY_Y-10-1-01,80,0.8786608863198457,-8.0,-8.0,-829.0,-829.0,,估计同步待核验
XY_Y-10-1-01,81,0.8884566473988439,-9.0,-8.0,-839.0,-839.0,,估计同步待核验
XY_Y-10-1-01,82,0.8982524084778419,-8.0,-7.0,-849.0,-849.0,,估计同步待核验
XY_Y-10-1-01,83,0.90804816955684,-8.0,-7.04816955683995,-849.4335260115596,-849.4816955683995,,估计同步待核验
XY_Y-10-1-01,84,0.917843930635838,-8.0,-8.0,-858.0,-859.0,,估计同步待核验
XY_Y-10-1-01,85,0.9276396917148362,-9.0,-7.0,-868.0,-869.0,,估计同步待核验
XY_Y-10-1-01,86,0.9374354527938342,-7.0,-8.0,-877.0,-878.0,,估计同步待核验
XY_Y-10-1-01,87,0.9472312138728323,-9.0,-7.0,-888.0,-888.0,,估计同步待核验
XY_Y-10-1-01,88,0.9570269749518303,-7.0,-8.0,-897.0,-898.0,,估计同步待核验
XY_Y-10-1-01,89,0.9668227360308285,-10.0,-7.0,-907.0,-907.0,,估计同步待核验
XY_Y-10-1-01,90,0.9766184971098265,-7.0,-8.0,-916.0,-917.0,,估计同步待核验
XY_Y-10-1-01,91,0.9864142581888246,-9.0,-8.0,-926.0,-926.0,,估计同步待核验
XY_Y-10-1-01,92,0.9962100192678226,-8.789980732177398,-8.0,-927.8901734104035,-928.100192678226,,估计同步待核验
XY_Y-10-1-01,93,1.0060057803468208,-8.0,-8.0,-935.0,-936.0,,估计同步待核验
XY_Y-10-1-01,94,1.0158015414258188,-8.0,-8.0,-945.0,-945.0,,估计同步待核验
XY_Y-10-1-01,95,1.025597302504817,-9.0,-8.0,-954.0,-955.0,,估计同步待核验
XY_Y-10-1-01,96,1.0353930635838149,-7.0,-8.0,-964.0,-964.0,,估计同步待核验
XY_Y-10-1-01,97,1.0451888246628132,-9.0,-7.0,-973.0,-974.0,,估计同步待核验
XY_Y-10-1-01,98,1.0549845857418112,-7.0,-8.0,-982.0,-983.0,,估计同步待核验
XY_Y-10-1-01,99,1.0647803468208092,-9.0,-7.0,-992.0,-992.0,,估计同步待核验
XY_Y-10-1-01,100,1.0745761078998073,-7.0,-8.0,-1001.0,-1001.0,,估计同步待核验
XY_Y-10-1-01,101,1.0843718689788053,-7.743737957610595,-8.0,-1004.3468208092477,-1004.3468208092477,,估计同步待核验
XY_Y-10-1-01,102,1.0941676300578034,-9.0,-8.0,-1010.0,-1010.0,,估计同步待核验
XY_Y-10-1-01,103,1.1039633911368014,-8.0,-8.0,-1019.0,-1019.0,,估计同步待核验
XY_Y-10-1-01,104,1.1137591522157997,-9.0,-8.0,-1028.0,-1028.0,,估计同步待核验
XY_Y-10-1-01,105,1.1235549132947977,-8.0,-8.0,-1037.0,-1037.0,,估计同步待核验
XY_Y-10-1-01,106,1.1333506743737956,-8.0,-8.0,-1045.0,-1046.0,,估计同步待核验
XY_Y-10-1-01,107,1.1431464354527936,-9.0,-7.0,-1054.0,-1055.0,,估计同步待核验
XY_Y-10-1-01,108,1.1529421965317916,-7.0,-8.0,-1062.0,-1064.0,,估计同步待核验
XY_Y-10-1-01,109,1.16273795761079,-9.0,-7.0,-1071.0,-1072.0,,估计同步待核验
XY_Y-10-1-01,110,1.172533718689788,-7.932562620424077,-7.533718689787961,-1075.2697495183038,-1076.8034682080915,,估计同步待核验
XY_Y-10-1-01,111,1.182329479768786,-7.0,-8.0,-1079.0,-1081.0,,估计同步待核验
XY_Y-10-1-01,112,1.192125240847784,-9.0,-8.0,-1088.0,-1089.0,,估计同步待核验
XY_Y-10-1-01,113,1.2019210019267823,-7.0,-8.0,-1096.0,-1098.0,,估计同步待核验
XY_Y-10-1-01,114,1.2117167630057804,-9.0,-8.0,-1105.0,-1106.0,,估计同步待核验
XY_Y-10-1-01,115,1.2215125240847782,-8.0,-8.0,-1113.0,-1115.0,,估计同步待核验
XY_Y-10-1-01,116,1.2313082851637762,-8.0,-8.0,-1122.0,-1123.0,,估计同步待核验
XY_Y-10-1-01,117,1.2411040462427745,-9.0,-8.0,-1130.0,-1131.0,,估计同步待核验
XY_Y-10-1-01,118,1.2508998073217725,-7.0,-8.0,-1138.0,-1139.0,,估计同步待核验
XY_Y-10-1-01,119,1.2606955684007706,-8.391136801541279,-8.0,-1143.5645472061651,-1144.5645472061651,,估计同步待核验
XY_Y-10-1-01,120,1.2704913294797686,-9.0,-8.0,-1146.0,-1147.0,,估计同步待核验
XY_Y-10-1-01,121,1.2802870905587669,-7.0,-8.0,-1154.0,-1154.0,,估计同步待核验
XY_Y-10-1-01,122,1.290082851637765,-10.0,-8.0,-1162.0,-1162.0,,估计同步待核验
XY_Y-10-1-01,123,1.2998786127167627,-7.0,-8.0,-1169.0,-1169.0,,估计同步待核验
XY_Y-10-1-01,124,1.3096743737957608,-9.0,-8.0,-1177.0,-1177.0,,估计同步待核验
XY_Y-10-1-01,125,1.319470134874759,-7.0,-8.0,-1184.0,-1184.0,,估计同步待核验
XY_Y-10-1-01,126,1.329265895953757,-8.0,-8.0,-1191.0,-1192.0,,估计同步待核验
XY_Y-10-1-01,127,1.3390616570327551,-8.0,-8.0,-1199.0,-1199.0,,估计同步待核验
XY_Y-10-1-01,128,1.3488574181117532,-8.0,-8.0,-1205.0019267822724,-1205.8593448940255,,估计同步待核验
XY_Y-10-1-01,129,1.3586531791907515,-8.0,-8.0,-1206.0,-1207.0,,估计同步待核验
XY_Y-10-1-01,130,1.3684489402697495,-9.0,-7.0,-1213.0,-1214.0,,估计同步待核验
XY_Y-10-1-01,131,1.3782447013487475,-7.0,-8.0,-1220.0,-1221.0,,估计同步待核验
XY_Y-10-1-01,132,1.3880404624277454,-9.0,-7.0,-1227.0,-1228.0,,估计同步待核验
XY_Y-10-1-01,133,1.3978362235067436,-7.0,-8.0,-1233.0,-1234.0,,估计同步待核验
XY_Y-10-1-01,134,1.4076319845857417,-9.0,-7.0,-1240.0,-1241.0,,估计同步待核验
XY_Y-10-1-01,135,1.4174277456647397,-7.0,-8.0,-1246.0,-1248.0,,估计同步待核验
XY_Y-10-1-01,136,1.4272235067437378,-9.0,-8.0,-1253.0,-1254.0,,估计同步待核验
XY_Y-10-1-01,137,1.437019267822736,-8.0,-8.0,-1259.0,-1260.0,,估计同步待核验
XY_Y-10-1-01,138,1.446815028901734,-8.0,-8.0,-1259.0,-1260.0,,估计同步待核验
XY_Y-10-1-01,139,1.4566107899807321,-8.0,-8.0,-1265.0,-1266.0,,估计同步待核验
XY_Y-10-1-01,140,1.46640655105973,-9.0,-8.0,-1272.0,-1273.0,,估计同步待核验
XY_Y-10-1-01,141,1.4762023121387282,-7.0,-8.0,-1277.0,-1278.0,,估计同步待核验
XY_Y-10-1-01,142,1.4859980732177263,-9.0,-8.0,-1284.0,-1284.0,,估计同步待核验
XY_Y-10-1-01,143,1.4957938342967243,-7.0,-8.0,-1289.0,-1290.0,,估计同步待核验
XY_Y-10-1-01,144,1.5055895953757223,-9.0,-8.0,-1295.0,-1296.0,,估计同步待核验
XY_Y-10-1-01,145,1.5153853564547206,-7.0,-8.0,-1300.0,-1301.0,,估计同步待核验
XY_Y-10-1-01,146,1.5251811175337187,-9.0,-8.0,-1306.0,-1307.0,,估计同步待核验
XY_Y-10-1-01,147,1.5349768786127167,-9.0,-8.0,-1306.0,-1307.0,,估计同步待核验
XY_Y-10-1-01,148,1.5447726396917147,-7.0,-8.0,-1311.0,-1312.0,,估计同步待核验
XY_Y-10-1-01,149,1.5545684007707128,-8.0,-8.0,-1316.0,-1318.0,,估计同步待核验
XY_Y-10-1-01,150,1.5643641618497108,-8.0,-8.0,-1321.0,-1322.0,,估计同步待核验
XY_Y-10-1-01,151,1.5741599229287089,-7.0,-8.0,-1325.0,-1327.0,,估计同步待核验
XY_Y-10-1-01,152,1.583955684007707,-9.0,-8.0,-1330.0,-1331.0,,估计同步待核验
XY_Y-10-1-01,153,1.5937514450867052,-7.0,-9.0,-1335.0,-1336.0,,估计同步待核验
XY_Y-10-1-01,154,1.6035472061657032,-9.0,-8.0,-1339.0,-1340.0,,估计同步待核验
XY_Y-10-1-01,155,1.6133429672447013,-7.0,-8.0,-1343.0,-1345.0,,估计同步待核验
XY_Y-10-1-01,156,1.6231387283236993,-7.277456647398613,-8.0,-1343.6936416184965,-1345.5549132947972,,估计同步待核验
XY_Y-10-1-01,157,1.6329344894026974,-9.0,-8.0,-1348.0,-1349.0,,估计同步待核验
XY_Y-10-1-01,158,1.6427302504816954,-7.0,-8.0,-1352.0,-1353.0,,估计同步待核验
XY_Y-10-1-01,159,1.6525260115606935,-8.0,-8.0,-1356.0,-1357.0,,估计同步待核验
XY_Y-10-1-01,160,1.6623217726396915,-8.0,-8.0,-1360.0,-1361.0,,估计同步待核验
XY_Y-10-1-01,161,1.6721175337186898,-8.0,-8.0,-1364.0,-1365.0,,估计同步待核验
XY_Y-10-1-01,162,1.6819132947976878,-9.0,-8.0,-1367.0,-1369.0,,估计同步待核验
XY_Y-10-1-01,163,1.6917090558766859,-7.0,-8.0,-1371.0,-1372.0,,估计同步待核验
XY_Y-10-1-01,164,1.701504816955684,-9.0,-8.0,-1374.0,-1375.0,,估计同步待核验
XY_Y-10-1-01,165,1.711300578034682,-8.098265895954308,-8.0,-1374.9017341040458,-1375.9017341040458,,估计同步待核验
XY_Y-10-1-01,166,1.72109633911368,-6.0,-8.0,-1377.0,-1378.0,,估计同步待核验
XY_Y-10-1-01,167,1.730892100192678,-9.0,-8.0,-1380.0,-1382.0,,估计同步待核验
XY_Y-10-1-01,168,1.740687861271676,-6.0,-8.0,-1382.0,-1384.0,,估计同步待核验
XY_Y-10-1-01,169,1.7504836223506741,-9.0,-8.0,-1385.0,-1387.0,,估计同步待核验
XY_Y-10-1-01,170,1.7602793834296724,-7.0,-8.0,-1388.0,-1390.0,,估计同步待核验
XY_Y-10-1-01,171,1.7700751445086704,-8.0,-8.0,-1391.0,-1393.0,,估计同步待核验
XY_Y-10-1-01,172,1.7798709055876685,-8.0,-8.0,-1393.0,-1395.0,,估计同步待核验
XY_Y-10-1-01,173,1.7896666666666665,-8.0,-8.0,-1395.0,-1397.0,,估计同步待核验
XY_Y-10-1-01,174,1.7994624277456646,-8.462427745664577,-8.0,-1395.9248554913293,-1397.9248554913293,,估计同步待核验
XY_Y-10-1-01,175,1.8092581888246626,-9.0,-8.0,-1397.0,-1399.0,,估计同步待核验
XY_Y-10-1-01,176,1.8190539499036606,-7.0,-8.0,-1399.0,-1401.0,,估计同步待核验
XY_Y-10-1-01,177,1.8288497109826587,-9.0,-8.0,-1402.0,-1403.0,,估计同步待核验
XY_Y-10-1-01,178,1.838645472061657,-7.0,-8.0,-1404.0,-1405.0,,估计同步待核验
XY_Y-10-1-01,179,1.848441233140655,-9.0,-8.0,-1406.0,-1407.0,,估计同步待核验
XY_Y-10-1-01,180,1.858236994219653,-7.0,-8.0,-1407.0,-1408.0,,估计同步待核验
XY_Y-10-1-01,181,1.868032755298651,-9.0,-8.0,-1409.0,-1410.0,,估计同步待核验
XY_Y-10-1-01,182,1.8778285163776491,-8.0,-8.0,-1410.0,-1411.0,,估计同步待核验
XY_Y-10-1-01,183,1.8876242774566472,-8.0,-8.0,-1410.6242774566472,-1411.6242774566472,,估计同步待核验
XY_Y-10-1-01,184,1.8974200385356452,-8.0,-8.0,-1411.0,-1412.0,,估计同步待核验
XY_Y-10-1-01,185,1.9072157996146433,-9.0,-8.0,-1412.0,-1414.0,,估计同步待核验
XY_Y-10-1-01,186,1.9170115606936415,-7.0,-8.0,-1413.0,-1415.0,,估计同步待核验
XY_Y-10-1-01,187,1.9268073217726396,-9.0,-8.0,-1415.0,-1416.0,,估计同步待核验
XY_Y-10-1-01,188,1.9366030828516376,-7.0,-8.0,-1416.0,-1417.0,,估计同步待核验
XY_Y-10-1-01,189,1.9463988439306357,-9.0,-8.0,-1417.0,-1418.0,,估计同步待核验
XY_Y-10-1-01,190,1.956194605009634,-7.0,-8.0,-1417.0,-1419.0,,估计同步待核验
XY_Y-10-1-01,191,1.9659903660886318,-9.0,-8.0,-1418.0,-1420.0,,估计同步待核验
XY_Y-10-1-01,192,1.9757861271676298,-8.2138728323702,-8.0,-1418.7861271676297,-1420.0,,估计同步待核验
XY_Y-10-1-01,193,1.9855818882466278,-8.0,-8.0,-1419.0,-1420.0,,估计同步待核验
XY_Y-10-1-01,194,1.9953776493256261,-8.0,-8.0,-1419.0,-1421.0,,估计同步待核验
XY_Y-10-1-01,195,2.005173410404624,-9.0,-8.0,-1420.0,-1421.0,,估计同步待核验
XY_Y-10-1-01,196,2.014969171483622,-7.0,-8.0,-1420.0,-1422.0,,估计同步待核验
XY_Y-10-1-01,197,2.0247649325626202,-9.0,-8.0,-1421.0,-1422.0,,估计同步待核验
XY_Y-10-1-01,198,2.0345606936416183,-7.0,-8.0,-1421.0,-1423.0,,估计同步待核验
XY_Y-10-1-01,199,2.0443564547206163,-9.0,-8.0,-1422.0,-1423.0,,估计同步待核验
XY_Y-10-1-01,200,2.054152215799615,-7.0,-8.0,-1422.0,-1424.0,,估计同步待核验
XY_Y-10-1-01,201,2.063947976878613,-8.895953757225609,-8.0,-1422.0,-1424.0,,估计同步待核验
XY_Y-10-1-01,202,2.073743737957611,-9.0,-8.0,-1422.0,-1424.0,,估计同步待核验
XY_Y-10-1-01,203,2.083539499036609,-7.0,-8.0,-1422.0,-1423.0,,估计同步待核验
XY_Y-10-1-01,204,2.093335260115607,-9.0,-8.0,-1422.0,-1423.0,,估计同步待核验
XY_Y-10-1-01,205,2.103131021194605,-8.0,-8.0,-1422.0,-1423.0,,估计同步待核验
XY_Y-10-1-01,206,2.112926782273603,-8.0,-8.0,-1422.0,-1423.0,,估计同步待核验
XY_Y-10-1-01,207,2.122722543352601,-9.0,-8.0,-1422.0,-1423.0,,估计同步待核验
XY_Y-10-1-01,208,2.1325183044315996,-7.0,-8.0,-1422.0,-1423.0,,估计同步待核验
XY_Y-10-1-01,209,2.1423140655105977,-9.0,-7.0,-1422.0,-1423.0,,估计同步待核验
XY_Y-10-1-01,210,2.1521098265895957,-7.0,-8.0,-1421.0,-1423.0,,估计同步待核验
XY_Y-10-1-01,211,2.1619055876685938,-7.0,-8.0,-1421.0,-1423.0,,估计同步待核验
XY_Y-10-1-01,212,2.1717013487475914,-9.0,-7.0,-1422.0,-1423.0,,估计同步待核验
XY_Y-10-1-01,213,2.1814971098265894,-7.0,-8.0,-1421.0,-1423.0,,估计同步待核验
XY_Y-10-1-01,214,2.1912928709055874,-9.0,-7.0,-1421.0,-1423.0,,估计同步待核验
XY_Y-10-1-01,215,2.2010886319845855,-8.0,-8.0,-1421.0,-1422.0,,估计同步待核验
XY_Y-10-1-01,216,2.2108843930635835,-8.0,-8.0,-1421.0,-1422.0,,估计同步待核验
XY_Y-10-1-01,217,2.220680154142582,-9.0,-8.0,-1421.0,-1422.0,,估计同步待核验
XY_Y-10-1-01,218,2.23047591522158,-8.0,-8.0,-1420.0,-1422.0,,估计同步待核验
XY_Y-10-1-01,219,2.240271676300578,-9.0,-8.0,-1420.0,-1422.0,,估计同步待核验
XY_Y-10-1-01,220,2.250067437379576,-8.865125240847682,-8.0,-1420.0,-1421.9325626204238,,估计同步待核验
XY_Y-10-1-01,221,2.259863198458574,-7.0,-8.0,-1420.0,-1421.0,,估计同步待核验
XY_Y-10-1-01,222,2.2696589595375722,-10.0,-8.0,-1420.0,-1421.0,,估计同步待核验
XY_Y-10-1-01,223,2.2794547206165703,-7.0,-8.0,-1419.0,-1420.0,,估计同步待核验
XY_Y-10-1-01,224,2.2892504816955683,-9.0,-8.0,-1419.0,-1420.0,,估计同步待核验
XY_Y-10-1-01,225,2.299046242774567,-7.0,-8.0,-1418.0,-1419.0,,估计同步待核验
XY_Y-10-1-01,226,2.308842003853565,-9.0,-8.0,-1418.0,-1419.0,,估计同步待核验
XY_Y-10-1-01,227,2.318637764932563,-8.0,-8.0,-1418.0,-1418.0,,估计同步待核验
XY_Y-10-1-01,228,2.328433526011561,-8.0,-8.0,-1417.0,-1418.0,,估计同步待核验
XY_Y-10-1-01,229,2.3382292870905586,-8.229287090558497,-8.0,-1417.0,-1418.0,,估计同步待核验
XY_Y-10-1-01,230,2.3480250481695566,-9.0,-8.0,-1417.0,-1418.0,,估计同步待核验
XY_Y-10-1-01,231,2.3578208092485546,-7.0,-8.0,-1416.0,-1418.0,,估计同步待核验
XY_Y-10-1-01,232,2.3676165703275527,-9.0,-8.0,-1417.0,-1418.0,,估计同步待核验
XY_Y-10-1-01,233,2.377412331406551,-7.0,-8.0,-1416.0,-1418.0,,估计同步待核验
XY_Y-10-1-01,234,2.387208092485549,-9.0,-8.0,-1416.0,-1418.0,,估计同步待核验
XY_Y-10-1-01,235,2.3970038535645473,-7.0,-8.0,-1416.0,-1417.0,,估计同步待核验
XY_Y-10-1-01,236,2.4067996146435453,-9.0,-8.0,-1416.0,-1417.0,,估计同步待核验
XY_Y-10-1-01,237,2.4165953757225433,-8.0,-8.0,-1416.0,-1416.0,,估计同步待核验
XY_Y-10-1-01,238,2.4263911368015414,-8.0,-8.0,-1415.6088631984587,-1416.0,,估计同步待核验
XY_Y-10-1-01,239,2.4361868978805394,-8.0,-8.0,-1415.0,-1416.0,,估计同步待核验
XY_Y-10-1-01,240,2.4459826589595375,-8.0,-8.0,-1415.0,-1416.0,,估计同步待核验
XY_Y-10-1-01,241,2.455778420038536,-7.0,-8.0,-1415.0,-1416.0,,估计同步待核验
XY_Y-10-1-01,242,2.465574181117534,-9.0,-7.0,-1415.0,-1416.0,,估计同步待核验
XY_Y-10-1-01,243,2.475369942196532,-7.0,-8.0,-1414.0,-1415.0,,估计同步待核验
XY_Y-10-1-01,244,2.48516570327553,-9.0,-7.0,-1414.0,-1415.0,,估计同步待核验
XY_Y-10-1-01,245,2.494961464354528,-7.0,-8.0,-1414.0,-1415.0,,估计同步待核验
XY_Y-10-1-01,246,2.5047572254335257,-9.0,-7.0,-1414.0,-1415.0,,估计同步待核验
XY_Y-10-1-01,247,2.514552986512524,-8.447013487476184,-7.552986512523816,-1414.0,-1415.0,,估计同步待核验
XY_Y-10-1-01,248,2.524348747591522,-8.0,-8.0,-1414.0,-1415.0,,估计同步待核验
XY_Y-10-1-01,249,2.5341445086705203,-9.0,-8.0,-1414.0,-1415.0,,估计同步待核验
XY_Y-10-1-01,250,2.5439402697495184,-8.0,-8.0,-1414.0,-1415.0,,估计同步待核验
XY_Y-10-1-01,251,2.5537360308285164,-8.0,-8.0,-1414.0,-1415.0,,估计同步待核验
XY_Y-10-1-01,252,2.5635317919075145,-9.0,-8.0,-1414.0,-1415.0,,估计同步待核验
XY_Y-10-1-01,253,2.5733275529865125,-7.0,-8.0,-1413.0,-1415.0,,估计同步待核验
XY_Y-10-1-01,254,2.5831233140655105,-9.0,-8.0,-1414.0,-1415.0,,估计同步待核验
XY_Y-10-1-01,255,2.5929190751445086,-7.0,-8.0,-1413.0,-1414.0,,估计同步待核验
XY_Y-10-1-01,256,2.6027148362235066,-8.429672447013052,-8.0,-1413.0,-1414.7148362235066,,估计同步待核验
XY_Y-10-1-01,257,2.612510597302505,-9.0,-8.0,-1413.0,-1415.0,,估计同步待核验
XY_Y-10-1-01,258,2.622306358381503,-7.0,-8.0,-1413.0,-1414.0,,估计同步待核验
XY_Y-10-1-01,259,2.632102119460501,-9.0,-8.0,-1413.0,-1414.0,,估计同步待核验
XY_Y-10-1-01,260,2.6418978805394993,-8.0,-8.0,-1412.0,-1414.0,,估计同步待核验
XY_Y-10-1-01,261,2.6516936416184973,-8.0,-8.0,-1412.0,-1414.0,,估计同步待核验
XY_Y-10-1-01,262,2.6614894026974953,-8.0,-8.0,-1412.0,-1414.0,,估计同步待核验
XY_Y-10-1-01,263,2.671285163776493,-7.0,-8.0,-1412.0,-1414.0,,估计同步待核验
XY_Y-10-1-01,264,2.681080924855491,-9.0,-7.0,-1412.0,-1414.0,,估计同步待核验
XY_Y-10-1-01,265,2.6908766859344895,-7.246628131020747,-7.876685934489626,-1412.0,-1414.0,,估计同步待核验
XY_Y-10-1-01,266,2.7006724470134875,-7.0,-8.0,-1412.0,-1414.0,,估计同步待核验
XY_Y-10-1-01,267,2.7104682080924856,-10.0,-8.0,-1412.0,-1414.0,,估计同步待核验
XY_Y-10-1-01,268,2.7202639691714836,-7.0,-8.0,-1412.0,-1413.0,,估计同步待核验
XY_Y-10-1-01,269,2.7300597302504817,-9.0,-8.0,-1412.0,-1413.0,,估计同步待核验
XY_Y-10-1-01,270,2.7398554913294797,-7.0,-8.0,-1412.0,-1413.0,,估计同步待核验
XY_Y-10-1-01,271,2.7496512524084777,-8.0,-8.0,-1412.0,-1413.0,,估计同步待核验
XY_Y-10-1-01,272,2.759447013487476,-9.0,-8.0,-1411.0,-1413.0,,估计同步待核验
XY_Y-10-1-01,273,2.769242774566474,-8.0,-8.0,-1411.0,-1413.0,,估计同步待核验
XY_Y-10-1-01,274,2.7790385356454723,-9.0,-8.0,-1411.0,-1413.0,,估计同步待核验
XY_Y-10-1-01,275,2.7888342967244704,-9.0,-8.0,-1411.0,-1413.0,,估计同步待核验
XY_Y-10-1-01,276,2.7986300578034684,-7.0,-8.0,-1410.0,-1413.0,,估计同步待核验
XY_Y-10-1-01,277,2.8084258188824665,-9.0,-8.0,-1411.0,-1413.0,,估计同步待核验
XY_Y-10-1-01,278,2.8182215799614645,-7.0,-8.0,-1410.0,-1412.0,,估计同步待核验
XY_Y-10-1-01,279,2.8280173410404625,-9.0,-8.0,-1410.0,-1412.0,,估计同步待核验
XY_Y-10-1-01,280,2.83781310211946,-7.0,-8.0,-1410.0,-1412.0,,估计同步待核验
XY_Y-10-1-01,281,2.847608863198458,-9.0,-8.0,-1410.0,-1412.0,,估计同步待核验
XY_Y-10-1-01,282,2.8574046242774567,-8.0,-8.0,-1410.0,-1411.0,,估计同步待核验
XY_Y-10-1-01,283,2.8672003853564547,-8.0,-8.0,-1410.0,-1411.0,,估计同步待核验
XY_Y-10-1-01,284,2.8769961464354528,-8.0,-8.0,-1410.0,-1411.0,,估计同步待核验
XY_Y-10-1-01,285,2.886791907514451,-9.0,-8.0,-1410.0,-1411.0,,估计同步待核验
XY_Y-10-1-01,286,2.896587668593449,-7.0,-8.0,-1409.0,-1411.0,,估计同步待核验
XY_Y-10-1-01,287,2.906383429672447,-9.0,-8.0,-1409.0,-1410.0,,估计同步待核验
XY_Y-10-1-01,288,2.916179190751445,-7.0,-8.0,-1408.0,-1410.0,,估计同步待核验
XY_Y-10-1-01,289,2.925974951830443,-9.0,-8.0,-1408.0,-1410.0,,估计同步待核验
XY_Y-10-1-01,290,2.9357707129094415,-7.0,-8.0,-1408.0,-1410.0,,估计同步待核验
XY_Y-10-1-01,291,2.9455664739884395,-9.0,-7.0,-1408.0,-1410.0,,估计同步待核验
XY_Y-10-1-01,292,2.9553622350674376,-7.0,-8.0,-1408.0,-1410.0,,估计同步待核验
XY_Y-10-1-01,293,2.9651579961464356,-7.157996146435694,-8.0,-1408.0,-1409.8420038535644,,估计同步待核验
XY_Y-10-1-01,294,2.9749537572254336,-8.0,-8.0,-1408.0,-1409.0,,估计同步待核验
XY_Y-10-1-01,295,2.9847495183044317,-8.0,-8.0,-1408.0,-1409.0,,估计同步待核验
XY_Y-10-1-01,296,2.9945452793834297,-8.0,-8.0,-1408.0,-1409.0,,估计同步待核验
XY_Y-10-1-01,297,3.0043410404624273,-9.0,-8.0,-1408.0,-1409.0,,估计同步待核验
XY_Y-10-1-01,298,3.014136801541426,-7.0,-8.0,-1407.0,-1408.0,,估计同步待核验
XY_Y-10-1-01,299,3.023932562620424,-9.0,-7.0,-1408.0,-1408.0,,估计同步待核验
XY_Y-10-1-01,300,3.033728323699422,-7.0,-8.0,-1408.0,-1408.0,,估计同步待核验
XY_Y-10-1-01,301,3.04352408477842,-9.0,-8.0,-1408.0,-1408.0,,估计同步待核验
XY_Y-10-1-01,302,3.053319845857418,-8.360308285163796,-8.0,-1407.6801541425818,-1408.0,,估计同步待核验
XY_Y-10-1-01,303,3.063115606936416,-7.0,-8.0,-1407.0,-1408.0,,估计同步待核验
XY_Y-10-1-01,304,3.072911368015414,-9.0,-8.0,-1407.0,-1408.0,,估计同步待核验
XY_Y-10-1-01,305,3.082707129094412,-8.0,-8.0,-1407.0,-1408.0,,估计同步待核验
XY_Y-10-1-01,306,3.0925028901734106,-8.0,-8.0,-1406.0,-1408.0,,估计同步待核验
XY_Y-10-1-01,307,3.1022986512524087,-9.0,-7.0,-1407.0,-1408.0,,估计同步待核验
XY_Y-10-1-01,308,3.1120944123314067,-7.0,-8.0,-1406.0,-1408.0,,估计同步待核验
XY_Y-10-1-01,309,3.1218901734104048,-9.0,-7.0,-1407.0,-1408.0,,估计同步待核验
XY_Y-10-1-01,310,3.131685934489403,-7.0,-8.0,-1406.0,-1408.0,,估计同步待核验
XY_Y-10-1-01,311,3.141481695568401,-7.963391136801768,-8.0,-1406.481695568401,-1408.0,,估计同步待核验
XY_Y-10-1-01,312,3.151277456647399,-9.0,-8.0,-1407.0,-1408.0,,估计同步待核验
XY_Y-10-1-01,313,3.161073217726397,-7.0,-8.0,-1406.0,-1408.0,,估计同步待核验
XY_Y-10-1-01,314,3.170868978805395,-9.0,-8.0,-1407.0,-1408.0,,估计同步待核验
XY_Y-10-1-01,315,3.180664739884393,-8.0,-8.0,-1407.0,-1408.0,,估计同步待核验
XY_Y-10-1-01,316,3.190460500963391,-8.0,-8.0,-1406.0,-1408.0,,估计同步待核验
XY_Y-10-1-01,317,3.200256262042389,-8.0,-8.0,-1407.0,-1408.0,,估计同步待核验
XY_Y-10-1-01,318,3.210052023121387,-7.0,-8.0,-1406.0,-1408.0,,估计同步待核验
XY_Y-10-1-01,319,3.219847784200385,-9.0,-8.0,-1407.0,-1408.0,,估计同步待核验
XY_Y-10-1-01,320,3.2296435452793832,-7.712909441233556,-8.0,-1407.0,-1408.0,,估计同步待核验
XY_Y-10-1-01,321,3.2394393063583813,-7.0,-8.0,-1407.0,-1408.0,,估计同步待核验
XY_Y-10-1-01,322,3.2492350674373798,-9.0,-8.0,-1407.0,-1409.0,,估计同步待核验
XY_Y-10-1-01,323,3.259030828516378,-7.0,-8.0,-1407.0,-1409.0,,估计同步待核验
XY_Y-10-1-01,324,3.268826589595376,-9.0,-8.0,-1408.0,-1409.0,,估计同步待核验
XY_Y-10-1-01,325,3.278622350674374,-7.0,-8.0,-1408.0,-1410.0,,估计同步待核验
XY_Y-10-1-01,326,3.288418111753372,-9.0,-8.0,-1408.0,-1410.0,,估计同步待核验
XY_Y-10-1-01,327,3.29821387283237,-8.0,-8.0,-1409.0,-1410.0,,估计同步待核验
XY_Y-10-1-01,328,3.308009633911368,-8.0,-8.0,-1408.0,-1410.0,,估计同步待核验
XY_Y-10-1-01,329,3.317805394990366,-8.805394990366004,-8.0,-1408.805394990366,-1410.0,,估计同步待核验
XY_Y-10-1-01,330,3.327601156069364,-9.0,-8.0,-1409.0,-1410.0,,估计同步待核验
XY_Y-10-1-01,331,3.337396917148362,-7.0,-8.0,-1409.0,-1410.0,,估计同步待核验
XY_Y-10-1-01,332,3.34719267822736,-9.0,-8.0,-1409.0,-1410.0,,估计同步待核验
XY_Y-10-1-01,333,3.3569884393063583,-7.0,-8.0,-1409.0,-1410.0,,估计同步待核验
XY_Y-10-1-01,334,3.3667842003853563,-9.0,-8.0,-1409.0,-1410.0,,估计同步待核验
XY_Y-10-1-01,335,3.3765799614643544,-7.0,-8.0,-1409.0,-1410.0,,估计同步待核验
XY_Y-10-1-01,336,3.3863757225433524,-9.0,-8.0,-1410.0,-1411.0,,估计同步待核验
XY_Y-10-1-01,337,3.3961714836223504,-8.0,-8.0,-1410.0,-1411.0,,估计同步待核验
XY_Y-10-1-01,338,3.4059672447013485,-8.0,-8.0,-1410.0,-1411.0,,估计同步待核验
XY_Y-10-1-01,339,3.415763005780347,-8.0,-8.0,-1410.0,-1411.0,,估计同步待核验
XY_Y-10-1-01,340,3.425558766859345,-8.0,-8.0,-1410.0,-1411.0,,估计同步待核验
XY_Y-10-1-01,341,3.435354527938343,-7.0,-8.0,-1410.0,-1411.0,,估计同步待核验
XY_Y-10-1-01,342,3.445150289017341,-9.0,-8.0,-1410.0,-1411.0,,估计同步待核验
XY_Y-10-1-01,343,3.454946050096339,-7.0,-8.0,-1410.0,-1411.0,,估计同步待核验
XY_Y-10-1-01,344,3.464741811175337,-9.0,-8.0,-1411.0,-1411.0,,估计同步待核验
XY_Y-10-1-01,345,3.4745375722543352,-7.0,-8.0,-1410.0,-1412.0,,估计同步待核验
XY_Y-10-1-01,346,3.4843333333333333,-9.0,-8.0,-1411.0,-1412.0,,估计同步待核验
XY_Y-10-1-01,347,3.4941290944123313,-8.0,-8.0,-1411.0,-1412.0,,估计同步待核验
XY_Y-10-1-01,348,3.5039248554913294,-8.0,-8.0,-1411.0,-1412.0,,估计同步待核验
XY_Y-10-1-01,349,3.5137206165703274,-9.0,-8.0,-1411.0,-1412.0,,估计同步待核验
XY_Y-10-1-01,350,3.5235163776493255,-8.0,-8.0,-1411.0,-1412.0,,估计同步待核验
XY_Y-10-1-01,351,3.5333121387283235,-8.0,-8.0,-1411.0,-1412.0,,估计同步待核验
XY_Y-10-1-01,352,3.5431078998073215,-9.0,-8.0,-1411.0,-1412.0,,估计同步待核验
XY_Y-10-1-01,353,3.5529036608863196,-7.0,-9.0,-1411.0,-1412.0,,估计同步待核验
XY_Y-10-1-01,354,3.5626994219653176,-9.0,-8.0,-1411.0,-1412.0,,估计同步待核验
XY_Y-10-1-01,355,3.572495183044316,-7.0,-8.0,-1410.0,-1412.0,,估计同步待核验
XY_Y-10-1-01,356,3.582290944123314,-9.0,-8.0,-1410.0,-1412.0,,估计同步待核验
XY_Y-10-1-01,357,3.592086705202312,-8.826589595375717,-8.0,-1410.0,-1412.0,,估计同步待核验
XY_Y-10-1-01,358,3.6018824662813103,-7.0,-8.0,-1410.0,-1412.0,,估计同步待核验
XY_Y-10-1-01,359,3.6116782273603083,-9.0,-8.0,-1411.0,-1412.0,,估计同步待核验
XY_Y-10-1-01,360,3.6214739884393063,-8.0,-8.0,-1411.0,-1412.0,,估计同步待核验
XY_Y-10-1-01,361,3.6312697495183044,-8.0,-8.0,-1411.0,-1412.0,,估计同步待核验
XY_Y-10-1-01,362,3.6410655105973024,-8.0,-8.0,-1411.0,-1412.0,,估计同步待核验
XY_Y-10-1-01,363,3.650861271676301,-7.0,-8.0,-1410.0,-1412.0,,估计同步待核验
XY_Y-10-1-01,364,3.6606570327552985,-9.0,-8.0,-1411.0,-1412.0,,估计同步待核验
XY_Y-10-1-01,365,3.6704527938342966,-7.0,-9.0,-1410.0,-1412.0,,估计同步待核验
XY_Y-10-1-01,366,3.6802485549132946,-7.497109826588959,-8.751445086705521,-1410.2485549132946,-1412.0,,估计同步待核验
XY_Y-10-1-01,367,3.6900443159922927,-9.0,-8.0,-1411.0,-1412.0,,估计同步待核验
XY_Y-10-1-01,368,3.6998400770712907,-7.0,-8.0,-1410.0,-1412.0,,估计同步待核验
XY_Y-10-1-01,369,3.7096358381502887,-9.0,-8.0,-1411.0,-1412.0,,估计同步待核验
XY_Y-10-1-01,370,3.719431599229287,-8.0,-8.0,-1410.0,-1411.0,,估计同步待核验
XY_Y-10-1-01,371,3.7292273603082853,-9.0,-8.0,-1410.0,-1411.0,,估计同步待核验
XY_Y-10-1-01,372,3.7390231213872833,-8.0,-8.0,-1410.0,-1411.0,,估计同步待核验
XY_Y-10-1-01,373,3.7488188824662814,-8.0,-8.0,-1409.0,-1411.0,,估计同步待核验
XY_Y-10-1-01,374,3.7586146435452794,-9.0,-8.0,-1410.0,-1411.0,,估计同步待核验
XY_Y-10-1-01,375,3.7684104046242775,-8.179190751444953,-8.0,-1409.5895953757224,-1411.0,,估计同步待核验
XY_Y-10-1-01,376,3.7782061657032755,-7.0,-8.0,-1409.0,-1411.0,,估计同步待核验
XY_Y-10-1-01,377,3.7880019267822735,-9.0,-7.0,-1410.0,-1412.0,,估计同步待核验
XY_Y-10-1-01,378,3.7977976878612716,-7.0,-8.0,-1410.0,-1411.0,,估计同步待核验
XY_Y-10-1-01,379,3.8075934489402696,-9.0,-8.0,-1410.0,-1411.0,,估计同步待核验
XY_Y-10-1-01,380,3.817389210019268,-7.0,-8.0,-1409.0,-1411.0,,估计同步待核验
XY_Y-10-1-01,381,3.8271849710982657,-9.0,-8.0,-1409.0,-1411.0,,估计同步待核验
XY_Y-10-1-01,382,3.8369807321772638,-7.0,-8.0,-1409.0,-1411.0,,估计同步待核验
XY_Y-10-1-01,383,3.846776493256262,-8.0,-8.0,-1409.0,-1411.0,,估计同步待核验
XY_Y-10-1-01,384,3.85657225433526,-8.0,-8.0,-1409.5722543352597,-1411.0,,估计同步待核验
XY_Y-10-1-01,385,3.866368015414258,-8.0,-8.0,-1410.0,-1411.0,,估计同步待核验
XY_Y-10-1-01,386,3.876163776493256,-7.0,-8.0,-1409.0,-1411.0,,估计同步待核验
XY_Y-10-1-01,387,3.885959537572254,-9.0,-7.0,-1410.0,-1411.0,,估计同步待核验
XY_Y-10-1-01,388,3.8957552986512525,-7.0,-8.0,-1409.0,-1411.0,,估计同步待核验
XY_Y-10-1-01,389,3.9055510597302505,-9.0,-7.0,-1410.0,-1411.0,,估计同步待核验
XY_Y-10-1-01,390,3.9153468208092486,-7.0,-8.0,-1410.0,-1411.0,,估计同步待核验
XY_Y-10-1-01,391,3.925142581888246,-9.0,-7.0,-1410.0,-1411.0,,估计同步待核验
XY_Y-10-1-01,392,3.9349383429672447,-8.0,-8.0,-1410.0,-1411.0,,估计同步待核验
XY_Y-10-1-01,393,3.944734104046243,-8.73410404624327,-8.0,-1410.0,-1411.0,,估计同步待核验
XY_Y-10-1-01,394,3.9545298651252407,-9.0,-8.0,-1410.0,-1411.0,,估计同步待核验
XY_Y-10-1-01,395,3.9643256262042392,-8.0,-7.0,-1410.0,-1411.0,,估计同步待核验
XY_Y-10-1-01,396,3.974121387283237,-8.0,-8.0,-1410.0,-1412.0,,估计同步待核验
XY_Y-10-1-01,397,3.9839171483622353,-9.0,-7.0,-1411.0,-1412.0,,估计同步待核验
XY_Y-10-1-01,398,3.993712909441233,-7.0,-8.0,-1410.0,-1412.0,,估计同步待核验
XY_Y-10-1-01,399,4.0035086705202305,-9.0,-8.0,-1411.0,-1411.0,,估计同步待核验
XY_Y-10-1-01,400,4.013304431599229,-6.0,-8.0,-1410.0,-1411.0,,估计同步待核验
XY_Y-10-1-01,401,4.023100192678227,-9.0,-8.0,-1411.0,-1411.0,,估计同步待核验
XY_Y-10-1-01,402,4.032895953757225,-7.208092485550468,-8.0,-1411.0,-1411.8959537572248,,估计同步待核验
XY_Y-10-1-01,403,4.042691714836223,-7.0,-8.0,-1411.0,-1412.0,,估计同步待核验
XY_Y-10-1-01,404,4.052487475915221,-9.0,-8.0,-1411.0,-1412.0,,估计同步待核验
XY_Y-10-1-01,405,4.062283236994219,-8.0,-8.0,-1411.0,-1412.0,,估计同步待核验
XY_Y-10-1-01,406,4.072078998073217,-8.0,-8.0,-1411.0,-1413.0,,估计同步待核验
XY_Y-10-1-01,407,4.081874759152215,-8.0,-8.0,-1412.0,-1413.0,,估计同步待核验
XY_Y-10-1-01,408,4.091670520231213,-7.0,-8.0,-1411.0,-1413.0,,估计同步待核验
XY_Y-10-1-01,409,4.101466281310212,-9.0,-7.0,-1412.0,-1413.0,,估计同步待核验
XY_Y-10-1-01,410,4.1112620423892094,-7.0,-8.0,-1412.0,-1413.0,,估计同步待核验
XY_Y-10-1-01,411,4.121057803468208,-9.0,-7.0,-1412.0,-1413.0,,估计同步待核验
XY_Y-10-1-01,412,4.1308535645472055,-9.0,-7.0,-1412.0,-1413.0,,估计同步待核验
XY_Y-10-1-01,413,4.140649325626204,-7.0,-8.0,-1412.0,-1413.0,,估计同步待核验
XY_Y-10-1-01,414,4.150445086705202,-9.0,-8.0,-1413.0,-1414.0,,估计同步待核验
XY_Y-10-1-01,415,4.1602408477842,-7.0,-8.0,-1413.0,-1414.0,,估计同步待核验
XY_Y-10-1-01,416,4.170036608863199,-8.0,-8.0,-1413.0,-1414.0,,估计同步待核验
XY_Y-10-1-01,417,4.179832369942196,-8.0,-8.0,-1413.0,-1414.0,,估计同步待核验
XY_Y-10-1-01,418,4.189628131021195,-8.0,-8.0,-1413.0,-1415.0,,估计同步待核验
XY_Y-10-1-01,419,4.199423892100192,-9.0,-8.0,-1414.0,-1415.0,,估计同步待核验
XY_Y-10-1-01,420,4.209219653179191,-7.0,-8.0,-1414.0,-1415.0,,估计同步待核验
XY_Y-10-1-01,421,4.219015414258188,-7.030828516376164,-8.0,-1414.015414258188,-1415.0,,估计同步待核验
XY_Y-10-1-01,422,4.228811175337187,-9.0,-8.0,-1415.0,-1415.0,,估计同步待核验
XY_Y-10-1-01,423,4.2386069364161845,-7.0,-8.0,-1414.0,-1415.0,,估计同步待核验
XY_Y-10-1-01,424,4.248402697495182,-9.0,-8.0,-1415.0,-1416.0,,估计同步待核验
XY_Y-10-1-01,425,4.258198458574181,-7.0,-8.0,-1414.0,-1416.0,,估计同步待核验
XY_Y-10-1-01,426,4.267994219653178,-9.0,-8.0,-1415.0,-1416.0,,估计同步待核验
XY_Y-10-1-01,427,4.277789980732177,-8.0,-8.0,-1415.0,-1416.0,,估计同步待核验
XY_Y-10-1-01,428,4.287585741811174,-8.0,-8.0,-1415.0,-1416.0,,估计同步待核验
XY_Y-10-1-01,429,4.297381502890173,-9.0,-8.0,-1415.0,-1416.0,,估计同步待核验
XY_Y-10-1-01,430,4.30717726396917,-8.645472061659904,-8.0,-1415.0,-1416.0,,估计同步待核验
XY_Y-10-1-01,431,4.316973025048169,-7.0,-8.0,-1415.0,-1416.0,,估计同步待核验
XY_Y-10-1-01,432,4.326768786127166,-9.0,-8.0,-1416.0,-1417.0,,估计同步待核验
XY_Y-10-1-01,433,4.336564547206165,-7.0,-8.0,-1416.0,-1417.0,,估计同步待核验
XY_Y-10-1-01,434,4.346360308285163,-9.0,-8.0,-1416.0,-1417.0,,估计同步待核验
XY_Y-10-1-01,435,4.356156069364161,-7.0,-8.0,-1416.0,-1417.0,,估计同步待核验
XY_Y-10-1-01,436,4.3659518304431595,-9.0,-8.0,-1416.0,-1417.0,,估计同步待核验
XY_Y-10-1-01,437,4.375747591522157,-8.0,-8.0,-1416.0,-1417.0,,估计同步待核验
XY_Y-10-1-01,438,4.385543352601156,-8.0,-8.0,-1417.0,-1418.0,,估计同步待核验
XY_Y-10-1-01,439,4.395339113680153,-8.0,-8.0,-1417.0,-1418.0,,估计同步待核验
XY_Y-10-1-01,440,4.405134874759152,-8.0,-8.0,-1417.0,-1418.0,,估计同步待核验
XY_Y-10-1-01,441,4.41493063583815,-7.0,-8.0,-1417.0,-1418.0,,估计同步待核验
XY_Y-10-1-01,442,4.424726396917148,-9.0,-8.0,-1417.0,-1418.0,,估计同步待核验
XY_Y-10-1-01,443,4.434522157996146,-7.0,-8.0,-1417.0,-1418.0,,估计同步待核验
XY_Y-10-1-01,444,4.444317919075144,-9.0,-8.0,-1417.0,-1418.0,,估计同步待核验
XY_Y-10-1-01,445,4.454113680154142,-7.0,-8.0,-1417.0,-1418.0,,估计同步待核验
XY_Y-10-1-01,446,4.46390944123314,-9.0,-8.0,-1417.0,-1418.0,,估计同步待核验
XY_Y-10-1-01,447,4.473705202312138,-7.0,-8.0,-1418.0,-1419.0,,估计同步待核验
XY_Y-10-1-01,448,4.483500963391136,-7.5009633911361995,-8.0,-1418.0,-1419.0,,估计同步待核验
XY_Y-10-1-01,449,4.4932967244701345,-8.0,-8.0,-1418.0,-1419.0,,估计同步待核验
XY_Y-10-1-01,450,4.503092485549133,-8.0,-8.0,-1418.0,-1419.0,,估计同步待核验
XY_Y-10-1-01,451,4.512888246628131,-8.0,-8.0,-1418.0,-1419.0,,估计同步待核验
XY_Y-10-1-01,452,4.522684007707129,-9.0,-8.0,-1418.0,-1419.0,,估计同步待核验
XY_Y-10-1-01,453,4.532479768786127,-7.0,-8.0,-1418.0,-1419.0,,估计同步待核验
XY_Y-10-1-01,454,4.542275529865125,-9.0,-7.0,-1419.0,-1420.0,,估计同步待核验
XY_Y-10-1-01,455,4.552071290944123,-7.0,-8.0,-1418.0,-1420.0,,估计同步待核验
XY_Y-10-1-01,456,4.561867052023121,-9.0,-8.0,-1419.0,-1420.0,,估计同步待核验
XY_Y-10-1-01,457,4.571662813102119,-7.674373795762181,-8.0,-1419.0,-1420.0,,估计同步待核验
XY_Y-10-1-01,458,4.5814585741811165,-7.0,-8.0,-1419.0,-1420.0,,估计同步待核验
XY_Y-10-1-01,459,4.591254335260115,-9.0,-8.0,-1419.0,-1420.0,,估计同步待核验
XY_Y-10-1-01,460,4.6010500963391125,-8.0,-8.0,-1419.0,-1420.0,,估计同步待核验
XY_Y-10-1-01,461,4.610845857418111,-9.0,-8.0,-1419.0,-1420.0,,估计同步待核验
XY_Y-10-1-01,462,4.620641618497109,-8.0,-8.0,-1419.0,-1420.0,,估计同步待核验
XY_Y-10-1-01,463,4.630437379576107,-8.0,-8.0,-1419.0,-1421.0,,估计同步待核验
XY_Y-10-1-01,464,4.640233140655105,-9.0,-8.0,-1420.0,-1421.0,,估计同步待核验
XY_Y-10-1-01,465,4.650028901734103,-7.0,-8.0,-1420.0,-1421.0,,估计同步待核验
XY_Y-10-1-01,466,4.659824662813102,-9.47398843930486,-8.0,-1420.0,-1421.8246628131017,,估计同步待核验
XY_Y-10-1-01,467,4.669620423892099,-10.0,-8.0,-1420.0,-1422.0,,估计同步待核验
XY_Y-10-1-01,468,4.679416184971098,-7.0,-8.0,-1420.0,-1422.0,,估计同步待核验
XY_Y-10-1-01,469,4.689211946050095,-9.0,-8.0,-1421.0,-1422.0,,估计同步待核验
XY_Y-10-1-01,470,4.699007707129094,-7.0,-8.0,-1421.0,-1422.0,,估计同步待核验
XY_Y-10-1-01,471,4.7088034682080915,-9.0,-8.0,-1421.0,-1422.0,,估计同步待核验
XY_Y-10-1-01,472,4.71859922928709,-8.0,-8.0,-1421.0,-1423.0,,估计同步待核验
XY_Y-10-1-01,473,4.7283949903660885,-8.0,-8.0,-1422.0,-1423.0,,估计同步待核验
XY_Y-10-1-01,474,4.738190751445086,-9.0,-8.0,-1422.0,-1423.0,,估计同步待核验
XY_Y-10-1-01,475,4.7479865125240845,-7.02697495183134,-8.0,-1422.0,-1423.0,,估计同步待核验
XY_Y-10-1-01,476,4.757782273603082,-7.0,-8.0,-1422.0,-1423.0,,估计同步待核验
XY_Y-10-1-01,477,4.767578034682081,-9.0,-7.0,-1423.0,-1423.0,,估计同步待核验
XY_Y-10-1-01,478,4.777373795761078,-7.0,-8.0,-1422.0,-1423.0,,估计同步待核验
XY_Y-10-1-01,479,4.787169556840077,-9.0,-8.0,-1423.0,-1423.0,,估计同步待核验
XY_Y-10-1-01,480,4.796965317919074,-7.0,-8.0,-1423.0,-1424.0,,估计同步待核验
XY_Y-10-1-01,481,4.806761078998073,-9.0,-8.0,-1424.0,-1424.0,,估计同步待核验
XY_Y-10-1-01,482,4.816556840077071,-8.0,-8.0,-1424.0,-1424.0,,估计同步待核验
XY_Y-10-1-01,483,4.826352601156069,-8.0,-8.0,-1424.0,-1425.0,,估计同步待核验
XY_Y-10-1-01,484,4.836148362235067,-9.0,-8.0,-1425.0,-1425.0,,估计同步待核验
XY_Y-10-1-01,485,4.845944123314065,-9.0,-8.0,-1425.0,-1425.0,,估计同步待核验
XY_Y-10-1-01,486,4.8557398843930635,-7.0,-8.0,-1425.0,-1425.0,,估计同步待核验
XY_Y-10-1-01,487,4.865535645472061,-9.0,-7.0,-1425.0,-1426.0,,估计同步待核验
XY_Y-10-1-01,488,4.87533140655106,-7.0,-8.0,-1425.0,-1426.0,,估计同步待核验
XY_Y-10-1-01,489,4.885127167630057,-9.0,-7.0,-1426.0,-1427.0,,估计同步待核验
XY_Y-10-1-01,490,4.894922928709056,-7.0,-8.0,-1426.0,-1427.0,,估计同步待核验
XY_Y-10-1-01,491,4.904718689788053,-9.0,-7.0,-1426.0,-1428.0,,估计同步待核验
XY_Y-10-1-01,492,4.914514450867051,-7.0,-8.0,-1426.0,-1428.0,,估计同步待核验
XY_Y-10-1-01,493,4.924310211946049,-8.0,-8.0,-1426.0,-1428.0,,估计同步待核验
XY_Y-10-1-01,494,4.934105973025047,-8.0,-8.0,-1426.0,-1428.0,,估计同步待核验
XY_Y-10-1-01,495,4.943901734104045,-8.0,-8.0,-1426.0,-1428.0,,估计同步待核验
XY_Y-10-1-01,496,4.953697495183043,-8.0,-8.0,-1426.0,-1427.0,,估计同步待核验
XY_Y-10-1-01,497,4.9634932562620415,-9.0,-8.0,-1427.0,-1428.0,,估计同步待核验
XY_Y-10-1-01,498,4.97328901734104,-7.0,-8.0,-1427.0,-1428.0,,估计同步待核验
XY_Y-10-1-01,499,4.983084778420038,-9.0,-7.0,-1427.0,-1428.0,,估计同步待核验
XY_Y-10-1-01,500,4.992880539499036,-7.0,-8.0,-1427.0,-1429.0,,估计同步待核验
XY_Y-10-1-01,501,5.002676300578034,-9.0,-7.0,-1427.0,-1429.0,,估计同步待核验
XY_Y-10-1-01,502,5.012472061657032,-7.0,-8.0,-1427.0,-1429.0,,估计同步待核验
XY_Y-10-1-01,503,5.02226782273603,-7.535645472059384,-8.0,-1427.2678227360298,-1429.0,,估计同步待核验
XY_Y-10-1-01,504,5.032063583815028,-9.0,-8.0,-1428.0,-1429.0,,估计同步待核验
XY_Y-10-1-01,505,5.041859344894026,-8.0,-8.0,-1428.0,-1429.0,,估计同步待核验
XY_Y-10-1-01,506,5.051655105973024,-8.0,-8.0,-1428.0,-1429.0,,估计同步待核验
XY_Y-10-1-01,507,5.061450867052023,-8.0,-8.0,-1428.0,-1429.0,,估计同步待核验
XY_Y-10-1-01,508,5.0712466281310205,-8.0,-8.0,-1428.0,-1430.0,,估计同步待核验
XY_Y-10-1-01,509,5.081042389210019,-9.0,-8.0,-1429.0,-1430.0,,估计同步待核验
XY_Y-10-1-01,510,5.0908381502890165,-7.0,-8.0,-1428.0,-1430.0,,估计同步待核验
XY_Y-10-1-01,511,5.100633911368015,-9.0,-8.0,-1429.0,-1430.0,,估计同步待核验
XY_Y-10-1-01,512,5.110429672447013,-8.140655105974908,-8.0,-1429.0,-1430.0,,估计同步待核验
XY_Y-10-1-01,513,5.120225433526011,-7.0,-8.0,-1429.0,-1430.0,,估计同步待核验
XY_Y-10-1-01,514,5.13002119460501,-9.0,-7.0,-1430.0,-1430.0,,估计同步待核验
XY_Y-10-1-01,515,5.139816955684007,-7.0,-8.0,-1430.0,-1431.0,,估计同步待核验
XY_Y-10-1-01,516,5.149612716763006,-9.0,-8.0,-1430.0,-1431.0,,估计同步待核验
XY_Y-10-1-01,517,5.159408477842003,-8.0,-7.0,-1430.0,-1431.0,,估计同步待核验
XY_Y-10-1-01,518,5.169204238921002,-8.0,-8.0,-1430.0,-1431.0,,估计同步待核验
XY_Y-10-1-01,519,5.178999999999999,-9.0,-7.0,-1430.0,-1431.0,,估计同步待核验
XY_Y-10-1-01,520,5.188795761078998,-7.0,-8.0,-1430.0,-1431.0,,估计同步待核验
XY_Y-10-1-01,521,5.1985915221579955,-8.1830443159908,-7.4084778420046,-1430.0,-1431.0,,估计同步待核验
XY_Y-10-1-01,522,5.208387283236994,-9.0,-7.0,-1430.0,-1431.0,,估计同步待核验
XY_Y-10-1-01,523,5.2181830443159924,-7.0,-8.0,-1430.0,-1431.0,,估计同步待核验
XY_Y-10-1-01,524,5.22797880539499,-9.0,-8.0,-1430.0,-1431.0,,估计同步待核验
XY_Y-10-1-01,525,5.237774566473988,-7.0,-8.0,-1430.0,-1431.0,,估计同步待核验
XY_Y-10-1-01,526,5.247570327552985,-9.0,-8.0,-1431.0,-1432.0,,估计同步待核验
XY_Y-10-1-01,527,5.257366088631984,-8.0,-8.0,-1431.0,-1432.0,,估计同步待核验
XY_Y-10-1-01,528,5.267161849710981,-8.0,-8.0,-1431.0,-1432.0,,估计同步待核验
XY_Y-10-1-01,529,5.27695761078998,-8.0,-8.0,-1431.0,-1432.0,,估计同步待核验
XY_Y-10-1-01,530,5.286753371868978,-7.246628131021526,-8.0,-1431.0,-1432.7533718689785,,估计同步待核验
XY_Y-10-1-01,531,5.296549132947976,-7.0,-8.0,-1431.0,-1433.0,,估计同步待核验
XY_Y-10-1-01,532,5.306344894026974,-9.0,-8.0,-1432.0,-1433.0,,估计同步待核验
XY_Y-10-1-01,533,5.316140655105972,-7.0,-8.0,-1431.0,-1433.0,,估计同步待核验
XY_Y-10-1-01,534,5.3259364161849705,-10.0,-8.0,-1432.0,-1433.0,,估计同步待核验
XY_Y-10-1-01,535,5.335732177263968,-7.0,-8.0,-1432.0,-1433.0,,估计同步待核验
XY_Y-10-1-01,536,5.345527938342967,-9.0,-8.0,-1432.0,-1433.0,,估计同步待核验
XY_Y-10-1-01,537,5.355323699421964,-8.0,-8.0,-1432.0,-1434.0,,估计同步待核验
XY_Y-10-1-01,538,5.365119460500963,-9.0,-8.0,-1432.0,-1434.0,,估计同步待核验
XY_Y-10-1-01,539,5.374915221579961,-8.084778420038816,-8.0,-1432.915221579961,-1434.915221579961,,估计同步待核验
XY_Y-10-1-01,540,5.384710982658959,-8.0,-8.0,-1433.0,-1435.0,,估计同步待核验
XY_Y-10-1-01,541,5.394506743737957,-8.0,-8.0,-1433.0,-1435.0,,估计同步待核验
XY_Y-10-1-01,542,5.404302504816955,-9.0,-7.0,-1433.0,-1435.0,,估计同步待核验
XY_Y-10-1-01,543,5.414098265895953,-7.0,-8.0,-1433.0,-1435.0,,估计同步待核验
XY_Y-10-1-01,544,5.423894026974951,-9.0,-7.0,-1434.0,-1435.0,,估计同步待核验
XY_Y-10-1-01,545,5.433689788053949,-7.0,-8.0,-1433.0,-1435.0,,估计同步待核验
XY_Y-10-1-01,546,5.443485549132947,-9.0,-7.0,-1434.0,-1435.0,,估计同步待核验
XY_Y-10-1-01,547,5.4532813102119455,-7.0,-8.0,-1434.0,-1435.0,,估计同步待核验
XY_Y-10-1-01,548,5.463077071290944,-9.0,-8.0,-1435.0,-1436.0,,估计同步待核验
XY_Y-10-1-01,549,5.472872832369942,-9.0,-8.0,-1435.0,-1436.0,,估计同步待核验
XY_Y-10-1-01,550,5.48266859344894,-8.0,-8.0,-1435.0,-1436.0,,估计同步待核验
XY_Y-10-1-01,551,5.492464354527938,-8.0,-8.0,-1435.0,-1436.0,,估计同步待核验
XY_Y-10-1-01,552,5.502260115606936,-9.0,-8.0,-1435.0,-1436.0,,估计同步待核验
XY_Y-10-1-01,553,5.512055876685934,-7.0,-8.0,-1435.0,-1436.0,,估计同步待核验
XY_Y-10-1-01,554,5.521851637764932,-9.0,-8.0,-1436.0,-1436.0,,估计同步待核验
XY_Y-10-1-01,555,5.531647398843931,-7.0,-8.0,-1436.0,-1437.0,,估计同步待核验
XY_Y-10-1-01,556,5.541443159922928,-9.0,-7.0,-1436.0,-1437.0,,估计同步待核验
XY_Y-10-1-01,557,5.551238921001927,-7.0,-8.0,-1436.0,-1437.0,,估计同步待核验
XY_Y-10-1-01,558,5.561034682080924,-7.069364161848972,-8.0,-1436.0,-1437.0346820809245,,估计同步待核验
XY_Y-10-1-01,559,5.570830443159922,-9.0,-8.0,-1436.0,-1438.0,,估计同步待核验
XY_Y-10-1-01,560,5.58062620423892,-7.0,-8.0,-1436.0,-1438.0,,估计同步待核验
XY_Y-10-1-01,561,5.590421965317918,-8.0,-8.0,-1436.0,-1438.0,,估计同步待核验
XY_Y-10-1-01,562,5.600217726396916,-8.0,-8.0,-1437.0,-1437.0,,估计同步待核验
XY_Y-10-1-01,563,5.610013487475914,-8.0,-8.0,-1437.0,-1437.0,,估计同步待核验
XY_Y-10-1-01,564,5.619809248554913,-9.0,-8.0,-1437.0,-1437.0,,估计同步待核验
XY_Y-10-1-01,565,5.62960500963391,-7.0,-8.0,-1437.0,-1437.0,,估计同步待核验
XY_Y-10-1-01,566,5.639400770712909,-9.0,-8.0,-1437.0,-1438.0,,估计同步待核验
XY_Y-10-1-01,567,5.649196531791906,-8.606936416187384,-8.0,-1437.0,-1438.0,,估计同步待核验
XY_Y-10-1-01,568,5.658992292870905,-7.0,-8.0,-1437.0,-1438.0,,估计同步待核验
XY_Y-10-1-01,569,5.6687880539499025,-9.0,-8.0,-1437.0,-1439.0,,估计同步待核验
XY_Y-10-1-01,570,5.678583815028901,-7.0,-8.0,-1437.0,-1439.0,,估计同步待核验
XY_Y-10-1-01,571,5.6883795761078995,-9.0,-8.0,-1438.0,-1439.0,,估计同步待核验
XY_Y-10-1-01,572,5.698175337186897,-8.0,-8.0,-1438.0,-1439.0,,估计同步待核验
XY_Y-10-1-01,573,5.7079710982658955,-8.0,-8.0,-1438.0,-1439.0,,估计同步待核验
XY_Y-10-1-01,574,5.717766859344893,-9.0,-8.0,-1438.0,-1439.0,,估计同步待核验
XY_Y-10-1-01,575,5.727562620423892,-7.0,-8.0,-1438.0,-1439.0,,估计同步待核验
XY_Y-10-1-01,576,5.737358381502889,-7.716763005778036,-7.641618497110982,-1438.358381502889,-1439.358381502889,,估计同步待核验
XY_Y-10-1-01,577,5.747154142581888,-9.0,-7.0,-1439.0,-1440.0,,估计同步待核验
XY_Y-10-1-01,578,5.756949903660885,-7.0,-8.0,-1438.0,-1440.0,,估计同步待核验
XY_Y-10-1-01,579,5.766745664739884,-9.0,-8.0,-1439.0,-1440.0,,估计同步待核验
XY_Y-10-1-01,580,5.776541425818882,-7.0,-8.0,-1439.0,-1440.0,,估计同步待核验
XY_Y-10-1-01,581,5.78633718689788,-9.0,-8.0,-1439.0,-1441.0,,估计同步待核验
XY_Y-10-1-01,582,5.796132947976878,-7.0,-8.0,-1439.0,-1441.0,,估计同步待核验
XY_Y-10-1-01,583,5.805928709055876,-8.0,-8.0,-1439.0,-1441.0,,估计同步待核验
XY_Y-10-1-01,584,5.8157244701348745,-8.0,-8.0,-1439.0,-1441.0,,估计同步待核验
XY_Y-10-1-01,585,5.825520231213872,-7.479768786127809,-8.0,-1439.0,-1441.0,,估计同步待核验
XY_Y-10-1-01,586,5.835315992292871,-7.0,-8.0,-1439.0,-1441.0,,估计同步待核验
XY_Y-10-1-01,587,5.845111753371869,-9.0,-8.0,-1439.0,-1441.0,,估计同步待核验
XY_Y-10-1-01,588,5.854907514450867,-7.0,-8.0,-1439.0,-1441.0,,估计同步待核验
XY_Y-10-1-01,589,5.864703275529865,-9.0,-7.0,-1440.0,-1441.0,,估计同步待核验
XY_Y-10-1-01,590,5.874499036608863,-7.0,-8.0,-1439.0,-1441.0,,估计同步待核验
XY_Y-10-1-01,591,5.884294797687861,-9.0,-8.0,-1440.0,-1441.0,,估计同步待核验
XY_Y-10-1-01,592,5.894090558766859,-7.0,-8.0,-1440.0,-1441.0,,估计同步待核验
XY_Y-10-1-01,593,5.903886319845856,-9.0,-8.0,-1440.0,-1441.0,,估计同步待核验
XY_Y-10-1-01,594,5.913682080924854,-8.317919075145843,-8.0,-1440.0,-1441.0,,估计同步待核验
XY_Y-10-1-01,595,5.9234778420038525,-8.0,-8.0,-1440.0,-1441.0,,估计同步待核验
XY_Y-10-1-01,596,5.933273603082851,-8.0,-8.0,-1440.0,-1441.0,,估计同步待核验
XY_Y-10-1-01,597,5.943069364161849,-9.0,-7.0,-1440.0,-1441.0,,估计同步待核验
XY_Y-10-1-01,598,5.952865125240847,-7.0,-8.0,-1440.0,-1442.0,,估计同步待核验
XY_Y-10-1-01,599,5.962660886319845,-9.0,-7.0,-1440.0,-1442.0,,估计同步待核验
XY_Y-10-1-01,600,5.972456647398843,-7.0,-8.0,-1440.0,-1441.0,,估计同步待核验
XY_Y-10-1-01,601,5.982252408477841,-9.0,-8.0,-1440.0,-1441.0,,估计同步待核验
XY_Y-10-1-01,602,5.992048169556839,-7.0,-8.0,-1440.0,-1441.0,,估计同步待核验
XY_Y-10-1-01,603,6.001843930635837,-8.687861271674022,-8.0,-1440.843930635837,-1441.0,,估计同步待核验
XY_Y-10-1-01,604,6.011639691714835,-9.0,-8.0,-1441.0,-1441.0,,估计同步待核验
XY_Y-10-1-01,605,6.021435452793834,-7.0,-8.0,-1441.0,-1442.0,,估计同步待核验
XY_Y-10-1-01,606,6.0312312138728315,-8.0,-8.0,-1441.0,-1442.0,,估计同步待核验
XY_Y-10-1-01,607,6.04102697495183,-8.0,-8.0,-1441.0,-1443.0,,估计同步待核验
XY_Y-10-1-01,608,6.0508227360308275,-8.0,-8.0,-1441.0,-1443.0,,估计同步待核验
XY_Y-10-1-01,609,6.060618497109826,-9.0,-7.0,-1442.0,-1443.0,,估计同步待核验
XY_Y-10-1-01,610,6.070414258188824,-7.0,-8.0,-1441.0,-1443.0,,估计同步待核验
XY_Y-10-1-01,611,6.080210019267822,-9.0,-7.0,-1442.0,-1443.0,,估计同步待核验
XY_Y-10-1-01,612,6.090005780346821,-7.0,-8.0,-1442.0,-1443.0,,估计同步待核验
XY_Y-10-1-01,613,6.099801541425818,-7.0,-8.0,-1442.0,-1443.0,,估计同步待核验
XY_Y-10-1-01,614,6.109597302504817,-9.0,-8.0,-1442.0,-1443.0,,估计同步待核验
XY_Y-10-1-01,615,6.119393063583814,-7.0,-8.0,-1442.0,-1443.0,,估计同步待核验
XY_Y-10-1-01,616,6.129188824662813,-9.0,-8.0,-1442.0,-1443.0,,估计同步待核验
XY_Y-10-1-01,617,6.13898458574181,-8.0,-8.0,-1442.0,-1444.0,,估计同步待核验
XY_Y-10-1-01,618,6.148780346820809,-8.0,-8.0,-1442.0,-1444.0,,估计同步待核验
XY_Y-10-1-01,619,6.1585761078998065,-9.0,-8.0,-1443.0,-1444.0,,估计同步待核验
XY_Y-10-1-01,620,6.168371868978805,-7.0,-8.0,-1442.0,-1444.0,,估计同步待核验
XY_Y-10-1-01,621,6.1781676300578034,-9.0,-8.0,-1443.0,-1444.0,,估计同步待核验
XY_Y-10-1-01,622,6.187963391136801,-9.0,-8.0,-1443.0,-1444.0,,估计同步待核验
XY_Y-10-1-01,623,6.1977591522157995,-7.0,-8.0,-1443.0,-1444.0,,估计同步待核验
XY_Y-10-1-01,624,6.207554913294797,-9.0,-8.0,-1443.0,-1444.0,,估计同步待核验
XY_Y-10-1-01,625,6.217350674373796,-7.0,-8.0,-1443.0,-1445.0,,估计同步待核验
XY_Y-10-1-01,626,6.227146435452793,-9.0,-8.0,-1443.0,-1445.0,,估计同步待核验
XY_Y-10-1-01,627,6.236942196531791,-8.0,-8.0,-1443.0,-1445.0,,估计同步待核验
XY_Y-10-1-01,628,6.246737957610789,-8.0,-8.0,-1443.0,-1445.0,,估计同步待核验
XY_Y-10-1-01,629,6.256533718689787,-9.0,-7.0,-1444.0,-1445.0,,估计同步待核验
XY_Y-10-1-01,630,6.266329479768785,-8.0,-8.0,-1444.0,-1445.0,,估计同步待核验
XY_Y-10-1-01,631,6.276125240847783,-8.12524084778316,-7.874759152216838,-1444.0,-1445.0,,估计同步待核验
XY_Y-10-1-01,632,6.2859210019267815,-9.0,-7.0,-1444.0,-1445.0,,估计同步待核验
XY_Y-10-1-01,633,6.295716763005779,-7.0,-8.0,-1444.0,-1445.0,,估计同步待核验
XY_Y-10-1-01,634,6.305512524084778,-9.0,-8.0,-1445.0,-1445.0,,估计同步待核验
XY_Y-10-1-01,635,6.315308285163775,-7.0,-8.0,-1445.0,-1446.0,,估计同步待核验
XY_Y-10-1-01,636,6.325104046242774,-9.0,-8.0,-1445.0,-1446.0,,估计同步待核验
XY_Y-10-1-01,637,6.334899807321772,-7.0,-8.0,-1445.0,-1446.0,,估计同步待核验
XY_Y-10-1-01,638,6.34469556840077,-8.0,-8.0,-1445.0,-1446.0,,估计同步待核验
XY_Y-10-1-01,639,6.354491329479768,-8.0,-8.0,-1445.0,-1447.0,,估计同步待核验
XY_Y-10-1-01,640,6.364287090558766,-8.0,-8.0,-1445.0,-1447.0,,估计同步待核验
XY_Y-10-1-01,641,6.374082851637764,-8.0,-8.0,-1445.0,-1447.0,,估计同步待核验
XY_Y-10-1-01,642,6.383878612716762,-9.0,-8.0,-1445.0,-1447.0,,估计同步待核验
XY_Y-10-1-01,643,6.39367437379576,-7.0,-8.0,-1445.0,-1447.0,,估计同步待核验
XY_Y-10-1-01,644,6.403470134874759,-9.0,-8.0,-1446.0,-1447.0,,估计同步待核验
XY_Y-10-1-01,645,6.4132658959537565,-7.0,-8.0,-1446.0,-1447.0,,估计同步待核验
XY_Y-10-1-01,646,6.423061657032755,-9.0,-8.0,-1447.0,-1447.0,,估计同步待核验
XY_Y-10-1-01,647,6.432857418111753,-7.0,-8.0,-1446.0,-1447.0,,估计同步待核验
XY_Y-10-1-01,648,6.442653179190751,-9.0,-8.0,-1447.0,-1448.0,,估计同步待核验
XY_Y-10-1-01,649,6.452448940269749,-8.551059730251417,-8.0,-1447.0,-1448.0,,估计同步待核验
XY_Y-10-1-01,650,6.462244701348747,-8.0,-8.0,-1447.0,-1448.0,,估计同步待核验
XY_Y-10-1-01,651,6.472040462427745,-8.0,-8.0,-1447.0,-1448.0,,估计同步待核验
XY_Y-10-1-01,652,6.481836223506743,-9.0,-8.0,-1447.0,-1448.0,,估计同步待核验
XY_Y-10-1-01,653,6.491631984585742,-7.0,-8.0,-1447.0,-1448.0,,估计同步待核验
XY_Y-10-1-01,654,6.501427745664739,-9.0,-8.0,-1447.0,-1448.0,,估计同步待核验
XY_Y-10-1-01,655,6.511223506743738,-7.0,-8.0,-1447.0,-1448.0,,估计同步待核验
XY_Y-10-1-01,656,6.521019267822735,-9.0,-8.0,-1447.0,-1448.0,,估计同步待核验
XY_Y-10-1-01,657,6.530815028901734,-7.0,-8.0,-1447.0,-1448.0,,估计同步待核验
XY_Y-10-1-01,658,6.5406107899807315,-8.221579961462584,-8.0,-1447.0,-1448.0,,估计同步待核验
XY_Y-10-1-01,659,6.55040655105973,-9.0,-8.0,-1447.0,-1448.0,,估计同步待核验
XY_Y-10-1-01,660,6.560202312138728,-7.0,-8.0,-1447.0,-1448.0,,估计同步待核验
XY_Y-10-1-01,661,6.569998073217725,-8.0,-8.0,-1447.0,-1448.0,,估计同步待核验
XY_Y-10-1-01,662,6.579793834296724,-8.0,-8.0,-1447.0,-1448.0,,估计同步待核验
XY_Y-10-1-01,663,6.589589595375721,-8.0,-8.0,-1447.0,-1449.0,,估计同步待核验
XY_Y-10-1-01,664,6.59938535645472,-9.0,-8.0,-1448.0,-1449.0,,估计同步待核验
XY_Y-10-1-01,665,6.609181117533717,-7.0,-8.0,-1448.0,-1449.0,,估计同步待核验
XY_Y-10-1-01,666,6.618976878612716,-9.0,-8.0,-1448.0,-1449.0,,估计同步待核验
XY_Y-10-1-01,667,6.6287726396917135,-7.4547206165723985,-8.0,-1448.0,-1449.0,,估计同步待核验
XY_Y-10-1-01,668,6.638568400770712,-7.0,-8.0,-1448.0,-1449.0,,估计同步待核验
XY_Y-10-1-01,669,6.6483641618497105,-9.0,-8.0,-1448.0,-1450.0,,估计同步待核验
XY_Y-10-1-01,670,6.658159922928708,-7.0,-8.0,-1448.0,-1449.0,,估计同步待核验
XY_Y-10-1-01,671,6.6679556840077066,-9.0,-8.0,-1448.0,-1450.0,,估计同步待核验
XY_Y-10-1-01,672,6.677751445086704,-8.0,-8.0,-1448.0,-1450.0,,估计同步待核验
XY_Y-10-1-01,673,6.687547206165703,-8.0,-8.0,-1448.0,-1450.0,,估计同步待核验
XY_Y-10-1-01,674,6.6973429672447,-8.0,-8.0,-1448.0,-1450.0,,估计同步待核验
XY_Y-10-1-01,675,6.707138728323699,-7.0,-8.0,-1448.0,-1450.0,,估计同步待核验
XY_Y-10-1-01,676,6.716934489402696,-8.86897880539331,-8.0,-1448.0,-1450.0,,估计同步待核验
XY_Y-10-1-01,677,6.726730250481695,-9.0,-8.0,-1448.0,-1450.0,,估计同步待核验
XY_Y-10-1-01,678,6.736526011560693,-7.0,-8.0,-1448.0,-1450.0,,估计同步待核验
XY_Y-10-1-01,679,6.746321772639691,-9.0,-8.0,-1449.0,-1450.0,,估计同步待核验
XY_Y-10-1-01,680,6.756117533718689,-7.0,-8.0,-1449.0,-1450.0,,估计同步待核验
XY_Y-10-1-01,681,6.765913294797687,-9.0,-8.0,-1449.0,-1450.0,,估计同步待核验
XY_Y-10-1-01,682,6.7757090558766855,-7.0,-8.0,-1449.0,-1450.0,,估计同步待核验
XY_Y-10-1-01,683,6.785504816955683,-8.0,-8.0,-1449.0,-1450.0,,估计同步待核验
XY_Y-10-1-01,684,6.795300578034682,-8.0,-8.0,-1449.0,-1450.0,,估计同步待核验
XY_Y-10-1-01,685,6.80509633911368,-8.0,-8.0,-1449.0,-1450.0,,估计同步待核验
XY_Y-10-1-01,686,6.814892100192678,-8.0,-8.0,-1449.0,-1450.0,,估计同步待核验
XY_Y-10-1-01,687,6.824687861271676,-9.0,-8.0,-1449.0,-1450.0,,估计同步待核验
XY_Y-10-1-01,688,6.834483622350674,-7.0,-8.0,-1449.0,-1450.0,,估计同步待核验
XY_Y-10-1-01,689,6.844279383429672,-9.0,-8.0,-1450.0,-1451.0,,估计同步待核验
XY_Y-10-1-01,690,6.85407514450867,-7.0,-8.0,-1449.0,-1451.0,,估计同步待核验
XY_Y-10-1-01,691,6.863870905587668,-9.0,-8.0,-1450.0,-1451.0,,估计同步待核验
XY_Y-10-1-01,692,6.873666666666666,-7.0,-8.0,-1450.0,-1451.0,,估计同步待核验
XY_Y-10-1-01,693,6.883462427745664,-9.0,-8.0,-1450.0,-1451.0,,估计同步待核验
XY_Y-10-1-01,694,6.893258188824662,-8.0,-8.0,-1450.0,-1451.0,,估计同步待核验
XY_Y-10-1-01,695,6.90305394990366,-8.0,-8.0,-1450.0,-1451.05394990366,,估计同步待核验
XY_Y-10-1-01,696,6.912849710982658,-8.0,-8.0,-1450.0,-1452.0,,估计同步待核验
XY_Y-10-1-01,697,6.922645472061656,-9.0,-7.0,-1450.0,-1452.0,,估计同步待核验
XY_Y-10-1-01,698,6.932441233140654,-7.0,-8.0,-1450.0,-1452.0,,估计同步待核验
XY_Y-10-1-01,699,6.942236994219652,-9.0,-7.0,-1451.0,-1452.0,,估计同步待核验
XY_Y-10-1-01,700,6.95203275529865,-7.0,-8.0,-1450.0,-1452.0,,估计同步待核验
XY_Y-10-1-01,701,6.961828516377648,-9.0,-8.0,-1451.0,-1452.0,,估计同步待核验
XY_Y-10-1-01,702,6.971624277456646,-7.0,-8.0,-1451.0,-1452.0,,估计同步待核验
XY_Y-10-1-01,703,6.981420038535645,-9.0,-8.0,-1451.0,-1452.0,,估计同步待核验
XY_Y-10-1-01,704,6.9912157996146425,-8.568400770714549,-8.0,-1451.0,-1452.0,,估计同步待核验
XY_Y-10-1-01,705,7.001011560693641,-7.0,-8.0,-1451.0,-1452.0,,估计同步待核验
XY_Y-10-1-01,706,7.0108073217726385,-8.0,-8.0,-1451.0,-1453.0,,估计同步待核验
XY_Y-10-1-01,707,7.020603082851637,-8.0,-8.0,-1452.0,-1453.0,,估计同步待核验
XY_Y-10-1-01,708,7.030398843930635,-7.0,-8.0,-1452.0,-1453.0,,估计同步待核验
XY_Y-10-1-01,709,7.040194605009633,-9.0,-8.0,-1452.0,-1453.0,,估计同步待核验
XY_Y-10-1-01,710,7.049990366088632,-7.0,-8.0,-1452.0,-1453.0,,估计同步待核验
XY_Y-10-1-01,711,7.059786127167629,-10.0,-7.0,-1452.0,-1454.0,,估计同步待核验
XY_Y-10-1-01,712,7.069581888246628,-7.0,-8.0,-1452.0,-1454.0,,估计同步待核验
XY_Y-10-1-01,713,7.079377649325625,-8.132947976876308,-8.0,-1452.0,-1454.0,,估计同步待核验
XY_Y-10-1-01,714,7.089173410404624,-10.0,-8.0,-1452.0,-1454.0,,估计同步待核验
XY_Y-10-1-01,715,7.098969171483621,-7.0,-8.0,-1452.0,-1454.0,,估计同步待核验
XY_Y-10-1-01,716,7.10876493256262,-9.0,-8.0,-1453.0,-1454.0,,估计同步待核验
XY_Y-10-1-01,717,7.1185606936416175,-8.0,-8.0,-1453.0,-1454.0,,估计同步待核验
XY_Y-10-1-01,718,7.128356454720616,-8.0,-8.0,-1453.0,-1454.0,,估计同步待核验
XY_Y-10-1-01,719,7.1381522157996145,-9.0,-7.0,-1453.0,-1454.0,,估计同步待核验
XY_Y-10-1-01,720,7.147947976878612,-7.0,-8.0,-1453.0,-1454.0,,估计同步待核验
XY_Y-10-1-01,721,7.1577437379576105,-9.0,-7.0,-1453.0,-1454.0,,估计同步待核验
XY_Y-10-1-01,722,7.167539499036608,-7.921001926783708,-7.539499036608146,-1453.0,-1454.0,,估计同步待核验
XY_Y-10-1-01,723,7.177335260115607,-7.0,-8.0,-1453.0,-1454.0,,估计同步待核验
XY_Y-10-1-01,724,7.187131021194604,-9.0,-8.0,-1454.0,-1454.0,,估计同步待核验
XY_Y-10-1-01,725,7.196926782273603,-7.0,-8.0,-1453.0,-1454.0,,估计同步待核验
XY_Y-10-1-01,726,7.206722543352601,-9.0,-8.0,-1454.0,-1455.0,,估计同步待核验
XY_Y-10-1-01,727,7.216518304431599,-8.0,-8.0,-1454.0,-1455.0,,估计同步待核验
XY_Y-10-1-01,728,7.226314065510596,-8.0,-8.0,-1454.0,-1455.0,,估计同步待核验
XY_Y-10-1-01,729,7.236109826589594,-8.0,-7.0,-1454.0,-1455.0,,估计同步待核验
XY_Y-10-1-01,730,7.2459055876685925,-8.0,-8.0,-1453.0,-1455.0,,估计同步待核验
XY_Y-10-1-01,731,7.25570134874759,-8.701348747589968,-8.0,-1453.70134874759,-1455.0,,估计同步待核验
XY_Y-10-1-01,732,7.265497109826589,-9.0,-8.0,-1454.0,-1455.0,,估计同步待核验
XY_Y-10-1-01,733,7.275292870905586,-7.0,-8.0,-1454.0,-1455.0,,估计同步待核验
XY_Y-10-1-01,734,7.285088631984585,-9.0,-8.0,-1454.0,-1455.0,,估计同步待核验
XY_Y-10-1-01,735,7.294884393063583,-7.0,-8.0,-1454.0,-1455.0,,估计同步待核验
XY_Y-10-1-01,736,7.304680154142581,-9.0,-8.0,-1454.0,-1455.0,,估计同步待核验
XY_Y-10-1-01,737,7.314475915221579,-7.0,-8.0,-1454.0,-1455.0,,估计同步待核验
XY_Y-10-1-01,738,7.324271676300577,-9.0,-8.0,-1454.0,-1455.0,,估计同步待核验
XY_Y-10-1-01,739,7.334067437379575,-8.0,-8.0,-1454.0,-1455.0,,估计同步待核验
XY_Y-10-1-01,740,7.343863198458573,-8.0,-8.0,-1454.0,-1455.8631984585727,,估计同步待核验
XY_Y-10-1-01,741,7.353658959537571,-8.0,-8.0,-1454.0,-1456.0,,估计同步待核验
XY_Y-10-1-01,742,7.36345472061657,-9.0,-8.0,-1454.0,-1456.0,,估计同步待核验
XY_Y-10-1-01,743,7.3732504816955675,-7.0,-8.0,-1454.0,-1456.0,,估计同步待核验
XY_Y-10-1-01,744,7.383046242774566,-9.0,-8.0,-1454.0,-1456.0,,估计同步待核验
XY_Y-10-1-01,745,7.392842003853564,-7.0,-8.0,-1454.0,-1456.0,,估计同步待核验
XY_Y-10-1-01,746,7.402637764932562,-10.0,-8.0,-1454.0,-1455.0,,估计同步待核验
XY_Y-10-1-01,747,7.41243352601156,-7.0,-8.0,-1454.0,-1455.0,,估计同步待核验
XY_Y-10-1-01,748,7.422229287090558,-9.0,-8.0,-1454.0,-1455.0,,估计同步待核验
XY_Y-10-1-01,749,7.432025048169556,-8.0,-8.0,-1454.0,-1455.0,,估计同步待核验
XY_Y-10-1-01,750,7.441820809248554,-8.0,-8.0,-1454.0,-1455.0,,估计同步待核验
XY_Y-10-1-01,751,7.451616570327553,-8.0,-8.0,-1454.0,-1455.0,,估计同步待核验
XY_Y-10-1-01,752,7.46141233140655,-8.0,-8.0,-1455.0,-1455.0,,估计同步待核验
XY_Y-10-1-01,753,7.471208092485549,-7.0,-8.0,-1454.0,-1455.0,,估计同步待核验
XY_Y-10-1-01,754,7.4810038535645464,-9.0,-7.0,-1455.0,-1455.0,,估计同步待核验
XY_Y-10-1-01,755,7.490799614643545,-7.0,-8.0,-1454.0,-1455.0,,估计同步待核验
XY_Y-10-1-01,756,7.5005953757225425,-9.0,-7.0,-1455.0,-1455.0,,估计同步待核验
XY_Y-10-1-01,757,7.510391136801541,-7.0,-8.0,-1454.0,-1455.0,,估计同步待核验
XY_Y-10-1-01,758,7.520186897880539,-9.0,-8.0,-1454.0,-1455.0,,估计同步待核验
XY_Y-10-1-01,759,7.529982658959537,-9.0,-8.0,-1454.0,-1455.0,,估计同步待核验
XY_Y-10-1-01,760,7.539778420038536,-7.0,-8.0,-1454.0,-1455.0,,估计同步待核验
XY_Y-10-1-01,761,7.549574181117533,-9.0,-8.0,-1455.0,-1455.0,,估计同步待核验
XY_Y-10-1-01,762,7.559369942196531,-8.0,-8.0,-1455.0,-1456.0,,估计同步待核验
XY_Y-10-1-01,763,7.569165703275528,-8.0,-8.0,-1454.0,-1456.0,,估计同步待核验
XY_Y-10-1-01,764,7.578961464354527,-9.0,-8.0,-1455.0,-1455.0,,估计同步待核验
XY_Y-10-1-01,765,7.5887572254335245,-7.0,-8.0,-1454.0,-1455.0,,估计同步待核验
XY_Y-10-1-01,766,7.598552986512523,-9.0,-8.0,-1455.0,-1455.0,,估计同步待核验
XY_Y-10-1-01,767,7.6083487475915215,-7.0,-9.0,-1454.0,-1455.0,,估计同步待核验
XY_Y-10-1-01,768,7.618144508670519,-7.289017341037638,-8.85549132948118,-1454.144508670519,-1455.0,,估计同步待核验
XY_Y-10-1-01,769,7.6279402697495176,-9.0,-8.0,-1455.0,-1455.0,,估计同步待核验
XY_Y-10-1-01,770,7.637736030828515,-7.0,-8.0,-1454.0,-1455.0,,估计同步待核验
XY_Y-10-1-01,771,7.647531791907514,-9.0,-8.0,-1454.0,-1455.0,,估计同步待核验
XY_Y-10-1-01,772,7.657327552986511,-8.0,-8.0,-1454.0,-1455.0,,估计同步待核验
XY_Y-10-1-01,773,7.66712331406551,-8.0,-8.0,-1455.0,-1456.0,,估计同步待核验
XY_Y-10-1-01,774,7.676919075144507,-8.0,-8.0,-1455.0,-1456.0,,估计同步待核验
XY_Y-10-1-01,775,7.686714836223506,-8.0,-8.0,-1455.0,-1456.0,,估计同步待核验
XY_Y-10-1-01,776,7.696510597302504,-9.0,-7.0,-1455.0,-1456.0,,估计同步待核验
XY_Y-10-1-01,777,7.706306358381502,-8.387283236996653,-7.306358381501673,-1455.0,-1456.0,,估计同步待核验
XY_Y-10-1-01,778,7.7161021194605,-7.0,-8.0,-1455.0,-1456.0,,估计同步待核验
XY_Y-10-1-01,779,7.725897880539499,-9.0,-7.0,-1455.0,-1456.0,,估计同步待核验
XY_Y-10-1-01,780,7.7356936416184965,-7.0,-8.0,-1455.0,-1456.0,,估计同步待核验
XY_Y-10-1-01,781,7.745489402697494,-9.0,-8.0,-1455.0,-1456.0,,估计同步待核验
XY_Y-10-1-01,782,7.755285163776492,-7.0,-8.0,-1455.0,-1456.0,,估计同步待核验
XY_Y-10-1-01,783,7.765080924855491,-8.0,-8.0,-1455.0,-1456.0,,估计同步待核验
XY_Y-10-1-01,784,7.774876685934489,-8.0,-8.0,-1455.0,-1456.0,,估计同步待核验
XY_Y-10-1-01,785,7.784672447013486,-8.0,-8.0,-1455.0,-1456.0,,估计同步待核验
XY_Y-10-1-01,786,7.794468208092486,-8.468208092485888,-8.0,-1455.4682080924858,-1456.4682080924858,,估计同步待核验
XY_Y-10-1-01,787,7.804263969171483,-9.0,-8.0,-1456.0,-1457.0,,估计同步待核验
XY_Y-10-1-01,788,7.814059730250481,-7.0,-8.0,-1455.0,-1457.0,,估计同步待核验
XY_Y-10-1-01,789,7.823855491329478,-9.0,-8.0,-1456.0,-1458.0,,估计同步待核验
XY_Y-10-1-01,790,7.833651252408478,-7.0,-8.0,-1456.0,-1458.0,,估计同步待核验
XY_Y-10-1-01,791,7.843447013487475,-9.0,-7.0,-1456.0,-1458.0,,估计同步待核验
XY_Y-10-1-01,792,7.853242774566473,-7.0,-8.0,-1456.0,-1458.0,,估计同步待核验
XY_Y-10-1-01,793,7.863038535645472,-9.0,-7.0,-1456.0,-1458.0,,估计同步待核验
XY_Y-10-1-01,794,7.87283429672447,-8.0,-8.0,-1456.0,-1458.0,,估计同步待核验
XY_Y-10-1-01,795,7.882630057803468,-8.0,-8.0,-1456.0,-1458.0,,估计同步待核验
XY_Y-10-1-01,796,7.892425818882465,-8.0,-8.0,-1456.0,-1458.0,,估计同步待核验
XY_Y-10-1-01,797,7.902221579961464,-8.0,-8.0,-1457.0,-1458.0,,估计同步待核验
XY_Y-10-1-01,798,7.912017341040461,-7.0,-8.0,-1456.0,-1458.0,,估计同步待核验
XY_Y-10-1-01,799,7.921813102119459,-9.0,-7.0,-1457.0,-1458.0,,估计同步待核验
XY_Y-10-1-01,800,7.931608863198458,-7.0,-8.0,-1456.0,-1458.0,,估计同步待核验
XY_Y-10-1-01,801,7.941404624277456,-9.0,-8.0,-1457.0,-1458.0,,估计同步待核验
XY_Y-10-1-01,802,7.9512003853564535,-7.0,-8.0,-1457.0,-1458.0,,估计同步待核验
XY_Y-10-1-01,803,7.960996146435451,-9.0,-8.0,-1457.0,-1458.0,,估计同步待核验
XY_Y-10-1-01,804,7.97079190751445,-7.41618497109916,-8.0,-1457.0,-1458.0,,估计同步待核验
XY_Y-10-1-01,805,7.980587668593448,-7.0,-8.0,-1457.0,-1458.0,,估计同步待核验
XY_Y-10-1-01,806,7.990383429672446,-8.0,-8.0,-1457.0,-1458.0,,估计同步待核验
XY_Y-10-1-01,807,8.000179190751444,-8.0,-8.0,-1457.0,-1458.0,,估计同步待核验
XY_Y-10-1-01,808,8.009974951830444,-8.0,-8.0,-1457.0,-1458.0,,估计同步待核验
XY_Y-10-1-01,809,8.019770712909441,-9.0,-8.0,-1457.0,-1458.0,,估计同步待核验
XY_Y-10-1-01,810,8.029566473988439,-7.0,-8.0,-1457.0,-1458.0,,估计同步待核验
XY_Y-10-1-01,811,8.039362235067438,-9.0,-7.0,-1458.0,-1459.0,,估计同步待核验
XY_Y-10-1-01,812,8.049157996146436,-7.0,-8.0,-1457.0,-1459.0,,估计同步待核验
XY_Y-10-1-01,813,8.058953757225433,-8.907514450867955,-8.0,-1457.953757225434,-1459.0,,估计同步待核验
XY_Y-10-1-01,814,8.06874951830443,-9.0,-8.0,-1458.0,-1459.0,,估计同步待核验
XY_Y-10-1-01,815,8.07854527938343,-7.0,-8.0,-1458.0,-1459.0,,估计同步待核验
XY_Y-10-1-01,816,8.088341040462428,-9.0,-8.0,-1458.0,-1459.0,,估计同步待核验
XY_Y-10-1-01,817,8.098136801541425,-8.0,-8.0,-1458.0,-1459.0,,估计同步待核验
XY_Y-10-1-01,818,8.107932562620425,-8.0,-8.0,-1458.0,-1459.0,,估计同步待核验
XY_Y-10-1-01,819,8.117728323699422,-8.0,-8.0,-1458.0,-1459.0,,估计同步待核验
XY_Y-10-1-01,820,8.12752408477842,-7.0,-8.0,-1457.0,-1459.0,,估计同步待核验
XY_Y-10-1-01,821,8.137319845857418,-9.0,-7.0,-1458.0,-1459.0,,估计同步待核验
XY_Y-10-1-01,822,8.147115606936417,-7.0,-8.0,-1457.0,-1459.0,,估计同步待核验
XY_Y-10-1-01,823,8.156911368015415,-7.0,-8.0,-1457.0,-1459.0,,估计同步待核验
XY_Y-10-1-01,824,8.166707129094412,-9.0,-8.0,-1458.0,-1459.0,,估计同步待核验
XY_Y-10-1-01,825,8.176502890173412,-7.0,-8.0,-1458.0,-1459.0,,估计同步待核验
XY_Y-10-1-01,826,8.18629865125241,-9.0,-8.0,-1458.0,-1459.0,,估计同步待核验
XY_Y-10-1-01,827,8.196094412331407,-7.0,-8.0,-1458.0,-1459.0,,估计同步待核验
XY_Y-10-1-01,828,8.205890173410404,-8.0,-8.0,-1458.0,-1459.0,,估计同步待核验
XY_Y-10-1-01,829,8.215685934489404,-8.0,-8.0,-1458.0,-1459.0,,估计同步待核验
XY_Y-10-1-01,830,8.225481695568401,-7.0,-8.0,-1458.0,-1459.0,,估计同步待核验
XY_Y-10-1-01,831,8.235277456647399,-9.0,-8.0,-1458.0,-1459.0,,估计同步待核验
XY_Y-10-1-01,832,8.245073217726398,-8.853564547201936,-8.0,-1458.0,-1459.0,,估计同步待核验
XY_Y-10-1-01,833,8.254868978805396,-7.0,-8.0,-1458.0,-1459.0,,估计同步待核验
XY_Y-10-1-01,834,8.264664739884394,-9.0,-8.0,-1458.0,-1459.0,,估计同步待核验
XY_Y-10-1-01,835,8.274460500963391,-7.0,-8.0,-1457.0,-1459.0,,估计同步待核验
XY_Y-10-1-01,836,8.28425626204239,-9.0,-8.0,-1458.0,-1459.0,,估计同步待核验
XY_Y-10-1-01,837,8.294052023121388,-7.0,-8.0,-1458.0,-1459.0,,估计同步待核验
XY_Y-10-1-01,838,8.303847784200386,-9.0,-8.0,-1458.0,-1459.0,,估计同步待核验
XY_Y-10-1-01,839,8.313643545279383,-8.0,-8.0,-1458.0,-1459.0,,估计同步待核验
XY_Y-10-1-01,840,8.323439306358383,-8.0,-8.0,-1458.0,-1459.0,,估计同步待核验
XY_Y-10-1-01,841,8.33323506743738,-8.23506743738024,-8.0,-1458.0,-1459.0,,估计同步待核验
XY_Y-10-1-01,842,8.343030828516378,-9.0,-8.0,-1458.0,-1459.0,,估计同步待核验
XY_Y-10-1-01,843,8.352826589595377,-7.0,-8.0,-1457.0,-1459.0,,估计同步待核验
XY_Y-10-1-01,844,8.362622350674375,-9.0,-7.0,-1458.0,-1458.0,,估计同步待核验
XY_Y-10-1-01,845,8.372418111753372,-7.0,-8.0,-1457.0,-1458.0,,估计同步待核验
XY_Y-10-1-01,846,8.38221387283237,-9.0,-8.0,-1458.0,-1458.0,,估计同步待核验
XY_Y-10-1-01,847,8.392009633911368,-7.0,-8.0,-1457.0,-1459.0,,估计同步待核验
XY_Y-10-1-01,848,8.401805394990365,-9.0,-8.0,-1458.0,-1459.0,,估计同步待核验
XY_Y-10-1-01,849,8.411601156069363,-7.0,-8.0,-1457.0,-1459.0,,估计同步待核验
XY_Y-10-1-01,850,8.421396917148362,-7.396917148362389,-8.0,-1457.0,-1459.0,,估计同步待核验
XY_Y-10-1-01,851,8.43119267822736,-8.0,-8.0,-1457.0,-1459.0,,估计同步待核验
XY_Y-10-1-01,852,8.440988439306357,-8.0,-8.0,-1458.0,-1459.0,,估计同步待核验
XY_Y-10-1-01,853,8.450784200385355,-8.0,-8.0,-1457.0,-1459.0,,估计同步待核验
XY_Y-10-1-01,854,8.460579961464354,-9.0,-7.0,-1458.0,-1459.0,,估计同步待核验
XY_Y-10-1-01,855,8.470375722543352,-7.0,-8.0,-1457.0,-1459.0,,估计同步待核验
XY_Y-10-1-01,856,8.48017148362235,-9.0,-7.0,-1457.0,-1459.0,,估计同步待核验
XY_Y-10-1-01,857,8.489967244701349,-7.0,-8.0,-1457.0,-1459.0,,估计同步待核验
XY_Y-10-1-01,858,8.499763005780347,-9.0,-8.0,-1457.0,-1459.0,,估计同步待核验
XY_Y-10-1-01,859,8.509558766859344,-7.882466281311657,-8.0,-1457.0,-1459.0,,估计同步待核验
XY_Y-10-1-01,860,8.519354527938342,-7.0,-8.0,-1457.0,-1459.0,,估计同步待核验
XY_Y-10-1-01,861,8.529150289017341,-9.0,-8.0,-1458.0,-1459.0,,估计同步待核验
XY_Y-10-1-01,862,8.538946050096339,-8.0,-8.0,-1458.0,-1459.0,,估计同步待核验
XY_Y-10-1-01,863,8.548741811175336,-8.0,-8.0,-1458.0,-1459.0,,估计同步待核验
XY_Y-10-1-01,864,8.558537572254334,-8.0,-8.0,-1458.0,-1459.0,,估计同步待核验
XY_Y-10-1-01,865,8.568333333333333,-7.0,-8.0,-1458.0,-1459.0,,估计同步待核验
XY_Y-10-1-01,866,8.578129094412331,-9.0,-7.0,-1458.0,-1459.0,,估计同步待核验
XY_Y-10-1-01,867,8.587924855491329,-7.0,-8.0,-1458.0,-1459.0,,估计同步待核验
XY_Y-10-1-01,868,8.597720616570328,-8.441233140655044,-8.0,-1458.0,-1459.0,,估计同步待核验
XY_Y-10-1-01,869,8.607516377649326,-9.0,-8.0,-1458.0,-1459.0,,估计同步待核验
XY_Y-10-1-01,870,8.617312138728323,-7.0,-8.0,-1458.0,-1459.0,,估计同步待核验
XY_Y-10-1-01,871,8.62710789980732,-9.0,-8.0,-1458.0,-1459.0,,估计同步待核验
XY_Y-10-1-01,872,8.63690366088632,-7.0,-8.0,-1458.0,-1459.0,,估计同步待核验
XY_Y-10-1-01,873,8.646699421965318,-8.0,-8.0,-1458.0,-1459.0,,估计同步待核验
XY_Y-10-1-01,874,8.656495183044315,-8.0,-8.0,-1458.0,-1459.0,,估计同步待核验
XY_Y-10-1-01,875,8.666290944123315,-8.0,-8.0,-1458.0,-1459.0,,估计同步待核验
XY_Y-10-1-01,876,8.676086705202312,-9.0,-8.0,-1458.0,-1459.0,,估计同步待核验
XY_Y-10-1-01,877,8.68588246628131,-7.23506743738024,-8.0,-1457.11753371869,-1459.0,,估计同步待核验
XY_Y-10-1-01,878,8.695678227360307,-7.0,-8.0,-1457.0,-1459.0,,估计同步待核验
XY_Y-10-1-01,879,8.705473988439307,-9.0,-8.0,-1458.0,-1459.0,,估计同步待核验
XY_Y-10-1-01,880,8.715269749518304,-7.0,-8.0,-1458.0,-1459.0,,估计同步待核验
XY_Y-10-1-01,881,8.725065510597302,-9.0,-8.0,-1458.0,-1459.0,,估计同步待核验
XY_Y-10-1-01,882,8.734861271676301,-7.0,-8.0,-1458.0,-1459.0,,估计同步待核验
XY_Y-10-1-01,883,8.744657032755299,-9.0,-8.0,-1458.0,-1459.0,,估计同步待核验
XY_Y-10-1-01,884,8.754452793834297,-8.0,-8.0,-1458.0,-1459.0,,估计同步待核验
XY_Y-10-1-01,885,8.764248554913294,-8.0,-8.0,-1458.0,-1459.0,,估计同步待核验
XY_Y-10-1-01,886,8.774044315992294,-8.0,-7.0,-1458.0,-1459.0,,估计同步待核验
XY_Y-10-1-01,887,8.783840077071291,-8.0,-7.0,-1458.0,-1459.0,,估计同步待核验
XY_Y-10-1-01,888,8.793635838150289,-7.0,-8.0,-1458.0,-1459.0,力峰值,估计同步待核验
XY_Y-10-1-01,889,8.803431599229288,-9.0,-7.0,-1459.0,-1460.0,,估计同步待核验
XY_Y-10-1-01,890,8.813227360308286,-7.0,-8.0,-1459.0,-1460.0,,估计同步待核验
XY_Y-10-1-01,891,8.823023121387283,-9.0,-8.0,-1459.0,-1460.0,,估计同步待核验
XY_Y-10-1-01,892,8.832818882466281,-7.0,-8.0,-1459.0,-1460.0,,估计同步待核验
XY_Y-10-1-01,893,8.84261464354528,-9.0,-8.0,-1459.0,-1460.0,,估计同步待核验
XY_Y-10-1-01,894,8.852410404624278,-7.0,-8.0,-1459.0,-1460.0,,估计同步待核验
XY_Y-10-1-01,895,8.862206165703276,-8.0,-8.0,-1459.0,-1460.0,,估计同步待核验
XY_Y-10-1-01,896,8.872001926782273,-8.0,-8.0,-1459.0,-1460.0,,估计同步待核验
XY_Y-10-1-01,897,8.881797687861273,-8.0,-8.0,-1459.0,-1460.0,,估计同步待核验
XY_Y-10-1-01,898,8.89159344894027,-7.0,-8.0,-1458.0,-1460.0,,估计同步待核验
XY_Y-10-1-01,899,8.901389210019268,-9.0,-7.0,-1458.0,-1460.0,,估计同步待核验
XY_Y-10-1-01,900,8.911184971098267,-7.0,-8.0,-1458.0,-1460.0,,估计同步待核验
XY_Y-10-1-01,901,8.920980732177265,-9.0,-8.0,-1458.0,-1460.0,,估计同步待核验
XY_Y-10-1-01,902,8.930776493256262,-7.0,-8.0,-1458.0,-1460.0,,估计同步待核验
XY_Y-10-1-01,903,8.94057225433526,-9.0,-8.0,-1459.0,-1460.0,,估计同步待核验
XY_Y-10-1-01,904,8.95036801541426,-7.0,-8.0,-1459.0,-1460.0,,估计同步待核验
XY_Y-10-1-01,905,8.960163776493257,-7.163776493256142,-8.0,-1459.0,-1460.0,,估计同步待核验
XY_Y-10-1-01,906,8.969959537572255,-8.0,-8.0,-1459.0,-1460.0,,估计同步待核验
XY_Y-10-1-01,907,8.979755298651254,-8.0,-8.0,-1459.0,-1460.0,,估计同步待核验
XY_Y-10-1-01,908,8.989551059730251,-8.0,-8.0,-1459.0,-1460.0,,估计同步待核验
XY_Y-10-1-01,909,8.999346820809249,-8.0,-8.0,-1459.0,-1460.0,,估计同步待核验
XY_Y-10-1-01,910,9.009142581888247,-7.0,-9.0,-1458.0,-1460.0,,估计同步待核验
XY_Y-10-1-01,911,9.018938342967246,-9.0,-8.0,-1459.0,-1460.0,,估计同步待核验
XY_Y-10-1-01,912,9.028734104046244,-7.0,-8.0,-1458.0,-1460.0,,估计同步待核验
XY_Y-10-1-01,913,9.038529865125241,-9.0,-8.0,-1459.0,-1460.0,,估计同步待核验
XY_Y-10-1-01,914,9.048325626204239,-8.348747591522008,-8.0,-1459.0,-1460.0,,估计同步待核验
XY_Y-10-1-01,915,9.058121387283236,-7.0,-8.0,-1459.0,-1460.0,,估计同步待核验
XY_Y-10-1-01,916,9.067917148362234,-9.0,-8.0,-1459.0,-1460.0,,估计同步待核验
XY_Y-10-1-01,917,9.077712909441232,-8.0,-8.0,-1459.0,-1460.0,,估计同步待核验
XY_Y-10-1-01,918,9.087508670520231,-8.0,-8.0,-1459.0,-1460.0,,估计同步待核验
XY_Y-10-1-01,919,9.097304431599229,-8.0,-8.0,-1459.0,-1460.0,,估计同步待核验
XY_Y-10-1-01,920,9.107100192678226,-7.0,-8.0,-1458.0,-1460.0,,估计同步待核验
XY_Y-10-1-01,921,9.116895953757224,-9.0,-7.0,-1459.0,-1459.0,,估计同步待核验
XY_Y-10-1-01,922,9.126691714836223,-7.0,-8.0,-1458.0,-1459.0,,估计同步待核验
XY_Y-10-1-01,923,9.13648747591522,-7.974951830441968,-8.0,-1458.0,-1459.0,,估计同步待核验
XY_Y-10-1-01,924,9.146283236994218,-9.0,-8.0,-1458.0,-1459.0,,估计同步待核验
XY_Y-10-1-01,925,9.156078998073218,-7.0,-8.0,-1458.0,-1460.0,,估计同步待核验
XY_Y-10-1-01,926,9.165874759152215,-9.0,-8.0,-1458.0,-1460.0,,估计同步待核验
XY_Y-10-1-01,927,9.175670520231213,-7.0,-8.0,-1458.0,-1460.0,,估计同步待核验
XY_Y-10-1-01,928,9.18546628131021,-8.0,-8.0,-1458.0,-1460.0,,估计同步待核验
XY_Y-10-1-01,929,9.19526204238921,-8.0,-8.0,-1458.0,-1460.0,,估计同步待核验
XY_Y-10-1-01,930,9.205057803468208,-8.0,-8.0,-1458.0,-1460.0,,估计同步待核验
XY_Y-10-1-01,931,9.214853564547205,-9.0,-8.0,-1458.0,-1460.0,,估计同步待核验
XY_Y-10-1-01,932,9.224649325626205,-7.7013487475905915,-8.0,-1458.0,-1460.0,,估计同步待核验
XY_Y-10-1-01,933,9.234445086705202,-7.0,-8.0,-1458.0,-1460.0,,估计同步待核验
XY_Y-10-1-01,934,9.2442408477842,-9.0,-8.0,-1458.0,-1460.0,,估计同步待核验
XY_Y-10-1-01,935,9.254036608863197,-7.0,-8.0,-1458.0,-1460.0,,估计同步待核验
XY_Y-10-1-01,936,9.263832369942197,-9.0,-8.0,-1458.0,-1460.0,,估计同步待核验
XY_Y-10-1-01,937,9.273628131021194,-7.0,-8.0,-1458.0,-1459.0,,估计同步待核验
XY_Y-10-1-01,938,9.283423892100192,-9.0,-8.0,-1458.0,-1459.0,,估计同步待核验
XY_Y-10-1-01,939,9.293219653179191,-7.0,-8.0,-1458.0,-1459.0,,估计同步待核验
XY_Y-10-1-01,940,9.303015414258189,-8.0,-8.0,-1458.0,-1459.0,,估计同步待核验
XY_Y-10-1-01,941,9.312811175337186,-8.0,-8.0,-1458.0,-1459.0,,估计同步待核验
XY_Y-10-1-01,942,9.322606936416184,-8.0,-8.0,-1458.0,-1459.0,,估计同步待核验
XY_Y-10-1-01,943,9.332402697495183,-7.0,-8.0,-1457.0,-1459.0,,估计同步待核验
XY_Y-10-1-01,944,9.342198458574181,-9.0,-7.0,-1458.0,-1459.0,,估计同步待核验
XY_Y-10-1-01,945,9.351994219653179,-7.0,-8.0,-1457.0,-1459.0,,估计同步待核验
XY_Y-10-1-01,946,9.361789980732178,-9.0,-7.0,-1457.0,-1459.0,,估计同步待核验
XY_Y-10-1-01,947,9.371585741811176,-7.0,-8.0,-1457.0,-1459.0,,估计同步待核验
XY_Y-10-1-01,948,9.381381502890173,-9.0,-8.0,-1457.0,-1459.0,,估计同步待核验
XY_Y-10-1-01,949,9.39117726396917,-7.0,-8.0,-1457.0,-1459.0,,估计同步待核验
XY_Y-10-1-01,950,9.40097302504817,-7.973025048170412,-8.0,-1457.0,-1459.0,,估计同步待核验
XY_Y-10-1-01,951,9.410768786127168,-8.0,-8.0,-1457.0,-1459.0,,估计同步待核验
XY_Y-10-1-01,952,9.420564547206165,-8.0,-8.0,-1458.0,-1459.0,,估计同步待核验
XY_Y-10-1-01,953,9.430360308285163,-8.0,-8.0,-1457.0,-1459.0,,估计同步待核验
XY_Y-10-1-01,954,9.440156069364162,-9.0,-8.0,-1457.0,-1459.0,,估计同步待核验
XY_Y-10-1-01,955,9.44995183044316,-7.0,-8.0,-1457.0,-1459.0,,估计同步待核验
XY_Y-10-1-01,956,9.459747591522158,-9.0,-7.0,-1457.0,-1459.0,,估计同步待核验
XY_Y-10-1-01,957,9.469543352601157,-7.0,-8.0,-1457.0,-1459.0,,估计同步待核验
XY_Y-10-1-01,958,9.479339113680155,-9.0,-7.0,-1457.0,-1459.0,,估计同步待核验
XY_Y-10-1-01,959,9.489134874759152,-7.0,-8.0,-1457.0,-1459.0,,估计同步待核验
XY_Y-10-1-01,960,9.49893063583815,-7.0,-8.0,-1457.0,-1459.0,,估计同步待核验
XY_Y-10-1-01,961,9.50872639691715,-9.0,-8.0,-1457.0,-1459.0,,估计同步待核验
XY_Y-10-1-01,962,9.518522157996147,-8.0,-8.0,-1457.0,-1459.0,,估计同步待核验
XY_Y-10-1-01,963,9.528317919075144,-8.0,-8.0,-1457.0,-1459.0,,估计同步待核验
XY_Y-10-1-01,964,9.538113680154144,-8.0,-8.0,-1457.0,-1459.0,,估计同步待核验
XY_Y-10-1-01,965,9.547909441233141,-7.0,-8.0,-1457.0,-1459.0,,估计同步待核验
XY_Y-10-1-01,966,9.557705202312139,-9.0,-8.0,-1457.0,-1459.0,,估计同步待核验
XY_Y-10-1-01,967,9.567500963391137,-7.0,-8.0,-1457.0,-1459.0,,估计同步待核验
XY_Y-10-1-01,968,9.577296724470136,-9.0,-8.0,-1457.0,-1459.0,,估计同步待核验
XY_Y-10-1-01,969,9.587092485549134,-8.815028901732358,-8.0,-1457.0,-1459.0,,估计同步待核验
XY_Y-10-1-01,970,9.596888246628131,-7.0,-8.0,-1457.0,-1459.0,,估计同步待核验
XY_Y-10-1-01,971,9.60668400770713,-9.0,-8.0,-1458.0,-1459.0,,估计同步待核验
XY_Y-10-1-01,972,9.616479768786128,-7.0,-8.0,-1457.0,-1458.0,,估计同步待核验
XY_Y-10-1-01,973,9.626275529865126,-8.0,-8.0,-1457.0,-1458.0,,估计同步待核验
XY_Y-10-1-01,974,9.636071290944123,-8.0,-8.0,-1457.0,-1458.0,,估计同步待核验
XY_Y-10-1-01,975,9.645867052023123,-8.0,-8.0,-1457.0,-1458.0,,估计同步待核验
XY_Y-10-1-01,976,9.65566281310212,-9.0,-7.0,-1457.0,-1458.0,,估计同步待核验
XY_Y-10-1-01,977,9.665458574181118,-7.0,-8.0,-1456.0,-1458.0,,估计同步待核验
XY_Y-10-1-01,978,9.675254335260115,-7.5086705202297965,-8.0,-1456.2543352601149,-1458.0,,估计同步待核验
XY_Y-10-1-01,979,9.685050096339115,-9.0,-8.0,-1457.0,-1458.0,,估计同步待核验
XY_Y-10-1-01,980,9.694845857418112,-7.0,-8.0,-1456.0,-1458.0,,估计同步待核验
XY_Y-10-1-01,981,9.70464161849711,-9.0,-8.0,-1457.0,-1458.0,,估计同步待核验
XY_Y-10-1-01,982,9.714437379576108,-7.0,-8.0,-1456.0,-1458.0,,估计同步待核验
XY_Y-10-1-01,983,9.724233140655105,-9.0,-8.0,-1456.0,-1458.0,,估计同步待核验
XY_Y-10-1-01,984,9.734028901734103,-8.0,-8.0,-1456.0,-1458.0,,估计同步待核验
XY_Y-10-1-01,985,9.7438246628131,-8.0,-8.0,-1456.0,-1458.0,,估计同步待核验
XY_Y-10-1-01,986,9.7536204238921,-9.0,-8.0,-1456.0,-1458.0,,估计同步待核验
XY_Y-10-1-01,987,9.763416184971097,-8.167630057804494,-8.0,-1456.0,-1458.0,,估计同步待核验
XY_Y-10-1-01,988,9.773211946050095,-7.0,-8.0,-1456.0,-1458.0,,估计同步待核验
XY_Y-10-1-01,989,9.783007707129094,-9.0,-7.0,-1456.0,-1458.0,,估计同步待核验
XY_Y-10-1-01,990,9.792803468208092,-7.0,-8.0,-1456.0,-1458.0,,估计同步待核验
XY_Y-10-1-01,991,9.80259922928709,-9.0,-7.0,-1456.0,-1458.0,,估计同步待核验
XY_Y-10-1-01,992,9.812394990366087,-7.0,-8.0,-1456.0,-1457.0,,估计同步待核验
XY_Y-10-1-01,993,9.822190751445087,-9.0,-7.0,-1456.0,-1457.0,,估计同步待核验
XY_Y-10-1-01,994,9.831986512524084,-8.0,-8.0,-1456.0,-1457.0,,估计同步待核验
XY_Y-10-1-01,995,9.841782273603082,-9.0,-8.0,-1455.0,-1457.0,,估计同步待核验
XY_Y-10-1-01,996,9.851578034682081,-8.421965317919394,-8.0,-1455.5780346820807,-1457.0,,估计同步待核验
XY_Y-10-1-01,997,9.861373795761079,-8.0,-8.0,-1456.0,-1457.0,,估计同步待核验
XY_Y-10-1-01,998,9.871169556840076,-8.0,-8.0,-1455.0,-1457.0,,估计同步待核验
XY_Y-10-1-01,999,9.880965317919074,-9.0,-8.0,-1456.0,-1457.0,,估计同步待核验
XY_Y-10-1-01,1000,9.890761078998073,-7.0,-8.0,-1455.0,-1456.0,,估计同步待核验
XY_Y-10-1-01,1001,9.900556840077071,-9.0,-8.0,-1456.0,-1456.0,,估计同步待核验
XY_Y-10-1-01,1002,9.910352601156069,-7.0,-8.0,-1455.0,-1456.0,,估计同步待核验
XY_Y-10-1-01,1003,9.920148362235068,-9.0,-7.0,-1455.0,-1457.0,,估计同步待核验
XY_Y-10-1-01,1004,9.929944123314066,-7.0,-8.0,-1455.0,-1457.0,,估计同步待核验
XY_Y-10-1-01,1005,9.939739884393063,-8.479768786126922,-8.0,-1455.0,-1456.2601156069366,,估计同步待核验
XY_Y-10-1-01,1006,9.94953564547206,-9.0,-8.0,-1455.0,-1456.0,,估计同步待核验
XY_Y-10-1-01,1007,9.95933140655106,-8.0,-8.0,-1455.0,-1456.0,,估计同步待核验
XY_Y-10-1-01,1008,9.969127167630058,-8.0,-8.0,-1454.0,-1456.0,,估计同步待核验
XY_Y-10-1-01,1009,9.978922928709055,-8.0,-8.0,-1455.0,-1456.0,,估计同步待核验
XY_Y-10-1-01,1010,9.988718689788053,-7.0,-8.0,-1454.0,-1456.0,,估计同步待核验
XY_Y-10-1-01,1011,9.998514450867052,-9.0,-8.0,-1455.0,-1456.0,,估计同步待核验
XY_Y-10-1-01,1012,10.00831021194605,-7.0,-8.0,-1454.0,-1456.0,,估计同步待核验
XY_Y-10-1-01,1013,10.018105973025047,-9.0,-8.0,-1455.0,-1456.0,,估计同步待核验
XY_Y-10-1-01,1014,10.027901734104047,-7.196531791907022,-8.0,-1454.0982658959535,-1456.0,,估计同步待核验
XY_Y-10-1-01,1015,10.037697495183044,-7.0,-8.0,-1454.0,-1456.0,,估计同步待核验
XY_Y-10-1-01,1016,10.047493256262042,-9.0,-8.0,-1454.0,-1456.0,,估计同步待核验
XY_Y-10-1-01,1017,10.05728901734104,-7.0,-8.0,-1454.0,-1456.0,,估计同步待核验
XY_Y-10-1-01,1018,10.067084778420039,-8.0,-8.0,-1454.0,-1455.0,,估计同步待核验
XY_Y-10-1-01,1019,10.076880539499037,-9.0,-8.0,-1454.0,-1455.0,,估计同步待核验
XY_Y-10-1-01,1020,10.086676300578034,-8.0,-8.0,-1453.0,-1455.0,,估计同步待核验
XY_Y-10-1-01,1021,10.096472061657034,-9.0,-7.0,-1454.0,-1455.0,,估计同步待核验
XY_Y-10-1-01,1022,10.106267822736031,-7.0,-8.0,-1453.0,-1455.0,,估计同步待核验
XY_Y-10-1-01,1023,10.116063583815029,-9.0,-7.0,-1454.0,-1455.0,,估计同步待核验
XY_Y-10-1-01,1024,10.125859344894026,-9.0,-7.0,-1454.0,-1455.0,,估计同步待核验
XY_Y-10-1-01,1025,10.135655105973026,-7.0,-8.0,-1453.0,-1455.0,,估计同步待核验
XY_Y-10-1-01,1026,10.145450867052023,-9.0,-8.0,-1454.0,-1455.0,,估计同步待核验
XY_Y-10-1-01,1027,10.155246628131021,-8.0,-8.0,-1453.0,-1455.0,,估计同步待核验
XY_Y-10-1-01,1028,10.16504238921002,-9.0,-8.0,-1453.0,-1455.0,,估计同步待核验
XY_Y-10-1-01,1029,10.174838150289018,-8.0,-8.0,-1453.0,-1455.0,,估计同步待核验
XY_Y-10-1-01,1030,10.184633911368016,-8.0,-8.0,-1453.0,-1455.0,,估计同步待核验
XY_Y-10-1-01,1031,10.194429672447013,-9.0,-8.0,-1453.0,-1455.0,,估计同步待核验
XY_Y-10-1-01,1032,10.204225433526013,-7.0,-8.0,-1453.0,-1454.0,,估计同步待核验
XY_Y-10-1-01,1033,10.21402119460501,-7.042389210019445,-7.978805394990277,-1453.0,-1454.0,,估计同步待核验
XY_Y-10-1-01,1034,10.223816955684008,-9.0,-7.0,-1453.0,-1454.0,,估计同步待核验
XY_Y-10-1-01,1035,10.233612716763005,-7.0,-8.0,-1453.0,-1454.0,,估计同步待核验
XY_Y-10-1-01,1036,10.243408477842005,-9.0,-8.0,-1453.0,-1454.0,,估计同步待核验
XY_Y-10-1-01,1037,10.253204238921002,-7.0,-8.0,-1453.0,-1454.0,,估计同步待核验
XY_Y-10-1-01,1038,10.263,-9.0,-7.0,-1453.0,-1454.0,,估计同步待核验
XY_Y-10-1-01,1039,10.272795761079,-8.0,-7.0,-1453.0,-1454.0,,估计同步待核验
XY_Y-10-1-01,1040,10.282591522157997,-8.0,-8.0,-1453.0,-1454.0,,估计同步待核验
XY_Y-10-1-01,1041,10.292387283236994,-8.0,-7.0,-1453.0,-1454.0,,估计同步待核验
XY_Y-10-1-01,1042,10.302183044315992,-7.816955684007748,-7.183044315992252,-1453.0,-1454.0,,估计同步待核验
XY_Y-10-1-01,1043,10.311978805394991,-7.0,-8.0,-1453.0,-1454.0,,估计同步待核验
XY_Y-10-1-01,1044,10.321774566473989,-9.0,-8.0,-1453.0,-1454.0,,估计同步待核验
XY_Y-10-1-01,1045,10.331570327552987,-7.0,-8.0,-1452.0,-1454.0,,估计同步待核验
XY_Y-10-1-01,1046,10.341366088631986,-9.0,-8.0,-1453.0,-1454.0,,估计同步待核验
XY_Y-10-1-01,1047,10.351161849710984,-7.0,-8.0,-1452.0,-1454.0,,估计同步待核验
XY_Y-10-1-01,1048,10.360957610789981,-9.0,-8.0,-1452.0,-1454.0,,估计同步待核验
XY_Y-10-1-01,1049,10.370753371868979,-7.0,-8.0,-1452.0,-1454.0,,估计同步待核验
XY_Y-10-1-01,1050,10.380549132947976,-8.0,-8.0,-1452.0,-1454.0,,估计同步待核验
XY_Y-10-1-01,1051,10.390344894026974,-8.0,-8.0,-1452.0,-1454.0,,估计同步待核验
XY_Y-10-1-01,1052,10.400140655105972,-8.0,-8.0,-1452.0,-1454.0,,估计同步待核验
XY_Y-10-1-01,1053,10.409936416184971,-8.0,-8.0,-1452.0,-1454.0,,估计同步待核验
XY_Y-10-1-01,1054,10.419732177263969,-9.0,-8.0,-1452.0,-1454.0,,估计同步待核验
XY_Y-10-1-01,1055,10.429527938342966,-7.0,-8.0,-1452.0,-1454.0,,估计同步待核验
XY_Y-10-1-01,1056,10.439323699421964,-9.0,-8.0,-1452.0,-1454.0,,估计同步待核验
XY_Y-10-1-01,1057,10.449119460500963,-7.0,-8.0,-1452.0,-1454.0,,估计同步待核验
XY_Y-10-1-01,1058,10.45891522157996,-9.0,-8.0,-1452.0,-1454.0,,估计同步待核验
XY_Y-10-1-01,1059,10.468710982658958,-7.0,-8.0,-1452.0,-1454.0,,估计同步待核验
XY_Y-10-1-01,1060,10.478506743737958,-8.01348747591657,-8.0,-1452.0,-1454.0,,估计同步待核验
XY_Y-10-1-01,1061,10.488302504816955,-9.0,-8.0,-1452.0,-1454.0,,估计同步待核验
XY_Y-10-1-01,1062,10.498098265895953,-8.0,-8.0,-1452.0,-1453.0,,估计同步待核验
XY_Y-10-1-01,1063,10.50789402697495,-8.0,-8.0,-1452.0,-1453.0,,估计同步待核验
XY_Y-10-1-01,1064,10.51768978805395,-8.0,-8.0,-1452.0,-1453.0,,估计同步待核验
XY_Y-10-1-01,1065,10.527485549132948,-7.0,-9.0,-1452.0,-1453.0,,估计同步待核验
XY_Y-10-1-01,1066,10.537281310211945,-9.0,-8.0,-1452.0,-1453.0,,估计同步待核验
XY_Y-10-1-01,1067,10.547077071290943,-7.0,-8.0,-1451.0,-1453.0,,估计同步待核验
XY_Y-10-1-01,1068,10.556872832369942,-9.0,-8.0,-1452.0,-1453.0,,估计同步待核验
XY_Y-10-1-01,1069,10.56666859344894,-7.662813102121275,-8.0,-1451.3314065510606,-1453.0,,估计同步待核验
XY_Y-10-1-01,1070,10.576464354527937,-7.0,-8.0,-1451.0,-1453.0,,估计同步待核验
XY_Y-10-1-01,1071,10.586260115606937,-9.0,-8.0,-1452.0,-1453.0,,估计同步待核验
XY_Y-10-1-01,1072,10.596055876685934,-7.0,-8.0,-1451.0,-1453.0,,估计同步待核验
XY_Y-10-1-01,1073,10.605851637764932,-8.0,-8.0,-1452.0,-1453.0,,估计同步待核验
XY_Y-10-1-01,1074,10.61564739884393,-8.0,-8.0,-1451.0,-1453.0,,估计同步待核验
XY_Y-10-1-01,1075,10.625443159922929,-8.0,-8.0,-1451.0,-1453.0,,估计同步待核验
XY_Y-10-1-01,1076,10.635238921001926,-9.0,-7.0,-1451.0,-1453.0,,估计同步待核验
XY_Y-10-1-01,1077,10.645034682080924,-7.0,-8.0,-1451.0,-1452.0,,估计同步待核验
XY_Y-10-1-01,1078,10.654830443159923,-8.660886319847986,-7.169556840076007,-1451.0,-1452.0,,估计同步待核验
XY_Y-10-1-01,1079,10.664626204238921,-9.0,-7.0,-1451.0,-1452.0,,估计同步待核验
XY_Y-10-1-01,1080,10.674421965317919,-7.0,-8.0,-1450.0,-1452.0,,估计同步待核验
XY_Y-10-1-01,1081,10.684217726396916,-9.0,-7.0,-1451.0,-1452.0,,估计同步待核验
XY_Y-10-1-01,1082,10.694013487475916,-7.0,-8.0,-1450.0,-1452.0,,估计同步待核验
XY_Y-10-1-01,1083,10.703809248554913,-9.0,-8.0,-1451.0,-1452.0,,估计同步待核验
XY_Y-10-1-01,1084,10.71360500963391,-8.0,-8.0,-1450.0,-1452.0,,估计同步待核验
XY_Y-10-1-01,1085,10.72340077071291,-8.0,-8.0,-1450.0,-1452.0,,估计同步待核验
XY_Y-10-1-01,1086,10.733196531791908,-9.0,-7.0,-1450.0,-1452.0,,估计同步待核验
XY_Y-10-1-01,1087,10.742992292870905,-8.007707129094928,-7.992292870905071,-1450.0,-1451.007707129095,,估计同步待核验
XY_Y-10-1-01,1088,10.752788053949903,-8.0,-8.0,-1450.0,-1451.0,,估计同步待核验
XY_Y-10-1-01,1089,10.762583815028902,-9.0,-7.0,-1450.0,-1451.0,,估计同步待核验
XY_Y-10-1-01,1090,10.7723795761079,-7.0,-8.0,-1450.0,-1451.0,,估计同步待核验
XY_Y-10-1-01,1091,10.782175337186898,-10.0,-7.0,-1450.0,-1451.0,,估计同步待核验
XY_Y-10-1-01,1092,10.791971098265895,-7.0,-8.0,-1450.0,-1451.0,,估计同步待核验
XY_Y-10-1-01,1093,10.801766859344895,-9.0,-8.0,-1450.0,-1451.0,,估计同步待核验
XY_Y-10-1-01,1094,10.811562620423892,-8.0,-8.0,-1449.0,-1451.0,,估计同步待核验
XY_Y-10-1-01,1095,10.82135838150289,-9.0,-8.0,-1449.0,-1451.0,,估计同步待核验
XY_Y-10-1-01,1096,10.83115414258189,-8.0,-8.0,-1449.0,-1450.0,,估计同步待核验
XY_Y-10-1-01,1097,10.840949903660887,-8.0,-8.0,-1449.0,-1450.0,,估计同步待核验
XY_Y-10-1-01,1098,10.850745664739884,-8.0,-8.0,-1449.0,-1450.0,,估计同步待核验
XY_Y-10-1-01,1099,10.860541425818882,-9.0,-7.0,-1449.0,-1450.0,,估计同步待核验
XY_Y-10-1-01,1100,10.870337186897881,-7.0,-8.0,-1448.0,-1450.0,,估计同步待核验
XY_Y-10-1-01,1101,10.880132947976879,-9.0,-8.0,-1449.0,-1450.0,,估计同步待核验
XY_Y-10-1-01,1102,10.889928709055877,-7.0,-8.0,-1448.0,-1450.0,,估计同步待核验
XY_Y-10-1-01,1103,10.899724470134876,-9.0,-8.0,-1448.0,-1449.0,,估计同步待核验
XY_Y-10-1-01,1104,10.909520231213873,-7.0,-8.0,-1448.0,-1449.0,,估计同步待核验
XY_Y-10-1-01,1105,10.919315992292871,-9.0,-8.0,-1448.0,-1449.0,,估计同步待核验
XY_Y-10-1-01,1106,10.929111753371869,-8.88824662813152,-8.0,-1448.0,-1449.0,,估计同步待核验
XY_Y-10-1-01,1107,10.938907514450868,-8.0,-8.0,-1448.0,-1449.0,,估计同步待核验
XY_Y-10-1-01,1108,10.948703275529866,-8.0,-8.0,-1448.0,-1449.0,,估计同步待核验
XY_Y-10-1-01,1109,10.958499036608863,-9.0,-8.0,-1448.0,-1449.0,,估计同步待核验
XY_Y-10-1-01,1110,10.968294797687863,-7.0,-8.0,-1447.0,-1449.0,,估计同步待核验
XY_Y-10-1-01,1111,10.97809055876686,-9.0,-8.0,-1448.0,-1449.0,,估计同步待核验
XY_Y-10-1-01,1112,10.987886319845858,-7.0,-8.0,-1448.0,-1449.0,,估计同步待核验
XY_Y-10-1-01,1113,10.997682080924855,-9.0,-8.0,-1448.0,-1449.0,,估计同步待核验
XY_Y-10-1-01,1114,11.007477842003855,-7.0,-8.0,-1448.0,-1449.0,,估计同步待核验
XY_Y-10-1-01,1115,11.017273603082852,-7.547206165705247,-8.0,-1448.0,-1449.0,,估计同步待核验
XY_Y-10-1-01,1116,11.02706936416185,-9.0,-8.0,-1448.0,-1449.0,,估计同步待核验
XY_Y-10-1-01,1117,11.036865125240848,-7.0,-8.0,-1448.0,-1449.0,,估计同步待核验
XY_Y-10-1-01,1118,11.046660886319845,-8.0,-8.0,-1447.0,-1449.0,,估计同步待核验
XY_Y-10-1-01,1119,11.056456647398843,-8.0,-8.0,-1447.0,-1448.0,,估计同步待核验
XY_Y-10-1-01,1120,11.06625240847784,-7.0,-8.0,-1447.0,-1448.0,,估计同步待核验
XY_Y-10-1-01,1121,11.07604816955684,-9.0,-7.0,-1447.0,-1448.0,,估计同步待核验
XY_Y-10-1-01,1122,11.085843930635837,-7.0,-8.0,-1447.0,-1448.0,,估计同步待核验
XY_Y-10-1-01,1123,11.095639691714835,-9.0,-8.0,-1447.0,-1448.0,,估计同步待核验
XY_Y-10-1-01,1124,11.105435452793833,-8.129094412335178,-8.0,-1447.0,-1448.0,,估计同步待核验
XY_Y-10-1-01,1125,11.115231213872832,-7.0,-8.0,-1447.0,-1448.0,,估计同步待核验
XY_Y-10-1-01,1126,11.12502697495183,-9.0,-8.0,-1447.0,-1448.0,,估计同步待核验
XY_Y-10-1-01,1127,11.134822736030827,-7.0,-8.0,-1446.0,-1448.0,,估计同步待核验
XY_Y-10-1-01,1128,11.144618497109827,-8.0,-8.0,-1446.0,-1448.0,,估计同步待核验
XY_Y-10-1-01,1129,11.154414258188824,-8.0,-8.0,-1446.0,-1448.0,,估计同步待核验
XY_Y-10-1-01,1130,11.164210019267822,-8.0,-8.0,-1446.0,-1448.0,,估计同步待核验
XY_Y-10-1-01,1131,11.17400578034682,-9.0,-8.0,-1446.0,-1447.0,,估计同步待核验
XY_Y-10-1-01,1132,11.183801541425819,-7.0,-8.0,-1445.0,-1447.0,,估计同步待核验
XY_Y-10-1-01,1133,11.193597302504816,-8.19460500963196,-7.40269749518402,-1445.597302504816,-1447.0,,估计同步待核验
XY_Y-10-1-01,1134,11.203393063583814,-9.0,-7.0,-1446.0,-1447.0,,估计同步待核验
XY_Y-10-1-01,1135,11.213188824662813,-7.0,-8.0,-1445.0,-1447.0,,估计同步待核验
XY_Y-10-1-01,1136,11.222984585741811,-9.0,-8.0,-1445.0,-1447.0,,估计同步待核验
XY_Y-10-1-01,1137,11.232780346820809,-7.0,-8.0,-1445.0,-1447.0,,估计同步待核验
XY_Y-10-1-01,1138,11.242576107899806,-9.0,-8.0,-1445.0,-1446.0,,估计同步待核验
XY_Y-10-1-01,1139,11.252371868978805,-8.0,-8.0,-1445.0,-1446.0,,估计同步待核验
XY_Y-10-1-01,1140,11.262167630057803,-8.0,-8.0,-1445.0,-1446.0,,估计同步待核验
XY_Y-10-1-01,1141,11.2719633911368,-8.0,-8.0,-1445.0,-1446.0,,估计同步待核验
XY_Y-10-1-01,1142,11.2817591522158,-7.240847784200104,-8.0,-1445.0,-1446.0,,估计同步待核验
XY_Y-10-1-01,1143,11.291554913294798,-7.0,-8.0,-1445.0,-1446.0,,估计同步待核验
XY_Y-10-1-01,1144,11.301350674373795,-9.0,-8.0,-1445.0,-1446.0,,估计同步待核验
XY_Y-10-1-01,1145,11.311146435452793,-7.0,-8.0,-1445.0,-1446.0,,估计同步待核验
XY_Y-10-1-01,1146,11.320942196531792,-9.0,-8.0,-1445.0,-1446.0,,估计同步待核验
XY_Y-10-1-01,1147,11.33073795761079,-7.0,-8.0,-1445.0,-1446.0,,估计同步待核验
XY_Y-10-1-01,1148,11.340533718689787,-10.0,-8.0,-1445.0,-1445.0,,估计同步待核验
XY_Y-10-1-01,1149,11.350329479768785,-8.0,-8.0,-1444.0,-1445.0,,估计同步待核验
XY_Y-10-1-01,1150,11.360125240847784,-9.0,-8.0,-1444.0,-1445.0,,估计同步待核验
XY_Y-10-1-01,1151,11.369921001926782,-8.078998073217251,-8.0,-1444.0,-1445.0,,估计同步待核验
XY_Y-10-1-01,1152,11.37971676300578,-8.0,-8.0,-1444.0,-1445.0,,估计同步待核验
XY_Y-10-1-01,1153,11.389512524084779,-8.0,-8.0,-1443.0,-1445.0,,估计同步待核验
XY_Y-10-1-01,1154,11.399308285163777,-9.0,-8.0,-1443.0,-1445.0,,估计同步待核验
XY_Y-10-1-01,1155,11.409104046242774,-7.0,-8.0,-1443.0,-1445.0,,估计同步待核验
XY_Y-10-1-01,1156,11.418899807321772,-9.0,-8.0,-1443.0,-1444.0,,估计同步待核验
XY_Y-10-1-01,1157,11.428695568400771,-7.0,-8.0,-1443.0,-1444.0,,估计同步待核验
XY_Y-10-1-01,1158,11.438491329479769,-9.0,-8.0,-1443.0,-1444.0,,估计同步待核验
XY_Y-10-1-01,1159,11.448287090558766,-7.0,-8.0,-1443.0,-1444.0,,估计同步待核验
XY_Y-10-1-01,1160,11.458082851637766,-9.0,-8.0,-1443.0,-1444.0,,估计同步待核验
XY_Y-10-1-01,1161,11.467878612716763,-9.0,-8.0,-1443.0,-1444.0,,估计同步待核验
XY_Y-10-1-01,1162,11.477674373795761,-7.0,-8.0,-1442.0,-1444.0,,估计同步待核验
XY_Y-10-1-01,1163,11.487470134874759,-8.0,-8.0,-1442.0,-1444.0,,估计同步待核验
XY_Y-10-1-01,1164,11.497265895953758,-9.0,-8.0,-1442.0,-1444.0,,估计同步待核验
XY_Y-10-1-01,1165,11.507061657032756,-8.0,-8.0,-1442.0,-1444.0,,估计同步待核验
XY_Y-10-1-01,1166,11.516857418111753,-9.0,-8.0,-1442.0,-1443.0,,估计同步待核验
XY_Y-10-1-01,1167,11.526653179190752,-7.0,-8.0,-1441.0,-1443.0,,估计同步待核验
XY_Y-10-1-01,1168,11.53644894026975,-9.0,-8.0,-1442.0,-1443.0,,估计同步待核验
XY_Y-10-1-01,1169,11.546244701348748,-7.0,-8.0,-1441.0,-1443.0,,估计同步待核验
XY_Y-10-1-01,1170,11.556040462427745,-7.080924855492172,-8.0,-1441.0,-1442.959537572254,,估计同步待核验
XY_Y-10-1-01,1171,11.565836223506745,-9.0,-8.0,-1441.0,-1442.0,,估计同步待核验
XY_Y-10-1-01,1172,11.575631984585742,-7.0,-8.0,-1441.0,-1442.0,,估计同步待核验
XY_Y-10-1-01,1173,11.58542774566474,-9.0,-8.0,-1440.0,-1442.0,,估计同步待核验
XY_Y-10-1-01,1174,11.59522350674374,-8.0,-8.0,-1440.0,-1442.0,,估计同步待核验
XY_Y-10-1-01,1175,11.605019267822737,-8.0,-8.0,-1440.0,-1442.0,,估计同步待核验
XY_Y-10-1-01,1176,11.614815028901734,-9.0,-7.0,-1440.0,-1442.0,,估计同步待核验
XY_Y-10-1-01,1177,11.624610789980732,-7.0,-8.0,-1440.0,-1442.0,,估计同步待核验
XY_Y-10-1-01,1178,11.634406551059731,-9.0,-7.0,-1440.0,-1442.0,,估计同步待核验
XY_Y-10-1-01,1179,11.644202312138729,-8.595375722541977,-7.202312138729011,-1440.0,-1442.0,,估计同步待核验
XY_Y-10-1-01,1180,11.653998073217727,-7.0,-8.0,-1440.0,-1442.0,,估计同步待核验
XY_Y-10-1-01,1181,11.663793834296724,-9.0,-8.0,-1440.0,-1442.0,,估计同步待核验
XY_Y-10-1-01,1182,11.673589595375724,-7.0,-8.0,-1439.0,-1441.0,,估计同步待核验
XY_Y-10-1-01,1183,11.683385356454721,-9.0,-8.0,-1439.0,-1441.0,,估计同步待核验
XY_Y-10-1-01,1184,11.693181117533719,-8.0,-8.0,-1439.0,-1441.0,,估计同步待核验
XY_Y-10-1-01,1185,11.702976878612716,-8.0,-8.0,-1439.0,-1441.0,,估计同步待核验
XY_Y-10-1-01,1186,11.712772639691714,-8.0,-8.0,-1439.0,-1441.0,,估计同步待核验
XY_Y-10-1-01,1187,11.722568400770712,-8.0,-8.0,-1438.0,-1440.0,,估计同步待核验
XY_Y-10-1-01,1188,11.73236416184971,-8.364161849709442,-7.6358381502905575,-1438.0,-1440.0,,估计同步待核验
XY_Y-10-1-01,1189,11.742159922928709,-9.0,-7.0,-1438.0,-1440.0,,估计同步待核验
XY_Y-10-1-01,1190,11.751955684007706,-7.0,-8.0,-1438.0,-1439.0,,估计同步待核验
XY_Y-10-1-01,1191,11.761751445086704,-9.0,-7.0,-1438.0,-1439.0,,估计同步待核验
XY_Y-10-1-01,1192,11.771547206165703,-7.0,-8.0,-1438.0,-1439.0,,估计同步待核验
XY_Y-10-1-01,1193,11.7813429672447,-9.0,-8.0,-1438.0,-1439.0,,估计同步待核验
XY_Y-10-1-01,1194,11.791138728323698,-7.0,-8.0,-1438.0,-1439.0,,估计同步待核验
XY_Y-10-1-01,1195,11.800934489402696,-9.0,-8.0,-1438.0,-1439.0,,估计同步待核验
XY_Y-10-1-01,1196,11.810730250481695,-8.0,-8.0,-1438.0,-1439.0,,估计同步待核验
XY_Y-10-1-01,1197,11.820526011560693,-8.0,-8.0,-1437.473988439307,-1439.0,,估计同步待核验
XY_Y-10-1-01,1198,11.83032177263969,-8.0,-8.0,-1437.0,-1439.0,,估计同步待核验
XY_Y-10-1-01,1199,11.84011753371869,-9.0,-8.0,-1437.0,-1439.0,,估计同步待核验
XY_Y-10-1-01,1200,11.849913294797688,-7.0,-8.0,-1437.0,-1438.0,,估计同步待核验
XY_Y-10-1-01,1201,11.859709055876685,-9.0,-8.0,-1437.0,-1438.0,,估计同步待核验
XY_Y-10-1-01,1202,11.869504816955683,-7.0,-8.0,-1436.0,-1438.0,,估计同步待核验
XY_Y-10-1-01,1203,11.879300578034682,-9.0,-8.0,-1437.0,-1438.0,,估计同步待核验
XY_Y-10-1-01,1204,11.88909633911368,-7.0,-8.0,-1436.0,-1438.0,,估计同步待核验
XY_Y-10-1-01,1205,11.898892100192677,-9.0,-8.0,-1436.0,-1438.0,,估计同步待核验
XY_Y-10-1-01,1206,11.908687861271675,-8.312138728325424,-8.0,-1436.0,-1438.0,,估计同步待核验
XY_Y-10-1-01,1207,11.918483622350674,-8.0,-8.0,-1436.0,-1438.0,,估计同步待核验
XY_Y-10-1-01,1208,11.928279383429672,-8.0,-8.0,-1436.0,-1437.0,,估计同步待核验
XY_Y-10-1-01,1209,11.93807514450867,-8.0,-8.0,-1436.0,-1437.0,,估计同步待核验
XY_Y-10-1-01,1210,11.947870905587669,-7.0,-8.0,-1436.0,-1437.0,,估计同步待核验
XY_Y-10-1-01,1211,11.957666666666666,-9.0,-8.0,-1436.0,-1437.0,,估计同步待核验
XY_Y-10-1-01,1212,11.967462427745664,-7.0,-8.0,-1435.0,-1437.0,,估计同步待核验
XY_Y-10-1-01,1213,11.977258188824662,-10.0,-8.0,-1435.0,-1437.0,,估计同步待核验
XY_Y-10-1-01,1214,11.987053949903661,-7.0,-8.0,-1435.0,-1437.0,,估计同步待核验
XY_Y-10-1-01,1215,11.996849710982659,-8.699421965317303,-8.0,-1435.0,-1436.1502890173413,,估计同步待核验
XY_Y-10-1-01,1216,12.006645472061656,-9.0,-8.0,-1435.0,-1436.0,,估计同步待核验
XY_Y-10-1-01,1217,12.016441233140656,-7.0,-8.0,-1435.0,-1436.0,,估计同步待核验
XY_Y-10-1-01,1218,12.026236994219653,-9.0,-8.0,-1434.0,-1436.0,,估计同步待核验
XY_Y-10-1-01,1219,12.03603275529865,-8.0,-8.0,-1435.0,-1436.0,,估计同步待核验
XY_Y-10-1-01,1220,12.045828516377648,-8.0,-8.0,-1434.0,-1436.0,,估计同步待核验
XY_Y-10-1-01,1221,12.055624277456648,-9.0,-8.0,-1435.0,-1436.0,,估计同步待核验
XY_Y-10-1-01,1222,12.065420038535645,-7.0,-8.0,-1434.0,-1436.0,,估计同步待核验
XY_Y-10-1-01,1223,12.075215799614643,-9.0,-8.0,-1434.0,-1436.0,,估计同步待核验
XY_Y-10-1-01,1224,12.085011560693642,-7.0,-8.0,-1433.0,-1435.0,,估计同步待核验
XY_Y-10-1-01,1225,12.09480732177264,-7.0,-8.0,-1433.0,-1435.0,,估计同步待核验
XY_Y-10-1-01,1226,12.104603082851638,-9.0,-8.0,-1433.0,-1435.0,,估计同步待核验
XY_Y-10-1-01,1227,12.114398843930635,-7.0,-8.0,-1433.0,-1435.0,,估计同步待核验
XY_Y-10-1-01,1228,12.124194605009635,-9.0,-8.0,-1433.0,-1435.0,,估计同步待核验
XY_Y-10-1-01,1229,12.133990366088632,-8.0,-8.0,-1432.0,-1434.0,,估计同步待核验
XY_Y-10-1-01,1230,12.14378612716763,-8.0,-8.0,-1432.0,-1434.0,,估计同步待核验
XY_Y-10-1-01,1231,12.153581888246629,-8.0,-8.0,-1433.0,-1434.0,,估计同步待核验
XY_Y-10-1-01,1232,12.163377649325627,-7.0,-8.0,-1432.0,-1434.0,,估计同步待核验
XY_Y-10-1-01,1233,12.173173410404624,-9.0,-7.0,-1433.0,-1434.0,,估计同步待核验
XY_Y-10-1-01,1234,12.182969171483622,-9.0,-7.0,-1433.0,-1434.0,,估计同步待核验
XY_Y-10-1-01,1235,12.192764932562621,-7.0,-8.0,-1432.0,-1434.0,,估计同步待核验
XY_Y-10-1-01,1236,12.202560693641619,-9.0,-7.0,-1432.0,-1433.0,,估计同步待核验
XY_Y-10-1-01,1237,12.212356454720616,-7.0,-8.0,-1431.0,-1433.0,,估计同步待核验
XY_Y-10-1-01,1238,12.222152215799614,-9.0,-8.0,-1431.0,-1433.0,,估计同步待核验
XY_Y-10-1-01,1239,12.231947976878613,-7.0,-8.0,-1431.0,-1432.0,,估计同步待核验
XY_Y-10-1-01,1240,12.241743737957611,-8.0,-8.0,-1430.0,-1432.0,,估计同步待核验
XY_Y-10-1-01,1241,12.251539499036609,-8.0,-8.0,-1430.0,-1432.0,,估计同步待核验
XY_Y-10-1-01,1242,12.261335260115608,-7.0,-8.0,-1430.0,-1432.0,,估计同步待核验
XY_Y-10-1-01,1243,12.271131021194606,-7.131021194604914,-8.0,-1430.0,-1431.868978805395,,估计同步待核验
XY_Y-10-1-01,1244,12.280926782273603,-8.0,-8.0,-1430.0,-1431.0,,估计同步待核验
XY_Y-10-1-01,1245,12.2907225433526,-7.0,-8.0,-1429.0,-1431.0,,估计同步待核验
XY_Y-10-1-01,1246,12.3005183044316,-9.0,-8.0,-1430.0,-1431.0,,估计同步待核验
XY_Y-10-1-01,1247,12.310314065510598,-7.0,-8.0,-1429.0,-1431.0,,估计同步待核验
XY_Y-10-1-01,1248,12.320109826589595,-9.0,-8.0,-1429.0,-1431.0,,估计同步待核验
XY_Y-10-1-01,1249,12.329905587668595,-7.0,-8.0,-1429.0,-1430.0,,估计同步待核验
XY_Y-10-1-01,1250,12.339701348747592,-9.0,-8.0,-1429.0,-1430.0,,估计同步待核验
XY_Y-10-1-01,1251,12.34949710982659,-8.0,-8.0,-1428.0,-1430.0,,估计同步待核验
XY_Y-10-1-01,1252,12.359292870905588,-8.0,-8.0,-1428.0,-1429.7071290944123,,估计同步待核验
XY_Y-10-1-01,1253,12.369088631984585,-8.0,-8.0,-1428.0,-1429.0,,估计同步待核验
XY_Y-10-1-01,1254,12.378884393063583,-9.0,-7.0,-1428.0,-1429.0,,估计同步待核验
XY_Y-10-1-01,1255,12.38868015414258,-7.0,-8.0,-1427.0,-1429.0,,估计同步待核验
XY_Y-10-1-01,1256,12.39847591522158,-9.0,-8.0,-1428.0,-1429.0,,估计同步待核验
XY_Y-10-1-01,1257,12.408271676300577,-7.0,-8.0,-1427.0,-1429.0,,估计同步待核验
XY_Y-10-1-01,1258,12.418067437379575,-9.0,-8.0,-1427.0,-1428.0,,估计同步待核验
XY_Y-10-1-01,1259,12.427863198458573,-7.0,-8.0,-1426.0,-1428.0,,估计同步待核验
XY_Y-10-1-01,1260,12.437658959537572,-9.0,-8.0,-1426.0,-1428.0,,估计同步待核验
XY_Y-10-1-01,1261,12.44745472061657,-8.545279383430186,-8.0,-1426.0,-1428.0,,估计同步待核验
XY_Y-10-1-01,1262,12.457250481695567,-8.0,-8.0,-1426.0,-1428.0,,估计同步待核验
XY_Y-10-1-01,1263,12.467046242774565,-9.0,-8.0,-1426.0,-1428.0,,估计同步待核验
XY_Y-10-1-01,1264,12.476842003853564,-8.0,-7.0,-1426.0,-1428.0,,估计同步待核验
XY_Y-10-1-01,1265,12.486637764932562,-8.0,-8.0,-1425.0,-1427.0,,估计同步待核验
XY_Y-10-1-01,1266,12.49643352601156,-9.0,-7.0,-1425.0,-1427.0,,估计同步待核验
XY_Y-10-1-01,1267,12.506229287090559,-7.0,-8.0,-1425.0,-1427.0,,估计同步待核验
XY_Y-10-1-01,1268,12.516025048169556,-9.0,-7.0,-1425.0,-1427.0,,估计同步待核验
XY_Y-10-1-01,1269,12.525820809248554,-7.0,-8.0,-1425.0,-1426.0,,估计同步待核验
XY_Y-10-1-01,1270,12.535616570327551,-8.849710982655099,-8.0,-1425.0,-1426.0,,估计同步待核验
XY_Y-10-1-01,1271,12.54541233140655,-10.0,-8.0,-1425.0,-1426.0,,估计同步待核验
XY_Y-10-1-01,1272,12.555208092485548,-7.0,-8.0,-1424.0,-1426.0,,估计同步待核验
XY_Y-10-1-01,1273,12.565003853564546,-9.0,-8.0,-1424.0,-1426.0,,估计同步待核验
XY_Y-10-1-01,1274,12.574799614643545,-8.0,-8.0,-1424.0,-1426.0,,估计同步待核验
XY_Y-10-1-01,1275,12.584595375722543,-8.0,-8.0,-1424.0,-1426.0,,估计同步待核验
XY_Y-10-1-01,1276,12.59439113680154,-9.0,-8.0,-1424.0,-1425.0,,估计同步待核验
XY_Y-10-1-01,1277,12.604186897880538,-7.0,-8.0,-1423.0,-1425.0,,估计同步待核验
XY_Y-10-1-01,1278,12.613982658959538,-9.0,-8.0,-1423.0,-1425.0,,估计同步待核验
XY_Y-10-1-01,1279,12.623778420038535,-7.443159922930105,-8.0,-1422.221579961465,-1424.221579961465,,估计同步待核验
XY_Y-10-1-01,1280,12.633574181117533,-7.0,-8.0,-1422.0,-1424.0,,估计同步待核验
XY_Y-10-1-01,1281,12.643369942196532,-9.0,-8.0,-1422.0,-1424.0,,估计同步待核验
XY_Y-10-1-01,1282,12.65316570327553,-7.0,-8.0,-1422.0,-1424.0,,估计同步待核验
XY_Y-10-1-01,1283,12.662961464354527,-9.0,-8.0,-1422.0,-1424.0,,估计同步待核验
XY_Y-10-1-01,1284,12.672757225433525,-8.0,-8.0,-1422.0,-1423.0,,估计同步待核验
XY_Y-10-1-01,1285,12.682552986512524,-8.0,-8.0,-1421.0,-1423.0,,估计同步待核验
XY_Y-10-1-01,1286,12.692348747591522,-8.0,-8.0,-1421.0,-1423.0,,估计同步待核验
XY_Y-10-1-01,1287,12.70214450867052,-8.0,-8.0,-1421.0,-1423.0,,估计同步待核验
XY_Y-10-1-01,1288,12.711940269749519,-8.940269749519183,-7.059730250480816,-1421.0,-1423.0,,估计同步待核验
XY_Y-10-1-01,1289,12.721736030828517,-9.0,-7.0,-1421.0,-1423.0,,估计同步待核验
XY_Y-10-1-01,1290,12.731531791907514,-7.0,-8.0,-1420.0,-1423.0,,估计同步待核验
XY_Y-10-1-01,1291,12.741327552986512,-9.0,-7.0,-1421.0,-1423.0,,估计同步待核验
XY_Y-10-1-01,1292,12.751123314065511,-7.0,-8.0,-1420.0,-1422.0,,估计同步待核验
XY_Y-10-1-01,1293,12.760919075144509,-9.0,-7.0,-1420.0,-1422.0,,估计同步待核验
XY_Y-10-1-01,1294,12.770714836223506,-7.0,-8.0,-1420.0,-1422.0,,估计同步待核验
XY_Y-10-1-01,1295,12.780510597302504,-8.0,-8.0,-1420.0,-1422.0,,估计同步待核验
XY_Y-10-1-01,1296,12.790306358381503,-8.0,-8.0,-1419.0,-1421.0,,估计同步待核验
XY_Y-10-1-01,1297,12.800102119460501,-7.0,-8.0,-1419.0,-1421.0,,估计同步待核验
XY_Y-10-1-01,1298,12.809897880539499,-8.795761078996286,-8.0,-1419.0,-1420.1021194605019,,估计同步待核验
XY_Y-10-1-01,1299,12.819693641618498,-9.0,-8.0,-1419.0,-1420.0,,估计同步待核验
XY_Y-10-1-01,1300,12.829489402697495,-7.0,-8.0,-1418.0,-1420.0,,估计同步待核验
XY_Y-10-1-01,1301,12.839285163776493,-9.0,-8.0,-1418.0,-1420.0,,估计同步待核验
XY_Y-10-1-01,1302,12.84908092485549,-7.0,-8.0,-1418.0,-1420.0,,估计同步待核验
XY_Y-10-1-01,1303,12.85887668593449,-9.0,-8.0,-1418.0,-1420.0,,估计同步待核验
XY_Y-10-1-01,1304,12.868672447013488,-7.0,-8.0,-1418.0,-1420.0,,估计同步待核验
XY_Y-10-1-01,1305,12.878468208092485,-9.0,-8.0,-1418.0,-1420.0,,估计同步待核验
XY_Y-10-1-01,1306,12.888263969171485,-7.0,-8.0,-1417.0,-1419.0,,估计同步待核验
XY_Y-10-1-01,1307,12.898059730250482,-8.0,-8.0,-1417.0,-1419.0,,估计同步待核验
XY_Y-10-1-01,1308,12.90785549132948,-8.0,-8.0,-1417.0,-1419.0,,估计同步待核验
XY_Y-10-1-01,1309,12.917651252408477,-8.0,-8.0,-1417.0,-1419.0,,估计同步待核验
XY_Y-10-1-01,1310,12.927447013487477,-7.0,-8.0,-1416.0,-1418.0,,估计同步待核验
XY_Y-10-1-01,1311,12.937242774566474,-9.0,-8.0,-1416.0,-1418.0,,估计同步待核验
XY_Y-10-1-01,1312,12.947038535645472,-7.0,-8.0,-1415.0,-1417.0,,估计同步待核验
XY_Y-10-1-01,1313,12.956834296724471,-9.0,-8.0,-1415.0,-1417.0,,估计同步待核验
XY_Y-10-1-01,1314,12.966630057803469,-7.0,-8.0,-1415.0,-1417.0,,估计同步待核验
XY_Y-10-1-01,1315,12.976425818882467,-9.0,-8.0,-1415.0,-1416.0,,估计同步待核验
XY_Y-10-1-01,1316,12.986221579961464,-8.55684007707266,-8.0,-1414.7784200385363,-1416.0,,估计同步待核验
XY_Y-10-1-01,1317,12.996017341040464,-7.0,-8.0,-1414.0,-1416.0,,估计同步待核验
XY_Y-10-1-01,1318,13.005813102119461,-9.0,-8.0,-1414.0,-1416.0,,估计同步待核验
XY_Y-10-1-01,1319,13.015608863198459,-8.0,-8.0,-1414.0,-1416.0,,估计同步待核验
XY_Y-10-1-01,1320,13.025404624277456,-8.0,-8.0,-1414.0,-1416.0,,估计同步待核验
XY_Y-10-1-01,1321,13.035200385356454,-9.0,-8.0,-1413.0,-1416.0,,估计同步待核验
XY_Y-10-1-01,1322,13.044996146435452,-7.0,-8.0,-1413.0,-1415.0,,估计同步待核验
XY_Y-10-1-01,1323,13.05479190751445,-9.0,-8.0,-1413.0,-1415.0,,估计同步待核验
XY_Y-10-1-01,1324,13.064587668593449,-7.0,-8.0,-1412.0,-1415.0,,估计同步待核验
XY_Y-10-1-01,1325,13.074383429672446,-7.766859344893048,-7.616570327553476,-1412.0,-1414.6165703275535,,估计同步待核验
XY_Y-10-1-01,1326,13.084179190751444,-9.0,-7.0,-1412.0,-1414.0,,估计同步待核验
XY_Y-10-1-01,1327,13.093974951830441,-7.0,-8.0,-1412.0,-1414.0,,估计同步待核验
XY_Y-10-1-01,1328,13.10377071290944,-9.0,-8.0,-1412.0,-1413.0,,估计同步待核验
XY_Y-10-1-01,1329,13.113566473988438,-8.0,-8.0,-1411.0,-1413.0,,估计同步待核验
XY_Y-10-1-01,1330,13.123362235067436,-8.0,-8.0,-1411.0,-1412.0,,估计同步待核验
XY_Y-10-1-01,1331,13.133157996146435,-8.0,-8.0,-1411.0,-1412.0,,估计同步待核验
XY_Y-10-1-01,1332,13.142953757225433,-7.0,-8.0,-1410.0,-1412.0,,估计同步待核验
XY_Y-10-1-01,1333,13.15274951830443,-9.0,-8.0,-1410.0,-1412.0,,估计同步待核验
XY_Y-10-1-01,1334,13.162545279383428,-7.0,-8.0,-1409.0,-1411.0,,估计同步待核验
XY_Y-10-1-01,1335,13.172341040462427,-7.682080924854157,-8.0,-1409.0,-1411.0,,估计同步待核验
XY_Y-10-1-01,1336,13.182136801541425,-9.0,-8.0,-1409.0,-1411.0,,估计同步待核验
XY_Y-10-1-01,1337,13.191932562620423,-7.0,-8.0,-1408.0,-1410.0,,估计同步待核验
XY_Y-10-1-01,1338,13.201728323699422,-9.0,-8.0,-1408.0,-1410.0,,估计同步待核验
XY_Y-10-1-01,1339,13.21152408477842,-8.0,-8.0,-1407.0,-1409.0,,估计同步待核验
XY_Y-10-1-01,1340,13.221319845857417,-9.0,-8.0,-1407.0,-1409.0,,估计同步待核验
XY_Y-10-1-01,1341,13.231115606936415,-8.0,-8.0,-1407.0,-1409.0,,估计同步待核验
XY_Y-10-1-01,1342,13.240911368015414,-8.0,-8.0,-1406.0,-1409.0,,估计同步待核验
XY_Y-10-1-01,1343,13.250707129094412,-8.707129094412233,-8.0,-1406.0,-1408.2928709055877,,估计同步待核验
XY_Y-10-1-01,1344,13.26050289017341,-7.994219653180135,-8.0,-1405.49710982659,-1408.0,,估计同步待核验
XY_Y-10-1-01,1345,13.270298651252407,-7.0,-8.0,-1405.0,-1408.0,,估计同步待核验
XY_Y-10-1-01,1346,13.280094412331406,-9.0,-8.0,-1405.0,-1407.0,,估计同步待核验
XY_Y-10-1-01,1347,13.289890173410404,-7.0,-8.0,-1404.0,-1407.0,,估计同步待核验
XY_Y-10-1-01,1348,13.299685934489402,-9.0,-8.0,-1404.0,-1406.0,,估计同步待核验
XY_Y-10-1-01,1349,13.309481695568401,-7.0,-8.0,-1404.0,-1406.0,,估计同步待核验
XY_Y-10-1-01,1350,13.319277456647399,-9.0,-8.0,-1403.0,-1406.0,,估计同步待核验
XY_Y-10-1-01,1351,13.329073217726396,-7.0,-8.0,-1403.0,-1405.0,,估计同步待核验
XY_Y-10-1-01,1352,13.338868978805394,-8.0,-8.0,-1402.0,-1405.0,,估计同步待核验
XY_Y-10-1-01,1353,13.348664739884393,-8.0,-8.0,-1402.0,-1404.3352601156073,,估计同步待核验
XY_Y-10-1-01,1354,13.35846050096339,-8.0,-8.0,-1402.0,-1404.0,,估计同步待核验
XY_Y-10-1-01,1355,13.368256262042388,-7.0,-8.0,-1401.0,-1404.0,,估计同步待核验
XY_Y-10-1-01,1356,13.378052023121388,-9.0,-8.0,-1401.0,-1403.0,,估计同步待核验
XY_Y-10-1-01,1357,13.387847784200385,-7.0,-8.0,-1401.0,-1403.0,,估计同步待核验
XY_Y-10-1-01,1358,13.397643545279383,-9.0,-8.0,-1401.0,-1403.0,,估计同步待核验
XY_Y-10-1-01,1359,13.40743930635838,-7.0,-8.0,-1400.0,-1402.0,,估计同步待核验
XY_Y-10-1-01,1360,13.41723506743738,-9.0,-8.0,-1400.0,-1402.0,,估计同步待核验
XY_Y-10-1-01,1361,13.427030828516378,-7.0,-8.0,-1399.0,-1401.0,,估计同步待核验
XY_Y-10-1-01,1362,13.436826589595375,-8.653179190751281,-8.0,-1398.1734104046243,-1401.0,,估计同步待核验
XY_Y-10-1-01,1363,13.446622350674375,-9.0,-8.0,-1398.0,-1401.0,,估计同步待核验
XY_Y-10-1-01,1364,13.456418111753372,-9.0,-7.0,-1398.0,-1400.0,,估计同步待核验
XY_Y-10-1-01,1365,13.46621387283237,-8.0,-8.0,-1397.0,-1400.0,,估计同步待核验
XY_Y-10-1-01,1366,13.476009633911367,-9.0,-7.0,-1397.0,-1399.0,,估计同步待核验
XY_Y-10-1-01,1367,13.485805394990367,-7.0,-8.0,-1397.0,-1399.0,,估计同步待核验
XY_Y-10-1-01,1368,13.495601156069364,-9.0,-8.0,-1397.0,-1399.0,,估计同步待核验
XY_Y-10-1-01,1369,13.505396917148362,-7.0,-8.0,-1396.0,-1398.0,,估计同步待核验
XY_Y-10-1-01,1370,13.515192678227361,-9.0,-8.0,-1395.0,-1398.0,,估计同步待核验
XY_Y-10-1-01,1371,13.524988439306359,-9.0,-8.0,-1395.0,-1398.0,,估计同步待核验
XY_Y-10-1-01,1372,13.534784200385356,-7.0,-8.0,-1395.0,-1397.0,,估计同步待核验
XY_Y-10-1-01,1373,13.544579961464354,-9.0,-8.0,-1394.0,-1397.0,,估计同步待核验
XY_Y-10-1-01,1374,13.554375722543353,-8.0,-8.0,-1394.0,-1396.0,,估计同步待核验
XY_Y-10-1-01,1375,13.564171483622351,-8.0,-8.0,-1393.0,-1396.0,,估计同步待核验
XY_Y-10-1-01,1376,13.573967244701349,-9.0,-7.0,-1393.0,-1395.0,,估计同步待核验
XY_Y-10-1-01,1377,13.583763005780346,-7.0,-8.0,-1392.0,-1395.0,,估计同步待核验
XY_Y-10-1-01,1378,13.593558766859346,-9.0,-7.0,-1392.0,-1394.0,,估计同步待核验
XY_Y-10-1-01,1379,13.603354527938343,-7.0,-8.0,-1391.0,-1393.0,,估计同步待核验
XY_Y-10-1-01,1380,13.61315028901734,-10.0,-8.0,-1391.0,-1393.0,,估计同步待核验
XY_Y-10-1-01,1381,13.62294605009634,-10.0,-8.0,-1391.0,-1393.0,,估计同步待核验
XY_Y-10-1-01,1382,13.632741811175338,-7.0,-8.0,-1390.0,-1392.0,,估计同步待核验
XY_Y-10-1-01,1383,13.642537572254335,-9.0,-8.0,-1390.0,-1392.0,,估计同步待核验
XY_Y-10-1-01,1384,13.652333333333333,-8.0,-8.0,-1389.0,-1391.0,,估计同步待核验
XY_Y-10-1-01,1385,13.662129094412332,-8.0,-8.0,-1388.0,-1391.0,,估计同步待核验
XY_Y-10-1-01,1386,13.67192485549133,-9.0,-8.0,-1388.0,-1390.0,,估计同步待核验
XY_Y-10-1-01,1387,13.681720616570328,-8.0,-8.0,-1387.0,-1389.0,,估计同步待核验
XY_Y-10-1-01,1388,13.691516377649325,-9.0,-8.0,-1387.0,-1389.0,,估计同步待核验
XY_Y-10-1-01,1389,13.701312138728323,-7.0,-8.0,-1386.0,-1388.0,,估计同步待核验
XY_Y-10-1-01,1390,13.71110789980732,-7.215799614640253,-8.0,-1386.0,-1388.0,,估计同步待核验
XY_Y-10-1-01,1391,13.720903660886318,-9.0,-8.0,-1386.0,-1388.0,,估计同步待核验
XY_Y-10-1-01,1392,13.730699421965317,-7.0,-8.0,-1385.0,-1387.0,,估计同步待核验
XY_Y-10-1-01,1393,13.740495183044315,-9.0,-8.0,-1384.0,-1387.0,,估计同步待核验
XY_Y-10-1-01,1394,13.750290944123313,-7.0,-8.0,-1383.0,-1386.0,,估计同步待核验
XY_Y-10-1-01,1395,13.760086705202312,-9.0,-8.0,-1383.0,-1385.0,,估计同步待核验
XY_Y-10-1-01,1396,13.76988246628131,-8.0,-8.0,-1382.0,-1384.0,,估计同步待核验
XY_Y-10-1-01,1397,13.779678227360307,-8.0,-8.0,-1381.0,-1383.0,,估计同步待核验
XY_Y-10-1-01,1398,13.789473988439305,-9.0,-8.0,-1381.0,-1383.0,,估计同步待核验
XY_Y-10-1-01,1399,13.799269749518304,-8.460500963391445,-8.0,-1380.7302504816957,-1382.7302504816957,,估计同步待核验
XY_Y-10-1-01,1400,13.809065510597302,-7.0,-8.0,-1380.0,-1382.0,,估计同步待核验
XY_Y-10-1-01,1401,13.8188612716763,-9.0,-8.0,-1380.0,-1382.0,,估计同步待核验
XY_Y-10-1-01,1402,13.828657032755297,-7.0,-8.0,-1379.0,-1381.0,,估计同步待核验
XY_Y-10-1-01,1403,13.838452793834296,-10.0,-8.0,-1378.0,-1380.0,,估计同步待核验
XY_Y-10-1-01,1404,13.848248554913294,-7.0,-8.0,-1377.0,-1379.0,,估计同步待核验
XY_Y-10-1-01,1405,13.858044315992291,-9.0,-8.0,-1377.0,-1378.0,,估计同步待核验
XY_Y-10-1-01,1406,13.86784007707129,-7.0,-8.0,-1376.0,-1377.0,,估计同步待核验
XY_Y-10-1-01,1407,13.877635838150288,-8.0,-8.0,-1375.0,-1377.0,,估计同步待核验
XY_Y-10-1-01,1408,13.887431599229286,-8.0,-8.0,-1375.0,-1376.568400770714,,估计同步待核验
XY_Y-10-1-01,1409,13.897227360308284,-8.0,-8.0,-1375.0,-1376.0,,估计同步待核验
XY_Y-10-1-01,1410,13.907023121387283,-7.0,-8.0,-1374.0,-1376.0,,估计同步待核验
XY_Y-10-1-01,1411,13.91681888246628,-9.0,-8.0,-1373.0,-1376.0,,估计同步待核验
XY_Y-10-1-01,1412,13.926614643545278,-7.0,-8.0,-1372.0,-1375.0,,估计同步待核验
XY_Y-10-1-01,1413,13.936410404624278,-9.0,-8.0,-1372.0,-1375.0,,估计同步待核验
XY_Y-10-1-01,1414,13.946206165703275,-6.0,-8.0,-1371.0,-1374.0,,估计同步待核验
XY_Y-10-1-01,1415,13.956001926782273,-9.0,-8.0,-1370.0,-1373.0,,估计同步待核验
XY_Y-10-1-01,1416,13.96579768786127,-7.0,-8.0,-1369.0,-1372.0,,估计同步待核验
XY_Y-10-1-01,1417,13.97559344894027,-8.18689788053882,-8.0,-1369.0,-1371.4065510597306,,估计同步待核验
XY_Y-10-1-01,1418,13.985389210019267,-9.0,-8.0,-1369.0,-1371.0,,估计同步待核验
XY_Y-10-1-01,1419,13.995184971098265,-8.0,-8.0,-1368.0,-1370.0,,估计同步待核验
XY_Y-10-1-01,1420,14.004980732177264,-8.0,-8.0,-1367.0,-1370.0,,估计同步待核验
XY_Y-10-1-01,1421,14.014776493256262,-9.0,-8.0,-1366.0,-1369.0,,估计同步待核验
XY_Y-10-1-01,1422,14.02457225433526,-7.0,-8.0,-1365.0,-1368.0,,估计同步待核验
XY_Y-10-1-01,1423,14.034368015414257,-9.0,-8.0,-1365.0,-1367.0,,估计同步待核验
XY_Y-10-1-01,1424,14.044163776493257,-7.0,-8.0,-1363.0,-1366.0,,估计同步待核验
XY_Y-10-1-01,1425,14.053959537572254,-10.0,-8.0,-1363.0,-1366.0,,估计同步待核验
XY_Y-10-1-01,1426,14.063755298651252,-7.734104046245372,-8.0,-1362.2447013487485,-1365.2447013487485,,估计同步待核验
XY_Y-10-1-01,1427,14.073551059730251,-7.0,-8.0,-1362.0,-1365.0,,估计同步待核验
XY_Y-10-1-01,1428,14.083346820809249,-9.0,-8.0,-1362.0,-1364.0,,估计同步待核验
XY_Y-10-1-01,1429,14.093142581888246,-8.0,-8.0,-1361.0,-1363.0,,估计同步待核验
XY_Y-10-1-01,1430,14.102938342967244,-8.0,-8.0,-1360.0,-1362.0,,估计同步待核验
XY_Y-10-1-01,1431,14.112734104046243,-8.0,-7.0,-1359.0,-1361.0,,估计同步待核验
XY_Y-10-1-01,1432,14.122529865125241,-7.0,-8.0,-1358.0,-1360.0,,估计同步待核验
XY_Y-10-1-01,1433,14.132325626204238,-9.0,-7.0,-1357.0,-1360.0,,估计同步待核验
XY_Y-10-1-01,1434,14.142121387283236,-7.0,-8.0,-1356.0,-1359.0,,估计同步待核验
XY_Y-10-1-01,1435,14.151917148362235,-7.0,-8.0,-1356.0,-1359.0,,估计同步待核验
XY_Y-10-1-01,1436,14.161712909441233,-9.0,-8.0,-1356.0,-1358.0,,估计同步待核验
XY_Y-10-1-01,1437,14.17150867052023,-7.0,-8.0,-1354.0,-1357.0,,估计同步待核验
XY_Y-10-1-01,1438,14.18130443159923,-9.0,-8.0,-1354.0,-1356.0,,估计同步待核验
XY_Y-10-1-01,1439,14.191100192678228,-7.0,-8.0,-1353.0,-1355.0,,估计同步待核验
XY_Y-10-1-01,1440,14.200895953757225,-9.0,-8.0,-1352.0,-1355.0,,估计同步待核验
XY_Y-10-1-01,1441,14.210691714836223,-8.0,-8.0,-1352.0,-1354.0,,估计同步待核验
XY_Y-10-1-01,1442,14.220487475915222,-8.0,-8.0,-1351.0,-1353.0,,估计同步待核验
XY_Y-10-1-01,1443,14.23028323699422,-9.0,-8.0,-1350.0,-1353.0,,估计同步待核验
XY_Y-10-1-01,1444,14.240078998073217,-7.0,-8.0,-1349.0,-1352.0,,估计同步待核验
XY_Y-10-1-01,1445,14.249874759152217,-7.0,-8.0,-1349.0,-1352.0,,估计同步待核验
XY_Y-10-1-01,1446,14.259670520231214,-9.0,-8.0,-1348.0,-1351.0,,估计同步待核验
XY_Y-10-1-01,1447,14.269466281310212,-6.0,-8.0,-1347.0,-1350.0,,估计同步待核验
XY_Y-10-1-01,1448,14.27926204238921,-9.0,-8.0,-1346.0,-1348.0,,估计同步待核验
XY_Y-10-1-01,1449,14.289057803468209,-7.0,-8.0,-1345.0,-1347.0,,估计同步待核验
XY_Y-10-1-01,1450,14.298853564547207,-9.0,-8.0,-1344.0,-1346.0,,估计同步待核验
XY_Y-10-1-01,1451,14.308649325626204,-8.0,-8.0,-1343.0,-1345.0,,估计同步待核验
XY_Y-10-1-01,1452,14.318445086705204,-8.0,-8.0,-1342.0,-1345.0,,估计同步待核验
XY_Y-10-1-01,1453,14.328240847784201,-8.0,-8.0,-1342.0,-1344.0,,估计同步待核验
XY_Y-10-1-01,1454,14.338036608863199,-7.9633911368004835,-8.0,-1341.9633911368005,-1343.9633911368005,,估计同步待核验
XY_Y-10-1-01,1455,14.347832369942196,-7.0,-8.0,-1341.0,-1343.0,,估计同步待核验
XY_Y-10-1-01,1456,14.357628131021194,-9.0,-8.0,-1340.0,-1342.0,,估计同步待核验
XY_Y-10-1-01,1457,14.367423892100192,-7.0,-8.0,-1339.0,-1341.0,,估计同步待核验
XY_Y-10-1-01,1458,14.37721965317919,-9.0,-8.0,-1338.0,-1340.0,,估计同步待核验
XY_Y-10-1-01,1459,14.387015414258187,-7.0,-8.0,-1337.0,-1339.0,,估计同步待核验
XY_Y-10-1-01,1460,14.396811175337186,-9.0,-8.0,-1336.0,-1338.0,,估计同步待核验
XY_Y-10-1-01,1461,14.406606936416184,-7.0,-8.0,-1335.0,-1337.0,,估计同步待核验
XY_Y-10-1-01,1462,14.416402697495181,-9.0,-8.0,-1334.0,-1336.0,,估计同步待核验
XY_Y-10-1-01,1463,14.42619845857418,-8.801541425819341,-8.0,-1333.8015414258193,-1335.8015414258193,,估计同步待核验
XY_Y-10-1-01,1464,14.435994219653178,-8.0,-8.0,-1333.0,-1335.0,,估计同步待核验
XY_Y-10-1-01,1465,14.445789980732176,-8.0,-8.0,-1332.0,-1334.0,,估计同步待核验
XY_Y-10-1-01,1466,14.455585741811174,-9.0,-7.0,-1331.0,-1333.0,,估计同步待核验
XY_Y-10-1-01,1467,14.465381502890173,-7.0,-8.0,-1329.0,-1332.0,,估计同步待核验
XY_Y-10-1-01,1468,14.47517726396917,-9.0,-7.0,-1328.0,-1330.0,,估计同步待核验
XY_Y-10-1-01,1469,14.484973025048168,-7.0,-8.0,-1327.0,-1329.0,,估计同步待核验
XY_Y-10-1-01,1470,14.494768786127167,-9.0,-7.0,-1326.0,-1329.0,,估计同步待核验
XY_Y-10-1-01,1471,14.504564547206165,-7.0,-8.0,-1325.0,-1328.0,,估计同步待核验
XY_Y-10-1-01,1472,14.514360308285163,-7.720616570325745,-8.0,-1324.6396917148372,-1327.6396917148372,,估计同步待核验
XY_Y-10-1-01,1473,14.52415606936416,-9.0,-8.0,-1324.0,-1327.0,,估计同步待核验
XY_Y-10-1-01,1474,14.53395183044316,-8.0,-8.0,-1323.0,-1325.0,,估计同步待核验
XY_Y-10-1-01,1475,14.543747591522157,-8.0,-8.0,-1322.0,-1324.0,,估计同步待核验
XY_Y-10-1-01,1476,14.553543352601155,-8.0,-8.0,-1321.0,-1323.0,,估计同步待核验
XY_Y-10-1-01,1477,14.563339113680154,-7.0,-8.0,-1319.0,-1322.0,,估计同步待核验
XY_Y-10-1-01,1478,14.573134874759152,-9.0,-8.0,-1319.0,-1321.0,,估计同步待核验
XY_Y-10-1-01,1479,14.58293063583815,-7.0,-8.0,-1317.0,-1320.0,,估计同步待核验
XY_Y-10-1-01,1480,14.592726396917147,-10.0,-8.0,-1316.0,-1319.0,,估计同步待核验
XY_Y-10-1-01,1481,14.602522157996146,-8.433526011560899,-8.0,-1315.4778420038535,-1317.9556840077073,,估计同步待核验
XY_Y-10-1-01,1482,14.612317919075144,-7.0,-8.0,-1315.0,-1317.0,,估计同步待核验
XY_Y-10-1-01,1483,14.622113680154142,-9.0,-8.0,-1314.0,-1316.0,,估计同步待核验
XY_Y-10-1-01,1484,14.631909441233141,-7.0,-8.0,-1313.0,-1315.0,,估计同步待核验
XY_Y-10-1-01,1485,14.641705202312139,-9.0,-8.0,-1311.0,-1313.0,,估计同步待核验
XY_Y-10-1-01,1486,14.651500963391136,-8.0,-8.0,-1310.0,-1312.0,,估计同步待核验
XY_Y-10-1-01,1487,14.661296724470134,-8.0,-8.0,-1309.0,-1311.0,,估计同步待核验
XY_Y-10-1-01,1488,14.671092485549133,-9.0,-8.0,-1308.0,-1309.0,,估计同步待核验
XY_Y-10-1-01,1489,14.68088824662813,-7.0,-8.0,-1306.0,-1308.0,,估计同步待核验
XY_Y-10-1-01,1490,14.690684007707128,-9.052023121384018,-8.0,-1306.0,-1307.315992292872,,估计同步待核验
XY_Y-10-1-01,1491,14.700479768786126,-10.0,-8.0,-1306.0,-1307.0,,估计同步待核验
XY_Y-10-1-01,1492,14.710275529865125,-7.0,-8.0,-1304.0,-1306.0,,估计同步待核验
XY_Y-10-1-01,1493,14.720071290944123,-9.0,-8.0,-1303.0,-1305.0,,估计同步待核验
XY_Y-10-1-01,1494,14.72986705202312,-7.0,-8.0,-1302.0,-1304.0,,估计同步待核验
XY_Y-10-1-01,1495,14.73966281310212,-9.0,-8.0,-1301.0,-1303.0,,估计同步待核验
XY_Y-10-1-01,1496,14.749458574181117,-8.0,-8.0,-1300.0,-1302.0,,估计同步待核验
XY_Y-10-1-01,1497,14.759254335260115,-8.0,-8.0,-1299.0,-1301.0,,估计同步待核验
XY_Y-10-1-01,1498,14.769050096339113,-8.0,-8.0,-1298.0,-1300.0,,估计同步待核验
XY_Y-10-1-01,1499,14.778845857418112,-8.0,-8.0,-1298.0,-1300.0,,估计同步待核验
XY_Y-10-1-01,1500,14.78864161849711,-7.0,-8.0,-1296.0,-1299.0,,估计同步待核验
XY_Y-10-1-01,1501,14.798437379576107,-9.0,-8.0,-1295.0,-1298.0,,估计同步待核验
XY_Y-10-1-01,1502,14.808233140655107,-7.0,-8.0,-1294.0,-1296.0,,估计同步待核验
XY_Y-10-1-01,1503,14.818028901734104,-9.0,-8.0,-1293.0,-1295.0,,估计同步待核验
XY_Y-10-1-01,1504,14.827824662813102,-7.0,-8.0,-1291.0,-1293.0,,估计同步待核验
XY_Y-10-1-01,1505,14.8376204238921,-9.0,-8.0,-1291.0,-1292.0,,估计同步待核验
XY_Y-10-1-01,1506,14.847416184971099,-7.0,-8.0,-1290.0,-1291.0,,估计同步待核验
XY_Y-10-1-01,1507,14.857211946050096,-8.0,-8.0,-1289.0,-1290.0,,估计同步待核验
XY_Y-10-1-01,1508,14.867007707129094,-8.0,-8.0,-1288.0,-1289.0,,估计同步待核验
XY_Y-10-1-01,1509,14.876803468208093,-8.0,-8.0,-1288.0,-1289.0,,估计同步待核验
XY_Y-10-1-01,1510,14.886599229287091,-8.0,-8.0,-1286.0,-1288.0,,估计同步待核验
XY_Y-10-1-01,1511,14.896394990366089,-9.0,-8.0,-1285.0,-1287.0,,估计同步待核验
XY_Y-10-1-01,1512,14.906190751445086,-7.0,-8.0,-1284.0,-1286.0,,估计同步待核验
XY_Y-10-1-01,1513,14.915986512524086,-9.0,-8.0,-1283.0,-1285.0,,估计同步待核验
XY_Y-10-1-01,1514,14.925782273603083,-7.0,-8.0,-1282.0,-1284.0,,估计同步待核验
XY_Y-10-1-01,1515,14.93557803468208,-9.0,-8.0,-1281.0,-1284.0,,估计同步待核验
XY_Y-10-1-01,1516,14.945373795761078,-7.0,-8.0,-1280.0,-1282.0,,估计同步待核验
XY_Y-10-1-01,1517,14.955169556840078,-9.0,-8.0,-1279.0,-1281.0,,估计同步待核验
XY_Y-10-1-01,1518,14.964965317919075,-9.0,-8.0,-1279.0,-1281.0,,估计同步待核验
XY_Y-10-1-01,1519,14.974761078998073,-8.0,-8.0,-1278.0,-1280.0,,估计同步待核验
XY_Y-10-1-01,1520,14.984556840077072,-8.0,-8.0,-1277.0,-1279.0,,估计同步待核验
XY_Y-10-1-01,1521,14.99435260115607,-9.0,-8.0,-1276.0,-1278.0,,估计同步待核验
XY_Y-10-1-01,1522,15.004148362235068,-7.0,-8.0,-1275.0,-1277.0,,估计同步待核验
XY_Y-10-1-01,1523,15.013944123314065,-9.0,-8.0,-1274.0,-1276.0,,估计同步待核验
XY_Y-10-1-01,1524,15.023739884393063,-7.0,-8.0,-1272.0,-1275.0,,估计同步待核验
XY_Y-10-1-01,1525,15.03353564547206,-9.0,-8.0,-1272.0,-1274.0,,估计同步待核验
XY_Y-10-1-01,1526,15.043331406551058,-7.0,-8.0,-1270.0,-1272.0,,估计同步待核验
XY_Y-10-1-01,1527,15.053127167630057,-7.254335260113122,-8.0,-1269.8728323699434,-1272.0,,估计同步待核验
XY_Y-10-1-01,1528,15.062922928709055,-9.0,-8.0,-1269.0,-1272.0,,估计同步待核验
XY_Y-10-1-01,1529,15.072718689788053,-7.0,-8.0,-1268.0,-1270.0,,估计同步待核验
XY_Y-10-1-01,1530,15.08251445086705,-8.0,-8.0,-1267.0,-1269.0,,估计同步待核验
XY_Y-10-1-01,1531,15.09231021194605,-8.0,-8.0,-1266.0,-1268.0,,估计同步待核验
XY_Y-10-1-01,1532,15.102105973025047,-8.0,-8.0,-1265.0,-1268.0,,估计同步待核验
XY_Y-10-1-01,1533,15.111901734104045,-9.0,-8.0,-1264.0,-1267.0,,估计同步待核验
XY_Y-10-1-01,1534,15.121697495183044,-7.0,-8.0,-1263.0,-1265.0,,估计同步待核验
XY_Y-10-1-01,1535,15.131493256262042,-9.0,-8.0,-1262.0,-1264.0,,估计同步待核验
XY_Y-10-1-01,1536,15.14128901734104,-8.42196531792117,-8.0,-1261.4219653179211,-1264.0,,估计同步待核验
XY_Y-10-1-01,1537,15.151084778420037,-7.0,-8.0,-1260.0,-1264.0,,估计同步待核验
XY_Y-10-1-01,1538,15.160880539499036,-9.0,-8.0,-1260.0,-1263.0,,估计同步待核验
XY_Y-10-1-01,1539,15.170676300578034,-7.0,-8.0,-1259.0,-1262.0,,估计同步待核验
XY_Y-10-1-01,1540,15.180472061657031,-9.0,-8.0,-1258.0,-1261.0,,估计同步待核验
XY_Y-10-1-01,1541,15.19026782273603,-8.0,-8.0,-1257.0,-1260.0,,估计同步待核验
XY_Y-10-1-01,1542,15.200063583815028,-8.0,-8.0,-1256.0,-1258.0,,估计同步待核验
XY_Y-10-1-01,1543,15.209859344894026,-9.0,-7.0,-1255.0,-1257.0,,估计同步待核验
XY_Y-10-1-01,1544,15.219655105973024,-7.0,-8.0,-1254.0,-1256.0,,估计同步待核验
XY_Y-10-1-01,1545,15.229450867052023,-7.901734104046489,-7.549132947976755,-1253.5491329479767,-1255.5491329479767,,估计同步待核验
XY_Y-10-1-01,1546,15.23924662813102,-9.0,-7.0,-1253.0,-1255.0,,估计同步待核验
XY_Y-10-1-01,1547,15.249042389210018,-7.0,-8.0,-1252.0,-1254.0,,估计同步待核验
XY_Y-10-1-01,1548,15.258838150289016,-10.0,-7.0,-1251.0,-1254.0,,估计同步待核验
XY_Y-10-1-01,1549,15.268633911368015,-7.0,-8.0,-1250.0,-1253.0,,估计同步待核验
XY_Y-10-1-01,1550,15.278429672447013,-9.0,-7.0,-1249.0,-1252.0,,估计同步待核验
XY_Y-10-1-01,1551,15.28822543352601,-8.0,-8.0,-1248.0,-1251.0,,估计同步待核验
XY_Y-10-1-01,1552,15.29802119460501,-8.0,-8.0,-1247.0,-1249.0,,估计同步待核验
XY_Y-10-1-01,1553,15.307816955684007,-8.0,-7.0,-1246.0,-1248.0,,估计同步待核验
XY_Y-10-1-01,1554,15.317612716763005,-8.0,-7.612716763005123,-1245.3872832369948,-1247.3872832369948,,估计同步待核验
XY_Y-10-1-01,1555,15.327408477842003,-8.0,-8.0,-1245.0,-1247.0,,估计同步待核验
XY_Y-10-1-01,1556,15.337204238921002,-9.0,-7.0,-1244.0,-1246.0,,估计同步待核验
XY_Y-10-1-01,1557,15.347,-7.0,-8.0,-1243.0,-1245.0,文件末帧,估计同步待核验
XY_Y-11-10-01,0,0.0,-9.0,-8.0,-1559.0,-1552.0,力峰值,预载起点待核验
XY_Y-11-10-01,1,0.0026619718309859155,-7.0,-8.0,-1554.0,-1547.0,,预载起点待核验
XY_Y-11-10-01,2,0.005323943661971831,-7.0,-8.0,-1554.0,-1547.0,,预载起点待核验
XY_Y-11-10-01,3,0.007985915492957745,-7.0,-8.0,-1554.0,-1547.0,,预载起点待核验
XY_Y-11-10-01,4,0.010647887323943662,-7.0,-8.0,-1554.0,-1547.0,,预载起点待核验
XY_Y-11-10-01,5,0.013309859154929576,-9.0,-8.0,-1550.0,-1543.0,,预载起点待核验
XY_Y-11-10-01,6,0.01597183098591549,-9.0,-8.0,-1550.0,-1543.0,,预载起点待核验
XY_Y-11-10-01,7,0.01863380281690141,-9.0,-8.0,-1550.0,-1543.0,,预载起点待核验
XY_Y-11-10-01,8,0.021295774647887324,-9.0,-8.0,-1550.0,-1543.0,,预载起点待核验
XY_Y-11-10-01,9,0.023957746478873238,-7.084507042253525,-8.0,-1546.1690140845071,-1539.1690140845071,,预载起点待核验
XY_Y-11-10-01,10,0.026619718309859153,-7.0,-8.0,-1546.0,-1539.0,,预载起点待核验
XY_Y-11-10-01,11,0.02928169014084507,-7.0,-8.0,-1546.0,-1539.0,,预载起点待核验
XY_Y-11-10-01,12,0.03194366197183098,-7.0,-8.0,-1546.0,-1539.0,,预载起点待核验
XY_Y-11-10-01,13,0.0346056338028169,-8.211267605633793,-8.0,-1544.1830985915492,-1537.1830985915492,,预载起点待核验
XY_Y-11-10-01,14,0.03726760563380282,-9.0,-8.0,-1543.0,-1536.0,,预载起点待核验
XY_Y-11-10-01,15,0.03992957746478873,-9.0,-8.0,-1543.0,-1536.0,,预载起点待核验
XY_Y-11-10-01,16,0.04259154929577465,-9.0,-8.0,-1543.0,-1536.0,,预载起点待核验
XY_Y-11-10-01,17,0.04525352112676056,-8.492957746478881,-8.0,-1542.2394366197184,-1535.2394366197184,,预载起点待核验
XY_Y-11-10-01,18,0.047915492957746476,-7.0,-8.0,-1540.0,-1533.0,,预载起点待核验
XY_Y-11-10-01,19,0.05057746478873239,-7.0,-8.0,-1540.0,-1533.0,,预载起点待核验
XY_Y-11-10-01,20,0.053239436619718306,-7.0,-8.0,-1540.0,-1533.0,,预载起点待核验
XY_Y-11-10-01,21,0.05590140845070422,-7.0,-8.0,-1540.0,-1533.0,,预载起点待核验
XY_Y-11-10-01,22,0.05856338028169014,-8.0,-8.0,-1538.0,-1531.0,,预载起点待核验
XY_Y-11-10-01,23,0.06122535211267605,-8.0,-8.0,-1538.0,-1531.0,,预载起点待核验
XY_Y-11-10-01,24,0.06388732394366196,-8.0,-8.0,-1538.0,-1531.0,,预载起点待核验
XY_Y-11-10-01,25,0.06654929577464788,-8.0,-8.0,-1538.0,-1531.0,,预载起点待核验
XY_Y-11-10-01,26,0.0692112676056338,-8.0,-8.0,-1536.0,-1530.0,,预载起点待核验
XY_Y-11-10-01,27,0.0718732394366197,-8.0,-8.0,-1536.0,-1530.0,,预载起点待核验
XY_Y-11-10-01,28,0.07453521126760564,-8.0,-8.0,-1536.0,-1530.0,,预载起点待核验
XY_Y-11-10-01,29,0.07719718309859155,-8.0,-8.0,-1536.0,-1530.0,,预载起点待核验
XY_Y-11-10-01,30,0.07985915492957746,-8.0,-8.0,-1535.0,-1529.0,,预载起点待核验
XY_Y-11-10-01,31,0.08252112676056338,-8.0,-8.0,-1535.0,-1529.0,,预载起点待核验
XY_Y-11-10-01,32,0.0851830985915493,-8.0,-8.0,-1535.0,-1529.0,,预载起点待核验
XY_Y-11-10-01,33,0.08784507042253521,-8.0,-8.0,-1535.0,-1529.0,,预载起点待核验
XY_Y-11-10-01,34,0.09050704225352112,-9.0,-8.0,-1534.0,-1528.0,,预载起点待核验
XY_Y-11-10-01,35,0.09316901408450703,-9.0,-8.0,-1534.0,-1528.0,,预载起点待核验
XY_Y-11-10-01,36,0.09583098591549295,-9.0,-8.0,-1534.0,-1528.0,,预载起点待核验
XY_Y-11-10-01,37,0.09849295774647887,-9.0,-8.0,-1534.0,-1528.0,,预载起点待核验
XY_Y-11-10-01,38,0.10115492957746477,-7.0,-8.0,-1533.0,-1527.0,,预载起点待核验
XY_Y-11-10-01,39,0.1038169014084507,-7.0,-8.0,-1533.0,-1527.0,,预载起点待核验
XY_Y-11-10-01,40,0.10647887323943661,-7.0,-8.0,-1533.0,-1527.0,,预载起点待核验
XY_Y-11-10-01,41,0.10914084507042253,-7.0,-8.0,-1533.0,-1527.0,,预载起点待核验
XY_Y-11-10-01,42,0.11180281690140843,-8.605633802816863,-8.0,-1533.0,-1526.1971830985915,,预载起点待核验
XY_Y-11-10-01,43,0.11446478873239437,-9.0,-8.0,-1533.0,-1526.0,,预载起点待核验
XY_Y-11-10-01,44,0.11712676056338028,-9.0,-8.0,-1533.0,-1526.0,,预载起点待核验
XY_Y-11-10-01,45,0.11978873239436619,-9.0,-8.0,-1533.0,-1526.0,,预载起点待核验
XY_Y-11-10-01,46,0.1224507042253521,-8.098591549295785,-8.0,-1532.5492957746478,-1526.0,,预载起点待核验
XY_Y-11-10-01,47,0.12511267605633802,-7.0,-8.0,-1532.0,-1526.0,,预载起点待核验
XY_Y-11-10-01,48,0.12777464788732393,-7.0,-8.0,-1532.0,-1526.0,,预载起点待核验
XY_Y-11-10-01,49,0.13043661971830986,-7.0,-8.0,-1532.0,-1526.0,,预载起点待核验
XY_Y-11-10-01,50,0.13309859154929576,-7.1971830985915135,-8.0,-1532.0,-1526.0,,预载起点待核验
XY_Y-11-10-01,51,0.1357605633802817,-9.0,-8.0,-1532.0,-1526.0,,预载起点待核验
XY_Y-11-10-01,52,0.1384225352112676,-9.0,-8.0,-1532.0,-1526.0,,预载起点待核验
XY_Y-11-10-01,53,0.1410845070422535,-9.0,-8.0,-1532.0,-1526.0,,预载起点待核验
XY_Y-11-10-01,54,0.1437464788732394,-9.0,-8.0,-1532.0,-1526.0,,预载起点待核验
XY_Y-11-10-01,55,0.14640845070422534,-7.0,-8.0,-1531.0,-1525.0,,预载起点待核验
XY_Y-11-10-01,56,0.14907042253521127,-7.0,-8.0,-1531.0,-1525.0,,预载起点待核验
XY_Y-11-10-01,57,0.15173239436619718,-7.0,-8.0,-1531.0,-1525.0,,预载起点待核验
XY_Y-11-10-01,58,0.1543943661971831,-7.0,-8.0,-1531.0,-1525.0,,预载起点待核验
XY_Y-11-10-01,59,0.157056338028169,-9.0,-8.0,-1531.0,-1525.0,,预载起点待核验
XY_Y-11-10-01,60,0.15971830985915492,-9.0,-8.0,-1531.0,-1525.0,,预载起点待核验
XY_Y-11-10-01,61,0.16238028169014082,-9.0,-8.0,-1531.0,-1525.0,,预载起点待核验
XY_Y-11-10-01,62,0.16504225352112675,-9.0,-8.0,-1531.0,-1525.0,,预载起点待核验
XY_Y-11-10-01,63,0.16770422535211268,-8.0,-8.0,-1531.0,-1525.0,,预载起点待核验
XY_Y-11-10-01,64,0.1703661971830986,-8.0,-8.0,-1531.0,-1525.0,,预载起点待核验
XY_Y-11-10-01,65,0.1730281690140845,-8.0,-8.0,-1531.0,-1525.0,,预载起点待核验
XY_Y-11-10-01,66,0.17569014084507042,-8.0,-8.0,-1531.0,-1525.0,,预载起点待核验
XY_Y-11-10-01,67,0.17835211267605633,-8.0,-8.0,-1531.0,-1525.0,,预载起点待核验
XY_Y-11-10-01,68,0.18101408450704223,-8.0,-8.0,-1531.0,-1525.0,,预载起点待核验
XY_Y-11-10-01,69,0.18367605633802814,-8.0,-8.0,-1531.0,-1525.0,,预载起点待核验
XY_Y-11-10-01,70,0.18633802816901407,-8.0,-8.0,-1531.0,-1525.0,,预载起点待核验
XY_Y-11-10-01,71,0.189,-8.0,-8.0,-1531.0,-1525.0,,预载起点待核验
XY_Y-11-10-01,72,0.1916619718309859,-8.0,-8.0,-1531.0,-1525.0,,预载起点待核验
XY_Y-11-10-01,73,0.19432394366197184,-8.0,-8.0,-1531.0,-1525.0,,预载起点待核验
XY_Y-11-10-01,74,0.19698591549295774,-8.0,-8.0,-1531.0,-1525.0,,预载起点待核验
XY_Y-11-10-01,75,0.19964788732394365,-8.0,-8.647887323943635,-1531.0,-1525.0,,预载起点待核验
XY_Y-11-10-01,76,0.20230985915492955,-8.0,-9.0,-1531.0,-1525.0,,预载起点待核验
XY_Y-11-10-01,77,0.20497183098591548,-8.0,-9.0,-1531.0,-1525.0,,预载起点待核验
XY_Y-11-10-01,78,0.2076338028169014,-8.0,-9.0,-1531.0,-1525.0,,预载起点待核验
XY_Y-11-10-01,79,0.21029577464788732,-8.295774647887326,-8.704225352112674,-1531.2957746478874,-1525.0,,预载起点待核验
XY_Y-11-10-01,80,0.21295774647887322,-9.0,-8.0,-1532.0,-1525.0,,预载起点待核验
XY_Y-11-10-01,81,0.21561971830985915,-9.0,-8.0,-1532.0,-1525.0,,预载起点待核验
XY_Y-11-10-01,82,0.21828169014084506,-9.0,-8.0,-1532.0,-1525.0,,预载起点待核验
XY_Y-11-10-01,83,0.22094366197183096,-9.0,-8.0,-1532.0,-1525.0,,预载起点待核验
XY_Y-11-10-01,84,0.22360563380281687,-7.0,-8.0,-1532.0,-1526.0,,预载起点待核验
XY_Y-11-10-01,85,0.2262676056338028,-7.0,-8.0,-1532.0,-1526.0,,预载起点待核验
XY_Y-11-10-01,86,0.22892957746478873,-7.0,-8.0,-1532.0,-1526.0,,预载起点待核验
XY_Y-11-10-01,87,0.23159154929577463,-7.0,-8.0,-1532.0,-1526.0,,预载起点待核验
XY_Y-11-10-01,88,0.23425352112676057,-9.0,-8.0,-1533.0,-1526.0,,预载起点待核验
XY_Y-11-10-01,89,0.23691549295774647,-9.0,-8.0,-1533.0,-1526.0,,预载起点待核验
XY_Y-11-10-01,90,0.23957746478873237,-9.0,-8.0,-1533.0,-1526.0,,预载起点待核验
XY_Y-11-10-01,91,0.24223943661971828,-9.0,-8.0,-1533.0,-1526.0,,预载起点待核验
XY_Y-11-10-01,92,0.2449014084507042,-7.0,-8.0,-1533.0,-1527.0,,预载起点待核验
XY_Y-11-10-01,93,0.24756338028169012,-7.0,-8.0,-1533.0,-1527.0,,预载起点待核验
XY_Y-11-10-01,94,0.25022535211267605,-7.0,-8.0,-1533.0,-1527.0,,预载起点待核验
XY_Y-11-10-01,95,0.2528873239436619,-7.0,-8.0,-1533.0,-1527.0,,预载起点待核验
XY_Y-11-10-01,96,0.25554929577464786,-9.0,-8.0,-1534.0,-1527.0,,预载起点待核验
XY_Y-11-10-01,97,0.2582112676056338,-9.0,-8.0,-1534.0,-1527.0,,预载起点待核验
XY_Y-11-10-01,98,0.2608732394366197,-9.0,-8.0,-1534.0,-1527.0,,预载起点待核验
XY_Y-11-10-01,99,0.26353521126760565,-9.0,-8.0,-1534.0,-1527.0,,预载起点待核验
XY_Y-11-10-01,100,0.2661971830985915,-7.0,-8.0,-1534.0,-1528.0,,预载起点待核验
XY_Y-11-10-01,101,0.26885915492957746,-7.0,-8.0,-1534.0,-1528.0,,预载起点待核验
XY_Y-11-10-01,102,0.2715211267605634,-7.0,-8.0,-1534.0,-1528.0,,预载起点待核验
XY_Y-11-10-01,103,0.27418309859154927,-7.0,-8.0,-1534.0,-1528.0,,预载起点待核验
XY_Y-11-10-01,104,0.2768450704225352,-7.845070422535176,-8.0,-1534.8450704225352,-1528.8450704225352,,预载起点待核验
XY_Y-11-10-01,105,0.27950704225352113,-8.0,-8.0,-1535.0,-1529.0,,预载起点待核验
XY_Y-11-10-01,106,0.282169014084507,-8.0,-8.0,-1535.0,-1529.0,,预载起点待核验
XY_Y-11-10-01,107,0.28483098591549294,-8.0,-8.0,-1535.0,-1529.0,,预载起点待核验
XY_Y-11-10-01,108,0.2874929577464788,-8.0,-8.0,-1535.4929577464789,-1529.0,,预载起点待核验
XY_Y-11-10-01,109,0.29015492957746475,-8.0,-8.0,-1536.0,-1529.0,,预载起点待核验
XY_Y-11-10-01,110,0.2928169014084507,-8.0,-8.0,-1536.0,-1529.0,,预载起点待核验
XY_Y-11-10-01,111,0.2954788732394366,-8.0,-8.0,-1536.0,-1529.0,,预载起点待核验
XY_Y-11-10-01,112,0.29814084507042254,-8.0,-8.0,-1536.0,-1529.1408450704225,,预载起点待核验
XY_Y-11-10-01,113,0.3008028169014085,-8.0,-8.0,-1536.0,-1530.0,,预载起点待核验
XY_Y-11-10-01,114,0.30346478873239435,-8.0,-8.0,-1536.0,-1530.0,,预载起点待核验
XY_Y-11-10-01,115,0.3061267605633803,-8.0,-8.0,-1536.0,-1530.0,,预载起点待核验
XY_Y-11-10-01,116,0.3087887323943662,-8.0,-8.0,-1536.0,-1530.0,,预载起点待核验
XY_Y-11-10-01,117,0.3114507042253521,-9.0,-8.0,-1537.0,-1531.0,,预载起点待核验
XY_Y-11-10-01,118,0.314112676056338,-9.0,-8.0,-1537.0,-1531.0,,预载起点待核验
XY_Y-11-10-01,119,0.3167746478873239,-9.0,-8.0,-1537.0,-1531.0,,预载起点待核验
XY_Y-11-10-01,120,0.31943661971830983,-9.0,-8.0,-1537.0,-1531.0,,预载起点待核验
XY_Y-11-10-01,121,0.32209859154929577,-7.0,-8.0,-1537.0,-1531.0,,预载起点待核验
XY_Y-11-10-01,122,0.32476056338028164,-7.0,-8.0,-1537.0,-1531.0,,预载起点待核验
XY_Y-11-10-01,123,0.3274225352112676,-7.0,-8.0,-1537.0,-1531.0,,预载起点待核验
XY_Y-11-10-01,124,0.3300845070422535,-7.0,-8.0,-1537.0,-1531.0,,预载起点待核验
XY_Y-11-10-01,125,0.3327464788732394,-9.0,-7.0,-1538.0,-1531.0,,预载起点待核验
XY_Y-11-10-01,126,0.33540845070422537,-9.0,-7.0,-1538.0,-1531.0,,预载起点待核验
XY_Y-11-10-01,127,0.33807042253521125,-9.0,-7.0,-1538.0,-1531.0,,预载起点待核验
XY_Y-11-10-01,128,0.3407323943661972,-9.0,-7.0,-1538.0,-1531.0,,预载起点待核验
XY_Y-11-10-01,129,0.3433943661971831,-7.0,-8.0,-1538.0,-1531.0,,预载起点待核验
XY_Y-11-10-01,130,0.346056338028169,-7.0,-8.0,-1538.0,-1531.0,,预载起点待核验
XY_Y-11-10-01,131,0.3487183098591549,-7.0,-8.0,-1538.0,-1531.0,,预载起点待核验
XY_Y-11-10-01,132,0.35138028169014085,-7.0,-8.0,-1538.0,-1531.0,,预载起点待核验
XY_Y-11-10-01,133,0.3540422535211267,-9.0,-8.0,-1539.0,-1532.0,,预载起点待核验
XY_Y-11-10-01,134,0.35670422535211266,-9.0,-8.0,-1539.0,-1532.0,,预载起点待核验
XY_Y-11-10-01,135,0.3593661971830986,-9.0,-8.0,-1539.0,-1532.0,,预载起点待核验
XY_Y-11-10-01,136,0.36202816901408447,-9.0,-8.0,-1539.0,-1532.0,,预载起点待核验
XY_Y-11-10-01,137,0.3646901408450704,-7.619718309859184,-8.0,-1539.0,-1532.0,,预载起点待核验
XY_Y-11-10-01,138,0.3673521126760563,-7.0,-8.0,-1539.0,-1532.0,,预载起点待核验
XY_Y-11-10-01,139,0.3700140845070422,-7.0,-8.0,-1539.0,-1532.0,,预载起点待核验
XY_Y-11-10-01,140,0.37267605633802814,-7.0,-8.0,-1539.0,-1532.0,,预载起点待核验
XY_Y-11-10-01,141,0.37533802816901407,-7.676056338028141,-8.0,-1539.338028169014,-1532.338028169014,,预载起点待核验
XY_Y-11-10-01,142,0.378,-9.0,-8.0,-1540.0,-1533.0,,预载起点待核验
XY_Y-11-10-01,143,0.38066197183098593,-9.0,-8.0,-1540.0,-1533.0,,预载起点待核验
XY_Y-11-10-01,144,0.3833239436619718,-9.0,-8.0,-1540.0,-1533.0,,预载起点待核验
XY_Y-11-10-01,145,0.38598591549295774,-9.0,-8.0,-1540.0,-1533.0,,预载起点待核验
XY_Y-11-10-01,146,0.3886478873239437,-8.0,-8.0,-1540.0,-1533.0,,预载起点待核验
XY_Y-11-10-01,147,0.39130985915492955,-8.0,-8.0,-1540.0,-1533.0,,预载起点待核验
XY_Y-11-10-01,148,0.3939718309859155,-8.0,-8.0,-1540.0,-1533.0,,预载起点待核验
XY_Y-11-10-01,149,0.39663380281690136,-8.0,-8.0,-1540.0,-1533.0,,预载起点待核验
XY_Y-11-10-01,150,0.3992957746478873,-8.0,-8.0,-1540.0,-1533.0,,预载起点待核验
XY_Y-11-10-01,151,0.4019577464788732,-8.0,-8.0,-1540.0,-1533.0,,预载起点待核验
XY_Y-11-10-01,152,0.4046197183098591,-8.0,-8.0,-1540.0,-1533.0,,预载起点待核验
XY_Y-11-10-01,153,0.40728169014084503,-8.0,-8.0,-1540.0,-1533.0,,预载起点待核验
XY_Y-11-10-01,154,0.40994366197183096,-9.0,-8.0,-1540.0,-1533.0,,预载起点待核验
XY_Y-11-10-01,155,0.41260563380281684,-9.0,-8.0,-1540.0,-1533.0,,预载起点待核验
XY_Y-11-10-01,156,0.4152676056338028,-9.0,-8.0,-1540.0,-1533.0,,预载起点待核验
XY_Y-11-10-01,157,0.4179295774647887,-9.0,-8.0,-1540.0,-1533.0,,预载起点待核验
XY_Y-11-10-01,158,0.42059154929577464,-7.0,-9.0,-1539.0,-1533.0,,预载起点待核验
XY_Y-11-10-01,159,0.42325352112676057,-7.0,-9.0,-1539.0,-1533.0,,预载起点待核验
XY_Y-11-10-01,160,0.42591549295774644,-7.0,-9.0,-1539.0,-1533.0,,预载起点待核验
XY_Y-11-10-01,161,0.4285774647887324,-7.0,-9.0,-1539.0,-1533.0,,预载起点待核验
XY_Y-11-10-01,162,0.4312394366197183,-9.0,-8.0,-1539.0,-1533.0,,预载起点待核验
XY_Y-11-10-01,163,0.4339014084507042,-9.0,-8.0,-1539.0,-1533.0,,预载起点待核验
XY_Y-11-10-01,164,0.4365633802816901,-9.0,-8.0,-1539.0,-1533.0,,预载起点待核验
XY_Y-11-10-01,165,0.43922535211267605,-9.0,-8.0,-1539.0,-1533.0,,预载起点待核验
XY_Y-11-10-01,166,0.4418873239436619,-7.225352112676158,-8.0,-1538.1126760563382,-1533.0,,预载起点待核验
XY_Y-11-10-01,167,0.44454929577464786,-7.0,-8.0,-1538.0,-1533.0,,预载起点待核验
XY_Y-11-10-01,168,0.44721126760563373,-7.0,-8.0,-1538.0,-1533.0,,预载起点待核验
XY_Y-11-10-01,169,0.44987323943661967,-7.0,-8.0,-1538.0,-1533.0,,预载起点待核验
XY_Y-11-10-01,170,0.4525352112676056,-8.070422535211168,-8.0,-1538.5352112676055,-1533.0,,预载起点待核验
XY_Y-11-10-01,171,0.45519718309859153,-9.0,-8.0,-1539.0,-1533.0,,预载起点待核验
XY_Y-11-10-01,172,0.45785915492957746,-9.0,-8.0,-1539.0,-1533.0,,预载起点待核验
XY_Y-11-10-01,173,0.4605211267605634,-9.0,-8.0,-1539.0,-1533.0,,预载起点待核验
XY_Y-11-10-01,174,0.46318309859154927,-8.633802816901508,-8.0,-1538.8169014084508,-1533.0,,预载起点待核验
XY_Y-11-10-01,175,0.4658450704225352,-7.0,-8.0,-1538.0,-1533.0,,预载起点待核验
XY_Y-11-10-01,176,0.46850704225352113,-7.0,-8.0,-1538.0,-1533.0,,预载起点待核验
XY_Y-11-10-01,177,0.471169014084507,-7.0,-8.0,-1538.0,-1533.0,,预载起点待核验
XY_Y-11-10-01,178,0.47383098591549294,-7.0,-8.0,-1538.0,-1533.0,,预载起点待核验
XY_Y-11-10-01,179,0.4764929577464788,-9.0,-8.0,-1538.0,-1533.0,,预载起点待核验
XY_Y-11-10-01,180,0.47915492957746475,-9.0,-8.0,-1538.0,-1533.0,,预载起点待核验
XY_Y-11-10-01,181,0.4818169014084507,-9.0,-8.0,-1538.0,-1533.0,,预载起点待核验
XY_Y-11-10-01,182,0.48447887323943656,-9.0,-8.0,-1538.0,-1533.0,,预载起点待核验
XY_Y-11-10-01,183,0.4871408450704225,-7.0,-8.0,-1537.0,-1533.0,,预载起点待核验
XY_Y-11-10-01,184,0.4898028169014084,-7.0,-8.0,-1537.0,-1533.0,,预载起点待核验
XY_Y-11-10-01,185,0.4924647887323943,-7.0,-8.0,-1537.0,-1533.0,,预载起点待核验
XY_Y-11-10-01,186,0.49512676056338023,-7.0,-8.0,-1537.0,-1533.0,,预载起点待核验
XY_Y-11-10-01,187,0.49778873239436616,-8.0,-8.0,-1537.0,-1532.0,,预载起点待核验
XY_Y-11-10-01,188,0.5004507042253521,-8.0,-8.0,-1537.0,-1532.0,,预载起点待核验
XY_Y-11-10-01,189,0.5031126760563379,-8.0,-8.0,-1537.0,-1532.0,,预载起点待核验
XY_Y-11-10-01,190,0.5057746478873238,-8.0,-8.0,-1537.0,-1532.0,,预载起点待核验
XY_Y-11-10-01,191,0.5084366197183098,-8.0,-8.0,-1536.0,-1532.0,,预载起点待核验
XY_Y-11-10-01,192,0.5110985915492957,-8.0,-8.0,-1536.0,-1532.0,,预载起点待核验
XY_Y-11-10-01,193,0.5137605633802818,-8.0,-8.0,-1536.0,-1532.0,,预载起点待核验
XY_Y-11-10-01,194,0.5164225352112676,-8.0,-8.0,-1536.0,-1532.0,,预载起点待核验
XY_Y-11-10-01,195,0.5190845070422535,-8.0,-8.0,-1535.0,-1531.0,,预载起点待核验
XY_Y-11-10-01,196,0.5217464788732394,-8.0,-8.0,-1535.0,-1531.0,,预载起点待核验
XY_Y-11-10-01,197,0.5244084507042254,-8.0,-8.0,-1535.0,-1531.0,,预载起点待核验
XY_Y-11-10-01,198,0.5270704225352113,-8.0,-8.0,-1535.0,-1531.0,,预载起点待核验
XY_Y-11-10-01,199,0.5297323943661972,-8.732394366197209,-7.267605633802792,-1535.0,-1531.0,,预载起点待核验
XY_Y-11-10-01,200,0.532394366197183,-9.0,-7.0,-1535.0,-1531.0,,预载起点待核验
XY_Y-11-10-01,201,0.535056338028169,-9.0,-7.0,-1535.0,-1531.0,,预载起点待核验
XY_Y-11-10-01,202,0.5377183098591549,-9.0,-7.0,-1535.0,-1531.0,,预载起点待核验
XY_Y-11-10-01,203,0.5403802816901409,-8.239436619718369,-7.380281690140816,-1534.619718309859,-1531.0,,预载起点待核验
XY_Y-11-10-01,204,0.5430422535211268,-7.0,-8.0,-1534.0,-1531.0,,预载起点待核验
XY_Y-11-10-01,205,0.5457042253521126,-7.0,-8.0,-1534.0,-1531.0,,预载起点待核验
XY_Y-11-10-01,206,0.5483661971830985,-7.0,-8.0,-1534.0,-1531.0,,预载起点待核验
XY_Y-11-10-01,207,0.5510281690140845,-7.056338028168845,-7.971830985915577,-1534.0,-1530.9718309859156,,预载起点待核验
XY_Y-11-10-01,208,0.5536901408450704,-9.0,-7.0,-1534.0,-1530.0,,预载起点待核验
XY_Y-11-10-01,209,0.5563521126760563,-9.0,-7.0,-1534.0,-1530.0,,预载起点待核验
XY_Y-11-10-01,210,0.5590140845070423,-9.0,-7.0,-1534.0,-1530.0,,预载起点待核验
XY_Y-11-10-01,211,0.5616760563380281,-9.0,-7.0,-1534.0,-1530.0,,预载起点待核验
XY_Y-11-10-01,212,0.564338028169014,-7.0,-8.0,-1533.0,-1529.0,,预载起点待核验
XY_Y-11-10-01,213,0.567,-7.0,-8.0,-1533.0,-1529.0,,预载起点待核验
XY_Y-11-10-01,214,0.5696619718309859,-7.0,-8.0,-1533.0,-1529.0,,预载起点待核验
XY_Y-11-10-01,215,0.5723239436619718,-7.0,-8.0,-1533.0,-1529.0,,预载起点待核验
XY_Y-11-10-01,216,0.5749859154929576,-9.0,-8.0,-1533.0,-1529.0,,预载起点待核验
XY_Y-11-10-01,217,0.5776478873239436,-9.0,-8.0,-1533.0,-1529.0,,预载起点待核验
XY_Y-11-10-01,218,0.5803098591549295,-9.0,-8.0,-1533.0,-1529.0,,预载起点待核验
XY_Y-11-10-01,219,0.5829718309859154,-9.0,-8.0,-1533.0,-1529.0,,预载起点待核验
XY_Y-11-10-01,220,0.5856338028169014,-7.0,-8.0,-1532.0,-1528.0,,预载起点待核验
XY_Y-11-10-01,221,0.5882957746478873,-7.0,-8.0,-1532.0,-1528.0,,预载起点待核验
XY_Y-11-10-01,222,0.5909577464788732,-7.0,-8.0,-1532.0,-1528.0,,预载起点待核验
XY_Y-11-10-01,223,0.5936197183098592,-7.0,-8.0,-1532.0,-1528.0,,预载起点待核验
XY_Y-11-10-01,224,0.5962816901408451,-9.0,-8.0,-1531.0,-1527.0,,预载起点待核验
XY_Y-11-10-01,225,0.598943661971831,-9.0,-8.0,-1531.0,-1527.0,,预载起点待核验
XY_Y-11-10-01,226,0.601605633802817,-9.0,-8.0,-1531.0,-1527.0,,预载起点待核验
XY_Y-11-10-01,227,0.6042676056338028,-9.0,-8.0,-1531.0,-1527.0,,预载起点待核验
XY_Y-11-10-01,228,0.6069295774647887,-8.070422535211279,-8.0,-1531.0,-1527.0,,预载起点待核验
XY_Y-11-10-01,229,0.6095915492957746,-8.0,-8.0,-1531.0,-1527.0,,预载起点待核验
XY_Y-11-10-01,230,0.6122535211267606,-8.0,-8.0,-1531.0,-1527.0,,预载起点待核验
XY_Y-11-10-01,231,0.6149154929577465,-8.0,-8.0,-1531.0,-1527.0,,预载起点待核验
XY_Y-11-10-01,232,0.6175774647887324,-8.0,-8.0,-1530.4225352112676,-1526.4225352112676,,预载起点待核验
XY_Y-11-10-01,233,0.6202394366197183,-8.0,-8.0,-1530.0,-1526.0,,预载起点待核验
XY_Y-11-10-01,234,0.6229014084507042,-8.0,-8.0,-1530.0,-1526.0,,预载起点待核验
XY_Y-11-10-01,235,0.6255633802816901,-8.0,-8.0,-1530.0,-1526.0,,预载起点待核验
XY_Y-11-10-01,236,0.628225352112676,-8.225352112676047,-8.0,-1530.0,-1525.774647887324,,预载起点待核验
XY_Y-11-10-01,237,0.630887323943662,-9.0,-8.0,-1530.0,-1525.0,,预载起点待核验
XY_Y-11-10-01,238,0.6335492957746478,-9.0,-8.0,-1530.0,-1525.0,,预载起点待核验
XY_Y-11-10-01,239,0.6362112676056337,-9.0,-8.0,-1530.0,-1525.0,,预载起点待核验
XY_Y-11-10-01,240,0.6388732394366197,-9.0,-8.0,-1530.0,-1525.0,,预载起点待核验
XY_Y-11-10-01,241,0.6415352112676056,-8.0,-8.0,-1529.0,-1525.0,,预载起点待核验
XY_Y-11-10-01,242,0.6441971830985915,-8.0,-8.0,-1529.0,-1525.0,,预载起点待核验
XY_Y-11-10-01,243,0.6468591549295775,-8.0,-8.0,-1529.0,-1525.0,,预载起点待核验
XY_Y-11-10-01,244,0.6495211267605633,-8.0,-8.0,-1529.0,-1525.0,,预载起点待核验
XY_Y-11-10-01,245,0.6521830985915492,-9.0,-8.0,-1529.0,-1524.0,,预载起点待核验
XY_Y-11-10-01,246,0.6548450704225351,-9.0,-8.0,-1529.0,-1524.0,,预载起点待核验
XY_Y-11-10-01,247,0.6575070422535211,-9.0,-8.0,-1529.0,-1524.0,,预载起点待核验
XY_Y-11-10-01,248,0.660169014084507,-9.0,-8.0,-1529.0,-1524.0,,预载起点待核验
XY_Y-11-10-01,249,0.6628309859154928,-7.0,-8.0,-1528.0,-1523.0,,预载起点待核验
XY_Y-11-10-01,250,0.6654929577464788,-7.0,-8.0,-1528.0,-1523.0,,预载起点待核验
XY_Y-11-10-01,251,0.6681549295774647,-7.0,-8.0,-1528.0,-1523.0,,预载起点待核验
XY_Y-11-10-01,252,0.6708169014084507,-7.0,-8.0,-1528.0,-1523.0,,预载起点待核验
XY_Y-11-10-01,253,0.6734788732394367,-9.0,-8.0,-1527.0,-1523.0,,预载起点待核验
XY_Y-11-10-01,254,0.6761408450704225,-9.0,-8.0,-1527.0,-1523.0,,预载起点待核验
XY_Y-11-10-01,255,0.6788028169014084,-9.0,-8.0,-1527.0,-1523.0,,预载起点待核验
XY_Y-11-10-01,256,0.6814647887323944,-9.0,-8.0,-1527.0,-1523.0,,预载起点待核验
XY_Y-11-10-01,257,0.6841267605633803,-7.0,-8.0,-1526.0,-1522.0,,预载起点待核验
XY_Y-11-10-01,258,0.6867887323943662,-7.0,-8.0,-1526.0,-1522.0,,预载起点待核验
XY_Y-11-10-01,259,0.6894507042253522,-7.0,-8.0,-1526.0,-1522.0,,预载起点待核验
XY_Y-11-10-01,260,0.692112676056338,-7.0,-8.0,-1526.0,-1522.0,,预载起点待核验
XY_Y-11-10-01,261,0.6947746478873239,-8.549295774647906,-8.0,-1525.225352112676,-1521.225352112676,,预载起点待核验
XY_Y-11-10-01,262,0.6974366197183098,-9.0,-8.0,-1525.0,-1521.0,,预载起点待核验
XY_Y-11-10-01,263,0.7000985915492958,-9.0,-8.0,-1525.0,-1521.0,,预载起点待核验
XY_Y-11-10-01,264,0.7027605633802817,-9.0,-8.0,-1525.0,-1521.0,,预载起点待核验
XY_Y-11-10-01,265,0.7054225352112675,-8.154929577464879,-8.0,-1524.5774647887324,-1520.5774647887324,,预载起点待核验
XY_Y-11-10-01,266,0.7080845070422535,-7.0,-8.0,-1524.0,-1520.0,,预载起点待核验
XY_Y-11-10-01,267,0.7107464788732394,-7.0,-8.0,-1524.0,-1520.0,,预载起点待核验
XY_Y-11-10-01,268,0.7134084507042253,-7.0,-8.0,-1524.0,-1520.0,,预载起点待核验
XY_Y-11-10-01,269,0.7160704225352112,-7.070422535211279,-8.0,-1523.9295774647887,-1519.9295774647887,,预载起点待核验
XY_Y-11-10-01,270,0.7187323943661972,-8.0,-8.0,-1523.0,-1519.0,,预载起点待核验
XY_Y-11-10-01,271,0.721394366197183,-8.0,-8.0,-1523.0,-1519.0,,预载起点待核验
XY_Y-11-10-01,272,0.7240563380281689,-8.0,-8.0,-1523.0,-1519.0,,预载起点待核验
XY_Y-11-10-01,273,0.7267183098591549,-8.0,-8.0,-1523.0,-1519.0,,预载起点待核验
XY_Y-11-10-01,274,0.7293802816901408,-8.0,-7.0,-1522.0,-1518.0,,预载起点待核验
XY_Y-11-10-01,275,0.7320422535211267,-8.0,-7.0,-1522.0,-1518.0,,预载起点待核验
XY_Y-11-10-01,276,0.7347042253521125,-8.0,-7.0,-1522.0,-1518.0,,预载起点待核验
XY_Y-11-10-01,277,0.7373661971830985,-8.0,-7.0,-1522.0,-1518.0,,预载起点待核验
XY_Y-11-10-01,278,0.7400281690140844,-8.0,-8.0,-1521.0,-1517.0,,预载起点待核验
XY_Y-11-10-01,279,0.7426901408450703,-8.0,-8.0,-1521.0,-1517.0,,预载起点待核验
XY_Y-11-10-01,280,0.7453521126760563,-8.0,-8.0,-1521.0,-1517.0,,预载起点待核验
XY_Y-11-10-01,281,0.7480140845070422,-8.0,-8.0,-1521.0,-1517.0,,预载起点待核验
XY_Y-11-10-01,282,0.7506760563380281,-9.0,-7.0,-1520.0,-1516.0,,预载起点待核验
XY_Y-11-10-01,283,0.7533380281690141,-9.0,-7.0,-1520.0,-1516.0,,预载起点待核验
XY_Y-11-10-01,284,0.756,-9.0,-7.0,-1520.0,-1516.0,,预载起点待核验
XY_Y-11-10-01,285,0.7586619718309859,-9.0,-7.0,-1520.0,-1516.0,,预载起点待核验
XY_Y-11-10-01,286,0.7613239436619719,-7.0,-8.0,-1518.0,-1515.0,,预载起点待核验
XY_Y-11-10-01,287,0.7639859154929577,-7.0,-8.0,-1518.0,-1515.0,,预载起点待核验
XY_Y-11-10-01,288,0.7666478873239436,-7.0,-8.0,-1518.0,-1515.0,,预载起点待核验
XY_Y-11-10-01,289,0.7693098591549296,-7.0,-8.0,-1518.0,-1515.0,,预载起点待核验
XY_Y-11-10-01,290,0.7719718309859155,-8.943661971830933,-7.028169014084534,-1517.0281690140846,-1514.0281690140846,,预载起点待核验
XY_Y-11-10-01,291,0.7746338028169014,-9.0,-7.0,-1517.0,-1514.0,,预载起点待核验
XY_Y-11-10-01,292,0.7772957746478873,-9.0,-7.0,-1517.0,-1514.0,,预载起点待核验
XY_Y-11-10-01,293,0.7799577464788732,-9.0,-7.0,-1517.0,-1514.0,,预载起点待核验
XY_Y-11-10-01,294,0.7826197183098591,-7.7605633802818526,-7.619718309859073,-1515.7605633802818,-1513.380281690141,,预载起点待核验
XY_Y-11-10-01,295,0.785281690140845,-7.0,-8.0,-1515.0,-1513.0,,预载起点待核验
XY_Y-11-10-01,296,0.787943661971831,-7.0,-8.0,-1515.0,-1513.0,,预载起点待核验
XY_Y-11-10-01,297,0.7906056338028169,-7.0,-8.0,-1515.0,-1513.0,,预载起点待核验
XY_Y-11-10-01,298,0.7932676056338027,-7.535211267605362,-8.0,-1514.7323943661972,-1512.4647887323947,,预载起点待核验
XY_Y-11-10-01,299,0.7959295774647887,-9.0,-8.0,-1514.0,-1511.0,,预载起点待核验
XY_Y-11-10-01,300,0.7985915492957746,-9.0,-8.0,-1514.0,-1511.0,,预载起点待核验
XY_Y-11-10-01,301,0.8012535211267605,-9.0,-8.0,-1514.0,-1511.0,,预载起点待核验
XY_Y-11-10-01,302,0.8039154929577464,-9.0,-8.0,-1514.0,-1511.0,,预载起点待核验
XY_Y-11-10-01,303,0.8065774647887324,-7.0,-8.0,-1512.0,-1509.0,,预载起点待核验
XY_Y-11-10-01,304,0.8092394366197182,-7.0,-8.0,-1512.0,-1509.0,,预载起点待核验
XY_Y-11-10-01,305,0.8119014084507041,-7.0,-8.0,-1512.0,-1509.0,,预载起点待核验
XY_Y-11-10-01,306,0.8145633802816901,-7.0,-8.0,-1512.0,-1509.0,,预载起点待核验
XY_Y-11-10-01,307,0.817225352112676,-9.0,-8.0,-1510.0,-1508.0,,预载起点待核验
XY_Y-11-10-01,308,0.8198873239436619,-9.0,-8.0,-1510.0,-1508.0,,预载起点待核验
XY_Y-11-10-01,309,0.8225492957746477,-9.0,-8.0,-1510.0,-1508.0,,预载起点待核验
XY_Y-11-10-01,310,0.8252112676056337,-9.0,-8.0,-1510.0,-1508.0,,预载起点待核验
XY_Y-11-10-01,311,0.8278732394366197,-8.0,-8.0,-1509.0,-1506.0,,预载起点待核验
XY_Y-11-10-01,312,0.8305352112676057,-8.0,-8.0,-1509.0,-1506.0,,预载起点待核验
XY_Y-11-10-01,313,0.8331971830985916,-8.0,-8.0,-1509.0,-1506.0,,预载起点待核验
XY_Y-11-10-01,314,0.8358591549295774,-8.0,-8.0,-1509.0,-1506.0,,预载起点待核验
XY_Y-11-10-01,315,0.8385211267605633,-8.0,-8.0,-1507.0,-1505.0,,预载起点待核验
XY_Y-11-10-01,316,0.8411830985915493,-8.0,-8.0,-1507.0,-1505.0,,预载起点待核验
XY_Y-11-10-01,317,0.8438450704225352,-8.0,-8.0,-1507.0,-1505.0,,预载起点待核验
XY_Y-11-10-01,318,0.8465070422535211,-8.0,-8.0,-1507.0,-1505.0,,预载起点待核验
XY_Y-11-10-01,319,0.8491690140845071,-8.0,-8.0,-1506.0,-1504.0,,预载起点待核验
XY_Y-11-10-01,320,0.8518309859154929,-8.0,-8.0,-1506.0,-1504.0,,预载起点待核验
XY_Y-11-10-01,321,0.8544929577464788,-8.0,-8.0,-1506.0,-1504.0,,预载起点待核验
XY_Y-11-10-01,322,0.8571549295774648,-8.0,-8.0,-1506.0,-1504.0,,预载起点待核验
XY_Y-11-10-01,323,0.8598169014084507,-7.183098591549302,-8.0,-1504.3661971830986,-1502.3661971830986,,预载起点待核验
XY_Y-11-10-01,324,0.8624788732394366,-7.0,-8.0,-1504.0,-1502.0,,预载起点待核验
XY_Y-11-10-01,325,0.8651408450704224,-7.0,-8.0,-1504.0,-1502.0,,预载起点待核验
XY_Y-11-10-01,326,0.8678028169014084,-7.0,-8.0,-1504.0,-1502.0,,预载起点待核验
XY_Y-11-10-01,327,0.8704647887323943,-7.92957746478861,-7.535211267605694,-1503.0704225352115,-1501.5352112676057,,预载起点待核验
XY_Y-11-10-01,328,0.8731267605633802,-9.0,-7.0,-1502.0,-1501.0,,预载起点待核验
XY_Y-11-10-01,329,0.8757887323943662,-9.0,-7.0,-1502.0,-1501.0,,预载起点待核验
XY_Y-11-10-01,330,0.8784507042253521,-9.0,-7.0,-1502.0,-1501.0,,预载起点待核验
XY_Y-11-10-01,331,0.8811126760563379,-8.774647887324175,-7.1126760563379126,-1501.7746478873241,-1500.7746478873241,,预载起点待核验
XY_Y-11-10-01,332,0.8837746478873238,-7.0,-8.0,-1500.0,-1499.0,,预载起点待核验
XY_Y-11-10-01,333,0.8864366197183098,-7.0,-8.0,-1500.0,-1499.0,,预载起点待核验
XY_Y-11-10-01,334,0.8890985915492957,-7.0,-8.0,-1500.0,-1499.0,,预载起点待核验
XY_Y-11-10-01,335,0.8917605633802816,-7.0,-8.0,-1500.0,-1499.0,,预载起点待核验
XY_Y-11-10-01,336,0.8944225352112675,-9.0,-7.0,-1498.0,-1497.0,,预载起点待核验
XY_Y-11-10-01,337,0.8970845070422534,-9.0,-7.0,-1498.0,-1497.0,,预载起点待核验
XY_Y-11-10-01,338,0.8997464788732393,-9.0,-7.0,-1498.0,-1497.0,,预载起点待核验
XY_Y-11-10-01,339,0.9024084507042253,-9.0,-7.0,-1498.0,-1497.0,,预载起点待核验
XY_Y-11-10-01,340,0.9050704225352112,-7.0,-8.0,-1495.0,-1495.0,,预载起点待核验
XY_Y-11-10-01,341,0.9077323943661972,-7.0,-8.0,-1495.0,-1495.0,,预载起点待核验
XY_Y-11-10-01,342,0.9103943661971831,-7.0,-8.0,-1495.0,-1495.0,,预载起点待核验
XY_Y-11-10-01,343,0.913056338028169,-7.0,-8.0,-1495.0,-1495.0,,预载起点待核验
XY_Y-11-10-01,344,0.9157183098591549,-9.0,-7.0,-1492.0,-1492.0,,预载起点待核验
XY_Y-11-10-01,345,0.9183802816901409,-9.0,-7.0,-1492.0,-1492.0,,预载起点待核验
XY_Y-11-10-01,346,0.9210422535211268,-9.0,-7.0,-1492.0,-1492.0,,预载起点待核验
XY_Y-11-10-01,347,0.9237042253521126,-9.0,-7.0,-1492.0,-1492.0,,预载起点待核验
XY_Y-11-10-01,348,0.9263661971830985,-7.0,-8.0,-1488.0,-1489.0,,预载起点待核验
XY_Y-11-10-01,349,0.9290281690140845,-7.0,-8.0,-1488.0,-1489.0,,预载起点待核验
XY_Y-11-10-01,350,0.9316901408450704,-7.0,-8.0,-1488.0,-1489.0,,预载起点待核验
XY_Y-11-10-01,351,0.9343521126760563,-7.0,-8.0,-1488.0,-1489.0,,预载起点待核验
XY_Y-11-10-01,352,0.9370140845070423,-8.0,-8.0,-1484.0,-1486.0,,预载起点待核验
XY_Y-11-10-01,353,0.9396760563380281,-8.0,-8.0,-1484.0,-1486.0,,预载起点待核验
XY_Y-11-10-01,354,0.942338028169014,-8.0,-8.0,-1484.0,-1486.0,,预载起点待核验
XY_Y-11-10-01,355,0.945,-8.0,-8.0,-1484.0,-1486.0,,预载起点待核验
XY_Y-11-10-01,356,0.9476619718309859,-8.0,-8.0,-1481.3521126760563,-1483.3521126760563,,预载起点待核验
XY_Y-11-10-01,357,0.9503239436619718,-8.0,-8.0,-1480.0,-1482.0,,预载起点待核验
XY_Y-11-10-01,358,0.9529859154929576,-8.0,-8.0,-1480.0,-1482.0,,预载起点待核验
XY_Y-11-10-01,359,0.9556478873239436,-8.0,-8.0,-1480.0,-1482.0,,预载起点待核验
XY_Y-11-10-01,360,0.9583098591549295,-8.0,-8.0,-1478.4507042253524,-1480.7605633802818,,预载起点待核验
XY_Y-11-10-01,361,0.9609718309859154,-8.0,-8.0,-1475.0,-1478.0,,预载起点待核验
XY_Y-11-10-01,362,0.9636338028169014,-8.0,-8.0,-1475.0,-1478.0,,预载起点待核验
XY_Y-11-10-01,363,0.9662957746478873,-8.0,-8.0,-1475.0,-1478.0,,预载起点待核验
XY_Y-11-10-01,364,0.9689577464788731,-8.0,-8.0,-1475.0,-1478.0,,预载起点待核验
XY_Y-11-10-01,365,0.971619718309859,-9.0,-8.0,-1470.0,-1473.0,,预载起点待核验
XY_Y-11-10-01,366,0.974281690140845,-9.0,-8.0,-1470.0,-1473.0,,预载起点待核验
XY_Y-11-10-01,367,0.9769436619718309,-9.0,-8.0,-1470.0,-1473.0,,预载起点待核验
XY_Y-11-10-01,368,0.9796056338028168,-9.0,-8.0,-1470.0,-1473.0,,预载起点待核验
XY_Y-11-10-01,369,0.9822676056338027,-7.0,-9.0,-1465.0,-1468.0,,预载起点待核验
XY_Y-11-10-01,370,0.9849295774647886,-7.0,-9.0,-1465.0,-1468.0,,预载起点待核验
XY_Y-11-10-01,371,0.9875915492957745,-7.0,-9.0,-1465.0,-1468.0,,预载起点待核验
XY_Y-11-10-01,372,0.9902535211267605,-7.0,-9.0,-1465.0,-1468.0,,预载起点待核验
XY_Y-11-10-01,373,0.9929154929577464,-9.0,-8.0,-1459.0,-1462.0,,预载起点待核验
XY_Y-11-10-01,374,0.9955774647887323,-9.0,-8.0,-1459.0,-1462.0,,预载起点待核验
XY_Y-11-10-01,375,0.9982394366197181,-9.0,-8.0,-1459.0,-1462.0,,预载起点待核验
XY_Y-11-10-01,376,1.0009014084507042,-9.0,-8.0,-1459.0,-1462.0,,预载起点待核验
XY_Y-11-10-01,377,1.0035633802816901,-7.0,-9.0,-1452.0,-1457.0,,预载起点待核验
XY_Y-11-10-01,378,1.0062253521126758,-7.0,-9.0,-1452.0,-1457.0,,预载起点待核验
XY_Y-11-10-01,379,1.0088873239436618,-7.0,-9.0,-1452.0,-1457.0,,预载起点待核验
XY_Y-11-10-01,380,1.0115492957746477,-7.0,-9.0,-1452.0,-1457.0,,预载起点待核验
XY_Y-11-10-01,381,1.0142112676056336,-10.0,-8.0,-1446.0,-1450.0,,预载起点待核验
XY_Y-11-10-01,382,1.0168732394366196,-10.0,-8.0,-1446.0,-1450.0,,预载起点待核验
XY_Y-11-10-01,383,1.0195352112676055,-10.0,-8.0,-1446.0,-1450.0,,预载起点待核验
XY_Y-11-10-01,384,1.0221971830985914,-10.0,-8.0,-1446.0,-1450.0,,预载起点待核验
XY_Y-11-10-01,385,1.0248591549295776,-7.422535211267052,-8.0,-1439.1267605633789,-1443.9859154929566,,预载起点待核验
XY_Y-11-10-01,386,1.0275211267605635,-7.0,-8.0,-1438.0,-1443.0,,预载起点待核验
XY_Y-11-10-01,387,1.0301830985915494,-7.0,-8.0,-1438.0,-1443.0,,预载起点待核验
XY_Y-11-10-01,388,1.0328450704225351,-7.0,-8.0,-1438.0,-1443.0,,预载起点待核验
XY_Y-11-10-01,389,1.035507042253521,-8.01408450704221,-8.0,-1433.9436619718313,-1438.9436619718313,,预载起点待核验
XY_Y-11-10-01,390,1.038169014084507,-9.0,-8.0,-1430.0,-1435.0,,预载起点待核验
XY_Y-11-10-01,391,1.040830985915493,-9.0,-8.0,-1430.0,-1435.0,,预载起点待核验
XY_Y-11-10-01,392,1.0434929577464789,-9.0,-8.0,-1430.0,-1435.0,,预载起点待核验
XY_Y-11-10-01,393,1.0461549295774648,-8.845070422535214,-8.0,-1428.4507042253522,-1433.605633802817,,预载起点待核验
XY_Y-11-10-01,394,1.0488169014084507,-8.0,-8.0,-1420.0,-1426.0,,预载起点待核验
XY_Y-11-10-01,395,1.0514788732394367,-8.0,-8.0,-1420.0,-1426.0,,预载起点待核验
XY_Y-11-10-01,396,1.0541408450704226,-8.0,-8.0,-1420.0,-1426.0,,预载起点待核验
XY_Y-11-10-01,397,1.0568028169014085,-8.0,-8.0,-1420.0,-1426.0,,预载起点待核验
XY_Y-11-10-01,398,1.0594647887323945,-8.0,-8.0,-1410.0,-1415.0,,预载起点待核验
XY_Y-11-10-01,399,1.0621267605633802,-8.0,-8.0,-1410.0,-1415.0,,预载起点待核验
XY_Y-11-10-01,400,1.064788732394366,-8.0,-8.0,-1410.0,-1415.0,,预载起点待核验
XY_Y-11-10-01,401,1.067450704225352,-8.0,-8.0,-1410.0,-1415.0,,预载起点待核验
XY_Y-11-10-01,402,1.070112676056338,-9.0,-8.0,-1397.0,-1403.0,,预载起点待核验
XY_Y-11-10-01,403,1.072774647887324,-9.0,-8.0,-1397.0,-1403.0,,预载起点待核验
XY_Y-11-10-01,404,1.0754366197183098,-9.0,-8.0,-1397.0,-1403.0,,预载起点待核验
XY_Y-11-10-01,405,1.0780985915492958,-9.0,-8.0,-1397.0,-1403.0,,预载起点待核验
XY_Y-11-10-01,406,1.0807605633802817,-7.0,-8.0,-1382.0,-1387.0,,预载起点待核验
XY_Y-11-10-01,407,1.0834225352112676,-7.0,-8.0,-1382.0,-1387.0,,预载起点待核验
XY_Y-11-10-01,408,1.0860845070422536,-7.0,-8.0,-1382.0,-1387.0,,预载起点待核验
XY_Y-11-10-01,409,1.0887464788732395,-7.0,-8.0,-1382.0,-1387.0,,预载起点待核验
XY_Y-11-10-01,410,1.0914084507042252,-9.0,-8.0,-1344.0,-1347.0,,预载起点待核验
XY_Y-11-10-01,411,1.0940704225352111,-9.0,-8.0,-1344.0,-1347.0,,预载起点待核验
XY_Y-11-10-01,412,1.096732394366197,-9.0,-8.0,-1344.0,-1347.0,,预载起点待核验
XY_Y-11-10-01,413,1.099394366197183,-9.0,-8.0,-1344.0,-1347.0,,预载起点待核验
XY_Y-11-10-01,414,1.102056338028169,-7.0,-8.0,-1171.0,-1181.0,,预载起点待核验
XY_Y-11-10-01,415,1.1047183098591549,-7.0,-8.0,-1171.0,-1181.0,,预载起点待核验
XY_Y-11-10-01,416,1.1073802816901408,-7.0,-8.0,-1171.0,-1181.0,,预载起点待核验
XY_Y-11-10-01,417,1.1100422535211267,-7.0,-8.0,-1171.0,-1181.0,,预载起点待核验
XY_Y-11-10-01,418,1.1127042253521127,-8.408450704225283,-7.295774647887359,-985.7887323943753,-997.1971830986005,,预载起点待核验
XY_Y-11-10-01,419,1.1153661971830986,-9.0,-7.0,-908.0,-920.0,,预载起点待核验
XY_Y-11-10-01,420,1.1180281690140845,-9.0,-7.0,-908.0,-920.0,,预载起点待核验
XY_Y-11-10-01,421,1.1206901408450702,-9.0,-7.0,-908.0,-920.0,,预载起点待核验
XY_Y-11-10-01,422,1.1233521126760562,-8.295774647887736,-7.352112676056132,-789.6901408451398,-802.394366197252,,预载起点待核验
XY_Y-11-10-01,423,1.126014084507042,-7.0,-8.0,-572.0,-586.0,,预载起点待核验
XY_Y-11-10-01,424,1.128676056338028,-7.0,-8.0,-572.0,-586.0,,预载起点待核验
XY_Y-11-10-01,425,1.131338028169014,-7.0,-8.0,-572.0,-586.0,,预载起点待核验
XY_Y-11-10-01,426,1.134,-7.0,-8.0,-572.0,-586.0,,预载起点待核验
XY_Y-11-10-01,427,1.1366619718309858,-9.0,-8.0,-284.0,-298.0,,预载起点待核验
XY_Y-11-10-01,428,1.1393239436619718,-9.0,-8.0,-284.0,-298.0,,预载起点待核验
XY_Y-11-10-01,429,1.1419859154929577,-9.0,-8.0,-284.0,-298.0,,预载起点待核验
XY_Y-11-10-01,430,1.1446478873239436,-9.0,-8.0,-284.0,-298.0,,预载起点待核验
XY_Y-11-10-01,431,1.1473098591549296,-7.0,-8.0,-76.0,-87.0,,预载起点待核验
XY_Y-11-10-01,432,1.1499718309859153,-7.0,-8.0,-76.0,-87.0,,预载起点待核验
XY_Y-11-10-01,433,1.1526338028169012,-7.0,-8.0,-76.0,-87.0,,预载起点待核验
XY_Y-11-10-01,434,1.1552957746478871,-7.0,-8.0,-76.0,-87.0,,预载起点待核验
XY_Y-11-10-01,435,1.157957746478873,-9.0,-8.0,-2.0,-11.0,,预载起点待核验
XY_Y-11-10-01,436,1.160619718309859,-9.0,-8.0,-2.0,-11.0,,预载起点待核验
XY_Y-11-10-01,437,1.163281690140845,-9.0,-8.0,-2.0,-11.0,,预载起点待核验
XY_Y-11-10-01,438,1.1659436619718309,-9.0,-8.0,-2.0,-11.0,,预载起点待核验
XY_Y-11-10-01,439,1.1686056338028168,-8.0,-8.0,-4.0,-7.0,,预载起点待核验
XY_Y-11-10-01,440,1.1712676056338027,-8.0,-8.0,-4.0,-7.0,,预载起点待核验
XY_Y-11-10-01,441,1.1739295774647887,-8.0,-8.0,-4.0,-7.0,,预载起点待核验
XY_Y-11-10-01,442,1.1765915492957746,-8.0,-8.0,-4.0,-7.0,,预载起点待核验
XY_Y-11-10-01,443,1.1792535211267603,-8.0,-8.0,-2.0,-9.0,,预载起点待核验
XY_Y-11-10-01,444,1.1819154929577464,-8.0,-8.0,-2.0,-9.0,,预载起点待核验
XY_Y-11-10-01,445,1.1845774647887324,-8.0,-8.0,-2.0,-9.0,,预载起点待核验
XY_Y-11-10-01,446,1.1872394366197183,-8.0,-8.0,-2.0,-9.0,,预载起点待核验
XY_Y-11-10-01,447,1.1899014084507042,-8.901408450704288,-8.0,-3.8028169014085758,-8.098591549295712,,预载起点待核验
XY_Y-11-10-01,448,1.1925633802816902,-9.0,-8.0,-4.0,-8.0,,预载起点待核验
XY_Y-11-10-01,449,1.195225352112676,-9.0,-8.0,-4.0,-8.0,,预载起点待核验
XY_Y-11-10-01,450,1.197887323943662,-9.0,-8.0,-4.0,-8.0,,预载起点待核验
XY_Y-11-10-01,451,1.200549295774648,-7.901408450704087,-8.549295774647955,-2.901408450704088,-8.0,,预载起点待核验
XY_Y-11-10-01,452,1.203211267605634,-7.0,-9.0,-2.0,-8.0,,预载起点待核验
XY_Y-11-10-01,453,1.2058732394366198,-7.0,-9.0,-2.0,-8.0,,预载起点待核验
XY_Y-11-10-01,454,1.2085352112676055,-7.0,-9.0,-2.0,-8.0,,预载起点待核验
XY_Y-11-10-01,455,1.2111971830985915,-7.3943661971828485,-8.802816901408576,-2.1971830985914242,-8.0,,预载起点待核验
XY_Y-11-10-01,456,1.2138591549295774,-9.0,-8.0,-3.0,-8.0,,预载起点待核验
XY_Y-11-10-01,457,1.2165211267605633,-9.0,-8.0,-3.0,-8.0,,预载起点待核验
XY_Y-11-10-01,458,1.2191830985915493,-9.0,-8.0,-3.0,-8.0,,预载起点待核验
XY_Y-11-10-01,459,1.2218450704225352,-9.0,-8.0,-3.0,-8.0,,预载起点待核验
XY_Y-11-10-01,460,1.2245070422535211,-7.0,-8.0,-2.0,-8.0,,预载起点待核验
XY_Y-11-10-01,461,1.227169014084507,-7.0,-8.0,-2.0,-8.0,,预载起点待核验
XY_Y-11-10-01,462,1.229830985915493,-7.0,-8.0,-2.0,-8.0,,预载起点待核验
XY_Y-11-10-01,463,1.232492957746479,-7.0,-8.0,-2.0,-8.0,,预载起点待核验
XY_Y-11-10-01,464,1.2351549295774649,-9.0,-8.0,-3.0,-8.0,,预载起点待核验
XY_Y-11-10-01,465,1.2378169014084506,-9.0,-8.0,-3.0,-8.0,,预载起点待核验
XY_Y-11-10-01,466,1.2404788732394365,-9.0,-8.0,-3.0,-8.0,,预载起点待核验
XY_Y-11-10-01,467,1.2431408450704224,-9.0,-8.0,-3.0,-8.0,,预载起点待核验
XY_Y-11-10-01,468,1.2458028169014084,-7.0,-8.0,-3.0,-7.0,,预载起点待核验
XY_Y-11-10-01,469,1.2484647887323943,-7.0,-8.0,-3.0,-7.0,,预载起点待核验
XY_Y-11-10-01,470,1.2511267605633802,-7.0,-8.0,-3.0,-7.0,,预载起点待核验
XY_Y-11-10-01,471,1.2537887323943662,-7.0,-8.0,-3.0,-7.0,,预载起点待核验
XY_Y-11-10-01,472,1.256450704225352,-9.0,-8.0,-3.0,-7.0,,预载起点待核验
XY_Y-11-10-01,473,1.259112676056338,-9.0,-8.0,-3.0,-7.0,,预载起点待核验
XY_Y-11-10-01,474,1.261774647887324,-9.0,-8.0,-3.0,-7.0,,预载起点待核验
XY_Y-11-10-01,475,1.26443661971831,-9.0,-8.0,-3.0,-7.0,,预载起点待核验
XY_Y-11-10-01,476,1.2670985915492956,-8.0,-8.0,-3.0,-8.0,,预载起点待核验
XY_Y-11-10-01,477,1.2697605633802815,-8.0,-8.0,-3.0,-8.0,,预载起点待核验
XY_Y-11-10-01,478,1.2724225352112675,-8.0,-8.0,-3.0,-8.0,,预载起点待核验
XY_Y-11-10-01,479,1.2750845070422534,-8.0,-8.0,-3.0,-8.0,,预载起点待核验
XY_Y-11-10-01,480,1.2777464788732393,-8.0,-8.0,-3.0,-8.0,,预载起点待核验
XY_Y-11-10-01,481,1.2804084507042253,-8.0,-8.0,-3.0,-8.0,,预载起点待核验
XY_Y-11-10-01,482,1.2830704225352112,-8.0,-8.0,-3.0,-8.0,,预载起点待核验
XY_Y-11-10-01,483,1.2857323943661971,-8.0,-8.0,-3.0,-8.0,,预载起点待核验
XY_Y-11-10-01,484,1.288394366197183,-8.39436619718307,-8.0,-3.0,-8.0,,预载起点待核验
XY_Y-11-10-01,485,1.291056338028169,-9.0,-8.0,-3.0,-8.0,,预载起点待核验
XY_Y-11-10-01,486,1.293718309859155,-9.0,-8.0,-3.0,-8.0,,预载起点待核验
XY_Y-11-10-01,487,1.2963802816901406,-9.0,-8.0,-3.0,-8.0,,预载起点待核验
XY_Y-11-10-01,488,1.2990422535211266,-8.915492957746741,-8.0,-3.0,-8.0,,预载起点待核验
XY_Y-11-10-01,489,1.3017042253521125,-7.0,-8.0,-3.0,-8.0,,预载起点待核验
XY_Y-11-10-01,490,1.3043661971830984,-7.0,-8.0,-3.0,-8.0,,预载起点待核验
XY_Y-11-10-01,491,1.3070281690140844,-7.0,-8.0,-3.0,-8.0,,预载起点待核验
XY_Y-11-10-01,492,1.3096901408450703,-7.0,-8.0,-3.0,-8.0,,预载起点待核验
XY_Y-11-10-01,493,1.3123521126760562,-9.0,-8.0,-3.0,-8.0,,预载起点待核验
XY_Y-11-10-01,494,1.3150140845070422,-9.0,-8.0,-3.0,-8.0,,预载起点待核验
XY_Y-11-10-01,495,1.317676056338028,-9.0,-8.0,-3.0,-8.0,,预载起点待核验
XY_Y-11-10-01,496,1.320338028169014,-9.0,-8.0,-3.0,-8.0,,预载起点待核验
XY_Y-11-10-01,497,1.323,-7.0,-8.0,-3.0,-8.0,,预载起点待核验
XY_Y-11-10-01,498,1.3256619718309857,-7.0,-8.0,-3.0,-8.0,,预载起点待核验
XY_Y-11-10-01,499,1.3283239436619716,-7.0,-8.0,-3.0,-8.0,,预载起点待核验
XY_Y-11-10-01,500,1.3309859154929575,-7.0,-8.0,-3.0,-8.0,,预载起点待核验
XY_Y-11-10-01,501,1.3336478873239435,-9.0,-8.0,-3.0,-8.0,,预载起点待核验
XY_Y-11-10-01,502,1.3363098591549294,-9.0,-8.0,-3.0,-8.0,,预载起点待核验
XY_Y-11-10-01,503,1.3389718309859155,-9.0,-8.0,-3.0,-8.0,,预载起点待核验
XY_Y-11-10-01,504,1.3416338028169015,-9.0,-8.0,-3.0,-8.0,,预载起点待核验
XY_Y-11-10-01,505,1.3442957746478874,-7.0,-8.0,-3.0,-8.0,,预载起点待核验
XY_Y-11-10-01,506,1.3469577464788733,-7.0,-8.0,-3.0,-8.0,,预载起点待核验
XY_Y-11-10-01,507,1.3496197183098593,-7.0,-8.0,-3.0,-8.0,,预载起点待核验
XY_Y-11-10-01,508,1.352281690140845,-7.0,-8.0,-3.0,-8.0,,预载起点待核验
XY_Y-11-10-01,509,1.354943661971831,-8.887323943661853,-8.0,-3.0,-8.0,,预载起点待核验
XY_Y-11-10-01,510,1.3576056338028168,-9.0,-8.0,-3.0,-8.0,,预载起点待核验
XY_Y-11-10-01,511,1.3602676056338028,-9.0,-8.0,-3.0,-8.0,,预载起点待核验
XY_Y-11-10-01,512,1.3629295774647887,-9.0,-8.0,-3.0,-8.0,,预载起点待核验
XY_Y-11-10-01,513,1.3655915492957746,-7.816901408450829,-8.0,-3.0,-8.0,,预载起点待核验
XY_Y-11-10-01,514,1.3682535211267606,-7.0,-8.0,-3.0,-8.0,,预载起点待核验
XY_Y-11-10-01,515,1.3709154929577465,-7.0,-8.0,-3.0,-8.0,,预载起点待核验
XY_Y-11-10-01,516,1.3735774647887324,-7.0,-8.0,-3.0,-8.0,,预载起点待核验
XY_Y-11-10-01,517,1.3762394366197184,-7.239436619718454,-8.0,-3.0,-8.239436619718454,,预载起点待核验
XY_Y-11-10-01,518,1.3789014084507043,-8.0,-8.0,-3.0,-9.0,,预载起点待核验
XY_Y-11-10-01,519,1.38156338028169,-8.0,-8.0,-3.0,-9.0,,预载起点待核验
XY_Y-11-10-01,520,1.384225352112676,-8.0,-8.0,-3.0,-9.0,,预载起点待核验
XY_Y-11-10-01,521,1.3868873239436619,-8.0,-8.0,-3.0,-9.0,,预载起点待核验
XY_Y-11-10-01,522,1.3895492957746478,-8.0,-8.0,-3.0,-9.0,,预载起点待核验
XY_Y-11-10-01,523,1.3922112676056337,-8.0,-8.0,-3.0,-9.0,,预载起点待核验
XY_Y-11-10-01,524,1.3948732394366197,-8.0,-8.0,-3.0,-9.0,,预载起点待核验
XY_Y-11-10-01,525,1.3975352112676056,-8.0,-8.0,-3.0,-9.0,,预载起点待核验
XY_Y-11-10-01,526,1.4001971830985915,-8.0,-8.0,-3.0,-9.0,,预载起点待核验
XY_Y-11-10-01,527,1.4028591549295775,-8.0,-8.0,-3.0,-9.0,,预载起点待核验
XY_Y-11-10-01,528,1.4055211267605634,-8.0,-8.0,-3.0,-9.0,,预载起点待核验
XY_Y-11-10-01,529,1.4081830985915493,-8.0,-8.0,-3.0,-9.0,,预载起点待核验
XY_Y-11-10-01,530,1.410845070422535,-9.0,-7.0,-3.0,-9.0,,预载起点待核验
XY_Y-11-10-01,531,1.413507042253521,-9.0,-7.0,-3.0,-9.0,,预载起点待核验
XY_Y-11-10-01,532,1.416169014084507,-9.0,-7.0,-3.0,-9.0,,预载起点待核验
XY_Y-11-10-01,533,1.4188309859154928,-9.0,-7.0,-3.0,-9.0,,预载起点待核验
XY_Y-11-10-01,534,1.4214929577464788,-7.0,-8.0,-3.0,-9.0,,预载起点待核验
XY_Y-11-10-01,535,1.4241549295774647,-7.0,-8.0,-3.0,-9.0,,预载起点待核验
XY_Y-11-10-01,536,1.4268169014084506,-7.0,-8.0,-3.0,-9.0,,预载起点待核验
XY_Y-11-10-01,537,1.4294788732394366,-7.0,-8.0,-3.0,-9.0,,预载起点待核验
XY_Y-11-10-01,538,1.4321408450704225,-9.0,-7.0,-3.0,-10.0,,预载起点待核验
XY_Y-11-10-01,539,1.4348028169014084,-9.0,-7.0,-3.0,-10.0,,预载起点待核验
XY_Y-11-10-01,540,1.4374647887323944,-9.0,-7.0,-3.0,-10.0,,预载起点待核验
XY_Y-11-10-01,541,1.44012676056338,-9.0,-7.0,-3.0,-10.0,,预载起点待核验
XY_Y-11-10-01,542,1.442788732394366,-7.422535211268069,-7.788732394365966,-3.0,-10.0,,预载起点待核验
XY_Y-11-10-01,543,1.445450704225352,-7.0,-8.0,-3.0,-10.0,,预载起点待核验
XY_Y-11-10-01,544,1.4481126760563379,-7.0,-8.0,-3.0,-10.0,,预载起点待核验
XY_Y-11-10-01,545,1.4507746478873238,-7.0,-8.0,-3.0,-10.0,,预载起点待核验
XY_Y-11-10-01,546,1.4534366197183097,-7.873239436619418,-7.563380281690291,-3.0,-10.0,,预载起点待核验
XY_Y-11-10-01,547,1.4560985915492957,-9.0,-7.0,-3.0,-10.0,,预载起点待核验
XY_Y-11-10-01,548,1.4587605633802816,-9.0,-7.0,-3.0,-10.0,,预载起点待核验
XY_Y-11-10-01,549,1.4614225352112675,-9.0,-7.0,-3.0,-10.0,,预载起点待核验
XY_Y-11-10-01,550,1.4640845070422535,-8.83098591549304,-7.08450704225348,-3.0,-10.084507042253481,,预载起点待核验
XY_Y-11-10-01,551,1.4667464788732394,-7.0,-8.0,-3.0,-11.0,,预载起点待核验
XY_Y-11-10-01,552,1.469408450704225,-7.0,-8.0,-3.0,-11.0,,预载起点待核验
XY_Y-11-10-01,553,1.472070422535211,-7.0,-8.0,-3.0,-11.0,,预载起点待核验
XY_Y-11-10-01,554,1.474732394366197,-7.0,-8.0,-3.0,-11.0,,预载起点待核验
XY_Y-11-10-01,555,1.477394366197183,-9.0,-8.0,-3.0,-11.0,,预载起点待核验
XY_Y-11-10-01,556,1.4800563380281688,-9.0,-8.0,-3.0,-11.0,,预载起点待核验
XY_Y-11-10-01,557,1.4827183098591548,-9.0,-8.0,-3.0,-11.0,,预载起点待核验
XY_Y-11-10-01,558,1.4853802816901407,-9.0,-8.0,-3.0,-11.0,,预载起点待核验
XY_Y-11-10-01,559,1.4880422535211266,-8.0,-8.0,-3.0,-11.0,,预载起点待核验
XY_Y-11-10-01,560,1.4907042253521126,-8.0,-8.0,-3.0,-11.0,,预载起点待核验
XY_Y-11-10-01,561,1.4933661971830985,-8.0,-8.0,-3.0,-11.0,,预载起点待核验
XY_Y-11-10-01,562,1.4960281690140844,-8.0,-8.0,-3.0,-11.0,,预载起点待核验
XY_Y-11-10-01,563,1.4986901408450704,-8.0,-8.0,-3.0,-11.0,,预载起点待核验
XY_Y-11-10-01,564,1.5013521126760563,-8.0,-8.0,-3.0,-11.0,,预载起点待核验
XY_Y-11-10-01,565,1.5040140845070422,-8.0,-8.0,-3.0,-11.0,,预载起点待核验
XY_Y-11-10-01,566,1.5066760563380281,-8.0,-8.0,-3.0,-11.0,,预载起点待核验
XY_Y-11-10-01,567,1.509338028169014,-9.0,-8.0,-3.0,-11.0,,预载起点待核验
XY_Y-11-10-01,568,1.512,-9.0,-8.0,-3.0,-11.0,,预载起点待核验
XY_Y-11-10-01,569,1.514661971830986,-9.0,-8.0,-3.0,-11.0,,预载起点待核验
XY_Y-11-10-01,570,1.5173239436619719,-9.0,-8.0,-3.0,-11.0,,预载起点待核验
XY_Y-11-10-01,571,1.5199859154929578,-8.01408450704221,-8.0,-3.0,-11.0,,预载起点待核验
XY_Y-11-10-01,572,1.5226478873239437,-8.0,-8.0,-3.0,-11.0,,预载起点待核验
XY_Y-11-10-01,573,1.5253098591549297,-8.0,-8.0,-3.0,-11.0,,预载起点待核验
XY_Y-11-10-01,574,1.5279718309859154,-8.0,-8.0,-3.0,-11.0,,预载起点待核验
XY_Y-11-10-01,575,1.5306338028169013,-8.633802816901355,-7.366197183098644,-3.0,-11.0,,预载起点待核验
XY_Y-11-10-01,576,1.5332957746478872,-9.0,-7.0,-3.0,-11.0,,预载起点待核验
XY_Y-11-10-01,577,1.5359577464788732,-9.0,-7.0,-3.0,-11.0,,预载起点待核验
XY_Y-11-10-01,578,1.538619718309859,-9.0,-7.0,-3.0,-11.0,,预载起点待核验
XY_Y-11-10-01,579,1.541281690140845,-8.436619718309835,-7.2816901408450825,-3.0,-11.0,,预载起点待核验
XY_Y-11-10-01,580,1.543943661971831,-7.0,-8.0,-3.0,-11.0,,预载起点待核验
XY_Y-11-10-01,581,1.546605633802817,-7.0,-8.0,-3.0,-11.0,,预载起点待核验
XY_Y-11-10-01,582,1.5492676056338028,-7.0,-8.0,-3.0,-11.0,,预载起点待核验
XY_Y-11-10-01,583,1.5519295774647888,-7.0,-8.0,-3.0,-11.0,,预载起点待核验
XY_Y-11-10-01,584,1.5545915492957747,-10.0,-8.0,-3.0,-11.0,,预载起点待核验
XY_Y-11-10-01,585,1.5572535211267604,-10.0,-8.0,-3.0,-11.0,,预载起点待核验
XY_Y-11-10-01,586,1.5599154929577463,-10.0,-8.0,-3.0,-11.0,,预载起点待核验
XY_Y-11-10-01,587,1.5625774647887323,-10.0,-8.0,-3.0,-11.0,,预载起点待核验
XY_Y-11-10-01,588,1.5652394366197182,-7.0,-8.0,-3.0,-11.0,,预载起点待核验
XY_Y-11-10-01,589,1.5679014084507041,-7.0,-8.0,-3.0,-11.0,,预载起点待核验
XY_Y-11-10-01,590,1.57056338028169,-7.0,-8.0,-3.0,-11.0,,预载起点待核验
XY_Y-11-10-01,591,1.573225352112676,-7.0,-8.0,-3.0,-11.0,,预载起点待核验
XY_Y-11-10-01,592,1.575887323943662,-9.0,-8.0,-3.0,-11.0,,预载起点待核验
XY_Y-11-10-01,593,1.5785492957746479,-9.0,-8.0,-3.0,-11.0,,预载起点待核验
XY_Y-11-10-01,594,1.5812112676056338,-9.0,-8.0,-3.0,-11.0,,预载起点待核验
XY_Y-11-10-01,595,1.5838732394366197,-9.0,-8.0,-3.0,-11.0,,预载起点待核验
XY_Y-11-10-01,596,1.5865352112676054,-8.0,-8.0,-3.0,-11.0,,预载起点待核验
XY_Y-11-10-01,597,1.5891971830985914,-8.0,-8.0,-3.0,-11.0,,预载起点待核验
XY_Y-11-10-01,598,1.5918591549295773,-8.0,-8.0,-3.0,-11.0,,预载起点待核验
XY_Y-11-10-01,599,1.5945211267605632,-8.0,-8.0,-3.0,-11.0,,预载起点待核验
XY_Y-11-10-01,600,1.5971830985915492,-9.0,-8.0,-3.0,-11.0,,预载起点待核验
XY_Y-11-10-01,601,1.599845070422535,-9.0,-8.0,-3.0,-11.0,,预载起点待核验
XY_Y-11-10-01,602,1.602507042253521,-9.0,-8.0,-3.0,-11.0,,预载起点待核验
XY_Y-11-10-01,603,1.605169014084507,-9.0,-8.0,-3.0,-11.0,,预载起点待核验
XY_Y-11-10-01,604,1.607830985915493,-8.169014084507182,-8.0,-3.0,-11.0,,预载起点待核验
XY_Y-11-10-01,605,1.6104929577464788,-8.0,-8.0,-3.0,-11.0,,预载起点待核验
XY_Y-11-10-01,606,1.6131549295774648,-8.0,-8.0,-3.0,-11.0,,预载起点待核验
XY_Y-11-10-01,607,1.6158169014084505,-8.0,-8.0,-3.0,-11.0,,预载起点待核验
XY_Y-11-10-01,608,1.6184788732394364,-8.0,-8.0,-3.0,-11.0,,预载起点待核验
XY_Y-11-10-01,609,1.6211408450704223,-8.0,-8.0,-3.0,-11.0,,预载起点待核验
XY_Y-11-10-01,610,1.6238028169014083,-8.0,-8.0,-3.0,-11.0,,预载起点待核验
XY_Y-11-10-01,611,1.6264647887323942,-8.0,-8.0,-3.0,-11.0,,预载起点待核验
XY_Y-11-10-01,612,1.6291267605633801,-8.126760563380138,-7.873239436619862,-3.0,-11.0,,预载起点待核验
XY_Y-11-10-01,613,1.631788732394366,-9.0,-7.0,-3.0,-11.0,,预载起点待核验
XY_Y-11-10-01,614,1.634450704225352,-9.0,-7.0,-3.0,-11.0,,预载起点待核验
XY_Y-11-10-01,615,1.637112676056338,-9.0,-7.0,-3.0,-11.0,,预载起点待核验
XY_Y-11-10-01,616,1.6397746478873239,-9.0,-7.0,-3.0,-11.0,,预载起点待核验
XY_Y-11-10-01,617,1.6424366197183098,-7.0,-8.0,-3.0,-11.0,,预载起点待核验
XY_Y-11-10-01,618,1.6450985915492955,-7.0,-8.0,-3.0,-11.0,,预载起点待核验
XY_Y-11-10-01,619,1.6477605633802814,-7.0,-8.0,-3.0,-11.0,,预载起点待核验
XY_Y-11-10-01,620,1.6504225352112674,-7.0,-8.0,-3.0,-11.0,,预载起点待核验
XY_Y-11-10-01,621,1.6530845070422533,-9.0,-7.0,-3.0,-11.0,,预载起点待核验
XY_Y-11-10-01,622,1.6557464788732394,-9.0,-7.0,-3.0,-11.0,,预载起点待核验
XY_Y-11-10-01,623,1.6584084507042254,-9.0,-7.0,-3.0,-11.0,,预载起点待核验
XY_Y-11-10-01,624,1.6610704225352113,-9.0,-7.0,-3.0,-11.0,,预载起点待核验
XY_Y-11-10-01,625,1.6637323943661972,-7.0,-8.0,-3.0,-11.0,,预载起点待核验
XY_Y-11-10-01,626,1.6663943661971832,-7.0,-8.0,-3.0,-11.0,,预载起点待核验
XY_Y-11-10-01,627,1.669056338028169,-7.0,-8.0,-3.0,-11.0,,预载起点待核验
XY_Y-11-10-01,628,1.6717183098591548,-7.0,-8.0,-3.0,-11.0,,预载起点待核验
XY_Y-11-10-01,629,1.6743802816901407,-10.0,-7.0,-3.0,-11.0,,预载起点待核验
XY_Y-11-10-01,630,1.6770422535211267,-10.0,-7.0,-3.0,-11.0,,预载起点待核验
XY_Y-11-10-01,631,1.6797042253521126,-10.0,-7.0,-3.0,-11.0,,预载起点待核验
XY_Y-11-10-01,632,1.6823661971830985,-10.0,-7.0,-3.0,-11.0,,预载起点待核验
XY_Y-11-10-01,633,1.6850281690140845,-7.0,-8.0,-3.0,-11.0,,预载起点待核验
XY_Y-11-10-01,634,1.6876901408450704,-7.0,-8.0,-3.0,-11.0,,预载起点待核验
XY_Y-11-10-01,635,1.6903521126760563,-7.0,-8.0,-3.0,-11.0,,预载起点待核验
XY_Y-11-10-01,636,1.6930140845070423,-7.0,-8.0,-3.0,-11.0,,预载起点待核验
XY_Y-11-10-01,637,1.6956760563380282,-8.352112676056432,-8.0,-3.0,-11.0,,预载起点待核验
XY_Y-11-10-01,638,1.6983380281690141,-9.0,-8.0,-3.0,-11.0,,预载起点待核验
XY_Y-11-10-01,639,1.7009999999999998,-9.0,-8.0,-3.0,-11.0,,预载起点待核验
XY_Y-11-10-01,640,1.7036619718309858,-9.0,-8.0,-3.0,-11.0,,预载起点待核验
XY_Y-11-10-01,641,1.7063239436619717,-8.676056338028287,-8.0,-3.0,-11.0,,预载起点待核验
XY_Y-11-10-01,642,1.7089859154929576,-8.0,-8.0,-3.0,-11.0,,预载起点待核验
XY_Y-11-10-01,643,1.7116478873239436,-8.0,-8.0,-3.0,-11.0,,预载起点待核验
XY_Y-11-10-01,644,1.7143098591549295,-8.0,-8.0,-3.0,-11.0,,预载起点待核验
XY_Y-11-10-01,645,1.7169718309859154,-8.0,-8.0,-3.0,-11.0,,预载起点待核验
XY_Y-11-10-01,646,1.7196338028169014,-8.0,-8.0,-3.0,-11.0,,预载起点待核验
XY_Y-11-10-01,647,1.7222957746478873,-8.0,-8.0,-3.0,-11.0,,预载起点待核验
XY_Y-11-10-01,648,1.7249577464788732,-8.0,-8.0,-3.0,-11.0,,预载起点待核验
XY_Y-11-10-01,649,1.7276197183098592,-8.0,-8.0,-3.0,-11.0,,预载起点待核验
XY_Y-11-10-01,650,1.7302816901408449,-9.0,-8.0,-3.0,-11.0,,预载起点待核验
XY_Y-11-10-01,651,1.7329436619718308,-9.0,-8.0,-3.0,-11.0,,预载起点待核验
XY_Y-11-10-01,652,1.7356056338028167,-9.0,-8.0,-3.0,-11.0,,预载起点待核验
XY_Y-11-10-01,653,1.7382676056338027,-9.0,-8.0,-3.0,-11.0,,预载起点待核验
XY_Y-11-10-01,654,1.7409295774647886,-7.0,-8.0,-3.0,-10.0,,预载起点待核验
XY_Y-11-10-01,655,1.7435915492957745,-7.0,-8.0,-3.0,-10.0,,预载起点待核验
XY_Y-11-10-01,656,1.7462535211267605,-7.0,-8.0,-3.0,-10.0,,预载起点待核验
XY_Y-11-10-01,657,1.7489154929577464,-7.0,-8.0,-3.0,-10.0,,预载起点待核验
XY_Y-11-10-01,658,1.7515774647887323,-9.0,-8.0,-4.0,-10.0,,预载起点待核验
XY_Y-11-10-01,659,1.7542394366197183,-9.0,-8.0,-4.0,-10.0,,预载起点待核验
XY_Y-11-10-01,660,1.7569014084507042,-9.0,-8.0,-4.0,-10.0,,预载起点待核验
XY_Y-11-10-01,661,1.75956338028169,-9.0,-8.0,-4.0,-10.0,,预载起点待核验
XY_Y-11-10-01,662,1.7622253521126758,-7.0,-8.0,-3.0,-10.0,,预载起点待核验
XY_Y-11-10-01,663,1.7648873239436618,-7.0,-8.0,-3.0,-10.0,,预载起点待核验
XY_Y-11-10-01,664,1.7675492957746477,-7.0,-8.0,-3.0,-10.0,,预载起点待核验
XY_Y-11-10-01,665,1.7702112676056336,-7.0,-8.0,-3.0,-10.0,,预载起点待核验
XY_Y-11-10-01,666,1.7728732394366196,-9.619718309858921,-8.0,-3.87323943661964,-10.0,,预载起点待核验
XY_Y-11-10-01,667,1.7755352112676055,-10.0,-8.0,-4.0,-10.0,,预载起点待核验
XY_Y-11-10-01,668,1.7781971830985914,-10.0,-8.0,-4.0,-10.0,,预载起点待核验
XY_Y-11-10-01,669,1.7808591549295774,-10.0,-8.0,-4.0,-10.0,,预载起点待核验
XY_Y-11-10-01,670,1.7835211267605633,-8.436619718310055,-8.0,-3.4788732394366852,-10.0,,预载起点待核验
XY_Y-11-10-01,671,1.7861830985915492,-7.0,-8.0,-3.0,-10.0,,预载起点待核验
XY_Y-11-10-01,672,1.788845070422535,-7.0,-8.0,-3.0,-10.0,,预载起点待核验
XY_Y-11-10-01,673,1.7915070422535209,-7.0,-8.0,-3.0,-10.0,,预载起点待核验
XY_Y-11-10-01,674,1.7941690140845068,-7.338028169013553,-8.0,-3.1690140845067765,-10.0,,预载起点待核验
XY_Y-11-10-01,675,1.7968309859154927,-9.0,-8.0,-4.0,-10.0,,预载起点待核验
XY_Y-11-10-01,676,1.7994929577464787,-9.0,-8.0,-4.0,-10.0,,预载起点待核验
XY_Y-11-10-01,677,1.8021549295774646,-9.0,-8.0,-4.0,-10.0,,预载起点待核验
XY_Y-11-10-01,678,1.8048169014084505,-9.0,-8.0,-4.0,-10.0,,预载起点待核验
XY_Y-11-10-01,679,1.8074788732394365,-8.0,-8.0,-3.0,-10.0,,预载起点待核验
XY_Y-11-10-01,680,1.8101408450704224,-8.0,-8.0,-3.0,-10.0,,预载起点待核验
XY_Y-11-10-01,681,1.8128028169014085,-8.0,-8.0,-3.0,-10.0,,预载起点待核验
XY_Y-11-10-01,682,1.8154647887323945,-8.0,-8.0,-3.0,-10.0,,预载起点待核验
XY_Y-11-10-01,683,1.8181267605633802,-9.0,-8.0,-3.0,-10.0,,预载起点待核验
XY_Y-11-10-01,684,1.8207887323943661,-9.0,-8.0,-3.0,-10.0,,预载起点待核验
XY_Y-11-10-01,685,1.823450704225352,-9.0,-8.0,-3.0,-10.0,,预载起点待核验
XY_Y-11-10-01,686,1.826112676056338,-9.0,-8.0,-3.0,-10.0,,预载起点待核验
XY_Y-11-10-01,687,1.828774647887324,-8.0,-8.0,-3.0,-11.0,,预载起点待核验
XY_Y-11-10-01,688,1.8314366197183098,-8.0,-8.0,-3.0,-11.0,,预载起点待核验
XY_Y-11-10-01,689,1.8340985915492958,-8.0,-8.0,-3.0,-11.0,,预载起点待核验
XY_Y-11-10-01,690,1.8367605633802817,-8.0,-8.0,-3.0,-11.0,,预载起点待核验
XY_Y-11-10-01,691,1.8394225352112676,-8.0,-8.0,-3.0,-11.0,,预载起点待核验
XY_Y-11-10-01,692,1.8420845070422536,-8.0,-8.0,-3.0,-11.0,,预载起点待核验
XY_Y-11-10-01,693,1.8447464788732395,-8.0,-8.0,-3.0,-11.0,,预载起点待核验
XY_Y-11-10-01,694,1.8474084507042252,-8.0,-8.0,-3.0,-11.0,,预载起点待核验
XY_Y-11-10-01,695,1.8500704225352111,-9.0,-8.0,-4.0,-11.0,,预载起点待核验
XY_Y-11-10-01,696,1.852732394366197,-9.0,-8.0,-4.0,-11.0,,预载起点待核验
XY_Y-11-10-01,697,1.855394366197183,-9.0,-8.0,-4.0,-11.0,,预载起点待核验
XY_Y-11-10-01,698,1.858056338028169,-9.0,-8.0,-4.0,-11.0,,预载起点待核验
XY_Y-11-10-01,699,1.8607183098591549,-7.563380281690291,-8.718309859154855,-3.2816901408451455,-11.0,,预载起点待核验
XY_Y-11-10-01,700,1.8633802816901408,-7.0,-9.0,-3.0,-11.0,,预载起点待核验
XY_Y-11-10-01,701,1.8660422535211267,-7.0,-9.0,-3.0,-11.0,,预载起点待核验
XY_Y-11-10-01,702,1.8687042253521127,-7.0,-9.0,-3.0,-11.0,,预载起点待核验
XY_Y-11-10-01,703,1.8713661971830986,-7.732394366197127,-8.633802816901436,-3.3661971830985635,-11.0,,预载起点待核验
XY_Y-11-10-01,704,1.8740281690140845,-9.0,-8.0,-4.0,-11.0,,预载起点待核验
XY_Y-11-10-01,705,1.8766901408450702,-9.0,-8.0,-4.0,-11.0,,预载起点待核验
XY_Y-11-10-01,706,1.8793521126760562,-9.0,-8.0,-4.0,-11.0,,预载起点待核验
XY_Y-11-10-01,707,1.882014084507042,-8.971830985915581,-8.0,-3.9859154929577905,-11.0,,预载起点待核验
XY_Y-11-10-01,708,1.884676056338028,-7.0,-8.0,-3.0,-11.0,,预载起点待核验
XY_Y-11-10-01,709,1.887338028169014,-7.0,-8.0,-3.0,-11.0,,预载起点待核验
XY_Y-11-10-01,710,1.89,-7.0,-8.0,-3.0,-11.0,文件末帧、图像破坏候选,预载起点待核验
